nodeA,nodeB,Score,pval,adj_pval
Q03169|5|S|21,Q5T0Z8|1011|S|21,0.66,,
Q03169|5|S|21,Q3V6T2|1700|S|21,0.67,,
Q5T0Z8|1011|S|21,Q9UKK3|101|T|21,0.67,,
Q5T0Z8|1011|S|21,P78312|1128|T|21,0.68,,
Q3V6T2|1700|S|21,Q9BRQ0|40|S|21,0.69,,
Q3V6T2|1700|S|21,Q8WUF5|358|S|21,0.71,,
Q3V6T2|1700|S|21,Q8WVV4|98|S|21,0.68,,
Q3V6T2|1700|S|21,P16403|4|T|21,0.66,,
Q3V6T2|1700|S|21,P27361|202|T|21,0.7,,
Q3V6T2|1700|S|21,O15231|158|T|21,0.67,,
Q3V6T2|1700|S|21,Q9NPR2|793|S|21,0.67,,
Q3V6T2|1700|S|21,Q86V48|569|S|21,0.67,,
Q3V6T2|1700|S|21,Q9UKK3|101|T|21,0.76,,
Q3V6T2|1700|S|21,P78312|1128|T|21,0.79,,
Q3V6T2|1700|S|21,Q9BXY0|202|T|21,0.71,,
Q03252|37|S|21,Q03252|34|T|21,0.71,,
Q03252|405|S|21,Q9H6F5|18|S|21,0.68,,
Q9H6F5|18|S|21,Q9NYF8|512|S|21,0.68,,
Q03188|709|S|21,Q9ULC8|682|S|21,0.66,,
Q03164|2391|S|21,Q03164|2392|S|21,0.82,,
Q03164|2392|S|21,Q8IYB3|795|S|21,0.7,,
Q03164|3511|S|21,Q03164|3518|S|21,0.67,,
Q03468|486|S|21,Q9NQW6|192|S|21,0.67,,
Q03468|486|S|21,Q9NQW6|323|S|21,0.67,,
Q03468|486|S|21,Q03468|489|S|21,0.78,,
Q03468|429|S|21,Q03468|430|S|21,0.89,,
Q03701|629|S|21,Q96JG6|559|S|21,0.68,,
Q03701|629|S|21,Q9UJV9|21|S|21,0.66,,
Q9UJV9|21|S|21,Q9UJV9|23|S|21,0.75,,
Q03468|1348|S|21,Q8N1G2|31|S|21,0.71,,
Q03468|1348|S|21,Q9BTX1|500|S|21,0.68,,
Q03468|1348|S|21,Q8TAP8|87|S|21,0.69,,
Q8N1G2|31|S|21,Q96E09|270|S|21,0.66,,
Q8TAP8|87|S|21,Q9Y4H2|620|S|21,0.71,,
Q8TAP8|87|S|21,Q9Y2H1|282|S|21,0.69,,
Q8TAP8|87|S|21,Q9Y6G9|32|S|21,0.68,,
Q8TAP8|87|S|21,Q969S3|143|S|21,0.72,,
Q8TAP8|87|S|21,Q9H9P5|15|S|21,0.66,,
Q02880|1552|S|21,Q9BXP5|493|S|21,0.7,,
Q02880|1552|S|21,Q5VTL8|529|S|21,0.72,,
Q5VTL8|529|S|21,Q8TAQ2|302|S|21,0.67,,
Q5VTL8|529|S|21,Q8TAQ2|304|S|21,0.66,,
Q03111|359|S|21,Q03111|361|S|21,0.66,,
Q03001|7420|S|21,Q03001|7424|S|21,0.69,,
Q03001|7424|S|21,Q14195|551|S|21,0.68,,
Q14195|551|S|21,Q8IZ21|270|S|21,0.67,,
Q14195|551|S|21,Q9HBL0|1297|S|21,0.74,,
Q05209|606|S|21,Q96PN7|758|S|21,0.7,,
Q05209|571|S|21,Q05209|588|S|21,0.69,,
Q05397|910|S|21,Q9C0C2|1385|S|21,0.69,,
Q05397|392|S|21,Q3V6T2|1583|S|21,0.66,,
Q05519|483|S|21,Q9BU76|219|T|21,0.66,,
Q05519|483|S|21,Q8NF50|904|S|21,0.67,,
Q05519|483|S|21,Q9NZT2|378|S|21,0.66,,
Q05519|483|S|21,Q13435|309|S|21,0.68,,
Q05655|299|S|21,Q13136|693|S|21,0.66,,
Q05655|299|S|21,Q9UQ88|577|S|21,0.66,,
Q05655|299|S|21,Q53SF7|356|S|21,0.74,,
Q05655|299|S|21,Q969S3|143|S|21,0.69,,
Q13136|693|S|21,Q14151|444|S|21,0.71,,
Q13136|693|S|21,Q7Z5J4|538|S|21,0.66,,
Q13136|693|S|21,Q9Y6G9|32|S|21,0.67,,
Q13136|693|S|21,Q969S3|143|S|21,0.74,,
Q13136|693|S|21,Q8NAF0|483|S|21,0.69,,
Q13136|693|S|21,Q9NZM3|889|S|21,0.66,,
Q8NF50|904|S|21,Q9UBW5|461|T|21,0.66,,
Q8NF50|904|S|21,Q9NPR2|793|S|21,0.66,,
Q9NZT2|378|S|21,Q9UKK3|101|T|21,0.66,,
Q53SF7|356|S|21,Q5T8P6|518|S|21,0.76,,
Q53SF7|356|S|21,Q9BXB4|181|S|21,0.67,,
Q53SF7|356|S|21,O43491|684|H|53,0.71,,
Q969S3|143|S|21,Q9NRL3|53|S|21,0.68,,
Q969S3|143|S|21,P04406|184|T|21,0.66,,
Q969S3|143|S|21,Q9Y4H2|620|S|21,0.68,,
Q969S3|143|S|21,Q9Y679|288|S|21,0.77,,
Q969S3|143|S|21,Q9Y6G9|32|S|21,0.78,,
Q969S3|143|S|21,Q9Y6R0|324|S|21,0.71,,
Q05519|456|S|21,Q8WU90|381|S|21,0.69,,
Q05519|456|S|21,O60825|468|T|21,0.66,,
Q13435|309|S|21,Q9UKL0|260|S|21,0.68,,
Q13435|309|S|21,Q5JTV8|215|S|21,0.66,,
O60825|468|T|21,Q8WV99|185|T|21,0.67,,
Q05519|449|S|21,Q86VQ1|108|S|21,0.67,,
Q05519|323|S|21,Q6SPF0|157|T|21,0.67,,
Q05519|323|S|21,Q05519|325|T|21,0.77,,
Q6SPF0|157|T|21,P09651|357|Y|21,0.69,,
Q04721|2081|S|21,Q86SQ0|934|S|21,0.68,,
Q04721|2081|S|21,Q08357|386|Y|21,0.69,,
Q86SQ0|934|S|21,Q86SQ0|937|S|21,0.9,,
Q04656|1447|S|21,Q96GP6|651|S|21,0.67,,
Q96GP6|651|S|21,Q96GP6|653|S|21,0.66,,
Q96GP6|651|S|21,Q9UBI9|264|S|21,0.71,,
Q96GP6|651|S|21,Q14195|514|T|21,0.66,,
Q04637|1080|S|21,Q7KZI7|212|S|21,0.66,,
Q7KZI7|212|S|21,Q9ULT8|1772|S|21,0.68,,
Q7KZI7|212|S|21,Q8IZ21|464|S|21,0.68,,
Q04637|1187|S|21,Q96PC5|1144|S|21,0.67,,
Q04637|1187|S|21,Q8N3U4|1161|S|21,0.67,,
Q04637|1187|S|21,Q14980|2047|S|21,0.7,,
Q04637|1187|S|21,Q9BXW9|9|K|53,0.7,,
Q04637|1187|S|21,O60825|468|T|21,0.67,,
Q96PC5|1144|S|21,P06400|805|Y|21,0.67,,
Q8N3U4|1161|S|21,Q9H501|694|S|21,0.69,,
Q8N3U4|1161|S|21,Q9HAS0|8|S|21,0.68,,
Q8N3U4|1161|S|21,Q96EY9|18|S|21,0.66,,
Q04637|1185|S|21,Q9UPU5|2565|T|21,0.67,,
Q04637|1185|S|21,Q05519|456|S|21,0.69,,
Q9UPU5|2565|T|21,O75151|877|Y|21,0.68,,
Q04727|206|S|21,Q9C0K0|497|S|21,0.68,,
Q04726|332|S|21,Q9NZJ0|425|S|21,0.67,,
Q04726|332|S|21,Q04726|328|T|21,0.66,,
Q9NZJ0|425|S|21,P49792|779|T|21,0.76,,
Q04726|267|S|21,Q86VQ1|398|S|21,0.68,,
Q04726|263|S|21,Q04726|267|S|21,0.89,,
Q04726|263|S|21,Q8WXE0|697|S|21,0.68,,
Q8WXE0|697|S|21,Q08357|386|Y|21,0.66,,
Q01167|424|S|21,Q96E09|143|S|21,0.67,,
Q01167|424|S|21,Q8NC51|234|S|21,0.66,,
Q8NC51|234|S|21,Q9H2P0|709|S|21,0.67,,
Q01130|208|S|21,Q01130|221|S|21,0.76,,
Q01130|208|S|21,Q01130|220|S|21,0.75,,
Q01130|208|S|21,Q86UU0|947|S|21,0.66,,
Q01130|220|S|21,Q01130|221|S|21,0.87,,
Q01518|308|S|21,Q01518|307|T|21,0.73,,
Q01518|308|S|21,Q13283|232|S|21,0.66,,
Q01518|307|T|21,P50238|68|R|34,0.69,,
Q01518|307|T|21,Q12906|609|R|36,0.66,,
Q13283|232|S|21,P83881|53|K|34,0.67,,
Q01484|1732|S|21,Q01484|1733|S|21,0.95,,
Q00839|3|S|21,Q9Y5J1|124|S|21,0.68,,
Q00839|2|S|21,Q00839|3|S|21,0.66,,
Q00839|271|S|21,P04075|246|H|53,0.67,,
P04075|246|H|53,P62829|91|K|53,0.67,,
Q00587|77|S|21,Q96AC1|181|S|21,0.66,,
Q00587|77|S|21,Q9BTC0|1030|S|21,0.74,,
Q00587|77|S|21,Q14195|539|S|21,0.71,,
Q9BTC0|1030|S|21,Q9Y3R5|1193|S|21,0.72,,
Q14195|539|S|21,Q14195|551|S|21,0.66,,
Q14195|539|S|21,Q8IZ21|291|S|21,0.66,,
Q00613|363|S|21,Q9Y6D5|227|S|21,0.66,,
Q00613|363|S|21,Q9UDY2|244|S|21,0.66,,
Q00613|307|S|21,Q9Y3L3|175|S|21,0.68,,
Q01082|2341|S|21,Q9NTI5|1166|S|21,0.71,,
Q01082|2341|S|21,Q13098|474|S|21,0.66,,
Q9NTI5|1166|S|21,Q9UPY8|162|S|21,0.69,,
Q01130|187|S|21,Q9NWB6|56|S|21,0.74,,
Q9NWB6|56|S|21,Q96AG3|45|T|21,0.66,,
Q01105|7|S|21,Q9Y4F1|427|S|21,0.66,,
Q01105|7|S|21,Q14498|97|S|21,0.67,,
Q01130|189|S|21,Q01130|191|S|21,0.74,,
Q14498|97|S|21,P38159|206|Y|21,0.75,,
Q01082|2332|S|21,Q9UK61|921|T|21,0.69,,
Q01082|2332|S|21,Q9H4L4|176|T|21,0.66,,
Q01082|2332|S|21,P09651|357|Y|21,0.68,,
Q01082|2332|S|21,P52756|620|Y|21,0.66,,
Q9UK61|921|T|21,P09651|357|Y|21,0.67,,
Q9H4L4|176|T|21,P09651|357|Y|21,0.72,,
Q9H4L4|176|T|21,Q9UK61|921|T|21,0.73,,
Q9H4L4|176|T|21,P38159|327|Y|21,0.7,,
P09651|357|Y|21,P38159|327|Y|21,0.8,,
P52756|620|Y|21,Q13185|92|K|53,0.66,,
P52756|620|Y|21,Q8WWQ0|1778|Y|21,0.67,,
Q01082|2165|S|21,Q01082|2169|S|21,0.71,,
Q02241|911|S|21,Q02241|912|S|21,0.67,,
Q02535|5|S|21,Q8WWL2|371|S|21,0.68,,
Q02410|263|S|21,Q8IV50|33|S|21,0.67,,
Q02410|263|S|21,Q9NRF8|563|S|21,0.67,,
Q02410|263|S|21,Q9HAS0|8|S|21,0.66,,
Q8IV50|33|S|21,Q9HAS0|8|S|21,0.76,,
Q8IV50|33|S|21,Q96PK6|225|S|21,0.72,,
Q02410|242|S|21,Q8N4L2|18|S|21,0.66,,
Q8N4L2|18|S|21,Q9UBC2|250|S|21,0.67,,
Q9NRF8|563|S|21,Q9NRF8|564|S|21,0.75,,
Q9HAS0|8|S|21,Q9UER7|688|S|21,0.66,,
Q9HAS0|8|S|21,Q96FZ2|293|T|21,0.7,,
Q9HAS0|8|S|21,Q641Q2|287|T|21,0.66,,
Q02156|346|S|21,Q02156|350|S|21,0.71,,
Q02156|350|S|21,Q8IWI9|1412|S|21,0.69,,
Q02156|350|S|21,Q15811|315|S|21,0.66,,
Q15811|315|S|21,Q9Y2G1|720|S|21,0.69,,
Q15811|315|S|21,Q86WR7|18|S|21,0.66,,
Q02078|255|S|21,P02545|424|T|21,0.69,,
P02545|424|T|21,Q9Y2D5|399|T|21,0.67,,
Q02880|1452|S|21,Q13263|501|S|21,0.67,,
Q02880|1452|S|21,Q8N392|66|S|21,0.68,,
Q13263|501|S|21,Q96F45|102|S|21,0.66,,
Q02880|1466|S|21,Q3KQU3|116|S|21,0.68,,
Q3KQU3|116|S|21,Q8IYB3|465|S|21,0.67,,
Q02880|1424|S|21,Q08357|259|S|21,0.69,,
Q02880|1424|S|21,Q9Y618|2058|S|21,0.66,,
Q02880|1550|S|21,Q8IYB3|414|S|21,0.69,,
Q02880|1550|S|21,Q02880|1552|S|21,0.81,,
Q02880|1550|S|21,Q16539|182|Y|21,0.68,,
Q8IYB3|414|S|21,Q8IYB3|416|T|21,0.69,,
Q8IYB3|414|S|21,Q16539|182|Y|21,0.66,,
Q16539|182|Y|21,Q8WWQ0|1778|Y|21,0.66,,
Q02880|1524|S|21,Q1ED39|48|S|21,0.66,,
Q02880|1375|S|21,Q9H9A7|284|S|21,0.72,,
Q02880|1375|S|21,Q15424|11|S|21,0.66,,
Q02880|1375|S|21,Q9BWU0|464|Y|21,0.68,,
Q15424|11|S|21,Q8TAD8|52|S|21,0.7,,
Q15424|11|S|21,Q7Z3B3|1021|S|21,0.73,,
Q15424|11|S|21,Q9ULH0|1682|T|21,0.67,,
Q15424|11|S|21,Q99081|79|S|21,0.68,,
Q15424|11|S|21,Q9H165|446|S|21,0.71,,
Q15424|11|S|21,Q9NZJ0|428|S|21,0.69,,
Q01664|124|S|21,Q96A47|157|S|21,0.72,,
Q01813|386|S|21,Q8IXQ4|105|S|21,0.67,,
Q8IXQ4|105|S|21,Q13177|143|T|21,0.67,,
Q8IXQ4|105|S|21,Q96E09|270|S|21,0.66,,
Q01664|123|S|21,Q01664|124|S|21,0.85,,
Q01664|123|S|21,Q16512|561|S|21,0.66,,
Q01664|123|S|21,Q92609|552|T|21,0.68,,
Q01664|123|S|21,P12270|2137|T|21,0.66,,
Q16512|561|S|21,P52756|620|Y|21,0.7,,
Q16512|561|S|21,P06239|192|Y|21,0.69,,
Q16512|561|S|21,Q9ULH0|1682|T|21,0.67,,
Q92609|552|T|21,Q8N3X1|113|Y|21,0.69,,
Q92609|552|T|21,Q8WWQ0|1778|Y|21,0.66,,
P12270|2137|T|21,P78344|508|T|21,0.68,,
P12270|2137|T|21,Q3MHD2|75|T|21,0.69,,
Q01826|637|S|21,Q9HDC5|475|S|21,0.66,,
Q01831|347|S|21,Q71F23|98|T|21,0.68,,
Q01831|347|S|21,Q9UHF7|169|S|21,0.67,,
Q9UHF7|169|S|21,Q9NPI6|528|T|21,0.66,,
Q01543|37|S|21,Q2M1Z3|346|S|21,0.66,,
Q01543|37|S|21,P17987|33|K|34,0.66,,
Q2M1Z3|346|S|21,P12270|2116|T|21,0.68,,
Q2M1Z3|346|S|21,Q3MHD2|75|T|21,0.66,,
Q01543|241|S|21,Q8IZL8|745|T|21,0.68,,
P17987|33|K|34,P35579|29|K|34,0.75,,
P17987|33|K|34,Q92900|200|K|34,0.72,,
P17987|33|K|34,Q9P2R7|242|K|34,0.66,,
P17987|33|K|34,Q9Y617|333|K|34,0.71,,
P17987|33|K|34,Q3LXA3|522|K|34,0.8,,
P17987|33|K|34,P52272|83|K|34,0.71,,
P17987|33|K|34,P45880|277|K|34,0.75,,
P17987|33|K|34,P62258|118|K|34,0.76,,
P17987|33|K|34,Q00610|96|K|34,0.67,,
Q01650|35|S|21,Q9BXS9|755|S|21,0.66,,
Q01581|495|S|21,Q9Y2H2|942|S|21,0.66,,
Q01850|311|S|21,O75676|687|T|21,0.67,,
Q01850|311|S|21,Q8WW12|142|S|21,0.76,,
Q02040|548|S|21,Q12851|531|S|21,0.67,,
Q02040|548|S|21,Q9NQW6|295|S|21,0.69,,
Q12851|531|S|21,O43399|163|T|21,0.69,,
Q8WW12|142|S|21,Q96JS3|363|S|21,0.67,,
Q02040|638|S|21,Q02040|639|T|21,0.83,,
Q02040|638|S|21,Q02040|640|S|21,0.75,,
Q02040|638|S|21,Q86VM9|34|S|21,0.69,,
Q02040|640|S|21,Q02040|639|T|21,0.87,,
Q9NQW6|295|S|21,O95365|517|T|21,0.66,,
Q86VM9|34|S|21,Q86VM9|44|R|7,0.66,,
Q86VM9|34|S|21,Q9BW71|142|S|21,0.66,,
Q01831|398|S|21,Q13523|368|S|21,0.67,,
Q01831|398|S|21,Q9NYV4|238|S|21,0.67,,
Q13523|368|S|21,Q9Y520|1263|S|21,0.67,,
Q9NYV4|238|S|21,Q7Z3K3|435|T|21,0.66,,
Q01831|397|S|21,Q12797|22|S|21,0.67,,
Q01831|397|S|21,Q01831|398|S|21,0.73,,
Q12797|22|S|21,P40123|307|T|21,0.67,,
Q12797|22|S|21,Q13501|277|S|21,0.69,,
Q01831|883|S|21,Q01831|884|S|21,0.81,,
Q12802|1906|S|21,Q9H0B6|581|S|21,0.66,,
Q12802|649|S|21,Q12802|650|S|21,0.76,,
Q12802|649|S|21,Q9UHB6|617|S|21,0.68,,
Q12802|650|S|21,Q14160|504|S|21,0.68,,
Q12802|650|S|21,Q9UHB6|617|S|21,0.69,,
Q12802|650|S|21,Q6UN15|304|S|21,0.71,,
Q12802|650|S|21,Q32MZ4|714|S|21,0.69,,
Q12802|650|S|21,Q8NI27|1516|S|21,0.69,,
Q12802|650|S|21,Q8NDX5|263|S|21,0.67,,
Q12802|2709|S|21,Q93008|2443|S|21,0.68,,
Q12802|2709|S|21,Q5T5P2|361|S|21,0.67,,
Q12802|2709|S|21,Q9UBW5|461|T|21,0.66,,
Q12802|2709|S|21,P06400|805|Y|21,0.68,,
Q93008|2443|S|21,Q99490|808|S|21,0.66,,
Q93008|2443|S|21,Q9H7E2|256|S|21,0.67,,
Q5T5P2|361|S|21,Q8TDZ2|617|S|21,0.66,,
Q9UBW5|461|T|21,P06400|805|Y|21,0.75,,
Q12802|1559|S|21,Q12802|1565|S|21,0.74,,
Q12802|1559|S|21,Q9Y613|498|S|21,0.71,,
Q12802|1559|S|21,Q9BZ29|443|S|21,0.67,,
Q12802|1565|S|21,Q8NI27|1411|K|53,0.75,,
Q12802|1565|S|21,Q5T8P6|518|S|21,0.71,,
Q12802|1565|S|21,Q9Y613|498|S|21,0.66,,
Q9Y613|498|S|21,Q8IU85|180|T|21,0.68,,
Q9BZ29|443|S|21,Q9Y613|498|S|21,0.66,,
Q9BZ29|443|S|21,Q8IU85|180|T|21,0.73,,
Q12802|1645|S|21,Q12802|1647|S|21,0.69,,
Q12802|1645|S|21,Q12888|1481|S|21,0.67,,
Q12802|1645|S|21,Q5UIP0|2144|S|21,0.71,,
Q12802|1645|S|21,Q9Y4F5|986|S|21,0.67,,
Q12802|1645|S|21,Q9Y4F5|988|S|21,0.68,,
Q9Y4F5|986|S|21,Q9Y4F5|988|S|21,0.97,,
Q5T8P6|518|S|21,Q9BXB4|181|S|21,0.67,,
Q5T8P6|518|S|21,Q9BY89|1062|S|21,0.67,,
Q5T8P6|518|S|21,Q969S3|143|S|21,0.69,,
Q5T8P6|518|S|21,Q9Y6R0|324|S|21,0.74,,
Q5T8P6|518|S|21,Q9Y4H2|620|S|21,0.66,,
Q5T8P6|518|S|21,Q9UKD2|80|S|21,0.66,,
Q5T8P6|518|S|21,Q8NI27|1411|K|53,0.72,,
Q12830|2370|S|21,Q96I25|169|S|21,0.7,,
Q12830|2370|S|21,Q9BY89|1154|S|21,0.68,,
Q96I25|169|S|21,Q96LR5|11|S|21,0.67,,
Q96I25|169|S|21,Q9H8Y8|451|S|21,0.69,,
Q96I25|169|S|21,Q9NVF7|344|S|21,0.72,,
Q9BY89|1154|S|21,Q9Y2H2|907|S|21,0.66,,
Q12846|14|S|21,Q12846|15|S|21,0.87,,
Q6UN15|304|S|21,Q7KZI7|486|S|21,0.66,,
Q6UN15|304|S|21,Q9UKE5|769|S|21,0.69,,
Q6UN15|304|S|21,Q9UDY2|415|S|21,0.66,,
Q6UN15|304|S|21,Q9NWB6|76|S|21,0.71,,
Q32MZ4|714|S|21,Q9H6S3|570|S|21,0.67,,
Q32MZ4|714|S|21,Q9P1Y6|1360|S|21,0.69,,
Q8NI27|1516|S|21,Q99590|776|S|21,0.66,,
Q12802|983|S|21,Q9HCS5|304|S|21,0.79,,
Q12802|983|S|21,Q9H4X1|97|S|21,0.67,,
Q12802|983|S|21,Q15648|1023|S|21,0.67,,
Q9HCS5|304|S|21,Q9Y6R9|458|S|21,0.66,,
Q9HCS5|304|S|21,Q5T200|66|R|36,0.68,,
Q15648|1023|S|21,Q5T200|66|R|36,0.66,,
Q15648|1023|S|21,Q9HCS5|304|S|21,0.7,,
Q12830|2060|S|21,Q68CZ2|687|S|21,0.7,,
Q12830|2060|S|21,Q5T8P6|518|S|21,0.75,,
Q68CZ2|687|S|21,Q9UJF2|946|S|21,0.67,,
Q12830|1681|S|21,Q8IV63|82|S|21,0.7,,
Q12830|1677|S|21,Q9HAW4|225|S|21,0.7,,
Q12769|1157|S|21,Q92540|781|S|21,0.67,,
Q92540|781|S|21,Q9C0B5|694|S|21,0.66,,
Q12769|1147|S|21,Q8TEM1|1859|S|21,0.74,,
Q12769|1147|S|21,Q7Z5L9|406|S|21,0.73,,
Q12769|1147|S|21,Q13541|77|T|21,0.69,,
Q8TEM1|1859|S|21,Q13541|77|T|21,0.66,,
Q7Z5L9|406|S|21,P06400|805|Y|21,0.68,,
Q7Z5L9|406|S|21,Q9Y3L3|550|S|21,0.69,,
Q12774|184|S|21,Q96MH2|76|S|21,0.67,,
Q96MH2|76|S|21,Q96S94|369|S|21,0.7,,
Q96MH2|76|S|21,Q9P2M7|149|S|21,0.67,,
Q96MH2|76|S|21,Q9UMZ2|752|S|21,0.69,,
Q12774|1126|S|21,Q16584|524|S|21,0.67,,
Q12774|1126|S|21,Q8NHG8|21|S|21,0.66,,
Q0JRZ9|533|S|21,Q9P206|562|S|21,0.67,,
Q12756|1370|S|21,P46821|1066|T|21,0.67,,
Q12756|1370|S|21,P46821|1932|T|21,0.73,,
P46821|1066|T|21,P46821|1067|T|21,0.71,,
P46821|1932|T|21,Q08495|91|T|21,0.68,,
Q0VF96|198|S|21,Q9ULC3|186|S|21,0.7,,
Q9ULC3|186|S|21,Q9Y6W5|296|S|21,0.67,,
Q12792|143|S|21,Q14789|3010|S|21,0.67,,
Q12789|739|S|21,Q9C0D5|207|S|21,0.67,,
Q9C0D5|207|S|21,Q9H0H5|203|S|21,0.67,,
Q12789|1865|S|21,Q9Y2W1|928|S|21,0.69,,
Q12789|1865|S|21,Q92934|75|S|21,0.68,,
Q12789|1865|S|21,Q12789|1868|S|21,0.69,,
Q9Y2W1|928|S|21,Q9Y2W1|939|S|21,0.72,,
Q13501|277|S|21,P40123|307|T|21,0.68,,
Q12797|14|S|21,Q9H7D0|1808|T|21,0.68,,
Q12888|379|S|21,Q96T37|568|T|21,0.66,,
Q12888|379|S|21,Q9UKY7|8|S|21,0.67,,
Q96T37|568|T|21,Q9BQA1|5|T|21,0.66,,
Q96T37|568|T|21,P49841|216|Y|21,0.71,,
Q9UKY7|8|S|21,Q9Y3L3|550|S|21,0.66,,
Q12888|380|S|21,Q13045|856|S|21,0.69,,
Q12888|380|S|21,Q9H8G2|312|S|21,0.68,,
Q12888|380|S|21,O14974|443|T|21,0.66,,
Q13045|856|S|21,Q53EL6|93|T|21,0.67,,
Q13045|856|S|21,Q9C073|213|S|21,0.66,,
Q13045|856|S|21,Q86YR5|493|S|21,0.69,,
Q9H8G2|312|S|21,P52756|620|Y|21,0.69,,
O14974|443|T|21,Q13177|139|Y|21,0.69,,
Q12888|294|S|21,Q13017|1217|T|21,0.7,,
Q12888|294|S|21,P48634|610|T|21,0.68,,
Q13017|1217|T|21,Q16181|228|T|21,0.68,,
Q12888|830|S|21,Q86WB0|338|S|21,0.67,,
Q12888|786|S|21,Q8WXH0|4108|S|21,0.66,,
Q8WXH0|4108|S|21,Q8WXH0|4110|S|21,0.7,,
Q8WXH0|4108|S|21,Q96EZ8|282|S|21,0.66,,
Q12888|999|S|21,Q32MZ4|3|S|21,0.67,,
Q32MZ4|3|S|21,Q96D71|392|S|21,0.66,,
Q12888|523|S|21,Q8IY63|906|S|21,0.7,,
Q12873|712|S|21,Q6SPF0|157|T|21,0.66,,
Q12851|527|S|21,Q12851|531|S|21,0.68,,
Q12857|287|S|21,P00558|406|K|34,0.67,,
P00558|406|K|34,P61604|28|K|34,0.66,,
O43399|163|T|21,Q6SPF0|157|T|21,0.67,,
Q12888|1426|S|21,Q9NQS7|197|S|21,0.66,,
Q12888|1426|S|21,Q9NQS7|214|S|21,0.67,,
Q12888|1426|S|21,Q56P03|111|S|21,0.66,,
Q12888|1426|S|21,Q12888|1430|S|21,0.7,,
Q9NQS7|197|S|21,Q9NQS7|214|S|21,0.74,,
Q12888|1094|S|21,Q12888|1101|S|21,0.83,,
Q12888|1101|S|21,Q9Y5J1|206|S|21,0.68,,
Q9Y5J1|206|S|21,Q9Y5J1|210|S|21,0.83,,
Q08174|962|S|21,Q641Q2|1075|S|21,0.71,,
Q641Q2|1075|S|21,Q9BXK5|426|S|21,0.7,,
Q641Q2|1075|S|21,Q92667|151|S|21,0.67,,
Q641Q2|1075|S|21,Q96N16|382|S|21,0.68,,
Q08174|973|S|21,Q08174|984|S|21,0.76,,
Q07960|49|S|21,P56192|824|T|21,0.72,,
Q07960|49|S|21,Q9UKE5|769|S|21,0.72,,
Q07960|49|S|21,Q7Z4S6|1239|S|21,0.73,,
Q07960|49|S|21,Q6UN15|304|S|21,0.71,,
Q07960|49|S|21,Q15477|255|S|21,0.67,,
Q07960|49|S|21,Q5JSZ5|388|S|21,0.69,,
Q07960|49|S|21,Q9H2U2|317|S|21,0.69,,
Q07960|49|S|21,Q09666|5851|S|21,0.67,,
Q9UKE5|769|S|21,P56192|824|T|21,0.67,,
Q7Z4S6|1239|S|21,Q8NFC6|1531|S|21,0.66,,
Q5JSZ5|388|S|21,Q9Y6D6|1569|S|21,0.66,,
Q5JSZ5|388|S|21,P56192|824|T|21,0.69,,
Q9H2U2|317|S|21,Q9UKE5|769|S|21,0.7,,
Q9H2U2|317|S|21,Q9NWB6|76|S|21,0.66,,
Q08AD1|416|S|21,Q96RE7|145|S|21,0.67,,
Q08AD1|416|S|21,Q96KB5|32|S|21,0.66,,
Q96RE7|145|S|21,Q9Y6R9|447|S|21,0.67,,
Q96RE7|145|S|21,Q9BTX1|504|S|21,0.68,,
Q96RE7|145|S|21,Q9UBW7|624|S|21,0.68,,
Q06455|417|S|21,Q9P2B4|560|S|21,0.66,,
Q06455|417|S|21,Q9BVC5|184|S|21,0.69,,
Q9BVC5|184|S|21,Q9P2B4|568|S|21,0.7,,
Q07002|134|S|21,Q6ZS17|22|S|21,0.66,,
Q07002|134|S|21,P62995|203|T|21,0.66,,
Q07002|134|S|21,P12270|2116|T|21,0.7,,
Q6ZS17|22|S|21,P31943|107|T|21,0.7,,
Q6ZS17|22|S|21,P12270|2116|T|21,0.68,,
Q6ZS17|22|S|21,Q15678|579|T|21,0.66,,
P12270|2116|T|21,Q9Y2W1|54|Y|21,0.68,,
Q05655|654|S|21,Q96Q42|1462|S|21,0.67,,
Q07343|319|S|21,Q96F45|102|S|21,0.7,,
Q07343|319|S|21,Q17R98|760|S|21,0.68,,
Q07343|319|S|21,Q13263|501|S|21,0.68,,
Q17R98|760|S|21,Q9UBW7|624|S|21,0.72,,
Q17R98|760|S|21,Q8IU85|180|T|21,0.77,,
Q07157|617|S|21,Q8ND56|182|S|21,0.67,,
Q8ND56|182|S|21,Q8WWM7|111|S|21,0.67,,
Q07157|329|S|21,Q9Y3L3|175|S|21,0.67,,
Q07021|201|S|21,Q15648|1049|S|21,0.69,,
Q07157|175|S|21,Q8IYB3|581|T|21,0.67,,
Q07157|297|S|21,Q07157|300|S|21,0.78,,
Q09666|559|S|21,Q9BTC8|457|S|21,0.66,,
Q09666|5752|S|21,Q8IYB3|696|S|21,0.7,,
Q09666|5752|S|21,Q13895|98|S|21,0.67,,
Q09666|5752|S|21,Q09666|5763|S|21,0.71,,
Q09666|5763|S|21,Q13442|63|S|21,0.66,,
Q09666|5448|S|21,Q8WWI1|1493|S|21,0.67,,
Q09666|5830|S|21,Q8NI27|1411|K|53,0.68,,
Q09666|5830|S|21,Q8WUF5|358|S|21,0.67,,
Q09666|5830|S|21,Q9H7D0|1789|S|21,0.68,,
Q0JRZ9|493|S|21,Q8N1G0|519|S|21,0.67,,
Q0JRZ9|493|S|21,Q96JM3|308|S|21,0.66,,
Q0JRZ9|493|S|21,Q96JM3|319|S|21,0.66,,
Q8N1G0|519|S|21,Q9NRL3|53|S|21,0.69,,
Q8N1G0|519|S|21,Q9Y679|288|S|21,0.71,,
Q8N1G0|519|S|21,Q9Y6R0|324|S|21,0.67,,
Q8N1G0|519|S|21,Q96N67|964|S|21,0.67,,
Q8N1G0|519|S|21,Q9NYL2|623|K|53,0.66,,
Q96JM3|308|S|21,Q96JM3|319|S|21,0.82,,
Q96JM3|319|S|21,Q9Y679|288|S|21,0.66,,
Q09666|5780|S|21,Q09666|5782|S|21,0.7,,
Q09666|5762|S|21,Q09666|5763|S|21,0.66,,
Q13442|63|S|21,Q9Y5J1|121|S|21,0.68,,
Q13442|63|S|21,Q9Y5J1|124|S|21,0.68,,
Q13442|63|S|21,Q53TN4|284|S|21,0.66,,
Q8WUF5|358|S|21,P78312|1128|T|21,0.7,,
Q9H7D0|1789|S|21,Q6PKG0|649|T|21,0.67,,
Q9H7D0|1789|S|21,Q9H7D0|1803|S|21,0.72,,
Q09666|5790|S|21,Q96RT1|932|S|21,0.68,,
Q96RT1|932|S|21,Q96RT1|917|T|21,0.68,,
Q09666|106|S|21,Q9H7N4|238|Y|21,0.68,,
Q09666|106|S|21,Q86W92|1009|S|21,0.72,,
Q86W92|1009|S|21,Q86W92|999|S|21,0.7,,
Q86W92|1009|S|21,Q9H0B6|581|S|21,0.66,,
Q08AD1|464|S|21,Q9UPN4|381|S|21,0.71,,
Q08AD1|464|S|21,Q9Y520|878|S|21,0.69,,
Q08J23|456|S|21,Q8NEN9|538|S|21,0.66,,
Q08J23|456|S|21,Q9Y4F1|23|S|21,0.66,,
Q09019|495|S|21,Q15811|315|S|21,0.67,,
Q09666|3412|S|21,Q8IVF2|593|S|21,0.68,,
Q09666|3412|S|21,Q8IVF2|4477|S|21,0.76,,
Q8IVF2|593|S|21,Q9Y679|288|S|21,0.7,,
Q8IVF2|593|S|21,P04406|184|T|21,0.66,,
Q8IVF2|593|S|21,Q8N1G0|519|S|21,0.72,,
Q8IVF2|593|S|21,Q8WX93|641|S|21,0.72,,
Q8IVF2|593|S|21,Q9NRL3|53|S|21,0.68,,
Q8IVF2|593|S|21,Q9NQS7|899|S|21,0.66,,
Q8IVF2|593|S|21,Q96N67|964|S|21,0.69,,
Q8IVF2|593|S|21,Q9NYL2|623|K|53,0.67,,
Q8IVF2|4477|S|21,Q9NYL2|623|K|53,0.79,,
Q8IVF2|4477|S|21,O43491|684|H|53,0.66,,
Q8IVF2|4477|S|21,Q9BTC8|455|T|21,0.66,,
Q8IVF2|4477|S|21,Q9Y679|288|S|21,0.81,,
Q8IVF2|4477|S|21,P04406|184|T|21,0.66,,
Q8IVF2|4477|S|21,O43707|265|Y|21,0.74,,
Q8IVF2|4477|S|21,Q8IVF2|593|S|21,0.82,,
Q8IVF2|4477|S|21,Q8N1G0|519|S|21,0.7,,
Q8IVF2|4477|S|21,Q8WX93|641|S|21,0.81,,
Q8IVF2|4477|S|21,Q9NRL3|53|S|21,0.75,,
Q8IVF2|4477|S|21,Q9NQS7|899|S|21,0.66,,
Q09666|3411|S|21,Q8WVV4|98|S|21,0.67,,
Q09666|3411|S|21,Q9H0B6|581|S|21,0.66,,
Q8WVV4|98|S|21,Q9H2J4|234|S|21,0.73,,
Q8WVV4|98|S|21,P27361|202|T|21,0.68,,
Q8WVV4|98|S|21,Q9Y266|145|T|21,0.67,,
Q8WVV4|98|S|21,P78312|1128|T|21,0.74,,
Q09666|4908|S|21,Q8WWI1|704|S|21,0.66,,
Q8WWI1|704|S|21,Q9UHB6|617|S|21,0.67,,
Q09666|210|S|21,Q09666|5762|S|21,0.66,,
Q09666|210|S|21,Q9UMS6|904|T|21,0.67,,
Q09666|177|S|21,Q09666|490|T|21,0.66,,
P52756|69|S|21,Q9UQ35|1318|S|23,0.68,,
P52756|69|S|21,P52756|72|S|21,0.75,,
Q9UQ35|1318|S|23,P67809|166|E|299,0.7,,
P52756|72|S|21,P52756|78|S|21,0.81,,
P52888|16|S|21,P06400|805|Y|21,0.71,,
P52701|14|S|21,Q2KHR2|1128|S|21,0.75,,
P52701|14|S|21,Q53SF7|1070|S|21,0.67,,
P52701|14|S|21,Q13136|693|S|21,0.72,,
P52701|14|S|21,Q14151|444|S|21,0.67,,
P52701|14|S|21,Q14684|731|S|21,0.66,,
P52701|14|S|21,Q8TCJ2|18|S|21,0.73,,
P52701|14|S|21,Q9UQ88|583|T|21,0.66,,
P52701|14|S|21,Q9BPX5|64|S|21,0.66,,
P52701|14|S|21,Q9Y2H1|282|S|21,0.76,,
P52701|14|S|21,Q9NYL2|633|S|21,0.66,,
Q2KHR2|1128|S|21,Q9UQL6|498|S|21,0.67,,
Q2KHR2|1128|S|21,Q9Y6R0|324|S|21,0.71,,
Q2KHR2|1128|S|21,Q9Y679|288|S|21,0.68,,
Q2KHR2|1128|S|21,Q9NRL3|53|S|21,0.68,,
Q2KHR2|1128|S|21,Q9NYL2|623|K|53,0.68,,
Q2KHR2|1128|S|21,Q9UFC0|246|K|53,0.7,,
Q2KHR2|1128|S|21,Q53SF7|1070|S|21,0.7,,
Q2KHR2|1128|S|21,Q8IVF2|4477|S|21,0.69,,
Q2KHR2|1128|S|21,Q8N0Z3|760|S|21,0.66,,
Q2KHR2|1128|S|21,Q8TCJ2|18|S|21,0.76,,
Q53SF7|1070|S|21,Q9UQL6|498|S|21,0.68,,
Q14151|444|S|21,Q9Y6G9|32|S|21,0.76,,
Q14151|444|S|21,Q969S3|143|S|21,0.75,,
Q8TCJ2|18|S|21,Q9UQL6|498|S|21,0.66,,
Q8TCJ2|18|S|21,Q9Y2H1|282|S|21,0.77,,
Q8TCJ2|18|S|21,Q9UQ88|577|S|21,0.67,,
Q8TCJ2|18|S|21,Q9UQ88|583|T|21,0.7,,
Q8TCJ2|18|S|21,Q969S3|143|S|21,0.66,,
Q8TCJ2|18|S|21,Q9BY77|126|S|21,0.66,,
Q9Y2H1|282|S|21,Q9Y6G9|32|S|21,0.67,,
Q9NYL2|633|S|21,Q9NYL2|635|S|21,0.73,,
Q9NYL2|633|S|21,Q9NYL2|623|K|53,0.76,,
P52948|608|S|21,Q7Z2W4|387|S|21,0.72,,
Q7Z2W4|387|S|21,Q9Y2D5|146|S|21,0.72,,
Q7Z2W4|387|S|21,P06239|192|Y|21,0.68,,
Q7Z2W4|387|S|21,P06733|44|Y|21,0.67,,
P52948|612|S|21,Q56P03|109|S|21,0.68,,
Q56P03|109|S|21,Q56P03|111|S|21,0.82,,
P52948|623|S|21,Q8N5F7|149|S|21,0.66,,
P52948|623|S|21,Q9NQ55|359|S|21,0.66,,
P52948|623|S|21,Q9H7N4|734|S|21,0.67,,
Q9H7N4|734|S|21,Q9H7N4|738|S|21,0.74,,
P52926|44|S|21,Q13112|428|S|21,0.68,,
P51858|165|S|21,Q9NYF8|512|S|21,0.66,,
P51858|165|S|21,Q9UQ35|1003|T|21,0.67,,
P51858|165|S|21,Q8IYB3|220|T|21,0.82,,
P51858|165|S|21,P11142|561|K|37,0.66,,
Q9NYF8|512|S|21,Q9Y2W1|682|S|21,0.69,,
Q8IYB3|220|T|21,P11142|561|K|37,0.66,,
Q8IYB3|220|T|21,Q9UQ35|1003|T|21,0.69,,
Q8IYB3|220|T|21,Q9UQ35|2397|T|21,0.7,,
P51965|2|S|21,P82673|295|S|21,0.68,,
P51692|128|S|21,Q9UNY4|460|S|21,0.66,,
P51674|270|S|21,Q14194|63|R|7,0.71,,
P51674|270|S|21,P02686|232|T|21,0.66,,
P02686|232|T|21,P17252|504|Y|21,0.66,,
P02686|232|T|21,P46821|1399|R|7,0.67,,
P02686|232|T|21,Q8IXJ6|365|T|21,0.77,,
P02686|232|T|21,Q02952|285|T|21,0.67,,
P02686|232|T|21,Q02952|597|T|21,0.66,,
P02686|232|T|21,Q08495|91|T|21,0.82,,
P51812|369|S|21,P62995|201|T|21,0.66,,
P51812|369|S|21,Q9BZL6|199|T|21,0.67,,
P51812|369|S|21,Q8ND56|183|S|21,0.66,,
P51812|369|S|21,P56524|467|S|21,0.69,,
P62995|201|T|21,Q13595|204|T|21,0.69,,
P62995|201|T|21,P62995|203|T|21,0.69,,
P56524|467|S|21,Q96MU7|424|S|21,0.66,,
P56524|467|S|21,Q96CX2|187|S|21,0.66,,
P56524|467|S|21,Q96PE2|463|S|21,0.66,,
P56524|467|S|21,Q9NYV4|385|S|21,0.69,,
P56524|467|S|21,Q5SW79|446|S|21,0.67,,
P56524|467|S|21,Q5SW79|838|S|21,0.69,,
P52594|167|S|21,Q7Z6Z7|1903|S|21,0.74,,
P52292|62|S|21,Q9NTJ3|41|S|21,0.69,,
Q9NTJ3|41|S|21,P18858|195|T|21,0.67,,
P52272|633|S|21,Q96E09|189|S|21,0.66,,
P54259|77|S|21,P54259|79|S|21,0.74,,
P54259|79|S|21,Q92609|541|S|21,0.66,,
P54259|661|S|21,Q04721|1854|S|21,0.67,,
P54132|147|S|21,Q9H223|459|S|21,0.7,,
P54132|147|S|21,Q68CZ2|850|S|21,0.73,,
Q68CZ2|850|S|21,Q9H223|459|S|21,0.73,,
Q68CZ2|850|S|21,Q8IWC1|185|S|21,0.67,,
P55081|116|S|21,Q9Y2X7|592|S|21,0.69,,
P55081|116|S|21,Q13283|149|S|21,0.66,,
P55081|258|S|21,Q16637|31|S|21,0.66,,
Q16637|31|S|21,Q9Y2X7|592|S|21,0.67,,
Q16637|31|S|21,Q9Y2X7|596|S|21,0.66,,
P55011|265|S|21,Q92692|433|S|21,0.71,,
P55196|1173|S|21,P55196|1182|S|21,0.68,,
P55196|1182|S|21,P61978|284|S|21,0.66,,
P61978|284|S|21,Q8IYB3|738|S|21,0.69,,
P61978|284|S|21,Q8TB72|182|S|21,0.66,,
P61978|284|S|21,Q15052|488|S|21,0.69,,
P61978|284|S|21,Q9NTI5|1358|S|21,0.7,,
P55011|123|S|21,Q9UKE5|548|S|21,0.67,,
P54578|143|S|21,P08238|596|Y|21,0.66,,
P08238|596|Y|21,Q96KQ7|114|K|37,0.74,,
P54727|160|S|21,Q9H019|238|S|21,0.66,,
P53396|663|S|21,Q5U651|331|S|21,0.71,,
P53396|663|S|21,Q8N5C8|383|S|21,0.77,,
P53396|663|S|21,Q01995|78|K|34,0.66,,
Q5U651|331|S|21,P12270|2137|T|21,0.67,,
Q8N5C8|383|S|21,Q8N5C8|385|S|21,0.79,,
P52948|888|S|21,Q8ND56|216|S|21,0.67,,
P52948|839|S|21,Q7KZ85|1535|S|21,0.7,,
P53367|79|S|21,P55265|614|S|21,0.67,,
P53367|79|S|21,Q96F86|161|S|21,0.68,,
Q96F86|161|S|21,Q9NVP1|86|S|21,0.69,,
Q96F86|161|S|21,Q9P206|339|S|21,0.67,,
P52948|932|S|21,Q9Y2W1|55|S|21,0.71,,
P53985|467|S|21,Q86UP2|75|S|21,0.7,,
P53985|461|S|21,Q9UKJ3|740|S|21,0.67,,
P53985|461|S|21,P53985|467|S|21,0.74,,
P53814|251|S|21,Q8N1G2|63|S|21,0.67,,
P49792|788|S|21,Q5T200|66|R|36,0.67,,
P49792|788|S|21,Q9ULJ3|345|S|21,0.72,,
P49792|788|S|21,Q9HCG8|102|S|21,0.69,,
P49792|788|S|21,Q8TBE7|4|S|21,0.68,,
Q9ULJ3|345|S|21,Q5T200|66|R|36,0.77,,
Q9HCG8|102|S|21,Q9HCG8|93|S|21,0.72,,
P49815|1132|S|21,Q7Z309|25|S|21,0.67,,
Q7Z309|25|S|21,Q9NRL3|53|S|21,0.69,,
P49792|2290|S|21,Q6ZRS2|3161|S|21,0.67,,
Q8TBE7|4|S|21,Q5T200|66|R|36,0.72,,
Q8TBE7|4|S|21,Q96AT1|49|H|53,0.71,,
Q8TBE7|4|S|21,Q9ULJ3|345|S|21,0.76,,
Q8TBE7|4|S|21,Q9UJ41|131|T|21,0.67,,
P49959|649|S|21,Q14195|551|S|21,0.7,,
P50402|171|S|21,Q6P0Q8|148|S|21,0.66,,
P50402|49|S|21,P50402|52|S|21,0.67,,
P50402|52|S|21,O75569|20|T|21,0.67,,
P50402|52|S|21,Q9HAS0|8|S|21,0.67,,
P50402|52|S|21,Q15047|1063|Y|21,0.67,,
P49916|210|S|21,Q03252|418|T|21,0.69,,
P49916|210|S|21,Q9H307|66|S|21,0.66,,
P49916|210|S|21,Q9UPY8|162|S|21,0.66,,
P49916|210|S|21,Q5QJE6|117|S|21,0.7,,
Q9UPY8|162|S|21,Q9Y618|2258|S|21,0.67,,
Q9UPY8|162|S|21,Q9Y4F1|427|S|21,0.66,,
P49915|332|S|21,Q15678|314|S|21,0.66,,
Q15678|314|S|21,Q9NR09|480|S|21,0.68,,
Q15678|314|S|21,Q5SW79|1165|S|21,0.67,,
Q15678|314|S|21,Q99700|772|S|21,0.69,,
Q5QJE6|117|S|21,Q9UQ88|583|T|21,0.66,,
Q5QJE6|117|S|21,Q9P246|680|S|21,0.67,,
P49768|366|S|21,P49768|367|S|21,0.71,,
P49761|226|S|21,Q8NFC6|2780|S|21,0.67,,
Q8NFC6|2780|S|21,Q9Y5J1|206|S|21,0.67,,
P49790|334|S|21,Q13636|35|S|21,0.66,,
Q13636|35|S|21,Q969S3|143|S|21,0.67,,
P49790|174|S|21,Q86UU0|88|S|21,0.68,,
P49757|295|S|21,Q15424|580|S|21,0.77,,
P49757|295|S|21,Q7Z5J4|538|S|21,0.69,,
P49757|295|S|21,Q9Y4H2|620|S|21,0.75,,
P49757|295|S|21,P52701|14|S|21,0.73,,
Q15424|580|S|21,Q9Y4H2|620|S|21,0.7,,
Q15424|580|S|21,Q9P275|682|S|21,0.66,,
Q15424|580|S|21,Q9UBW7|624|S|21,0.71,,
Q15424|580|S|21,Q8IU85|180|T|21,0.69,,
Q7Z5J4|538|S|21,Q9BY89|1062|S|21,0.66,,
Q7Z5J4|538|S|21,Q9Y6G9|32|S|21,0.68,,
P49761|224|S|21,P49761|226|S|21,0.9,,
P49757|438|S|21,Q15059|245|K|53,0.66,,
P49757|438|S|21,Q6WKZ4|358|T|21,0.71,,
P49792|1509|S|21,Q14573|937|S|21,0.69,,
P49792|1509|S|21,Q8NC51|202|S|21,0.66,,
P49792|1509|S|21,Q8WYP5|1232|S|21,0.68,,
P49792|1509|S|21,Q8TEM1|1859|S|21,0.69,,
P49792|1509|S|21,Q12769|1147|S|21,0.69,,
Q14573|937|S|21,Q8IY67|463|T|21,0.66,,
Q14573|937|S|21,Q5VT52|1099|S|21,0.71,,
Q14573|937|S|21,Q8WYP5|1232|S|21,0.7,,
P49792|1400|S|21,Q8IWW6|240|S|21,0.66,,
P49792|1400|S|21,Q9NQZ2|365|S|21,0.67,,
P49792|1400|S|21,Q9UMS6|904|T|21,0.66,,
P49792|1400|S|21,Q9Y5J1|210|S|21,0.7,,
Q8IWW6|240|S|21,Q9NQZ2|365|S|21,0.66,,
P51532|610|S|21,P51532|613|S|21,0.82,,
P51532|1452|S|21,Q96G74|64|S|21,0.7,,
P51532|1422|S|21,Q9BYW2|459|S|21,0.69,,
Q9BYW2|459|S|21,Q9BYW2|461|S|21,0.75,,
P51532|1627|S|21,P51532|1631|S|21,0.77,,
P51532|1575|S|21,P51532|1586|S|21,0.7,,
P51532|1575|S|21,Q5SW79|630|S|21,0.69,,
P51532|1575|S|21,Q8IX90|119|S|21,0.67,,
P51610|411|S|21,Q8WVC0|151|S|21,0.69,,
Q8WVC0|151|S|21,Q8WVC0|154|S|21,0.72,,
P51610|597|S|21,Q9NRH2|518|S|21,0.66,,
P51674|267|S|21,P61266|14|S|21,0.81,,
P51674|267|S|21,P51674|270|S|21,0.73,,
P51674|267|S|21,P07197|142|S|23,0.66,,
P51674|267|S|21,P02686|232|T|21,0.75,,
P51674|267|S|21,P78559|1653|T|21,0.66,,
P51674|267|S|21,Q8IXJ6|365|T|21,0.75,,
P51674|267|S|21,P78559|894|T|21,0.7,,
P51674|267|S|21,Q08495|91|T|21,0.73,,
P51674|267|S|21,Q16555|537|S|21,0.72,,
P51674|267|S|21,Q14CZ8|278|S|21,0.77,,
P51674|267|S|21,Q8IVF5|1583|S|21,0.74,,
P61266|14|S|21,Q8IVF5|1583|S|21,0.81,,
P61266|14|S|21,Q9UPY8|149|S|21,0.71,,
P61266|14|S|21,Q16555|537|S|21,0.77,,
P61266|14|S|21,Q16555|540|S|21,0.68,,
P61266|14|S|21,P46821|1932|T|21,0.69,,
P61266|14|S|21,P78559|2105|T|21,0.66,,
P61266|14|S|21,P78559|894|T|21,0.74,,
P61266|14|S|21,P02686|232|T|21,0.82,,
P61266|14|S|21,Q8IXJ6|365|T|21,0.74,,
P61266|14|S|21,Q9NR45|277|T|21,0.67,,
P61266|14|S|21,Q08495|91|T|21,0.82,,
P51610|6|S|21,Q9UKV3|410|S|21,0.66,,
P51610|6|S|21,Q9P289|4|S|21,0.69,,
P07197|142|S|23,P14136|390|R|7,0.71,,
P07197|142|S|23,P24539|142|S|23,0.67,,
P07197|142|S|23,P36405|39|S|23,0.69,,
P07197|142|S|23,Q9BUJ2|151|T|23,0.7,,
P07197|142|S|23,P60033|127|Y|23,0.71,,
P78559|1653|T|21,Q8IXJ6|365|T|21,0.7,,
P78559|1653|T|21,P78559|2105|T|21,0.66,,
P78559|1653|T|21,P78559|1674|T|21,0.71,,
Q8IXJ6|365|T|21,P17252|504|Y|21,0.71,,
P78559|894|T|21,P07197|142|S|23,0.67,,
Q08495|91|T|21,Q9NR45|277|T|21,0.67,,
Q08495|91|T|21,Q8IXJ6|365|T|21,0.73,,
Q16555|537|S|21,Q16555|540|S|21,0.77,,
Q16555|537|S|21,Q8IVF5|1583|S|21,0.74,,
Q16555|537|S|21,Q9UPA5|2851|S|21,0.74,,
Q16555|537|S|21,P17252|504|Y|21,0.69,,
Q16555|537|S|21,Q9NR45|277|T|21,0.66,,
Q16555|537|S|21,P02686|232|T|21,0.75,,
Q16555|537|S|21,Q8IXJ6|365|T|21,0.77,,
Q16555|537|S|21,P78559|1653|T|21,0.67,,
Q16555|537|S|21,P78559|894|T|21,0.7,,
Q16555|537|S|21,Q08495|91|T|21,0.8,,
Q14CZ8|278|S|21,P07197|142|S|23,0.66,,
Q14CZ8|278|S|21,P36405|39|S|23,0.66,,
Q14CZ8|278|S|21,Q8IXJ6|365|T|21,0.71,,
Q14CZ8|278|S|21,Q08495|91|T|21,0.68,,
Q14CZ8|278|S|21,Q9UPA5|2851|S|21,0.67,,
Q14CZ8|278|S|21,Q15032|973|S|21,0.68,,
Q14CZ8|278|S|21,Q8IVF5|1583|S|21,0.7,,
Q14CZ8|278|S|21,Q16555|537|S|21,0.73,,
Q8IVF5|1583|S|21,Q02952|285|T|21,0.69,,
Q8IVF5|1583|S|21,Q08495|91|T|21,0.76,,
Q8IVF5|1583|S|21,P02686|232|T|21,0.79,,
Q8IVF5|1583|S|21,Q8IXJ6|365|T|21,0.72,,
Q8IVF5|1583|S|21,Q9UPA5|2851|S|21,0.7,,
Q8IVF5|1583|S|21,Q9UPY8|149|S|21,0.78,,
Q8IVF5|1583|S|21,Q9C040|424|S|21,0.67,,
Q8IVF5|1583|S|21,P46821|1399|R|7,0.66,,
P51608|229|S|21,Q08357|386|Y|21,0.66,,
P51608|229|S|21,Q04721|2081|S|21,0.71,,
P51608|229|S|21,Q9BXS9|752|S|21,0.7,,
P51610|1497|S|21,Q8IXT5|280|S|21,0.68,,
P51610|1497|S|21,P62306|2|S|21,0.7,,
P51610|1497|S|21,Q2TBE0|484|S|21,0.71,,
P51610|1497|S|21,Q15424|11|S|21,0.72,,
P51610|1497|S|21,Q9NSK0|593|Y|21,0.66,,
P62306|2|S|21,Q15424|11|S|21,0.73,,
Q9BXS9|752|S|21,Q9BXS9|755|S|21,0.73,,
P51610|3|S|21,Q9Y3R5|1193|S|21,0.76,,
P51610|3|S|21,Q9Y6X4|636|S|21,0.66,,
Q9Y3R5|1193|S|21,Q9Y6X4|636|S|21,0.68,,
P50548|20|S|21,Q15262|856|S|21,0.68,,
P50548|21|S|21,Q96F45|102|S|21,0.66,,
P50548|21|S|21,Q13263|453|S|21,0.67,,
P50479|120|S|21,Q9NQC3|107|S|21,0.69,,
P50479|120|S|21,Q9Y653|690|S|21,0.68,,
P50402|8|S|21,Q8TD55|390|S|21,0.69,,
Q8TD55|390|S|21,Q96RT1|915|S|21,0.68,,
P51531|1528|S|21,Q9UKV3|388|S|21,0.72,,
P51531|1377|S|21,Q9UKE5|769|S|21,0.72,,
P51531|1377|S|21,Q6UN15|304|S|21,0.69,,
P51531|1377|S|21,Q6ZRV2|914|S|21,0.68,,
Q6ZRV2|914|S|21,Q9UKE5|769|S|21,0.69,,
Q6ZRV2|914|S|21,Q6ZRV2|924|S|21,0.67,,
P50914|139|S|21,Q9UQ35|2583|T|21,0.7,,
P78559|1675|S|21,Q96EB6|47|S|21,0.66,,
P78559|1791|S|21,Q8NC56|139|S|21,0.67,,
P78559|1791|S|21,Q9UBI9|268|S|21,0.67,,
P78559|1797|S|21,P78559|1801|S|21,0.73,,
P78559|1761|S|21,P06239|192|Y|21,0.73,,
P78559|1761|S|21,P06733|44|Y|21,0.69,,
P78559|1761|S|21,P78559|1653|T|21,0.73,,
P78559|1761|S|21,P78559|1674|T|21,0.75,,
P06239|192|Y|21,Q8WWQ0|1778|Y|21,0.74,,
P06239|192|Y|21,P06733|44|Y|21,0.83,,
P06239|192|Y|21,P52756|620|Y|21,0.66,,
P78559|1674|T|21,Q92609|552|T|21,0.73,,
P78559|1674|T|21,P06733|44|Y|21,0.66,,
P78559|1674|T|21,P06239|192|Y|21,0.66,,
P78559|1776|S|21,Q5T5Y3|563|S|21,0.71,,
P78559|1776|S|21,P78559|2451|S|21,0.69,,
P78559|2451|S|21,Q9UKA4|1100|T|21,0.72,,
P78559|2451|S|21,Q9H0C8|13|S|21,0.74,,
P78559|2451|S|21,Q14814|231|S|21,0.66,,
P78559|1144|S|21,Q9UJ14|75|S|21,0.75,,
P78559|1144|S|21,Q9ULJ7|1165|S|21,0.74,,
Q9UJ14|75|S|21,Q9ULJ7|1165|S|21,0.66,,
P78559|1069|S|21,Q8IXT5|280|S|21,0.68,,
P78559|1069|S|21,Q7Z3B3|1045|S|21,0.67,,
P78559|1069|S|21,Q01433|190|S|21,0.72,,
P78559|1172|S|21,Q2KJY2|1006|S|21,0.68,,
P78559|1172|S|21,P78559|2451|S|21,0.68,,
P78559|1172|S|21,Q9UHD8|41|S|21,0.66,,
Q2KJY2|1006|S|21,Q9UHD8|41|S|21,0.66,,
Q9UHD8|41|S|21,Q9UPX8|1330|S|21,0.69,,
Q9H0C8|13|S|21,Q9UKA4|1100|T|21,0.69,,
Q14814|231|S|21,Q9H0C8|13|S|21,0.66,,
Q14814|231|S|21,Q8NEY1|648|S|21,0.68,,
P78559|891|S|21,Q86VQ1|172|S|21,0.67,,
Q86VQ1|172|S|21,Q92619|564|S|21,0.66,,
P78559|2106|S|21,P78559|2105|T|21,0.77,,
P78559|2104|S|21,Q13542|44|S|21,0.69,,
P78317|94|S|21,P78317|95|S|21,0.83,,
P78316|148|S|21,Q9UDY2|431|S|21,0.69,,
P78316|148|S|21,Q86X95|305|S|21,0.66,,
Q86X95|305|S|21,Q9H9L4|175|S|21,0.68,,
Q86X95|305|S|21,Q9UDY2|431|S|21,0.66,,
P67870|209|S|21,Q13523|849|Y|21,0.71,,
P68366|48|S|21,Q96KB5|23|S|21,0.66,,
Q96KB5|23|S|21,Q96KB5|32|S|21,0.74,,
P78312|293|S|21,Q9NRM7|576|S|21,0.66,,
P78524|368|S|21,Q12830|2465|S|21,0.67,,
P78524|368|S|21,Q92922|822|S|21,0.71,,
P78545|215|S|21,Q13425|222|S|21,0.67,,
P78545|215|S|21,Q86WR0|204|S|21,0.66,,
P78527|2612|S|21,Q9Y6Y0|277|S|21,0.7,,
P78362|496|S|21,P78362|497|S|21,0.66,,
P86791|266|S|21,Q4LE39|675|S|21,0.66,,
P98175|60|S|21,P98175|65|S|21,0.66,,
P98175|60|S|21,Q15311|99|S|21,0.71,,
Q15311|99|S|21,Q9Y2W2|250|S|21,0.69,,
P98172|281|S|21,Q9Y6D6|1569|S|21,0.66,,
P98172|281|S|21,P56192|824|T|21,0.73,,
P98172|281|S|21,Q7Z4S6|1239|S|21,0.67,,
Q9Y6D6|1569|S|21,P56192|824|T|21,0.7,,
P85037|239|S|21,P85037|243|S|21,0.83,,
P85037|239|S|21,Q01167|424|S|21,0.68,,
P85037|420|S|21,Q16555|522|S|21,0.69,,
P85037|420|S|21,Q9H7N4|498|S|21,0.7,,
Q16555|522|S|21,Q9NTI5|1166|S|21,0.68,,
Q16555|522|S|21,Q16555|514|T|21,0.67,,
Q9H7N4|498|S|21,Q9H7N4|500|S|21,0.94,,
P85037|416|S|21,P85037|420|S|21,0.76,,
Q00587|101|S|21,Q96GE4|449|S|21,0.67,,
Q96GE4|449|S|21,Q9BTX1|474|S|21,0.68,,
Q00587|121|S|21,Q12959|575|S|21,0.71,,
Q00587|121|S|21,Q00587|77|S|21,0.68,,
Q00587|121|S|21,Q9HAU0|933|S|21,0.68,,
Q12959|575|S|21,Q9H3M7|358|S|21,0.69,,
Q9HAU0|933|S|21,Q9P0U4|143|S|21,0.68,,
Q9HAU0|933|S|21,P62269|94|K|1,0.67,,
P98175|736|S|21,P98175|738|S|21,0.67,,
P98175|738|S|21,Q96B36|211|S|21,0.67,,
Q00341|31|S|21,Q9P1Y6|1124|S|21,0.67,,
P98175|89|S|21,Q9H0E3|878|K|53,0.66,,
P98175|89|S|21,Q9NPI6|353|S|21,0.67,,
Q96B36|211|S|21,Q96B36|212|S|21,0.7,,
P82094|330|S|21,Q14134|12|S|21,0.72,,
P82094|330|S|21,Q14134|13|S|21,0.66,,
P82094|330|S|21,Q9H1P3|19|S|21,0.68,,
Q14134|12|S|21,Q14134|13|S|21,0.85,,
Q14134|13|S|21,Q8IVT2|471|S|21,0.68,,
Q14134|13|S|21,Q14134|21|S|21,0.66,,
Q14134|13|S|21,Q9ULU4|652|S|21,0.69,,
P80723|40|S|21,Q02952|631|K|53,0.69,,
P82094|328|S|21,Q9H3M7|346|S|21,0.66,,
Q9H3M7|346|S|21,Q9HAS0|8|S|21,0.66,,
Q9H3M7|346|S|21,Q96FZ2|293|T|21,0.66,,
P78559|986|S|21,Q16555|537|S|21,0.66,,
P78559|996|S|21,Q02952|629|S|21,0.66,,
P80723|172|S|21,Q9NZN5|1389|S|21,0.73,,
P84157|144|S|21,Q7L1V2|61|S|21,0.69,,
P85037|213|S|21,P85037|223|S|21,0.75,,
P57682|101|S|21,Q15678|594|S|21,0.68,,
P57682|71|S|21,Q86UU1|443|S|21,0.67,,
P57682|92|S|21,Q15223|422|S|21,0.66,,
Q15223|422|S|21,Q9NZN4|468|S|21,0.66,,
P57682|111|S|21,Q9Y679|288|S|21,0.78,,
P57682|111|S|21,Q14161|559|S|21,0.7,,
P57682|111|S|21,Q8IVF2|593|S|21,0.66,,
P57682|111|S|21,Q8IVF2|4477|S|21,0.75,,
P57682|111|S|21,Q8N1G0|519|S|21,0.69,,
P57682|111|S|21,Q8WX93|641|S|21,0.69,,
P57682|111|S|21,Q6PK04|19|S|21,0.71,,
P57682|111|S|21,Q9NYL2|623|K|53,0.8,,
Q9Y679|288|S|21,Q9NYL2|623|K|53,0.7,,
Q9Y679|288|S|21,O43707|265|Y|21,0.71,,
Q9Y679|288|S|21,P04406|184|T|21,0.68,,
Q9Y679|288|S|21,Q9Y6R0|324|S|21,0.66,,
Q14161|559|S|21,Q14244|219|S|21,0.69,,
Q14161|559|S|21,Q9NYL2|633|S|21,0.67,,
Q14161|559|S|21,Q6PK04|19|S|21,0.69,,
Q8WX93|641|S|21,Q96JM3|308|S|21,0.71,,
Q8WX93|641|S|21,Q9Y679|288|S|21,0.72,,
Q8WX93|641|S|21,Q9NYL2|623|K|53,0.7,,
Q6PK04|19|S|21,Q92604|233|S|21,0.7,,
Q6PK04|19|S|21,Q8IVF2|4477|S|21,0.69,,
Q6PK04|19|S|21,Q15149|115|H|53,0.68,,
Q6PK04|19|S|21,Q9NYL2|623|K|53,0.66,,
Q6PK04|19|S|21,Q9NYL2|633|S|21,0.72,,
Q9NYL2|623|K|53,Q9UFC0|246|K|53,0.66,,
P57682|250|S|21,Q12888|1068|S|21,0.66,,
Q96MU7|424|S|21,Q9BXB4|189|S|21,0.68,,
Q96PE2|463|S|21,Q08357|386|Y|21,0.71,,
Q96PE2|463|S|21,Q9BQG0|1308|S|21,0.66,,
Q5SW79|446|S|21,Q5SW79|838|S|21,0.68,,
Q5SW79|446|S|21,Q9UJ41|390|S|21,0.66,,
Q5SW79|838|S|21,Q92609|554|S|21,0.71,,
P56524|565|S|21,Q9UBT2|579|S|21,0.66,,
Q9UBT2|579|S|21,Q9UBT2|592|S|21,0.78,,
P60174|21|S|21,Q9NYF8|512|S|21,0.67,,
P60174|21|S|21,Q15019|218|S|21,0.67,,
P60468|17|S|21,Q14157|609|S|21,0.67,,
P60174|80|S|21,Q14699|199|S|21,0.7,,
P60174|80|S|21,Q9P2B4|568|S|21,0.67,,
P57740|86|S|21,P61073|325|S|21,0.67,,
P57740|86|S|21,Q8WUM0|50|S|21,0.7,,
P57740|86|S|21,Q9NRL3|53|S|21,0.66,,
P61073|325|S|21,Q53EL6|93|T|21,0.71,,
P61073|325|S|21,Q8TDN6|261|S|21,0.7,,
P61073|325|S|21,Q8WUM0|50|S|21,0.72,,
P61073|325|S|21,Q9NXV6|268|S|21,0.67,,
P57739|207|S|21,P30626|84|R|7,0.66,,
P57739|207|S|21,Q8IYB3|683|S|21,0.69,,
Q8WUM0|50|S|21,P04406|184|T|21,0.74,,
Q8WUM0|50|S|21,Q9Y679|288|S|21,0.68,,
Q8WUM0|50|S|21,Q96JM3|311|S|21,0.69,,
Q8WUM0|50|S|21,Q9NRL3|53|S|21,0.69,,
Q8WUM0|50|S|21,Q9NXE8|218|S|21,0.67,,
Q9NRL3|53|S|21,Q9NYL2|623|K|53,0.75,,
Q9NRL3|53|S|21,Q9Y6R0|324|S|21,0.71,,
Q9NRL3|53|S|21,Q9Y679|288|S|21,0.76,,
Q9NRL3|53|S|21,Q9UPN9|862|S|21,0.66,,
Q9NRL3|53|S|21,Q9NXE8|218|S|21,0.67,,
Q8IYB3|683|S|21,Q8IYB3|685|S|21,0.83,,
P55201|1076|S|21,Q96TA1|596|S|21,0.7,,
P55884|119|S|21,Q6UUV7|370|S|21,0.66,,
P56211|104|S|21,Q96ST2|720|S|21,0.68,,
P56192|825|S|21,Q9UBF8|428|S|21,0.72,,
P56192|825|S|21,Q9UK58|352|S|21,0.68,,
P56192|825|S|21,Q96N67|1432|S|21,0.69,,
Q9UK58|352|S|21,P49841|216|Y|21,0.67,,
Q96N67|1432|S|21,Q9Y4E8|229|S|21,0.66,,
P55327|176|S|21,Q5T0N5|295|S|21,0.69,,
P55317|307|S|21,Q9Y5K6|458|S|21,0.68,,
Q9Y5K6|458|S|21,P49023|118|Y|21,0.7,,
Q9Y5K6|458|S|21,P55011|217|T|21,0.66,,
Q9Y5K6|458|S|21,Q8TE68|187|T|21,0.72,,
P62820|3|S|21,Q68CZ2|780|Y|21,0.75,,
P62820|3|S|21,Q12888|786|S|21,0.72,,
P62995|264|S|21,P62995|266|S|21,0.86,,
P62995|264|S|21,Q8IYB3|581|T|21,0.7,,
P62753|236|S|21,P62753|240|S|21,0.7,,
P62753|235|S|21,Q14684|732|S|21,0.7,,
P62753|235|S|21,P62753|236|S|21,0.68,,
P62753|235|S|21,P62753|240|S|21,0.72,,
P62805|48|S|21,Q70J99|150|S|21,0.66,,
P62805|48|S|21,Q9UBW7|624|S|21,0.77,,
Q9UBW7|624|S|21,P08670|64|R|34,0.66,,
P67809|313|S|21,Q8WWQ0|1778|Y|21,0.74,,
P67809|174|S|21,Q14195|522|S|23,0.71,,
P67870|205|S|21,Q92974|940|S|21,0.68,,
P63104|145|S|21,Q12979|53|S|21,0.68,,
Q12979|53|S|21,Q9ULH1|738|S|21,0.73,,
Q12979|53|S|21,Q9Y2W1|252|K|34,0.7,,
Q12979|53|S|21,Q93008|1593|S|21,0.71,,
Q12979|53|S|21,Q96BY7|239|S|21,0.66,,
Q12979|53|S|21,Q92614|164|S|21,0.69,,
P63165|2|S|21,Q96B97|230|S|21,0.66,,
P61073|324|S|21,Q9BTC8|457|S|21,0.71,,
P61073|324|S|21,P61073|325|S|21,0.68,,
P61073|321|S|21,Q13523|636|S|21,0.66,,
P61073|321|S|21,P02545|404|S|23,0.68,,
Q13523|636|S|21,Q9Y6R9|447|S|21,0.67,,
Q13523|636|S|21,Q96RE7|145|S|21,0.67,,
Q13523|636|S|21,Q9BTX1|504|S|21,0.74,,
Q13523|636|S|21,Q9UBW7|624|S|21,0.67,,
P61244|138|S|21,Q9C0C2|1558|S|21,0.72,,
P61244|138|S|21,Q2KHR3|1228|S|21,0.76,,
Q9C0C2|1558|S|21,Q9H0G5|255|S|21,0.71,,
Q8TDN6|261|S|21,Q9NQS7|899|S|21,0.68,,
Q8TDN6|261|S|21,Q9Y6R0|324|S|21,0.71,,
Q8TDN6|261|S|21,Q9UQ88|577|S|21,0.66,,
Q9NXV6|268|S|21,O00267|1034|T|21,0.68,,
P61244|11|S|21,P61244|2|S|21,0.73,,
P61006|181|S|21,P61006|185|S|21,0.7,,
P61006|185|S|21,Q08174|973|S|21,0.68,,
P62081|119|S|21,Q9UGR2|217|S|21,0.67,,
P62081|119|S|21,Q8WUI4|405|S|21,0.75,,
P62081|119|S|21,Q13469|757|S|21,0.68,,
Q9UGR2|217|S|21,Q9UGR2|223|S|21,0.74,,
Q13469|757|S|21,Q53TN4|248|S|21,0.67,,
P62328|31|S|21,Q15678|591|S|21,0.66,,
P62328|31|S|21,Q96PU5|479|S|21,0.67,,
Q15678|591|S|21,Q53SF7|260|T|21,0.71,,
Q9UPY8|149|S|21,P02686|232|T|21,0.72,,
Q9UPY8|149|S|21,Q9Y265|171|K|1,0.67,,
Q16555|540|S|21,P78559|894|T|21,0.69,,
Q16555|540|S|21,Q08495|91|T|21,0.67,,
Q16555|540|S|21,Q8IVF5|1583|S|21,0.66,,
Q16555|540|S|21,Q8TCU6|1200|S|21,0.72,,
P61978|214|S|21,Q05655|654|S|21,0.68,,
P61978|214|S|21,Q6UN15|258|T|21,0.66,,
Q9NR45|277|T|21,P17252|504|Y|21,0.66,,
Q8IYB3|738|S|21,Q9NTI5|1358|S|21,0.78,,
Q8TB72|182|S|21,Q9UQN3|199|S|21,0.67,,
Q15052|488|S|21,P49841|216|Y|21,0.66,,
Q15052|488|S|21,Q9H4Z3|116|S|21,0.66,,
Q15052|488|S|21,Q9UQ35|2272|S|21,0.67,,
Q15052|488|S|21,Q16204|244|S|21,0.75,,
Q6UN15|258|T|21,Q9UBW5|461|T|21,0.71,,
Q6UN15|258|T|21,P06400|805|Y|21,0.7,,
Q15459|329|S|21,Q9H6F5|91|S|21,0.66,,
Q15477|256|S|21,P27816|521|T|21,0.67,,
Q15477|256|S|21,Q8WWM7|594|S|21,0.67,,
P27816|521|T|21,P42166|74|T|21,0.67,,
Q8WWM7|594|S|21,Q92785|142|S|21,0.66,,
Q8WWM7|594|S|21,Q96K21|354|S|21,0.66,,
Q8WWM7|594|S|21,Q9NW82|638|S|21,0.68,,
Q15424|604|S|21,O75151|877|Y|21,0.66,,
O75151|877|Y|21,Q8N3X1|113|Y|21,0.67,,
Q15645|18|S|21,Q6P0N0|824|S|21,0.69,,
Q15645|18|S|21,Q7Z5J4|1108|S|21,0.67,,
Q6P0N0|824|S|21,Q9HB96|249|S|21,0.66,,
Q15629|360|S|21,O95365|517|T|21,0.67,,
Q15629|360|S|21,P04637|312|T|21,0.66,,
Q15629|360|S|21,P09651|357|Y|21,0.69,,
Q15629|360|S|21,P38159|327|Y|21,0.74,,
O95365|517|T|21,Q6SPF0|157|T|21,0.66,,
O95365|517|T|21,Q9H4L4|176|T|21,0.72,,
O95365|517|T|21,P09651|357|Y|21,0.76,,
O95365|517|T|21,P38159|327|Y|21,0.8,,
O95365|517|T|21,Q9UK61|921|T|21,0.66,,
O95365|517|T|21,O60716|221|Y|21,0.68,,
P38159|327|Y|21,Q02952|631|K|53,0.71,,
Q15648|1021|S|21,Q15648|1023|S|21,0.78,,
Q15648|1021|S|21,Q9NYV4|293|S|21,0.67,,
Q15555|9|S|21,Q8TDJ6|1143|S|21,0.69,,
Q8TDJ6|1143|S|21,Q96P11|327|S|21,0.69,,
Q15361|872|S|21,Q9Y2U8|144|S|21,0.66,,
Q15361|872|S|21,Q96AT1|49|H|53,0.7,,
Q15361|872|S|21,Q8TBE7|4|S|21,0.71,,
Q15361|872|S|21,Q9BTX1|500|S|21,0.66,,
Q15361|487|S|21,Q8TF72|439|S|21,0.67,,
Q8TF72|439|S|21,Q9HCE3|298|S|21,0.66,,
Q15366|188|S|21,Q9NPI6|522|S|21,0.66,,
Q9NPI6|522|S|21,P05783|36|Y|21,0.66,,
Q15311|93|S|21,Q3KQU3|118|T|21,0.66,,
Q8TAD8|52|S|21,Q9ULH0|1682|T|21,0.67,,
Q7Z3B3|1021|S|21,Q9UMZ2|936|S|21,0.66,,
Q9ULH0|1682|T|21,Q8WWQ0|1778|Y|21,0.78,,
Q9ULH0|1682|T|21,P06239|192|Y|21,0.73,,
Q9H165|446|S|21,Q9Y4W2|612|S|21,0.67,,
Q15418|380|S|21,Q8N3U4|1161|S|21,0.68,,
Q15418|380|S|21,Q8IZ21|464|S|21,0.67,,
Q8IZ21|464|S|21,Q9ULL5|651|S|21,0.69,,
Q8IZ21|464|S|21,Q16512|774|T|21,0.66,,
Q8IZ21|464|S|21,Q8TDX7|195|S|21,0.66,,
Q15390|119|S|21,Q9NVU7|585|S|21,0.68,,
Q15418|221|S|21,Q96BY7|239|S|21,0.66,,
Q15418|221|S|21,Q96P16|156|S|21,0.7,,
Q15398|689|S|21,Q9H3N1|270|S|21,0.66,,
Q9H3N1|270|S|21,Q9NQX3|194|S|21,0.67,,
Q9H3N1|270|S|21,Q9HB58|244|S|21,0.66,,
Q15758|503|S|21,Q8IZ21|464|S|21,0.68,,
Q15758|503|S|21,Q7L9B9|25|S|21,0.69,,
Q15758|503|S|21,Q9UBC2|251|T|21,0.69,,
Q15758|503|S|21,O60825|468|T|21,0.69,,
Q7L9B9|25|S|21,Q9HAS0|8|S|21,0.7,,
Q7L9B9|25|S|21,Q9UBC2|251|T|21,0.73,,
Q15742|171|S|21,Q86UE4|298|S|21,0.66,,
Q15742|159|S|21,Q15742|162|S|21,0.7,,
Q15746|1776|S|21,Q15746|1779|S|21,0.81,,
Q15942|267|S|21,Q8NDX5|263|S|21,0.66,,
Q15942|267|S|21,Q9UHD8|41|S|21,0.66,,
Q15942|308|S|21,Q9P2M7|131|S|21,0.66,,
Q15942|308|S|21,Q9HAU0|855|S|21,0.67,,
Q15942|308|S|21,Q8NAF0|483|S|21,0.67,,
Q15942|202|S|21,Q9NYZ3|705|S|21,0.66,,
Q15652|379|S|21,Q2TB10|462|S|21,0.74,,
Q15648|1433|S|21,Q9HCD6|1534|S|21,0.68,,
Q15648|1463|S|21,Q7Z2E3|132|S|21,0.66,,
Q15717|202|S|21,Q96B36|183|S|21,0.68,,
Q15717|202|S|21,Q9BXB4|189|S|21,0.69,,
Q15717|202|S|21,Q7Z6E9|1277|S|21,0.68,,
Q15717|202|S|21,Q9P246|680|S|21,0.68,,
Q96B36|183|S|21,Q09666|5824|T|21,0.71,,
Q9BXB4|189|S|21,Q15648|1051|T|21,0.69,,
Q9BXB4|189|S|21,Q9BY77|127|S|21,0.67,,
Q9BXB4|189|S|21,Q9BY77|126|S|21,0.66,,
Q9BXB4|189|S|21,Q9H4Z3|143|S|21,0.66,,
Q7Z6E9|1277|S|21,Q86VP1|3|S|21,0.67,,
Q15678|620|S|21,Q15678|579|T|21,0.66,,
Q15678|620|S|21,O60716|228|Y|21,0.67,,
Q15678|760|S|21,Q8WUF5|113|S|21,0.7,,
Q15678|312|S|21,Q6PJT7|515|S|21,0.68,,
Q6PJT7|515|S|21,Q96C19|74|S|21,0.66,,
Q15672|68|S|21,Q7L0J3|81|S|21,0.7,,
Q15672|68|S|21,Q96HA1|184|S|21,0.67,,
Q15672|68|S|21,Q8IWE2|200|S|21,0.66,,
Q7L0J3|81|S|21,Q9UJD0|107|S|21,0.73,,
Q15652|639|S|21,Q9UQ35|914|S|21,0.74,,
Q15678|593|S|21,Q15678|594|S|21,0.69,,
Q5SW79|1165|S|21,Q6ZRV2|892|S|21,0.67,,
Q15032|142|S|21,Q8N5F7|149|S|21,0.67,,
Q15032|262|S|21,Q96HA1|184|S|21,0.74,,
Q15029|19|S|21,Q99543|60|S|21,0.67,,
P36405|39|S|23,Q9Y314|240|R|7,0.69,,
P36405|39|S|23,Q9BPX5|102|R|7,0.71,,
P36405|39|S|23,O60264|99|T|23,0.67,,
Q9UPA5|2851|S|21,P02686|232|T|21,0.66,,
Q9UPA5|2851|S|21,Q08495|91|T|21,0.71,,
Q15007|305|S|21,Q15007|306|S|21,0.71,,
Q15054|458|S|21,Q53SF7|1070|S|21,0.7,,
Q15057|521|S|21,Q6ZRV2|914|S|21,0.66,,
Q15057|381|S|21,Q15057|384|S|21,0.71,,
Q15032|973|S|21,Q0JRZ9|495|T|21,0.67,,
Q15042|5|S|21,Q96F45|98|S|21,0.69,,
Q96F45|98|S|21,Q9BYW2|1207|S|21,0.7,,
Q14980|1750|S|21,Q14980|1749|T|21,0.67,,
Q14980|1757|S|21,Q8TF01|211|S|21,0.72,,
Q14980|1757|S|21,Q9UBF8|428|S|21,0.73,,
Q8TF01|211|S|21,Q9NWB6|77|S|21,0.69,,
Q8TF01|211|S|21,P23396|220|T|21,0.66,,
Q8TF01|211|S|21,Q9UPY8|162|S|21,0.73,,
Q8TF01|211|S|21,P49841|216|Y|21,0.66,,
Q14980|169|S|21,Q9NWH9|553|S|21,0.73,,
Q14980|1788|S|21,Q7Z3B3|1045|S|21,0.67,,
Q14980|1228|S|21,Q96I25|229|S|21,0.66,,
Q14978|693|S|21,P21127|594|Y|21,0.67,,
Q14C86|902|S|21,Q6UUV7|62|S|21,0.66,,
Q14C86|902|S|21,Q9Y2X3|351|S|21,0.66,,
Q6UUV7|62|S|21,Q8IX12|626|S|21,0.68,,
Q14C86|948|S|21,Q2KJY2|1006|S|21,0.66,,
Q14C86|948|S|21,Q9UHD8|41|S|21,0.67,,
Q14CS0|234|S|21,Q14CS0|235|S|21,0.87,,
Q14980|198|S|21,Q14980|200|S|21,0.95,,
Q14980|198|S|21,Q14980|203|S|21,0.91,,
Q14980|198|S|21,Q9ULI0|83|S|21,0.72,,
Q14980|200|S|21,Q14980|203|S|21,0.97,,
Q14980|200|S|21,Q9ULI0|83|S|21,0.77,,
Q14980|203|S|21,Q9ULI0|83|S|21,0.78,,
Q14980|1969|S|21,Q9Y3L3|550|S|21,0.67,,
Q15154|93|S|21,Q8WVV4|98|S|21,0.68,,
Q15154|1765|S|21,Q15154|1776|S|21,0.68,,
Q15154|1765|S|21,Q3YEC7|596|S|21,0.68,,
Q15154|1765|S|21,Q9NTJ3|22|S|21,0.66,,
Q3YEC7|596|S|21,Q9NTJ3|22|S|21,0.7,,
Q9NTJ3|22|S|21,Q9NTJ3|27|S|21,0.68,,
Q15154|68|S|21,Q96RU3|299|S|21,0.67,,
Q96RU3|299|S|21,Q9Y6X9|777|S|21,0.68,,
Q96RU3|299|S|21,Q9Y6X9|779|S|21,0.67,,
Q15276|410|S|21,Q8N122|859|S|21,0.72,,
Q15276|410|S|21,Q86VR2|320|S|21,0.66,,
Q8N122|859|S|21,Q9UK61|927|S|21,0.66,,
Q8N122|859|S|21,Q8NE71|140|S|21,0.67,,
Q8N122|859|S|21,Q8N122|863|S|21,0.68,,
Q15276|377|S|21,Q9Y6E0|184|T|21,0.67,,
Q15276|407|S|21,Q15276|410|S|21,0.68,,
Q15311|29|S|21,Q99543|47|S|21,0.72,,
Q15287|155|S|21,Q96HA1|184|S|21,0.71,,
Q15287|155|S|21,Q9P0U4|142|S|21,0.66,,
Q15287|155|S|21,Q15287|157|S|21,0.89,,
Q15287|157|S|21,Q96HA1|184|S|21,0.68,,
Q15287|157|S|21,Q9UIG0|349|S|21,0.67,,
Q15223|434|S|21,Q15223|435|S|21,0.94,,
Q15149|4382|S|21,Q5T0N5|489|S|21,0.67,,
Q15059|254|S|21,Q6PK04|19|S|21,0.69,,
Q15084|428|S|21,Q66PJ3|332|S|21,0.67,,
Q15154|1185|S|21,Q15154|1186|S|21,0.67,,
Q15149|720|S|21,Q9NPR2|793|S|21,0.66,,
Q9NPR2|793|S|21,Q53TN4|285|T|21,0.66,,
Q9NPR2|793|S|21,P78312|1128|T|21,0.67,,
Q9NPR2|793|S|21,Q9UKK3|101|T|21,0.7,,
Q15154|119|S|21,Q86W92|579|S|21,0.73,,
Q86W92|579|S|21,Q9Y4E1|539|S|21,0.66,,
Q15149|4626|S|21,Q96Q15|3573|T|21,0.66,,
Q15149|4408|S|21,Q6UUV7|394|T|21,0.69,,
Q15149|4648|S|21,Q6KC79|150|S|21,0.69,,
Q15149|4648|S|21,Q15149|4651|S|21,0.78,,
Q6KC79|150|S|21,Q8N4L2|18|S|21,0.72,,
Q15149|4642|S|21,Q92974|886|S|21,0.67,,
Q92974|886|S|21,Q96A49|248|T|21,0.67,,
Q4KMP7|657|S|21,Q9H6S3|466|S|21,0.66,,
Q9H6S3|466|S|21,Q9H6S3|479|S|21,0.7,,
Q4KMP7|658|S|21,Q4KMP7|661|S|21,0.78,,
Q4KMP7|661|S|21,Q6ZRS2|2790|S|21,0.66,,
Q4KMQ1|274|S|21,Q86U86|39|S|21,0.67,,
Q4KMQ1|274|S|21,Q52LW3|499|S|21,0.69,,
Q4G0J3|337|S|21,Q5JRA6|1906|S|21,0.67,,
Q52LA3|7|S|21,Q96EV2|41|S|21,0.72,,
Q52LW3|519|S|21,Q8N806|263|S|21,0.67,,
Q52LW3|555|S|21,Q7KZI7|212|S|21,0.66,,
Q4L180|791|S|21,Q5U651|326|S|21,0.69,,
Q4L180|791|S|21,Q5U651|328|S|21,0.68,,
Q4L180|791|S|21,Q3MHD2|75|T|21,0.7,,
Q5U651|326|S|21,Q3MHD2|75|T|21,0.7,,
Q5U651|326|S|21,P12270|2137|T|21,0.71,,
Q5U651|326|S|21,Q6ZS17|22|S|21,0.68,,
Q5U651|326|S|21,Q9Y2W1|53|S|21,0.68,,
Q5U651|326|S|21,Q5U651|328|S|21,0.73,,
Q5U651|326|S|21,Q5U651|331|S|21,0.67,,
Q5U651|328|S|21,Q5U651|331|S|21,0.66,,
Q5U651|328|S|21,P28482|181|T|21,0.69,,
Q5U651|328|S|21,Q3MHD2|75|T|21,0.67,,
Q5U651|328|S|21,Q9Y2W1|53|S|21,0.66,,
Q4VC05|114|S|21,Q9Y618|1774|S|21,0.73,,
Q4VCS5|714|S|21,Q4VCS5|718|S|21,0.69,,
Q3KR37|274|S|21,Q53TN4|285|T|21,0.67,,
Q3KR37|274|S|21,Q9UKK3|101|T|21,0.68,,
Q3KR37|274|S|21,Q9H7D0|1814|T|21,0.66,,
Q3KR37|274|S|21,O15231|204|T|21,0.66,,
Q3KR37|274|S|21,P28482|185|T|21,0.68,,
Q3KR37|274|S|21,P78312|1128|T|21,0.74,,
O15231|204|T|21,P78312|1128|T|21,0.7,,
O15231|204|T|21,Q6ZRV2|894|T|21,0.68,,
O15231|204|T|21,O75976|1370|T|21,0.66,,
O15231|204|T|21,P05114|81|T|21,0.66,,
O15231|204|T|21,P16401|11|T|21,0.66,,
O15231|204|T|21,P16402|18|T|21,0.73,,
O15231|204|T|21,P16403|4|T|21,0.7,,
O15231|204|T|21,Q9H7D0|1814|T|21,0.7,,
P28482|185|T|21,P78312|1128|T|21,0.67,,
P78312|1128|T|21,Q9H307|441|T|21,0.73,,
P78312|1128|T|21,Q9H7D0|1814|T|21,0.69,,
Q3L8U1|1472|S|21,Q9Y4W2|238|S|21,0.68,,
Q3KQU3|548|S|21,Q96S55|92|S|21,0.7,,
Q3KQU3|742|S|21,Q9UNL4|150|S|21,0.66,,
Q3KQU3|742|S|21,Q9NVM6|112|S|21,0.67,,
Q3KQU3|70|S|21,Q9Y624|284|S|21,0.66,,
Q49A88|758|S|21,Q49A88|762|S|21,0.87,,
Q3ZCW2|25|S|21,Q9NQX3|194|S|21,0.67,,
Q9NQX3|194|S|21,Q9Y3L3|262|S|21,0.66,,
Q4AC94|2018|S|21,Q4AC94|2020|S|21,0.82,,
Q3V6T2|1675|S|21,Q9BPY3|6|S|21,0.67,,
Q9BPY3|6|S|21,Q9BPY3|9|S|21,0.85,,
Q3YEC7|640|S|21,Q3YEC7|641|S|21,0.74,,
Q9BRQ0|40|S|21,Q9BXY0|202|T|21,0.69,,
P16403|4|T|21,P41162|414|T|21,0.66,,
P16403|4|T|21,P78312|1128|T|21,0.76,,
P16403|4|T|21,P28482|185|T|21,0.68,,
P16403|4|T|21,Q9H307|441|T|21,0.76,,
P16403|4|T|21,Q9H7D0|1814|T|21,0.67,,
P27361|202|T|21,P78312|1128|T|21,0.82,,
O15231|158|T|21,P78312|1128|T|21,0.68,,
Q86V48|569|S|21,Q9H2J4|234|S|21,0.67,,
Q86V48|569|S|21,Q53TN4|285|T|21,0.68,,
Q86V48|569|S|21,P78312|1128|T|21,0.68,,
Q86V48|569|S|21,Q9UQB8|360|T|21,0.66,,
Q86V48|569|S|21,P27361|202|T|21,0.71,,
Q58FF8|128|S|21,Q86SQ0|387|S|21,0.67,,
Q86SQ0|387|S|21,Q96J02|240|S|21,0.66,,
Q5BKZ1|478|S|21,Q9BRD0|172|S|21,0.67,,
Q58FG0|89|S|21,Q7Z569|117|S|21,0.69,,
Q58FG0|89|S|21,Q9NPQ8|436|S|21,0.68,,
Q9NPQ8|436|S|21,Q9UKS6|344|S|21,0.69,,
Q58WW2|336|S|21,Q8WU20|327|S|21,0.66,,
Q8WU20|327|S|21,Q8IZP0|213|Y|21,0.67,,
Q5H9R4|1891|S|21,Q9UMS6|623|S|21,0.71,,
Q5H9R4|1891|S|21,Q5H9R4|1892|S|21,0.68,,
Q5JSH3|162|S|21,Q9P0V3|246|S|21,0.67,,
Q5HYJ3|193|S|21,Q8IX12|627|T|21,0.66,,
Q5C9Z4|280|S|21,Q5C9Z4|287|T|21,0.67,,
Q5C9Z4|287|T|21,Q96JN0|41|T|21,0.77,,
Q5H9L2|131|S|21,Q8WU17|625|S|21,0.71,,
Q5D1E8|99|S|21,Q6P597|466|S|21,0.68,,
Q5D1E8|99|S|21,Q9H201|448|S|21,0.7,,
Q9H201|448|S|21,Q9UDY2|1157|Y|21,0.67,,
Q53ET0|623|S|21,Q53ET0|624|S|21,0.7,,
Q53ET0|623|S|21,Q8N5C8|385|S|21,0.66,,
Q53ET0|623|S|21,Q8N5C8|383|S|21,0.68,,
Q53EL6|94|S|21,Q53EL6|93|T|21,0.67,,
Q53ET0|456|S|21,Q9BVC5|184|S|21,0.67,,
Q53ET0|456|S|21,Q8NC51|234|S|21,0.71,,
Q53ET0|456|S|21,Q6UUV7|391|S|21,0.71,,
Q6UUV7|391|S|21,Q6UUV7|394|T|21,0.75,,
Q6UUV7|391|S|21,Q8N3V7|758|S|21,0.67,,
Q6UUV7|391|S|21,Q6UUV7|396|S|21,0.79,,
Q53ET0|171|S|21,Q53ET0|173|S|21,0.75,,
Q53ET0|173|S|21,Q53ET0|178|S|21,0.85,,
Q53SF7|256|S|21,Q53SF7|260|T|21,0.69,,
Q53SF7|256|S|21,Q969E4|65|S|21,0.68,,
Q53QZ3|43|S|21,Q8IYB3|793|T|21,0.67,,
Q53QZ3|43|S|21,P06239|192|Y|21,0.69,,
Q9UQL6|498|S|21,Q9Y679|288|S|21,0.68,,
Q53T59|249|S|21,Q96MH2|76|S|21,0.67,,
Q53SF7|911|S|21,Q9UHB7|178|S|21,0.71,,
Q9UHB7|178|S|21,Q9UHB7|179|S|21,0.72,,
Q53HL2|215|S|21,Q92609|552|T|21,0.71,,
Q53HL2|215|S|21,P06239|192|Y|21,0.67,,
Q53HL2|215|S|21,P49736|25|T|21,0.67,,
Q53HL2|219|S|21,Q6VMQ6|477|S|21,0.7,,
Q53HL2|219|S|21,Q9BPX3|1015|S|21,0.68,,
Q17RY0|97|S|21,Q17RY0|99|S|21,0.68,,
Q16666|168|S|21,Q9UQ35|1878|S|21,0.67,,
Q9UQ35|1878|S|21,Q9UQ35|1880|T|21,0.7,,
Q1ED39|132|S|21,Q9NZM3|889|S|21,0.69,,
Q9NZM3|889|S|21,Q9Y520|878|S|21,0.66,,
Q16643|141|S|21,Q9Y520|2682|T|21,0.67,,
Q16666|160|S|21,Q92974|941|S|21,0.66,,
Q16666|160|S|21,Q96A00|134|S|21,0.7,,
Q96A00|134|S|21,Q96A00|136|S|21,0.69,,
Q16666|153|S|21,P55081|267|T|21,0.68,,
Q27J81|1227|S|21,Q27J81|1229|S|21,0.95,,
Q1KMD3|161|S|21,Q96MH2|76|S|21,0.66,,
Q27J81|1149|S|21,Q96RS0|55|S|21,0.66,,
Q96RS0|55|S|21,Q9NYF8|153|S|21,0.73,,
Q27J81|1147|S|21,Q96RS0|55|S|21,0.66,,
Q27J81|1147|S|21,Q27J81|1149|S|21,0.9,,
Q16512|773|S|21,Q16513|815|S|21,0.7,,
Q16204|240|S|21,Q8NDC0|15|S|21,0.73,,
Q16204|240|S|21,Q16204|244|S|21,0.72,,
Q8NDC0|15|S|21,Q9UQ35|297|S|21,0.67,,
Q8NDC0|15|S|21,Q9NS69|15|S|21,0.78,,
Q16512|537|S|21,Q8IX21|710|S|21,0.68,,
Q16204|323|S|21,Q8TDX7|195|S|21,0.67,,
Q16204|323|S|21,Q8TDY2|237|S|21,0.66,,
Q8TDX7|195|S|21,Q9Y6M7|233|S|21,0.66,,
Q8TDY2|237|S|21,Q9Y2H0|973|S|21,0.67,,
Q16576|3|S|21,Q9HAW4|1147|S|21,0.7,,
Q16555|542|S|21,P17252|504|Y|21,0.69,,
Q16555|542|S|21,Q9UBC2|251|T|21,0.67,,
Q16555|542|S|21,Q9UKG1|399|T|21,0.74,,
Q16555|542|S|21,Q16512|914|T|21,0.69,,
Q16555|542|S|21,Q5U5Q3|547|T|21,0.77,,
Q16555|542|S|21,O15530|245|T|21,0.7,,
Q16555|542|S|21,P12270|2137|T|21,0.72,,
Q16512|914|T|21,Q92508|1644|T|21,0.66,,
O15530|245|T|21,Q9UKG1|399|T|21,0.72,,
Q16623|14|S|21,Q92777|425|S|21,0.67,,
Q16623|14|S|21,Q9UPA5|2851|S|21,0.73,,
Q16623|14|S|21,Q14195|508|T|21,0.71,,
Q16623|14|S|21,Q14195|509|T|21,0.66,,
Q14195|508|T|21,Q14195|509|T|21,0.76,,
Q16594|152|S|21,Q8WUD4|165|S|21,0.68,,
Q16594|152|S|21,Q96JY6|206|S|21,0.77,,
Q16594|152|S|21,Q96JY6|213|S|21,0.73,,
Q16594|152|S|21,Q6WCQ1|298|H|53,0.7,,
Q8WUD4|165|S|21,Q6WCQ1|298|H|53,0.69,,
Q8WUD4|165|S|21,Q96JY6|206|S|21,0.66,,
Q96JY6|206|S|21,Q9UMS6|904|T|21,0.7,,
Q96JY6|206|S|21,Q96JY6|213|S|21,0.95,,
Q96JY6|213|S|21,Q9UMS6|904|T|21,0.73,,
Q96JY6|213|S|21,Q6WCQ1|298|H|53,0.68,,
Q16537|32|S|21,Q16537|33|S|21,0.69,,
Q16555|507|S|21,O43765|81|T|21,0.71,,
Q16555|507|S|21,Q16623|14|S|21,0.66,,
Q96D71|392|S|21,Q9UKY7|107|S|21,0.7,,
Q32MZ4|120|S|21,Q92538|1318|S|21,0.66,,
Q32MZ4|120|S|21,Q9H6Z4|333|S|21,0.66,,
Q32MZ4|120|S|21,Q9H1B7|547|S|21,0.69,,
Q32MZ4|120|S|21,Q641Q2|333|S|21,0.66,,
Q9H6Z4|333|S|21,Q9H8Y8|415|T|21,0.68,,
Q9H6Z4|333|S|21,O60825|468|T|21,0.7,,
Q9H6Z4|333|S|21,P06493|161|T|21,0.69,,
Q32MZ4|768|S|21,Q96JY6|137|S|21,0.67,,
Q96JY6|137|S|21,Q9Y490|425|S|21,0.75,,
Q32MZ4|565|S|21,Q9H814|364|S|21,0.73,,
Q9H814|364|S|21,Q9Y618|922|S|21,0.66,,
Q9H814|364|S|21,Q9H814|368|S|21,0.85,,
Q2TB10|426|S|21,Q9NRL2|1363|S|21,0.66,,
Q32MZ4|116|S|21,Q9NRA8|587|S|21,0.68,,
Q8IYB3|465|S|21,Q8TAQ2|304|S|21,0.67,,
Q3KQU3|366|S|21,Q9NYV4|423|S|21,0.67,,
Q3KQU3|366|S|21,Q7Z589|1213|S|21,0.66,,
Q3KQU3|273|S|21,Q3KQU3|274|S|21,0.82,,
Q32P51|6|S|21,Q9NVD7|19|S|21,0.67,,
Q32P44|176|S|21,Q15418|225|T|21,0.66,,
Q32P44|176|S|21,Q86VQ1|303|S|21,0.66,,
Q86VQ1|303|S|21,Q8IWC1|185|S|21,0.67,,
Q3B726|316|S|21,Q9H7N4|989|T|21,0.68,,
Q2M2I8|21|S|21,Q9ULC3|186|S|21,0.67,,
Q2M2I8|21|S|21,Q9NQW6|54|S|21,0.66,,
Q2M2I8|21|S|21,Q9P0K7|383|S|21,0.67,,
Q9NQW6|54|S|21,Q9Y6W5|308|S|21,0.66,,
Q9NQW6|54|S|21,Q9NQW6|792|S|21,0.66,,
Q9P0K7|383|S|21,Q9P0K7|386|S|21,0.89,,
Q9Y6R0|324|S|21,Q8NI27|1411|K|53,0.77,,
Q9Y6R0|324|S|21,Q9UFC0|246|K|53,0.72,,
Q9Y6R0|324|S|21,P04406|184|T|21,0.68,,
Q2KHR2|1083|S|21,P21127|595|T|21,0.69,,
Q2KHR2|1083|S|21,Q9Y2D5|146|S|21,0.66,,
Q2KHR2|1083|S|21,Q8TAD8|52|S|21,0.74,,
Q2KHR2|1083|S|21,Q8WVB6|63|S|21,0.66,,
Q2KHR2|1083|S|21,Q7Z2W4|387|S|21,0.68,,
Q2KHR2|1083|S|21,Q9ULH0|1682|T|21,0.77,,
Q2KHR2|1083|S|21,Q8WWQ0|1778|Y|21,0.67,,
Q2KHR2|1083|S|21,P06239|192|Y|21,0.68,,
P21127|595|T|21,P18669|119|Y|21,0.69,,
P21127|595|T|21,P21127|594|Y|21,0.66,,
Q9Y2D5|146|S|21,P08708|120|T|21,0.68,,
Q9Y2D5|146|S|21,P06239|192|Y|21,0.67,,
Q8N0Z3|760|S|21,Q8N1G0|519|S|21,0.66,,
Q8N0Z3|760|S|21,Q8WUM0|50|S|21,0.66,,
Q2KHR3|1230|S|21,Q2KHR3|1231|S|21,0.81,,
Q2NKX8|1069|S|21,Q9H6S3|570|S|21,0.66,,
Q2M3G4|133|S|21,Q9H3Q1|292|S|21,0.66,,
Q9H3Q1|292|S|21,Q9Y6Y0|277|S|21,0.72,,
Q2NKX8|1028|S|21,Q8N3X1|479|T|21,0.73,,
Q8N3X1|479|T|21,Q9HB90|10|T|21,0.7,,
Q8N3X1|479|T|21,Q96T60|118|T|21,0.66,,
Q8N3X1|479|T|21,Q99442|375|T|21,0.66,,
Q2PPJ7|376|S|21,Q9UGH3|78|S|21,0.66,,
Q2PPJ7|373|S|21,Q2PPJ7|376|S|21,0.74,,
Q2PPJ7|373|S|21,Q96RK0|146|S|21,0.66,,
Q2M2I8|652|S|21,Q8NDX1|1020|S|21,0.66,,
Q2M2I8|652|S|21,Q92934|99|S|21,0.67,,
Q2M2I8|652|S|21,Q9ULH0|1682|T|21,0.73,,
Q2M2I8|652|S|21,P06239|192|Y|21,0.69,,
Q2M2I8|652|S|21,P18669|119|Y|21,0.69,,
Q2M2I8|652|S|21,Q8WWQ0|1778|Y|21,0.72,,
Q8NDX1|1020|S|21,Q8WWQ0|1778|Y|21,0.67,,
Q92934|99|S|21,P18669|119|Y|21,0.75,,
Q92934|99|S|21,Q8WWQ0|1778|Y|21,0.66,,
Q92934|99|S|21,Q9NSK0|593|Y|21,0.66,,
Q92934|99|S|21,P06239|192|Y|21,0.71,,
Q92934|99|S|21,Q96PK6|206|T|21,0.68,,
Q92934|99|S|21,Q9NRA8|564|S|21,0.66,,
Q92934|99|S|21,Q9UKA4|1242|S|21,0.71,,
Q2M2I8|624|S|21,Q969V6|454|S|21,0.67,,
Q2M2I8|624|S|21,Q2M2I8|620|T|21,0.81,,
Q13428|1228|S|21,Q96JC9|165|S|21,0.68,,
Q13427|745|S|21,Q8NFI4|75|S|21,0.67,,
Q13428|381|S|21,Q9UQ35|2581|S|21,0.7,,
Q13428|583|S|21,Q13428|581|T|21,0.69,,
Q13428|777|S|21,Q8N108|52|S|21,0.74,,
Q13428|777|S|21,Q8N108|53|S|21,0.73,,
Q13428|777|S|21,Q641Q2|614|S|21,0.66,,
Q8N108|52|S|21,Q96RT1|931|S|21,0.67,,
Q8N108|52|S|21,Q8N108|53|S|21,0.98,,
Q8N108|52|S|21,Q8WUA7|150|S|21,0.67,,
Q8N108|53|S|21,Q96RT1|931|S|21,0.68,,
Q13428|233|S|21,Q9UQ35|1694|S|21,0.7,,
Q13428|171|S|21,Q9NU22|4538|S|21,0.67,,
Q13424|201|S|21,O00267|1034|T|21,0.66,,
Q13424|201|S|21,Q9Y2U8|144|S|21,0.67,,
Q13424|201|S|21,Q8WWI1|1129|S|21,0.68,,
Q13424|201|S|21,Q8TDY2|624|S|21,0.7,,
Q8WWI1|1129|S|21,Q9Y2U8|144|S|21,0.67,,
Q13422|364|S|21,Q8NDX1|1020|S|21,0.73,,
Q13422|364|S|21,Q2KHR2|1083|S|21,0.68,,
Q13422|364|S|21,Q9Y2D5|146|S|21,0.68,,
Q13422|364|S|21,Q9UKJ3|1081|S|21,0.69,,
Q13422|364|S|21,P06239|192|Y|21,0.72,,
Q13422|364|S|21,Q9ULH0|1682|T|21,0.72,,
Q13422|364|S|21,P43403|292|Y|21,0.67,,
Q13422|364|S|21,Q8N3X1|113|Y|21,0.71,,
Q13422|364|S|21,Q8WWQ0|1778|Y|21,0.81,,
Q13422|364|S|21,P78559|1674|T|21,0.66,,
Q13422|364|S|21,Q92609|552|T|21,0.71,,
P43403|292|Y|21,P52756|620|Y|21,0.7,,
Q13330|522|S|21,P04406|184|T|21,0.67,,
Q13330|522|S|21,Q9Y679|288|S|21,0.67,,
Q13330|522|S|21,Q8WX93|641|S|21,0.76,,
Q13330|522|S|21,Q8IVF2|4477|S|21,0.7,,
Q13330|522|S|21,Q8IVF2|593|S|21,0.68,,
Q13330|562|S|21,Q5T8P6|518|S|21,0.68,,
Q13330|562|S|21,Q99733|51|T|21,0.67,,
Q13371|293|S|21,Q9NQS7|208|S|21,0.7,,
Q13330|576|S|21,Q9BWF3|86|S|21,0.7,,
Q13427|413|S|21,Q8TF72|439|S|21,0.67,,
Q13426|320|S|21,Q9P2D1|2275|S|21,0.66,,
Q13427|356|S|21,Q13427|358|T|21,0.69,,
Q13427|356|S|21,Q92688|244|T|21,0.69,,
Q13427|356|S|21,Q96JC9|158|S|21,0.71,,
Q13427|358|T|21,Q6UN15|494|T|21,0.67,,
Q96JC9|158|S|21,Q92688|244|T|21,0.66,,
Q13427|544|S|21,Q13427|546|S|21,0.95,,
Q13426|232|S|21,Q13426|237|S|21,0.96,,
Q13501|272|S|21,Q8IYB3|695|S|21,0.66,,
Q13501|272|S|21,Q9Y2W1|243|S|21,0.66,,
Q13501|272|S|21,Q9UQ35|1083|S|21,0.67,,
Q8IYB3|695|S|21,Q9UQ35|2397|T|21,0.66,,
Q13523|241|S|21,Q9NQS7|478|T|21,0.66,,
Q13523|241|S|21,Q9BRD0|222|S|21,0.72,,
Q13523|241|S|21,Q9UIG0|708|S|21,0.67,,
Q9BRD0|222|S|21,Q9UDY2|431|S|21,0.66,,
Q9UIG0|708|S|21,Q9ULD9|627|S|21,0.67,,
Q13523|277|S|21,Q9UQ35|2581|S|21,0.69,,
Q13523|20|S|21,Q8TEQ6|778|S|21,0.71,,
Q13523|20|S|21,Q8IV63|82|S|21,0.72,,
Q13523|20|S|21,Q9H8Y8|451|S|21,0.67,,
Q13523|20|S|21,Q96I25|169|S|21,0.67,,
Q13523|20|S|21,Q9BY89|1154|S|21,0.79,,
Q8TEQ6|778|S|21,Q9BY89|1154|S|21,0.67,,
Q8TEQ6|778|S|21,Q9H8Y8|451|S|21,0.68,,
Q13469|759|S|21,Q9UJU6|131|K|1,0.69,,
Q13523|837|S|21,Q16512|773|S|21,0.69,,
Q9BTX1|504|S|21,Q9BX63|206|S|21,0.67,,
Q13523|87|S|21,Q13523|93|S|21,0.83,,
Q13523|366|S|21,Q13523|368|S|21,0.76,,
Q13523|431|S|21,Q13523|437|S|21,0.69,,
Q13435|360|S|21,Q8IU85|180|T|21,0.67,,
Q13435|360|S|21,Q9H2F5|357|S|21,0.67,,
Q13435|360|S|21,Q5T200|64|S|21,0.66,,
Q13435|360|S|21,Q5T8P6|518|S|21,0.69,,
Q13435|360|S|21,Q13435|362|S|21,0.79,,
Q5T200|64|S|21,Q8NI27|1411|K|53,0.68,,
Q5T200|64|S|21,Q9UFC0|246|K|53,0.68,,
Q5T200|64|S|21,Q69YH5|936|S|21,0.7,,
Q5T200|64|S|21,Q5T8P6|518|S|21,0.78,,
Q5T200|64|S|21,Q9Y6R0|324|S|21,0.76,,
Q5T200|64|S|21,Q8IU85|180|T|21,0.68,,
Q5T200|64|S|21,Q9UKD2|80|S|21,0.74,,
Q5T200|64|S|21,Q9BTC8|457|S|21,0.67,,
Q5T200|64|S|21,Q9H2F5|357|S|21,0.69,,
Q13428|85|S|21,Q9Y2J4|602|S|21,0.72,,
Q13435|307|S|21,Q13435|309|S|21,0.8,,
Q5JTV8|215|S|21,Q9UKL0|260|S|21,0.66,,
Q5JTV8|215|S|21,Q6P2E9|879|S|21,0.72,,
Q13459|1290|S|21,Q99590|776|S|21,0.71,,
Q13459|1290|S|21,Q9NYB9|227|S|21,0.7,,
Q99590|776|S|21,Q9Y4W2|560|S|21,0.7,,
Q13442|60|S|21,Q13442|63|S|21,0.86,,
Q13442|60|S|21,Q9NPQ8|436|S|21,0.68,,
Q13442|60|S|21,Q53TN4|284|S|21,0.68,,
Q13439|71|S|21,Q96B36|183|S|21,0.68,,
Q9Y5J1|121|S|21,Q9Y5J1|124|S|21,0.79,,
Q13029|739|S|21,Q13029|743|S|21,0.78,,
Q13049|335|S|21,Q8ND76|25|S|21,0.67,,
Q13043|320|S|21,Q9NZ63|261|S|21,0.66,,
Q9NZ63|261|S|21,P40227|465|K|34,0.66,,
Q13017|1173|S|21,Q13017|1176|S|21,0.77,,
Q13017|1176|S|21,Q9UKV3|838|S|21,0.71,,
Q12986|95|S|21,Q13905|296|S|21,0.69,,
Q13905|296|S|21,Q8IVF2|4477|S|21,0.69,,
Q13905|296|S|21,Q8TAP8|87|S|21,0.75,,
Q13905|296|S|21,Q8TCJ2|18|S|21,0.7,,
Q13905|296|S|21,Q969S3|143|S|21,0.77,,
Q13905|296|S|21,Q2KHR2|1128|S|21,0.71,,
Q13905|296|S|21,Q14151|444|S|21,0.66,,
Q13905|296|S|21,Q9UQL6|498|S|21,0.66,,
Q13905|296|S|21,Q9Y4H2|620|S|21,0.68,,
Q13905|296|S|21,Q9Y679|288|S|21,0.68,,
Q13085|29|S|21,Q96IG2|421|S|21,0.67,,
Q13085|29|S|21,Q9H2G2|189|S|21,0.66,,
Q13085|29|S|21,Q14558|215|S|21,0.7,,
Q96IG2|421|S|21,Q96IG2|417|T|21,0.7,,
Q9H2G2|189|S|21,Q9Y6G9|207|S|21,0.67,,
Q9H2G2|189|S|21,Q9Y2X7|410|S|21,0.67,,
Q14558|215|S|21,Q14195|524|T|21,0.71,,
Q14558|215|S|21,Q96G03|165|S|21,0.7,,
Q14558|215|S|21,Q9NZ63|261|S|21,0.69,,
Q12929|659|S|21,Q13247|314|S|21,0.68,,
Q13247|314|S|21,Q13247|316|S|21,0.84,,
Q13247|314|S|21,Q9UHB6|698|S|21,0.69,,
Q13247|314|S|21,Q8IYB3|626|S|21,0.69,,
Q12923|938|S|21,Q9UHF7|216|S|21,0.67,,
Q12923|938|S|21,Q13263|453|S|21,0.67,,
Q9UHF7|216|S|21,Q9Y446|331|S|21,0.68,,
Q12933|11|S|21,Q12933|5|S|21,0.84,,
Q12933|5|S|21,Q8NE71|140|S|21,0.72,,
Q12933|5|S|21,Q9HCG8|102|S|21,0.68,,
Q12929|685|S|21,Q6XQN6|537|S|21,0.66,,
Q12906|506|S|21,Q9H3M7|358|S|21,0.66,,
Q12906|503|S|21,Q5JSZ5|225|T|21,0.71,,
Q12906|762|S|21,Q15652|638|S|21,0.69,,
Q12959|687|S|21,O15075|354|T|21,0.71,,
Q12959|687|S|21,Q5SW79|359|S|21,0.71,,
Q12986|150|S|21,Q9BYW2|459|S|21,0.66,,
Q12982|114|S|21,Q96JC9|165|S|21,0.66,,
Q12959|158|S|21,Q8IWI9|1414|S|21,0.69,,
Q12959|158|S|21,Q9BRD0|235|S|21,0.67,,
Q8IWI9|1414|S|21,Q96BY7|1743|S|21,0.68,,
Q8IWI9|1414|S|21,Q9H501|180|S|21,0.66,,
Q12959|568|S|21,Q12959|571|S|21,0.68,,
Q8NE71|140|S|21,Q9UHD8|85|S|21,0.66,,
Q13247|316|S|21,Q8IYB3|628|S|21,0.68,,
Q13247|316|S|21,Q9UHB6|698|S|21,0.66,,
Q8IYB3|626|S|21,Q8IYB3|628|S|21,0.86,,
Q13263|473|S|21,Q15052|488|S|21,0.66,,
Q13263|473|S|21,Q99549|51|S|21,0.75,,
Q13247|45|S|21,Q14008|832|T|21,0.66,,
Q13206|831|S|21,Q6ZUT6|392|S|21,0.69,,
Q6ZUT6|392|S|21,Q9UGU5|101|S|21,0.67,,
Q6ZUT6|392|S|21,Q8WYH8|118|S|21,0.66,,
Q13206|539|S|21,Q2NKX8|946|S|21,0.67,,
Q13200|16|S|21,Q9NR30|121|S|21,0.68,,
Q13200|16|S|21,Q9Y2V2|30|S|21,0.71,,
Q9Y2V2|30|S|21,Q9Y2V2|32|S|21,0.74,,
Q9Y2V2|30|S|21,Q9Y2V2|41|S|21,0.66,,
Q13242|211|S|21,Q6JBY9|179|S|21,0.7,,
Q13242|211|S|21,Q6VMQ6|113|S|21,0.67,,
Q13242|211|S|21,Q96D71|272|S|21,0.69,,
Q6JBY9|179|S|21,Q6JBY9|216|S|21,0.7,,
Q13286|14|S|21,Q9BRD0|201|S|21,0.66,,
Q9BRD0|201|S|21,Q9Y6X9|779|S|21,0.67,,
P83881|53|K|34,Q13310|518|R|36,0.67,,
P83881|53|K|34,Q92804|570|R|36,0.71,,
P83881|53|K|34,Q01844|471|R|36,0.67,,
P83881|53|K|34,P11940|493|R|36,0.66,,
P83881|53|K|34,P50238|68|R|34,0.66,,
Q13303|9|S|21,Q99490|808|S|21,0.67,,
Q13263|752|S|21,Q6WKZ4|357|S|21,0.68,,
Q6WKZ4|357|S|21,Q8TAP6|82|S|21,0.68,,
Q6WKZ4|357|S|21,Q96GX5|370|S|21,0.68,,
Q99549|51|S|21,Q9NW82|638|S|21,0.72,,
Q13263|9|S|21,Q96JY6|206|S|21,0.71,,
Q13263|9|S|21,Q96JY6|213|S|21,0.69,,
Q13263|9|S|21,Q16594|152|S|21,0.68,,
Q13136|692|S|21,Q53SF7|1070|S|21,0.7,,
Q13136|763|S|21,Q9BTL3|36|S|21,0.67,,
Q13136|1172|S|21,Q8WWI1|1423|S|21,0.72,,
Q8WWI1|1423|S|21,Q8WWI1|1425|T|21,0.68,,
Q13129|634|S|21,Q9Y4K1|75|S|21,0.72,,
Q13188|316|S|21,Q96N67|180|S|21,0.66,,
Q13191|484|S|21,Q9BPY3|6|S|21,0.66,,
Q13177|141|S|21,Q14847|104|T|21,0.66,,
Q13144|544|S|21,Q9NR45|277|T|21,0.66,,
Q13153|144|S|21,Q9UQB8|365|S|21,0.68,,
Q13153|144|S|21,Q6PFW1|1152|S|21,0.68,,
Q13185|93|S|21,Q13185|95|S|21,0.71,,
Q5VT52|1099|S|21,Q96B97|79|S|21,0.68,,
Q14566|13|S|21,Q9Y2W1|575|S|21,0.67,,
Q14195|524|T|21,P51991|177|H|53,0.66,,
Q14573|916|S|21,Q4KMQ1|274|S|21,0.68,,
Q14573|916|S|21,Q86U86|39|S|21,0.66,,
Q14568|231|S|21,Q9NQT8|1410|S|21,0.68,,
Q14669|991|S|21,Q8TEQ6|778|S|21,0.68,,
Q14671|124|S|21,Q92934|118|S|21,0.67,,
Q14671|124|S|21,Q5JSH3|344|S|21,0.69,,
Q14671|124|S|21,Q9Y6M7|233|S|21,0.66,,
Q92934|118|S|21,Q02156|710|T|21,0.67,,
Q92934|118|S|21,Q9H0C8|13|S|21,0.66,,
Q92934|118|S|21,Q96N16|382|S|21,0.71,,
Q8IZ21|270|S|21,Q8IZ21|291|S|21,0.83,,
Q14195|536|S|21,Q15942|267|S|21,0.72,,
Q14244|183|S|21,Q16204|244|S|21,0.66,,
Q14204|4368|S|21,P85037|436|T|21,0.67,,
Q14195|522|S|21,Q14195|524|T|21,0.76,,
Q14194|521|S|21,Q14194|522|S|21,0.68,,
Q14493|20|S|21,Q14493|23|S|21,0.83,,
Q14498|136|S|21,Q8IYB3|220|T|21,0.69,,
Q14244|219|S|21,Q9NYL2|633|S|21,0.66,,
Q14244|219|S|21,Q6PK04|19|S|21,0.7,,
Q14244|209|S|21,Q8IU85|180|T|21,0.67,,
Q14289|375|S|21,Q641Q2|1075|S|21,0.68,,
Q8NEY1|648|S|21,Q96N16|382|S|21,0.68,,
Q8NEY1|648|S|21,Q9H6Z4|333|S|21,0.67,,
Q8NEY1|648|S|21,O43765|81|T|21,0.66,,
Q14814|251|S|21,Q2KJY2|1006|S|21,0.67,,
Q14814|251|S|21,Q641Q2|1075|S|21,0.67,,
Q14814|251|S|21,Q9NRA8|587|S|21,0.66,,
Q14807|412|S|21,Q8TDY2|624|S|21,0.74,,
Q14807|412|S|21,Q9HCS5|304|S|21,0.69,,
Q14807|412|S|21,Q14807|427|S|21,0.69,,
Q14839|1308|S|21,Q9UN86|149|S|21,0.69,,
Q14839|1308|S|21,Q8N3U4|1161|S|21,0.69,,
Q14764|864|S|21,Q86V48|569|S|21,0.71,,
Q14764|864|S|21,P02545|424|T|21,0.71,,
Q14739|99|S|21,Q9NTI5|1381|T|21,0.66,,
Q14764|873|S|21,P02545|424|T|21,0.66,,
Q14938|265|S|21,Q14938|268|S|21,0.73,,
Q14966|605|S|21,Q9Y3T9|49|S|21,0.69,,
Q9Y3T9|49|S|21,Q9Y3T9|56|S|21,0.66,,
Q14938|288|S|21,Q9UH99|19|S|21,0.68,,
Q14847|146|S|21,Q15651|78|S|21,0.66,,
Q14687|826|S|21,Q14687|828|S|21,0.72,,
Q14676|505|S|21,Q7KZ85|1523|T|21,0.77,,
Q14676|505|S|21,Q14839|1553|T|21,0.74,,
Q14694|78|S|21,Q96JM3|462|S|21,0.66,,
Q14694|576|S|21,Q9UHB6|686|S|21,0.71,,
Q14694|576|S|21,Q9NPQ8|436|S|21,0.73,,
Q14738|89|S|21,Q9UQ35|895|S|21,0.72,,
Q9UQ35|895|S|21,Q9BTC8|455|T|21,0.67,,
Q14699|220|S|21,Q5T4S7|2724|T|21,0.67,,
Q14687|857|S|21,Q8TEV9|489|S|21,0.66,,
Q8TEV9|489|S|21,Q8TEV9|492|S|21,0.75,,
Q14692|624|S|21,Q14692|625|S|21,0.72,,
Q14692|552|S|21,Q86T24|188|S|21,0.67,,
Q86T24|188|S|21,Q96JM3|476|S|21,0.66,,
Q13620|95|S|21,Q9NXE8|218|S|21,0.67,,
Q13620|95|S|21,Q14106|254|S|21,0.66,,
Q9NXE8|218|S|21,Q9UQ88|577|S|21,0.66,,
Q14106|254|S|21,Q7Z309|25|S|21,0.75,,
Q13625|737|S|21,Q14195|539|S|21,0.69,,
Q13835|142|S|21,Q16666|160|S|21,0.66,,
Q14004|315|S|21,Q14004|317|S|21,0.7,,
Q14004|1054|S|21,Q14004|1058|T|21,0.68,,
Q14004|1054|S|21,Q9NZJ0|429|T|21,0.7,,
Q13813|1031|S|21,Q99442|357|S|21,0.66,,
Q13813|1031|S|21,Q16512|916|S|21,0.7,,
Q13769|312|S|21,Q96Q15|3573|T|21,0.68,,
Q13573|14|S|21,Q7L8J4|362|S|21,0.71,,
Q7L8J4|362|S|21,Q9H8Y8|415|T|21,0.72,,
Q7L8J4|362|S|21,Q96D09|512|S|21,0.68,,
Q13563|812|S|21,P09651|357|Y|21,0.66,,
Q13563|812|S|21,O95365|517|T|21,0.69,,
Q13557|330|S|21,P49756|578|K|53,0.67,,
Q13542|65|S|21,Q9Y6Y0|277|S|21,0.72,,
Q13542|65|S|21,Q9H3Q1|292|S|21,0.67,,
Q13546|320|S|21,Q6P1L5|10|S|21,0.68,,
Q6P1L5|10|S|21,Q9H4L7|96|S|21,0.66,,
Q13542|25|S|21,Q13542|44|S|21,0.85,,
Q13586|620|S|21,Q13620|48|T|21,0.71,,
Q13620|48|T|21,Q13620|49|T|21,0.72,,
Q13595|18|S|21,Q13595|20|S|21,0.73,,
Q13595|20|S|21,Q15652|320|S|21,0.67,,
Q13586|668|S|21,Q6PIJ6|740|S|21,0.66,,
Q6PIJ6|740|S|21,Q7Z2Z1|838|S|21,0.68,,
Q6PIJ6|740|S|21,Q8IWI9|1412|S|21,0.67,,
Q13573|224|S|21,Q13573|232|S|21,0.75,,
Q13573|224|S|21,Q9H1B7|658|S|21,0.68,,
Q14160|1226|S|21,Q14160|1229|R|7,0.66,,
Q14160|1276|S|21,Q2KHR2|1083|S|21,0.67,,
Q14160|1330|S|21,Q14160|1348|S|21,0.73,,
Q14160|1330|S|21,Q9Y2U5|164|S|21,0.67,,
Q14160|1220|S|21,O15085|656|T|21,0.66,,
Q14160|1378|S|21,Q92608|1706|S|21,0.7,,
Q14160|1378|S|21,Q96II8|324|S|21,0.66,,
Q14160|1378|S|21,Q9UQ35|2034|T|21,0.69,,
Q14157|453|S|21,Q14160|502|S|21,0.69,,
Q14160|502|S|21,Q14160|504|S|21,0.81,,
Q14168|145|S|21,Q14168|153|S|21,0.91,,
Q14168|145|S|21,Q9UIG0|158|S|21,0.7,,
Q14168|145|S|21,Q6P2E9|6|S|21,0.68,,
Q14168|153|S|21,Q6P2E9|6|S|21,0.66,,
Q14181|138|S|21,Q9H6S3|466|S|21,0.7,,
Q6P2E9|6|S|21,Q9Y4E6|1153|S|21,0.71,,
Q6P2E9|6|S|21,Q8N573|203|T|21,0.7,,
Q14160|1439|S|21,Q86X95|202|S|21,0.66,,
Q14004|437|S|21,Q14004|439|S|21,0.75,,
Q14004|342|S|21,Q14004|348|S|21,0.68,,
Q14004|342|S|21,Q14004|351|Y|21,0.66,,
Q14004|340|S|21,Q14004|351|Y|21,0.68,,
Q14004|340|S|21,Q14004|342|S|21,0.68,,
Q14004|360|S|21,Q14558|215|S|21,0.7,,
Q14004|358|S|21,Q14558|215|S|21,0.74,,
Q14004|358|S|21,Q14004|360|S|21,0.89,,
Q14004|358|S|21,Q92614|164|S|21,0.72,,
Q14151|343|S|21,Q8NDT2|265|S|21,0.66,,
Q14151|343|S|21,Q8NDT2|267|S|21,0.66,,
Q8NDT2|265|S|21,Q8NDT2|267|S|21,0.86,,
Q14135|52|S|21,Q9NYL2|623|K|53,0.73,,
Q14135|52|S|21,Q9NRL3|53|S|21,0.7,,
Q14135|52|S|21,Q5SW79|840|T|21,0.66,,
Q14135|52|S|21,Q9Y679|288|S|21,0.7,,
Q14135|52|S|21,Q14244|219|S|21,0.67,,
Q14135|52|S|21,Q8IVF2|4477|S|21,0.73,,
Q14135|52|S|21,Q5PRF9|557|S|21,0.68,,
Q14153|178|S|21,Q8TEM1|1852|S|21,0.67,,
Q14153|118|S|21,Q16512|914|T|21,0.72,,
Q14153|118|S|21,Q9Y4I1|1652|S|21,0.71,,
Q9Y4I1|1652|S|21,Q16512|914|T|21,0.67,,
Q8IVT2|471|S|21,Q86WR7|45|T|21,0.68,,
Q14134|489|S|21,Q5VZK9|1314|S|21,0.7,,
Q5PRF9|557|S|21,Q9BTC8|455|T|21,0.66,,
Q5PRF9|557|S|21,P08238|596|Y|21,0.73,,
Q5PRF9|557|S|21,O43707|265|Y|21,0.76,,
Q5PRF9|557|S|21,Q9Y679|288|S|21,0.69,,
Q5PRF9|557|S|21,Q8WX93|641|S|21,0.67,,
Q5PRF9|557|S|21,Q8WUM0|50|S|21,0.66,,
Q5PRF9|557|S|21,Q96JM3|311|S|21,0.68,,
Q5PRF9|557|S|21,Q96JM3|319|S|21,0.66,,
Q5PRF9|557|S|21,Q8IVF2|4477|S|21,0.83,,
Q5PRF9|557|S|21,Q8IVF2|593|S|21,0.69,,
Q5PRF9|557|S|21,Q8N0Z3|760|S|21,0.75,,
Q5PRF9|557|S|21,Q9NRL3|53|S|21,0.69,,
Q5PRF9|557|S|21,O43491|684|H|53,0.68,,
Q5PRF9|557|S|21,Q96KQ7|114|K|37,0.7,,
P08575|975|S|21,P78559|1653|T|21,0.66,,
P08575|975|S|21,P06733|44|Y|21,0.67,,
P08559|300|S|21,Q8IU85|180|T|21,0.67,,
P08238|226|S|21,Q6UN15|492|S|21,0.66,,
P08238|226|S|21,P08238|255|S|21,0.79,,
Q6UN15|492|S|21,Q6UN15|494|T|21,0.7,,
P08559|232|S|21,P08559|231|T|21,0.74,,
P08559|293|S|21,P62070|186|S|21,0.7,,
P08473|6|S|21,Q5VZK9|967|S|21,0.66,,
P08473|6|S|21,Q969E4|65|S|21,0.66,,
Q5VZK9|967|S|21,Q6R327|21|S|21,0.69,,
P08670|26|S|21,Q9NRL3|53|S|21,0.67,,
P08670|25|S|21,P08670|26|S|21,0.74,,
P08651|473|S|21,Q9UKY1|640|S|21,0.67,,
P08651|323|S|21,P27816|521|T|21,0.66,,
P08651|322|S|21,P08651|323|S|21,0.71,,
P08651|322|S|21,Q9Y2W1|698|S|21,0.7,,
P07900|231|S|21,P35579|1943|S|21,0.66,,
P07900|231|S|21,P07900|263|S|21,0.71,,
P07900|231|S|21,P08238|226|S|21,0.7,,
P07900|231|S|21,P08238|255|S|21,0.71,,
P07900|231|S|21,Q12906|382|S|21,0.66,,
P07900|263|S|21,Q9UHB6|490|S|21,0.71,,
P07900|263|S|21,P29692|162|S|21,0.67,,
P07900|263|S|21,P08238|255|S|21,0.66,,
P07900|476|S|21,Q14244|243|T|21,0.67,,
P07910|299|S|21,P35579|1943|S|21,0.66,,
P07910|241|S|21,P52926|44|S|21,0.67,,
P08195|134|S|21,Q9BYW2|1207|S|21,0.67,,
P08195|134|S|21,Q14807|412|S|21,0.7,,
Q9BYW2|1207|S|21,Q9HCS5|304|S|21,0.66,,
P07910|115|S|21,P51610|3|S|21,0.73,,
P07910|115|S|21,Q13433|478|S|21,0.66,,
P07910|107|S|21,Q8N3U4|1161|S|21,0.71,,
P07910|107|S|21,Q86XP3|96|S|21,0.69,,
P07910|107|S|21,Q9HAS0|8|S|21,0.75,,
P07910|107|S|21,P50402|52|S|21,0.68,,
P07910|107|S|21,P16104|89|R|7,0.66,,
P07910|107|S|21,Q96FZ2|293|T|21,0.69,,
P07910|107|S|21,P38159|85|T|21,0.66,,
P07910|107|S|21,O75592|2875|T|21,0.67,,
P07910|107|S|21,P42694|1163|T|21,0.73,,
Q86XP3|96|S|21,Q9Y5B6|295|S|21,0.67,,
Q96FZ2|293|T|21,Q99549|401|T|21,0.7,,
P42694|1163|T|21,Q86X29|435|T|21,0.68,,
P07910|233|S|21,Q9UQ35|1083|S|21,0.72,,
P09651|311|S|21,Q96TA1|594|S|21,0.66,,
P09651|311|S|21,Q96TA1|596|S|21,0.67,,
P09651|311|S|21,Q9H2F5|357|S|21,0.69,,
P09651|311|S|21,Q0JRZ9|495|T|21,0.68,,
P09651|311|S|21,Q9Y679|288|S|21,0.68,,
P09651|311|S|21,P46013|713|S|21,0.72,,
P09651|311|S|21,Q13330|522|S|21,0.69,,
Q96TA1|594|S|21,E9PAV3|2020|T|21,0.66,,
P09651|338|S|21,Q5QJE6|117|S|21,0.66,,
P09651|199|S|21,Q93100|701|S|21,0.66,,
P46013|713|S|21,Q9UKD2|80|S|21,0.72,,
P46013|713|S|21,P04406|184|T|21,0.67,,
P46013|713|S|21,Q9Y6R0|324|S|21,0.68,,
P46013|713|S|21,Q5T200|64|S|21,0.7,,
P46013|713|S|21,Q5T8P6|518|S|21,0.71,,
P46013|713|S|21,O43491|684|H|53,0.67,,
P09382|39|S|21,Q16555|542|S|21,0.75,,
P09382|39|S|21,Q5U5Q3|547|T|21,0.67,,
P09543|170|S|21,P78312|1128|T|21,0.66,,
P09972|176|S|21,P49454|269|S|21,0.78,,
P09972|176|S|21,Q6RI45|1763|S|21,0.69,,
P09972|176|S|21,P17302|330|S|21,0.69,,
P09972|176|S|21,O00267|1034|T|21,0.69,,
P09972|176|S|21,Q9BW71|102|S|21,0.7,,
P49454|269|S|21,Q12851|527|S|21,0.69,,
P49454|269|S|21,Q3V6T2|1583|S|21,0.66,,
P49454|269|S|21,Q8WW12|142|S|21,0.66,,
Q6RI45|1763|S|21,Q86WH2|7|S|21,0.67,,
Q6RI45|1763|S|21,Q96K83|605|S|21,0.66,,
Q6RI45|1763|S|21,Q96NB3|351|S|21,0.7,,
P0C1Z6|180|S|21,P14921|288|S|21,0.7,,
P0C1Z6|180|S|21,Q9P1Y5|1074|S|21,0.7,,
P14921|288|S|21,Q9NPI6|528|T|21,0.67,,
P14921|288|S|21,Q9UHF7|169|S|21,0.66,,
Q9BW71|102|S|21,Q9UGV2|327|S|21,0.66,,
P09884|190|S|21,Q12830|2060|S|21,0.66,,
P09884|190|S|21,P46013|713|S|21,0.66,,
P09884|190|S|21,Q5T8P6|518|S|21,0.76,,
P09884|190|S|21,P42695|1357|S|21,0.71,,
P09884|190|S|21,P18206|755|S|21,0.68,,
P09884|190|S|21,P11216|15|S|21,0.75,,
P09884|190|S|21,Q9Y6R0|324|S|21,0.74,,
P42695|1357|S|21,Q96KQ7|114|K|37,0.66,,
P42695|1357|S|21,Q9Y6R0|324|S|21,0.78,,
P42695|1357|S|21,Q9NQS7|899|S|21,0.67,,
P42695|1357|S|21,Q9NRL3|53|S|21,0.71,,
P42695|1357|S|21,Q9NYL2|623|K|53,0.7,,
P42695|1357|S|21,Q8N0Z3|760|S|21,0.68,,
P42695|1357|S|21,Q8N1G0|519|S|21,0.7,,
P42695|1357|S|21,Q8WX93|766|S|21,0.66,,
P42695|1357|S|21,Q8WUM0|50|S|21,0.75,,
P42695|1357|S|21,Q8TDN6|261|S|21,0.72,,
P42695|1357|S|21,Q969S3|143|S|21,0.67,,
P18206|755|S|21,Q9Y6R0|324|S|21,0.76,,
P18206|755|S|21,Q5T200|64|S|21,0.67,,
P18206|755|S|21,Q5T8P6|518|S|21,0.7,,
P18206|755|S|21,Q2KHR2|1128|S|21,0.7,,
P18206|755|S|21,Q53SF7|356|S|21,0.76,,
P18206|755|S|21,Q8TDN6|261|S|21,0.76,,
P18206|755|S|21,O43491|684|H|53,0.71,,
P18206|755|S|21,Q05655|299|S|21,0.68,,
P18206|755|S|21,P42695|1357|S|21,0.76,,
P11216|15|S|21,Q8NI27|1411|K|53,0.68,,
P11216|15|S|21,O43491|684|H|53,0.73,,
P11216|15|S|21,Q9Y6R0|324|S|21,0.74,,
P11216|15|S|21,P18206|755|S|21,0.71,,
P11216|15|S|21,Q969S3|143|S|21,0.66,,
P11216|15|S|21,Q8N3E9|557|S|21,0.66,,
P11216|15|S|21,Q8WUM0|50|S|21,0.66,,
P11216|15|S|21,Q8TDN6|261|S|21,0.7,,
P11216|15|S|21,Q9NQS7|899|S|21,0.67,,
P11216|15|S|21,Q9NRL3|53|S|21,0.66,,
P11216|15|S|21,Q12802|1565|S|21,0.69,,
P11216|15|S|21,P42695|1357|S|21,0.79,,
P11216|15|S|21,Q5T8P6|518|S|21,0.66,,
P11216|15|S|21,Q53SF7|356|S|21,0.72,,
P0C7T5|206|S|21,P0C7T5|208|S|21,0.71,,
P0C7T5|206|S|21,Q8IY67|512|S|21,0.67,,
P0C7T5|206|S|21,Q8IY67|524|S|21,0.67,,
Q8IY67|512|S|21,Q9GZV5|89|S|21,0.69,,
Q8IY67|512|S|21,Q9HAU0|937|S|21,0.66,,
Q8IY67|512|S|21,Q8IY67|524|S|21,0.8,,
P0C1Z6|252|S|21,P48634|380|S|21,0.68,,
P48634|380|S|21,Q99590|776|S|21,0.67,,
P09651|362|S|21,Q8NFC6|538|S|21,0.68,,
P09651|363|S|21,Q9HC52|191|S|21,0.7,,
P09884|186|S|21,Q96GE4|449|S|21,0.66,,
P09874|499|S|21,Q14807|427|S|21,0.66,,
P09874|711|S|21,Q9BWH6|72|S|21,0.68,,
P08670|42|S|21,Q8NCD3|473|S|21,0.66,,
P08670|42|S|21,Q9NQS7|899|S|21,0.7,,
Q9NQS7|899|S|21,Q9NRL3|53|S|21,0.68,,
Q9NQS7|899|S|21,Q9NYL2|623|K|53,0.72,,
P08670|47|S|21,P08670|49|S|21,0.72,,
P08670|49|S|21,P08670|51|S|21,0.73,,
P08670|419|S|21,P08670|420|S|21,0.67,,
P08670|72|S|21,P46821|1443|S|21,0.67,,
P08670|72|S|21,Q9UMS6|904|T|21,0.66,,
P08670|72|S|21,Q8N3V7|833|S|21,0.66,,
P46821|1443|S|21,Q02880|1524|S|21,0.66,,
P46821|1443|S|21,P46821|1797|S|21,0.68,,
P08708|113|S|21,Q9C0E2|521|S|21,0.66,,
P08708|115|S|21,Q06210|261|S|21,0.66,,
P08670|83|S|21,Q5PRF9|252|S|21,0.67,,
P08670|83|S|21,Q9BTX1|504|S|21,0.76,,
P08670|83|S|21,Q96RE7|145|S|21,0.68,,
P08670|83|S|21,Q9Y6R9|447|S|21,0.67,,
Q5PRF9|252|S|21,Q9BX63|206|S|21,0.7,,
Q5PRF9|252|S|21,Q9BTC8|457|S|21,0.76,,
Q5PRF9|252|S|21,Q9UKD2|80|S|21,0.66,,
P08670|56|S|21,Q7Z6E9|1277|S|21,0.66,,
P08670|56|S|21,Q68CZ2|776|S|21,0.66,,
P08670|56|S|21,Q6PKG0|766|S|21,0.66,,
P08670|55|S|21,P46821|1438|S|21,0.7,,
P46821|1438|S|21,Q02880|1524|S|21,0.72,,
P46821|1438|S|21,Q09666|5790|S|21,0.67,,
P46821|1438|S|21,P46821|1443|S|21,0.79,,
P46821|1438|S|21,P46821|1819|S|21,0.7,,
P04920|144|S|21,Q9Y446|331|S|21,0.7,,
P04792|82|S|21,Q15185|113|S|21,0.66,,
P04792|82|S|21,P08238|255|S|21,0.66,,
P04920|173|S|21,Q96JQ2|841|S|21,0.66,,
P05023|228|S|21,P14136|13|S|21,0.76,,
P05023|228|S|21,P07197|670|S|21,0.71,,
P05023|228|S|21,P07197|837|S|21,0.67,,
P05023|228|S|21,Q14CZ8|278|S|21,0.67,,
P05023|228|S|21,P46821|336|S|21,0.71,,
P05023|228|S|21,P51674|267|S|21,0.71,,
P05023|228|S|21,P61266|14|S|21,0.76,,
P05023|228|S|21,Q8IXJ6|365|T|21,0.71,,
P05023|228|S|21,Q08495|91|T|21,0.74,,
P05023|228|S|21,P78559|1653|T|21,0.67,,
P05023|228|S|21,Q9UPA5|2851|S|21,0.71,,
P05023|228|S|21,P02686|232|T|21,0.68,,
P05023|228|S|21,Q16555|537|S|21,0.72,,
P05023|228|S|21,Q16555|540|S|21,0.71,,
P14136|13|S|21,P16949|46|S|21,0.7,,
P14136|13|S|21,P46821|1260|S|21,0.68,,
P14136|13|S|21,Q9UPA5|2851|S|21,0.75,,
P14136|13|S|21,P02686|232|T|21,0.73,,
P14136|13|S|21,Q9NR45|277|T|21,0.71,,
P14136|13|S|21,Q08495|91|T|21,0.78,,
P14136|13|S|21,Q16555|537|S|21,0.71,,
P14136|13|S|21,P61266|14|S|21,0.71,,
P14136|13|S|21,Q8IVF5|1583|S|21,0.76,,
P14136|13|S|21,Q7Z4S6|1271|S|21,0.67,,
P07197|670|S|21,P61266|14|S|21,0.68,,
P07197|670|S|21,P46821|336|S|21,0.68,,
P07197|670|S|21,Q01484|3793|S|21,0.68,,
P07197|670|S|21,P14136|13|S|21,0.69,,
P07197|670|S|21,P07197|672|S|21,0.66,,
P07197|670|S|21,P07197|680|S|21,0.7,,
P07197|670|S|21,P07197|837|S|21,0.66,,
P07197|670|S|21,P35612|617|S|21,0.69,,
P07197|670|S|21,P46821|1260|S|21,0.69,,
P07197|670|S|21,Q8IVF5|1583|S|21,0.72,,
P07197|670|S|21,Q14194|518|S|21,0.67,,
P07197|670|S|21,Q9UPA5|2851|S|21,0.67,,
P07197|670|S|21,Q08495|91|T|21,0.77,,
P07197|670|S|21,P02686|232|T|21,0.66,,
P07197|837|S|21,P46821|1503|T|21,0.72,,
P07197|837|S|21,P46821|1932|T|21,0.71,,
P07197|837|S|21,P02686|232|T|21,0.72,,
P07197|837|S|21,Q08495|91|T|21,0.7,,
P07197|837|S|21,Q8IXJ6|365|T|21,0.68,,
P07197|837|S|21,Q9UPA5|2851|S|21,0.69,,
P07197|837|S|21,P61266|14|S|21,0.71,,
P07197|837|S|21,P11137|1155|S|21,0.8,,
P07197|837|S|21,P78559|996|S|21,0.74,,
P07197|837|S|21,Q12756|1370|S|21,0.66,,
P46821|336|S|21,P02686|232|T|21,0.66,,
P46821|336|S|21,P46821|1932|T|21,0.73,,
P46821|336|S|21,Q08495|91|T|21,0.71,,
P46821|336|S|21,P78559|2105|T|21,0.66,,
P46821|336|S|21,P12111|2052|K|34,0.66,,
P46821|336|S|21,Q14194|518|S|21,0.68,,
P46821|336|S|21,P51674|267|S|21,0.75,,
P46821|336|S|21,P61266|14|S|21,0.82,,
P46821|336|S|21,Q8IVF5|1583|S|21,0.66,,
P05141|22|S|21,Q969S3|143|S|21,0.68,,
P05141|22|S|21,Q9UQL6|498|S|21,0.68,,
P05141|22|S|21,Q9Y4H2|620|S|21,0.73,,
P05141|22|S|21,Q13905|296|S|21,0.76,,
P05141|22|S|21,Q13136|692|S|21,0.66,,
P05141|22|S|21,Q0JRZ9|394|S|21,0.66,,
P05141|22|S|21,Q05655|299|S|21,0.68,,
P05141|22|S|21,Q7Z5J4|538|S|21,0.68,,
P05141|22|S|21,P58107|2718|S|23,0.66,,
P05141|22|S|21,P31949|6|S|21,0.69,,
P05141|22|S|21,P49757|295|S|21,0.71,,
P05141|22|S|21,P23381|4|S|21,0.71,,
P31949|6|S|21,Q96JB2|533|S|21,0.67,,
P31949|6|S|21,Q05655|299|S|21,0.71,,
P23381|4|S|21,Q9UFC0|246|K|53,0.7,,
P23381|4|S|21,P49757|295|S|21,0.7,,
P23381|4|S|21,Q68CZ2|687|S|21,0.66,,
P23381|4|S|21,Q5T8P6|518|S|21,0.71,,
P23381|4|S|21,Q13905|296|S|21,0.66,,
P23381|4|S|21,Q13136|693|S|21,0.66,,
P23381|4|S|21,Q14151|444|S|21,0.66,,
P23381|4|S|21,Q9NRL3|53|S|21,0.66,,
P23381|4|S|21,Q9UQ88|583|T|21,0.68,,
P23381|4|S|21,Q9H3U1|15|T|21,0.66,,
P23381|4|S|21,Q8TCJ2|18|S|21,0.74,,
P23381|4|S|21,Q969S3|143|S|21,0.71,,
P23381|4|S|21,Q9BQG0|1308|S|21,0.66,,
P05387|16|S|21,P21127|751|T|21,0.66,,
P05387|16|S|21,Q96B36|183|S|21,0.66,,
P05387|17|S|21,P31350|20|S|21,0.66,,
P05387|17|S|21,Q8N163|124|S|21,0.68,,
P05387|17|S|21,Q9C073|213|S|21,0.71,,
P31350|20|S|21,P06400|805|Y|21,0.66,,
P31350|20|S|21,Q9BXP5|544|T|21,0.66,,
P31350|20|S|21,Q8WV99|185|T|21,0.69,,
P05060|263|S|21,Q15672|68|S|21,0.67,,
P05060|263|S|21,P51532|1421|S|21,0.66,,
P05060|263|S|21,Q7L0J3|81|S|21,0.66,,
P05060|259|S|21,Q5T200|110|S|21,0.67,,
P05060|259|S|21,Q5T481|1048|S|21,0.74,,
P05060|259|S|21,P05060|263|S|21,0.9,,
P05114|86|S|21,Q13610|50|S|21,0.66,,
P04049|301|S|21,Q14558|215|S|21,0.66,,
P02786|34|S|21,Q6ZUT6|392|S|21,0.67,,
P02786|34|S|21,Q8IWI9|1414|S|21,0.68,,
P04049|291|S|21,Q6NZI2|366|S|21,0.66,,
P04049|291|S|21,Q9HCD6|1827|S|21,0.69,,
P04049|291|S|21,P16234|1045|S|21,0.7,,
P04049|291|S|21,Q5T4S7|1763|S|21,0.68,,
P04049|259|S|21,Q86WB0|395|S|21,0.66,,
P16234|1045|S|21,Q92870|341|S|21,0.66,,
P16234|1045|S|21,Q8WU20|327|S|21,0.72,,
Q5T4S7|1763|S|21,Q86WH2|7|S|21,0.7,,
P04406|83|S|21,P0C7T5|206|S|21,0.67,,
P04198|149|S|21,Q9NVU0|503|S|21,0.67,,
P04198|149|S|21,Q9HCM3|1395|S|21,0.78,,
P04198|149|S|21,P35612|596|S|21,0.66,,
P04198|149|S|21,P35612|600|S|21,0.66,,
P35612|596|S|21,Q9HCM3|1395|S|21,0.67,,
P35612|596|S|21,P35612|600|S|21,0.78,,
P35612|596|S|21,P35612|613|S|21,0.7,,
P35612|596|S|21,Q7Z4S6|1307|S|21,0.76,,
P35612|600|S|21,Q9UPX8|1330|S|21,0.66,,
P35612|600|S|21,Q9HCM3|1395|S|21,0.7,,
P35612|600|S|21,P35612|613|S|21,0.77,,
P35612|600|S|21,Q16623|14|S|21,0.73,,
P07197|615|S|21,Q01484|3793|S|21,0.67,,
P07197|615|S|21,P35612|617|S|21,0.67,,
P07197|615|S|21,P07197|628|S|21,0.66,,
P07197|615|S|21,P07197|680|S|21,0.69,,
P07197|620|S|21,P35612|617|S|21,0.7,,
P07197|620|S|21,P07197|633|S|21,0.66,,
P07197|620|S|21,P07197|685|S|21,0.74,,
P07197|620|S|21,P07197|837|S|21,0.7,,
P07197|620|S|21,P02686|183|R|7,0.7,,
P35612|617|S|21,Q9C040|424|S|21,0.75,,
P07197|633|S|21,P07197|685|S|21,0.74,,
P07197|633|S|21,P07197|680|S|21,0.67,,
P07197|633|S|21,P02686|183|R|7,0.73,,
P07197|633|S|21,P05023|173|R|7,0.69,,
P07197|633|S|21,P07197|42|R|36,0.67,,
P07197|685|S|21,P07197|837|S|21,0.7,,
P07197|685|S|21,P02686|183|R|7,0.67,,
P07196|472|S|21,Q9P2B4|568|S|21,0.68,,
P07196|472|S|21,Q9HCJ0|714|S|21,0.66,,
P07196|472|S|21,Q5JSZ5|1453|S|21,0.72,,
Q9HCJ0|714|S|21,Q9P2F8|1461|S|21,0.66,,
P07197|628|S|21,P07197|837|S|21,0.71,,
P07197|628|S|21,P07197|667|S|21,0.68,,
P07197|628|S|21,P07197|680|S|21,0.78,,
P07197|680|S|21,P51674|267|S|21,0.67,,
P07197|680|S|21,P46821|336|S|21,0.73,,
P07197|680|S|21,P61266|14|S|21,0.71,,
P07197|680|S|21,Q01484|3793|S|21,0.68,,
P07197|680|S|21,P07197|685|S|21,0.71,,
P07197|680|S|21,P07197|837|S|21,0.73,,
P07197|680|S|21,Q14194|518|S|21,0.69,,
P02686|183|R|7,P05023|173|R|7,0.77,,
P02686|183|R|7,P02686|231|R|7,0.68,,
P02686|183|R|7,P14136|12|R|7,0.67,,
P02686|183|R|7,P14136|49|R|7,0.68,,
P05023|173|R|7,Q15149|992|C|53,0.67,,
P05023|173|R|7,Q13813|538|H|53,0.66,,
P07197|42|R|36,P14136|49|R|7,0.67,,
P07197|42|R|36,P05023|173|R|7,0.66,,
P07197|42|R|36,P02686|183|R|7,0.74,,
P07197|667|S|21,P46821|336|S|21,0.68,,
P07197|667|S|21,P35612|617|S|21,0.67,,
P07197|667|S|21,Q01484|3793|S|21,0.68,,
P07197|667|S|21,P07197|670|S|21,0.78,,
P07197|667|S|21,P07197|672|S|21,0.83,,
P07197|667|S|21,P07197|680|S|21,0.8,,
P07197|667|S|21,P07197|685|S|21,0.67,,
P07197|667|S|21,P07197|837|S|21,0.69,,
P07197|667|S|21,Q14194|518|S|21,0.69,,
P07197|667|S|21,Q12756|1370|S|21,0.66,,
P07197|672|S|21,P07197|680|S|21,0.68,,
P07197|672|S|21,P07197|685|S|21,0.72,,
P07197|672|S|21,P07197|837|S|21,0.68,,
P06748|137|S|21,Q96DR7|392|S|21,0.67,,
Q96DR7|392|S|21,Q9H201|448|S|21,0.67,,
Q96DR7|392|S|21,Q96RT1|1158|S|21,0.69,,
P06756|1046|S|21,Q13428|85|S|21,0.67,,
P06756|1046|S|21,Q96KQ4|332|S|21,0.66,,
Q96KQ4|332|S|21,Q96KQ4|335|S|21,0.68,,
Q96KQ4|332|S|21,Q96LR5|11|S|21,0.68,,
P07305|5|S|21,P53621|173|S|21,0.68,,
P46821|1260|S|21,P46821|1503|T|21,0.71,,
P46821|1260|S|21,Q08495|91|T|21,0.68,,
P46821|1260|S|21,P02686|232|T|21,0.67,,
P46821|1260|S|21,P46821|1262|S|21,0.67,,
P07197|736|S|21,P46821|1503|T|21,0.66,,
P07197|736|S|21,P02686|159|R|7,0.69,,
P07197|736|S|21,P02686|231|R|7,0.74,,
P07197|736|S|21,P09543|93|R|7,0.75,,
P07197|736|S|21,P07197|837|S|21,0.74,,
P11137|1155|S|21,Q12756|1370|S|21,0.74,,
P11137|1155|S|21,P78559|996|S|21,0.66,,
P11137|1155|S|21,P46821|1503|T|21,0.72,,
P11137|1155|S|21,P46821|1932|T|21,0.69,,
P02686|159|R|7,P02686|213|R|7,0.7,,
P02686|159|R|7,P02686|231|R|7,0.68,,
P02686|159|R|7,P02686|177|R|7,0.74,,
P02686|159|R|7,P14136|12|R|7,0.72,,
P02686|159|R|7,P14136|416|R|7,0.67,,
P02686|159|R|7,P14136|376|R|7,0.66,,
P02686|231|R|7,P09543|93|R|7,0.72,,
P02686|231|R|7,P50993|704|R|7,0.72,,
P09543|93|R|7,Q16181|425|R|7,0.67,,
P09543|93|R|7,Q9BQE3|79|R|7,0.68,,
P09543|93|R|7,Q13885|162|R|7,0.67,,
P09543|93|R|7,P50993|704|R|7,0.7,,
P05783|18|S|21,P0C1Z6|180|S|21,0.67,,
P05783|18|S|21,Q9UHF7|169|S|21,0.74,,
P05783|15|S|21,Q96QD9|14|T|21,0.74,,
P05455|366|S|21,P07900|231|S|21,0.66,,
P05455|366|S|21,P07900|263|S|21,0.68,,
P05455|366|S|21,Q09666|5841|S|21,0.69,,
P05455|366|S|21,P35579|1943|S|21,0.7,,
P05455|366|S|21,P35606|859|S|21,0.76,,
P05455|366|S|21,Q9H1E3|214|S|21,0.66,,
P05455|366|S|21,P29966|150|T|21,0.72,,
Q9H1E3|214|S|21,O00264|178|T|21,0.67,,
Q8N163|124|S|21,Q96N67|964|S|21,0.7,,
Q8N163|124|S|21,Q9UBU9|564|S|21,0.69,,
P05388|307|S|21,P07437|324|K|34,0.68,,
P07437|324|K|34,P26583|154|K|34,0.72,,
P07437|324|K|34,P27348|158|K|34,0.67,,
P05412|63|S|21,P12270|2155|S|21,0.67,,
P12270|2155|S|21,P52948|932|S|21,0.71,,
P05388|304|S|21,P05388|307|S|21,0.84,,
P06400|807|S|21,P06400|811|S|21,0.68,,
P06400|788|S|21,P23193|96|T|21,0.66,,
P06400|788|S|21,P51610|1497|S|21,0.7,,
P06400|249|S|21,Q15084|428|S|21,0.68,,
P06400|249|S|21,P18858|141|S|21,0.67,,
P18858|141|S|21,Q641Q2|333|S|21,0.69,,
P06400|37|S|21,Q9BSW2|473|S|21,0.66,,
P06400|37|S|21,P51610|1497|S|21,0.66,,
P06400|37|S|21,Q02880|1375|S|21,0.68,,
P15056|727|S|21,P15056|729|S|21,0.66,,
P15056|727|S|21,Q8NDX5|263|S|21,0.71,,
P15056|727|S|21,Q32MZ4|714|S|21,0.67,,
P15056|727|S|21,Q6UN15|304|S|21,0.72,,
P15056|729|S|21,Q96MY1|130|S|21,0.68,,
P15056|446|S|21,Q92974|886|S|21,0.72,,
P15056|446|S|21,Q16512|916|S|21,0.66,,
P15056|446|S|21,P52756|624|S|21,0.66,,
P15336|112|S|21,P22681|486|S|21,0.66,,
P22681|486|S|21,Q9Y385|266|S|21,0.66,,
P22681|486|S|21,Q9NRA8|587|S|21,0.66,,
P22681|486|S|21,O43290|454|K|53,0.66,,
P22681|486|S|21,Q92609|43|S|21,0.73,,
P22681|486|S|21,Q96B97|79|S|21,0.66,,
P22681|486|S|21,P53396|446|S|21,0.69,,
Q96MY1|130|S|21,Q9P206|341|S|21,0.71,,
P14923|182|S|21,Q9H6S3|570|S|21,0.66,,
P14923|182|S|21,Q7Z417|112|S|21,0.66,,
P14923|182|S|21,P98172|281|S|21,0.67,,
P15408|320|S|21,P28290|737|S|21,0.68,,
P15408|320|S|21,P32246|341|S|21,0.68,,
P28290|737|S|21,Q92614|2002|S|21,0.72,,
P28290|737|S|21,Q8NE86|332|K|1,0.67,,
P32246|341|S|21,Q8WYK2|145|S|21,0.68,,
P32246|341|S|21,Q96JY6|206|S|21,0.71,,
P32246|341|S|21,Q96JY6|213|S|21,0.67,,
P32246|341|S|21,P35251|69|S|21,0.66,,
P15408|310|S|21,P15408|320|S|21,0.82,,
P15822|537|S|21,P78371|5|S|21,0.68,,
P16949|46|S|21,Q9NR45|277|T|21,0.68,,
P16949|46|S|21,Q08495|91|T|21,0.73,,
P16949|46|S|21,P02686|232|T|21,0.7,,
P16949|46|S|21,Q7Z4S6|1271|S|21,0.68,,
P13994|362|S|21,P51532|1423|T|21,0.67,,
Q7Z4S6|1271|S|21,Q7Z4S6|1275|S|21,0.89,,
P13797|339|S|21,Q5VZK9|1331|S|21,0.7,,
P13796|5|S|21,Q6JBY9|179|S|21,0.66,,
P13807|653|S|21,Q09666|5780|S|21,0.68,,
P13807|653|S|21,Q13427|745|S|21,0.77,,
P13807|653|S|21,O15075|354|T|21,0.66,,
P13807|645|S|21,Q14160|1220|S|21,0.68,,
P13807|645|S|21,Q8WXE0|697|S|21,0.69,,
P13807|645|S|21,Q96BY7|1743|S|21,0.74,,
Q96BY7|1743|S|21,Q9Y2G1|720|S|21,0.68,,
P14859|448|S|21,Q8TEW0|873|S|21,0.66,,
P14859|448|S|21,Q9NYB9|227|S|21,0.66,,
P14921|285|S|21,Q9H1P3|19|S|21,0.71,,
P14921|285|S|21,Q9BVS4|442|S|21,0.66,,
P14921|285|S|21,Q8NEJ9|142|S|21,0.66,,
Q8NEJ9|142|S|21,Q8NEJ9|143|S|21,0.75,,
Q8NEJ9|142|S|21,Q96KQ4|332|S|21,0.66,,
P14324|64|S|21,P21359|2564|T|21,0.67,,
P21359|2564|T|21,P21359|2565|T|21,0.73,,
P14317|275|S|21,Q9H1A4|686|S|21,0.7,,
P14317|275|S|21,Q6JBY9|179|S|21,0.69,,
P14317|275|S|21,Q7Z417|652|S|21,0.69,,
P14324|63|S|21,P14324|64|S|21,0.95,,
P14625|306|S|21,Q8IVL0|1190|S|21,0.68,,
P14625|306|S|21,Q8IVL0|1186|S|21,0.72,,
Q8IVL0|1186|S|21,Q9NYF8|230|S|21,0.66,,
Q8IVL0|1186|S|21,Q9NYV4|325|S|21,0.68,,
Q8IVL0|1186|S|21,Q8IVL0|1190|S|21,0.85,,
P16220|256|S|21,Q9H0E3|878|K|53,0.66,,
P16144|1515|S|21,Q13501|266|S|21,0.66,,
P16144|1483|S|21,Q9Y3L3|262|S|21,0.69,,
Q9Y3L3|262|S|21,Q9Y6M7|556|S|21,0.66,,
P16150|355|S|21,P42768|484|S|21,0.69,,
P16150|355|S|21,Q8TAD8|52|S|21,0.67,,
P42768|484|S|21,Q9Y4F9|37|S|21,0.69,,
P42768|484|S|21,Q8TAD8|52|S|21,0.67,,
P16402|2|S|21,Q9BXP5|493|S|21,0.66,,
P16402|2|S|21,Q14839|1535|S|21,0.66,,
P16401|2|S|21,Q9H7N4|498|S|21,0.73,,
P16401|2|S|21,Q9H7N4|500|S|21,0.69,,
P16403|2|S|21,P20700|23|S|21,0.66,,
P20700|23|S|21,P20700|20|T|21,0.71,,
P16401|105|S|21,Q96B49|9|S|21,0.67,,
P16401|105|S|21,Q8N7R7|124|S|21,0.73,,
Q8N7R7|124|S|21,Q96B49|9|S|21,0.7,,
P16401|107|S|21,Q68DK7|126|S|21,0.66,,
P16401|18|S|21,P16401|2|S|21,0.67,,
P15924|2608|S|21,Q9ULJ3|345|S|21,0.67,,
P15924|2608|S|21,Q15424|24|S|21,0.7,,
P15924|2608|S|21,Q8N7R7|112|S|21,0.7,,
Q8N7R7|112|S|21,Q8TEW0|892|S|21,0.66,,
P15924|2549|S|21,Q96JY6|206|S|21,0.7,,
P15924|2549|S|21,Q96JY6|213|S|21,0.66,,
P15924|2549|S|21,Q8WUD4|165|S|21,0.66,,
P15924|2549|S|21,Q8WYK2|145|S|21,0.69,,
P15924|2549|S|21,Q9UQ88|577|S|21,0.7,,
P15924|2549|S|21,Q16594|152|S|21,0.66,,
P15880|264|S|21,P21333|2179|T|21,0.67,,
P16070|706|S|21,Q7Z5L9|360|S|21,0.67,,
P16144|1457|S|21,Q6VMQ6|57|S|21,0.74,,
P16144|1457|S|21,Q8WWI1|706|S|21,0.68,,
Q6VMQ6|57|S|21,Q86XP3|185|S|21,0.69,,
Q6VMQ6|57|S|21,Q96MY1|18|S|21,0.66,,
P16144|1454|S|21,Q8NI35|1212|S|21,0.71,,
P15924|2|S|21,P15924|7|S|21,0.8,,
P15924|2|S|21,Q92614|1998|S|21,0.69,,
P15924|7|S|21,P32246|341|S|21,0.66,,
P15924|7|S|21,Q9UMN6|1035|S|21,0.68,,
P15924|7|S|21,Q16594|152|S|21,0.67,,
Q92614|1998|S|21,Q96BT3|400|S|21,0.72,,
Q92614|1998|S|21,Q96BT3|403|S|21,0.66,,
P16070|697|S|21,Q03135|37|S|21,0.69,,
P16070|686|S|21,P16070|697|S|21,0.66,,
P11137|1653|S|21,Q13085|29|S|21,0.66,,
P11137|1653|S|21,Q14558|215|S|21,0.66,,
P11137|1653|S|21,Q96D71|540|S|21,0.71,,
P11137|1653|S|21,Q9NRA8|74|S|21,0.69,,
Q96D71|540|S|21,Q9NYV4|293|S|21,0.69,,
Q9NRA8|74|S|21,Q9NRA8|78|S|21,0.66,,
P11137|1588|S|21,P11137|638|S|21,0.67,,
P11137|1588|S|21,P51532|1631|S|21,0.68,,
P11137|1588|S|21,Q01826|637|S|21,0.72,,
P11137|638|S|21,P11137|653|S|21,0.76,,
P11137|653|S|21,P17677|147|S|21,0.67,,
P11137|653|S|21,Q01484|2315|S|21,0.69,,
P11137|653|S|21,P35612|617|S|21,0.7,,
P11137|653|S|21,Q15672|68|S|21,0.69,,
P11137|653|S|21,Q9C040|424|S|21,0.7,,
P17677|147|S|21,Q01484|2315|S|21,0.68,,
P10809|67|S|21,Q01664|123|S|21,0.68,,
P10645|322|S|21,Q14195|509|T|21,0.67,,
P10645|322|S|21,Q9UPX8|1330|S|21,0.7,,
P10645|322|S|21,Q9UHD8|41|S|21,0.69,,
P10645|322|S|21,P35612|600|S|21,0.67,,
Q9UPX8|1330|S|21,Q5SW79|840|T|21,0.66,,
P10644|83|S|21,P23396|220|T|21,0.66,,
P23396|220|T|21,Q96T37|568|T|21,0.67,,
P23396|220|T|21,P23396|221|T|21,0.75,,
P23396|220|T|21,P49841|216|Y|21,0.77,,
P11274|459|S|21,P56524|467|S|21,0.69,,
P11274|459|S|21,P51812|369|S|21,0.69,,
P11274|459|S|21,Q13813|1031|S|21,0.68,,
P11387|111|S|21,P11387|112|S|21,0.7,,
Q9C040|424|S|21,Q9C040|428|S|21,0.66,,
P11142|221|S|21,Q99081|535|S|21,0.66,,
P11172|214|S|21,Q9Y6G9|32|S|21,0.68,,
P11172|214|S|21,P56524|467|S|21,0.67,,
P11172|214|S|21,Q5SW79|446|S|21,0.69,,
P11172|214|S|21,Q13636|35|S|21,0.66,,
P11172|214|S|21,Q14684|731|S|21,0.66,,
Q8N3E9|557|S|21,Q8TDN6|261|S|21,0.69,,
P10398|580|S|21,Q6UN15|304|S|21,0.66,,
P10398|580|S|21,Q96T37|128|S|21,0.66,,
P10412|187|S|21,P51532|1627|S|21,0.66,,
P0DMB2|70|S|21,Q8N3X1|464|S|21,0.69,,
P0DMB2|70|S|21,Q8TBE7|4|S|21,0.74,,
P0DMB2|70|S|21,Q8WWI1|1129|S|21,0.66,,
P0DMB2|70|S|21,P38432|218|S|21,0.68,,
P0DMB2|70|S|21,Q5T200|66|R|36,0.7,,
P0DMB2|70|S|21,Q9ULJ3|345|S|21,0.72,,
P0DMB2|70|S|21,Q9NYF8|268|S|21,0.68,,
Q8N3X1|464|S|21,Q9BTX1|504|S|21,0.68,,
Q8N3X1|464|S|21,Q8WYP5|1160|S|21,0.68,,
P38432|218|S|21,Q13424|201|S|21,0.67,,
P38432|218|S|21,P49674|363|S|21,0.68,,
P38432|218|S|21,Q01518|34|S|21,0.67,,
P38432|218|S|21,Q96EA4|555|S|21,0.67,,
P38432|218|S|21,Q8WWY3|439|S|21,0.66,,
P0DPB5|104|S|21,Q9HC52|190|S|21,0.67,,
P0DPB5|104|S|21,Q9UHB6|374|S|21,0.69,,
P10636|552|S|21,P10636|548|T|21,0.72,,
P10636|717|S|21,P10636|720|T|21,0.72,,
P10451|263|S|21,P52926|102|S|21,0.72,,
P10451|263|S|21,Q9BZQ8|602|S|21,0.66,,
P10451|263|S|21,Q96CV9|525|T|21,0.66,,
P10451|234|S|21,Q02952|631|K|53,0.67,,
P10451|303|S|21,Q96JY6|206|S|21,0.66,,
P10451|303|S|21,Q6WCQ1|298|H|53,0.68,,
P10451|303|S|21,Q16594|152|S|21,0.71,,
P10451|303|S|21,Q13263|9|S|21,0.66,,
P10636|427|S|21,P10636|428|S|21,0.92,,
Q9BZQ8|602|S|21,O75533|614|R|7,0.67,,
P12270|2048|S|21,Q13523|20|S|21,0.67,,
P12270|2048|S|21,Q14160|1220|S|21,0.66,,
P12270|2048|S|21,P39880|1337|S|21,0.69,,
P12270|2048|S|21,Q9BY89|1154|S|21,0.69,,
P12270|2048|S|21,Q8TEQ6|778|S|21,0.7,,
P39880|1337|S|21,Q9NRA8|353|S|21,0.66,,
P12270|2136|S|21,P12270|2137|T|21,0.76,,
P12270|2136|S|21,Q3MHD2|75|T|21,0.68,,
P13591|784|S|21,Q92777|425|S|21,0.73,,
P13591|784|S|21,P11137|1649|T|21,0.69,,
P13591|784|S|21,P51991|177|H|53,0.66,,
P13611|2116|S|21,P52926|102|S|21,0.66,,
P13489|7|S|21,Q12851|527|S|21,0.69,,
P13489|7|S|21,Q96B97|108|S|21,0.66,,
Q96B97|108|S|21,Q9NVH1|6|S|21,0.67,,
P13612|1021|S|21,Q99490|808|S|21,0.67,,
P13612|1021|S|21,Q92608|1706|S|21,0.68,,
P13612|1021|S|21,Q7Z5R6|526|S|21,0.66,,
P13612|1021|S|21,P78559|1674|T|21,0.66,,
P13612|1021|S|21,Q92609|552|T|21,0.69,,
Q7Z5R6|526|S|21,Q8WWQ0|1778|Y|21,0.7,,
P12931|17|S|21,Q9Y2H2|942|S|21,0.69,,
P13051|63|S|21,P13051|64|S|21,0.79,,
P11388|1392|S|21,P46013|357|S|21,0.66,,
P11388|1392|S|21,P11388|1393|S|21,0.78,,
P46013|357|S|21,Q96AY4|2108|S|21,0.66,,
P46013|357|S|21,Q7Z6E9|1277|S|21,0.75,,
P46013|357|S|21,P53396|481|S|21,0.67,,
P11388|1106|S|21,Q99590|776|S|21,0.66,,
P11388|1106|S|21,Q9NR30|89|S|21,0.67,,
Q9NR30|89|S|21,Q9UKV3|838|S|21,0.66,,
P11388|1351|S|21,Q02156|346|S|21,0.66,,
P11717|2479|S|21,Q92766|1167|S|21,0.71,,
Q92766|1167|S|21,Q92766|1175|S|21,0.7,,
P11388|1525|S|21,Q9UKY7|8|S|21,0.67,,
P11388|1525|S|21,Q8NHZ8|42|S|21,0.66,,
P11388|1504|S|21,Q6NZI2|366|S|21,0.69,,
P11441|90|S|21,P08670|64|R|34,0.66,,
P11441|90|S|21,Q13523|636|S|21,0.73,,
P11441|90|S|21,Q02535|5|S|21,0.67,,
P11441|90|S|21,P62805|48|S|21,0.67,,
O94880|290|S|21,Q96Q15|3570|S|21,0.69,,
Q96Q15|3570|S|21,Q96Q15|3573|T|21,0.74,,
O94842|182|S|21,O94842|180|T|21,0.72,,
O94880|25|S|21,Q12789|1062|S|21,0.69,,
O94880|25|S|21,O94880|26|S|21,0.91,,
O94913|509|S|21,O94913|511|S|21,0.75,,
O94885|699|S|21,Q9Y2X7|410|S|21,0.67,,
O94804|454|S|21,Q9C0D5|63|S|21,0.66,,
O94804|454|S|21,O94804|455|S|21,0.77,,
Q9C0D5|63|S|21,Q9C0D5|66|S|21,0.71,,
O94806|391|S|21,Q9H0W8|7|S|21,0.66,,
O94804|951|S|21,Q9Y618|956|S|21,0.66,,
O94804|191|S|21,P09651|311|S|21,0.66,,
O94804|191|S|21,Q96B97|79|S|21,0.68,,
O94804|191|S|21,Q01543|241|S|21,0.69,,
O94804|191|S|21,P46013|1679|S|21,0.68,,
O94804|191|S|21,Q9UBU9|564|S|21,0.72,,
O94776|435|S|21,P18669|21|R|7,0.7,,
O94782|16|S|21,Q9BTX1|500|S|21,0.66,,
O94782|16|S|21,Q96KB5|11|S|21,0.68,,
O94782|16|S|21,Q6P2H3|17|S|21,0.74,,
Q96KB5|11|S|21,Q68CZ2|780|Y|21,0.66,,
Q96KB5|11|S|21,Q9BTX1|500|S|21,0.72,,
Q96KB5|11|S|21,Q96RL1|677|S|21,0.7,,
O94804|438|S|21,P49736|13|S|21,0.7,,
O94804|438|S|21,P46937|367|S|21,0.68,,
O94804|438|S|21,Q16204|240|S|21,0.74,,
O94804|438|S|21,Q9UNE7|23|S|21,0.67,,
O94804|438|S|21,Q8NDC0|15|S|21,0.69,,
O94804|438|S|21,Q5VT52|593|S|21,0.66,,
O94804|438|S|21,Q9H0B6|610|S|21,0.66,,
P49736|13|S|21,Q16204|240|S|21,0.67,,
P46937|367|S|21,Q12888|1101|S|21,0.68,,
P46937|367|S|21,Q6PJT7|515|S|21,0.66,,
P46937|367|S|21,Q9UDY2|1067|S|21,0.75,,
P46937|367|S|21,P49023|85|S|21,0.73,,
Q5VT52|593|S|21,Q8IVT2|575|S|21,0.66,,
Q5VT52|593|S|21,Q8WWI1|1423|S|21,0.66,,
Q5VT52|593|S|21,Q6WCQ1|993|S|21,0.68,,
Q5VT52|593|S|21,Q7Z5K2|77|S|21,0.69,,
Q96B97|79|S|21,Q96R06|135|S|21,0.68,,
Q96B97|79|S|21,Q9Y3L3|262|S|21,0.66,,
Q96B97|79|S|21,Q9UKT5|12|S|21,0.67,,
P46013|1679|S|21,Q9UBU9|564|S|21,0.71,,
Q9UBU9|564|S|21,Q9UGR2|217|S|21,0.68,,
O94811|32|S|21,O43765|81|T|21,0.66,,
O94811|32|S|21,Q9UBC2|108|S|21,0.67,,
O94811|32|S|21,Q86VX9|128|S|21,0.7,,
O94811|32|S|21,Q641Q2|1075|S|21,0.66,,
O94811|32|S|21,P22681|483|S|21,0.73,,
Q86VX9|128|S|21,Q8NEY1|648|S|21,0.72,,
Q86VX9|128|S|21,Q92934|75|S|21,0.76,,
O94842|178|S|21,O94842|182|S|21,0.66,,
O94842|178|S|21,O94842|180|T|21,0.73,,
O94826|96|S|21,P46821|1793|S|21,0.66,,
P46821|1793|S|21,P46821|1797|S|21,0.69,,
O94811|18|S|21,P78559|612|S|21,0.66,,
O94811|18|S|21,O75475|122|T|21,0.68,,
P22681|483|S|21,O43290|454|K|53,0.7,,
P22681|483|S|21,Q9UBC2|108|S|21,0.73,,
P22681|483|S|21,P13639|57|T|21,0.66,,
P22681|483|S|21,P22681|486|S|21,0.74,,
P22681|483|S|21,Q86VX9|128|S|21,0.7,,
P22681|483|S|21,Q641Q2|1075|S|21,0.71,,
O95104|656|S|21,P53985|467|S|21,0.71,,
O95104|656|S|21,Q96D71|709|S|21,0.68,,
O95104|656|S|21,Q9C0C2|893|S|21,0.67,,
Q96D71|709|S|21,Q9BW71|227|S|21,0.67,,
Q96D71|709|S|21,Q9NTJ3|27|S|21,0.69,,
O95155|105|S|21,Q9Y383|17|T|21,0.68,,
O95155|23|S|21,O95155|31|S|21,0.7,,
O95049|327|S|21,Q9UKK3|101|T|21,0.66,,
O95049|319|S|21,Q9NQT8|1410|S|21,0.66,,
O95049|319|S|21,O95049|327|S|21,0.76,,
O95208|182|S|21,Q9H4G0|645|R|7,0.66,,
O95218|120|S|21,P18669|118|S|21,0.68,,
O95218|120|S|21,Q92614|1970|S|21,0.67,,
P18669|118|S|21,Q92900|1107|S|21,0.66,,
O95155|87|S|21,Q92625|626|S|21,0.66,,
O95171|68|S|21,Q86WR7|18|S|21,0.67,,
O95171|289|S|21,O00192|872|T|21,0.69,,
O95171|289|S|21,Q9Y6M1|161|S|21,0.66,,
Q9Y6M1|161|S|21,Q9Y6M1|164|S|21,0.69,,
O94929|372|S|21,O94929|373|S|21,0.72,,
O94915|1978|S|21,P51531|1377|S|21,0.67,,
O94979|799|S|21,Q9H6F5|47|S|21,0.66,,
O94979|799|S|21,Q9NTI5|1283|S|21,0.72,,
Q9H6F5|47|S|21,Q9NWH9|553|S|21,0.68,,
O95049|164|S|21,Q53T59|249|S|21,0.68,,
O94979|527|S|21,O94979|532|S|21,0.7,,
O94979|1163|S|21,Q9BY77|127|S|21,0.69,,
O75569|18|S|21,Q9H0B6|582|S|21,0.67,,
O75569|18|S|21,Q6PKG0|824|S|21,0.67,,
O75569|18|S|21,Q08AD1|464|S|21,0.66,,
O75683|138|S|21,P06748|137|S|21,0.67,,
O75683|138|S|21,Q9Y618|956|S|21,0.69,,
O75683|138|S|21,P49792|2450|T|21,0.66,,
O75683|138|S|21,Q7L9B9|25|S|21,0.66,,
O75592|3433|S|21,Q86YV0|51|S|21,0.66,,
O75592|3433|S|21,Q96PC5|1144|S|21,0.66,,
Q86YV0|51|S|21,Q9BSW2|473|S|21,0.71,,
Q86YV0|51|S|21,Q9H0E3|874|K|53,0.66,,
O75494|131|S|21,O75494|133|S|21,0.71,,
O75494|133|S|21,Q9NR09|480|S|21,0.66,,
O75494|133|S|21,P48634|1089|S|21,0.66,,
O75475|177|S|21,Q9UPQ0|493|S|21,0.69,,
O75475|177|S|21,Q9Y2H1|282|S|21,0.66,,
O75475|177|S|21,Q96B36|183|S|21,0.67,,
O75494|156|S|21,Q9UQ35|1675|S|21,0.67,,
O75494|156|S|21,Q7L0J3|81|S|21,0.74,,
P48634|1089|S|21,P55196|1173|S|21,0.71,,
O75475|118|S|21,Q86TI0|571|S|21,0.66,,
O75475|118|S|21,P48553|708|S|21,0.67,,
Q86TI0|571|S|21,Q86TI0|573|S|21,0.88,,
O75475|106|S|21,P55196|1182|S|21,0.7,,
O75533|129|S|21,P28290|739|S|21,0.67,,
P28290|739|S|21,Q9Y618|2054|S|21,0.66,,
O75533|217|S|21,O75533|227|T|21,0.69,,
O75533|217|S|21,Q86SQ0|415|S|21,0.67,,
Q86SQ0|415|S|21,Q15678|579|T|21,0.67,,
O75533|194|S|21,Q3KQU3|742|S|21,0.67,,
O75533|194|S|21,Q9UKE5|548|S|21,0.68,,
O75533|194|S|21,Q9UNL4|150|S|21,0.7,,
O75533|194|S|21,Q70EL1|481|S|21,0.7,,
O75533|194|S|21,Q96S94|369|S|21,0.69,,
Q96S94|369|S|21,Q9UBW7|838|S|21,0.67,,
Q96S94|369|S|21,Q9Y3Q8|62|S|21,0.69,,
O75509|541|S|21,Q8IVT2|471|S|21,0.66,,
O75530|2|S|21,P41208|22|K|53,0.68,,
O75995|27|S|21,Q93008|2443|S|21,0.69,,
O75995|27|S|21,Q99490|808|S|21,0.67,,
O75995|27|S|21,Q92608|1685|S|21,0.7,,
O75995|27|S|21,Q92608|1706|S|21,0.67,,
O75995|27|S|21,Q8WYP5|1232|S|21,0.71,,
O75995|27|S|21,P35236|44|S|21,0.66,,
O75995|27|S|21,P48634|456|S|21,0.71,,
O75995|27|S|21,P13612|1021|S|21,0.68,,
O75995|27|S|21,P08670|430|S|21,0.66,,
O75995|27|S|21,P31350|20|S|21,0.67,,
O75995|27|S|21,Q14573|937|S|21,0.72,,
O75995|27|S|21,Q12802|2709|S|21,0.66,,
O75995|27|S|21,Q8WV99|185|T|21,0.68,,
O75995|27|S|21,Q9UBW5|461|T|21,0.73,,
O75995|27|S|21,P06400|805|Y|21,0.73,,
O75995|27|S|21,Q6UN15|258|T|21,0.68,,
O75995|27|S|21,Q9UBW5|444|S|21,0.67,,
Q92608|1685|S|21,Q9BRD0|325|S|21,0.67,,
P35236|44|S|21,P06239|192|Y|21,0.69,,
P35236|44|S|21,P06733|44|Y|21,0.66,,
P35236|44|S|21,Q6PJG2|704|T|21,0.66,,
P35236|44|S|21,Q9HCN4|314|S|21,0.71,,
P35236|44|S|21,Q9ULJ3|348|S|21,0.68,,
P35236|44|S|21,Q8IXT5|280|S|21,0.71,,
P35236|44|S|21,Q6JBY9|219|S|21,0.68,,
P35236|44|S|21,Q92608|1685|S|21,0.67,,
P35236|44|S|21,Q92608|1706|S|21,0.72,,
P35236|44|S|21,P78559|1069|S|21,0.66,,
P35236|44|S|21,Q01433|190|S|21,0.7,,
P35236|44|S|21,Q15424|604|S|21,0.71,,
P35236|44|S|21,Q2TBE0|484|S|21,0.69,,
P35236|44|S|21,Q53QZ3|43|S|21,0.8,,
O75995|26|S|21,P78559|1200|S|21,0.66,,
O76021|392|S|21,O76021|396|S|21,0.75,,
Q8WV99|185|T|21,Q9UBW5|461|T|21,0.66,,
Q8WV99|185|T|21,P06400|805|Y|21,0.74,,
Q9UBW5|444|S|21,P60033|127|Y|23,0.68,,
O76021|361|S|21,Q9UEW8|385|S|21,0.66,,
O76021|361|S|21,Q09666|177|S|21,0.69,,
O75962|2428|S|21,O43491|684|H|53,0.71,,
O75962|2428|S|21,Q9BTC8|457|S|21,0.67,,
O75962|2428|S|21,P08670|42|S|21,0.69,,
O75962|2428|S|21,P18206|755|S|21,0.73,,
O75962|2417|S|21,O14974|298|K|53,0.73,,
O75962|2417|S|21,Q8TDY2|624|S|21,0.67,,
O75976|1361|S|21,Q96T60|114|S|21,0.69,,
O75995|110|S|21,P51610|3|S|21,0.73,,
O94762|727|S|21,Q27J81|372|S|21,0.74,,
O76021|427|S|21,Q66K74|638|T|21,0.72,,
O76021|427|S|21,Q07157|329|S|21,0.68,,
O76070|124|S|21,P49023|118|Y|21,0.66,,
O75694|4|S|21,Q8TCJ2|18|S|21,0.67,,
O75694|4|S|21,Q05655|664|S|21,0.66,,
O75717|383|S|21,Q14680|505|S|21,0.71,,
O75717|374|S|21,Q53HL2|219|S|21,0.67,,
O75925|485|S|21,Q14004|439|S|21,0.66,,
O75925|483|S|21,O75925|485|S|21,0.76,,
O75925|483|S|21,Q14004|439|S|21,0.66,,
O75962|1723|S|21,Q9UBF8|277|S|21,0.66,,
O75909|324|S|21,Q9UKK3|101|T|21,0.66,,
O75909|324|S|21,Q9H2J4|234|S|21,0.66,,
O75909|324|S|21,P27361|202|T|21,0.67,,
O75909|324|S|21,Q86V48|569|S|21,0.7,,
O75909|324|S|21,O75909|329|S|21,0.7,,
Q9H2J4|234|S|21,P78312|1128|T|21,0.7,,
Q9H2J4|234|S|21,P27361|202|T|21,0.67,,
O75896|50|S|21,Q8IWZ8|485|S|21,0.68,,
O75896|50|S|21,P29401|295|S|21,0.71,,
Q8IWZ8|485|S|21,Q9Y2U5|164|S|21,0.66,,
P29401|295|S|21,Q92945|100|T|21,0.67,,
O95835|1111|S|21,Q99638|277|S|21,0.71,,
Q99638|277|S|21,Q9C0B5|345|S|21,0.66,,
Q99638|277|S|21,Q9UQ35|1582|S|21,0.67,,
O96013|104|S|21,Q9Y2Q0|29|S|21,0.72,,
Q9Y2Q0|29|S|21,Q9Y2Q0|28|T|21,0.74,,
O95835|464|S|21,Q8NDI1|335|S|21,0.67,,
O95819|805|S|21,P52594|293|S|21,0.7,,
P00533|1064|S|21,Q8IVT2|543|S|21,0.7,,
Q8IVT2|543|S|21,Q96JY6|124|S|21,0.66,,
O96013|474|S|21,P08708|113|S|21,0.67,,
O96020|17|S|21,Q9Y490|417|S|21,0.68,,
O95817|274|S|21,O95817|275|S|21,0.77,,
O95793|390|S|21,Q99549|51|S|21,0.66,,
O95793|390|S|21,P20042|105|S|21,0.66,,
O95793|390|S|21,P30419|47|S|21,0.66,,
O95810|204|S|21,O95810|218|S|21,0.89,,
O95810|204|S|21,Q8WWN8|1473|S|21,0.69,,
O95810|218|S|21,Q8WWN8|1473|S|21,0.68,,
P30419|47|S|21,Q6IBW4|284|S|21,0.67,,
O95810|287|S|21,O95810|288|S|21,0.69,,
O95819|656|S|21,O95819|658|S|21,0.83,,
O95819|656|S|21,Q9BXF6|538|S|21,0.67,,
O95819|658|S|21,Q6UWZ7|387|S|21,0.66,,
Q6UWZ7|387|S|21,Q96G46|277|S|21,0.7,,
O95817|289|S|21,O95817|285|T|21,0.69,,
O95817|377|S|21,O95817|386|S|21,0.71,,
O95817|284|S|21,P05783|36|Y|21,0.69,,
O95817|385|S|21,O95817|386|S|21,0.84,,
P02545|612|S|21,Q9H5Y7|728|S|21,0.66,,
P02545|612|S|21,P02545|613|S|21,0.7,,
Q9H5Y7|728|S|21,Q9P206|673|S|21,0.68,,
Q9H5Y7|728|S|21,P10644|78|R|7,0.69,,
P02545|458|S|21,Q8WWI1|1425|T|21,0.66,,
P02545|571|S|21,P24928|1871|S|21,0.68,,
P02545|390|S|21,P02545|392|S|21,0.72,,
P02545|414|S|21,Q12802|1565|S|21,0.69,,
P02545|414|S|21,Q9UBW7|624|S|21,0.66,,
P02686|249|S|21,P51674|267|S|21,0.68,,
P02686|249|S|21,P07197|670|S|21,0.69,,
P02686|249|S|21,P05023|228|S|21,0.67,,
P02686|249|S|21,P14136|13|S|21,0.69,,
P02686|249|S|21,Q16555|537|S|21,0.66,,
P02686|249|S|21,Q14CZ8|278|S|21,0.71,,
P02686|249|S|21,Q02952|285|T|21,0.68,,
P02686|249|S|21,Q08495|91|T|21,0.73,,
P02686|249|S|21,Q8IVF5|1583|S|21,0.73,,
P02686|249|S|21,P02686|232|T|21,0.73,,
P02751|2475|S|21,P27986|83|S|21,0.66,,
P02751|2475|S|21,P24821|72|S|21,0.71,,
P02751|2475|S|21,P10451|228|S|21,0.67,,
P27986|83|S|21,Q9BXP5|4|S|21,0.69,,
P24821|72|S|21,Q13442|60|S|21,0.73,,
P24821|72|S|21,O95297|263|Y|21,0.67,,
P24821|72|S|21,P53801|174|Y|21,0.71,,
P02545|616|S|21,Q9UHB6|698|S|21,0.66,,
P02545|632|S|21,Q16204|244|S|21,0.67,,
P01106|344|S|21,P01106|348|S|21,0.93,,
P01106|281|S|21,P29401|295|S|21,0.67,,
P01106|293|S|21,P62820|3|S|21,0.67,,
P01106|62|S|21,P01106|58|T|21,0.8,,
P01106|71|S|21,Q9HAS0|8|S|21,0.71,,
P02545|277|S|21,P02545|282|S|21,0.66,,
P02545|22|S|21,Q08945|444|S|21,0.66,,
P02545|22|S|21,P46937|109|S|21,0.66,,
P02545|22|S|21,P20042|2|S|21,0.67,,
P20042|2|S|21,Q13283|149|S|21,0.66,,
P20042|2|S|21,P46937|109|S|21,0.66,,
P01876|67|S|21,P68871|85|T|21,0.7,,
P01876|67|S|21,Q02543|101|T|21,0.7,,
P01876|67|S|21,Q14651|566|R|7,0.68,,
P01876|67|S|21,P02461|982|K|299,0.77,,
P01876|67|S|21,P02679|282|R|7,0.72,,
P01876|67|S|21,P27797|64|K|1,0.66,,
P68871|85|T|21,P61278|45|K|34,0.66,,
P68871|85|T|21,P62805|45|K|34,0.73,,
P68871|85|T|21,Q14764|701|K|34,0.68,,
P68871|85|T|21,P07237|106|R|7,0.66,,
P68871|85|T|21,A8K7I4|670|R|7,0.71,,
P68871|85|T|21,P07148|121|K|34,0.66,,
P68871|85|T|21,P01871|112|K|34,0.68,,
P68871|85|T|21,P09327|699|K|34,0.77,,
P68871|85|T|21,O43707|853|K|34,0.7,,
P68871|85|T|21,Q02543|101|T|21,0.74,,
Q02543|101|T|21,Q14764|701|K|34,0.67,,
Q02543|101|T|21,P61278|45|K|34,0.69,,
Q02543|101|T|21,P62750|152|K|34,0.72,,
Q02543|101|T|21,P02679|282|R|7,0.66,,
Q02543|101|T|21,P01871|112|K|34,0.7,,
Q02543|101|T|21,P01857|16|K|34,0.68,,
Q14651|566|R|7,P02452|759|K|299,0.69,,
Q14651|566|R|7,P02461|982|K|299,0.68,,
P02679|282|R|7,Q14651|566|R|7,0.71,,
P01893|356|S|21,P01893|359|S|21,0.96,,
P01893|356|S|21,P26006|1042|S|21,0.67,,
P01893|356|S|21,P18206|345|S|21,0.75,,
P01893|356|S|21,Q9BRQ0|40|S|21,0.67,,
P01893|356|S|21,Q8WUF5|358|S|21,0.68,,
P01893|356|S|21,Q13443|758|S|21,0.67,,
P01893|356|S|21,Q86V48|569|S|21,0.71,,
P01893|356|S|21,Q3V6T2|1700|S|21,0.72,,
P01893|356|S|21,Q68CZ2|1154|S|21,0.68,,
P01893|356|S|21,P78312|1128|T|21,0.7,,
P01893|356|S|21,Q9BXY0|202|T|21,0.7,,
P01893|359|S|21,Q9BXY0|202|T|21,0.75,,
P01893|359|S|21,Q8WUF5|358|S|21,0.66,,
P01893|359|S|21,Q68CZ2|1154|S|21,0.68,,
P01893|359|S|21,P18206|345|S|21,0.72,,
P01893|359|S|21,Q3V6T2|1700|S|21,0.7,,
P26006|1042|S|21,Q3V6T2|1700|S|21,0.75,,
P26006|1042|S|21,Q13443|758|S|21,0.71,,
P26006|1042|S|21,Q9Y5T5|415|S|21,0.66,,
P26006|1042|S|21,P27361|202|T|21,0.69,,
P26006|1042|S|21,P78312|1128|T|21,0.72,,
P26006|1042|S|21,Q9NPR2|793|S|21,0.72,,
P18206|345|S|21,Q9UKK3|101|T|21,0.75,,
P18206|345|S|21,P78312|1128|T|21,0.67,,
P18206|345|S|21,Q9BW04|532|S|21,0.7,,
P18206|345|S|21,Q9BUL9|161|S|21,0.68,,
P18206|345|S|21,Q9NPR2|793|S|21,0.73,,
P18206|345|S|21,Q03169|5|S|21,0.72,,
P18206|345|S|21,Q86V48|569|S|21,0.67,,
P18206|345|S|21,Q5T0Z8|1011|S|21,0.66,,
P18206|345|S|21,Q3V6T2|1700|S|21,0.75,,
P18206|345|S|21,P31321|77|S|21,0.7,,
P18206|345|S|21,P26006|1042|S|21,0.68,,
P27797|64|K|1,Q06830|136|K|34,0.7,,
P27797|64|K|1,P02461|982|K|299,0.69,,
P27797|64|K|1,P01871|112|K|34,0.73,,
Q68CZ2|1154|S|21,Q9H4G0|578|S|21,0.66,,
P02452|176|S|21,P35749|1954|S|21,0.68,,
P02452|176|S|21,P08648|127|S|21,0.72,,
P35749|1954|S|21,Q63HR2|120|S|21,0.66,,
P35749|1954|S|21,Q9UMS6|904|T|21,0.69,,
O95365|511|S|21,O95365|526|S|21,0.7,,
O95365|525|S|21,P05783|36|Y|21,0.66,,
O95359|1949|S|21,Q8IZA0|974|T|21,0.7,,
Q8IZA0|974|T|21,Q96PU5|344|T|21,0.67,,
O95297|219|S|21,Q96QD8|39|S|21,0.66,,
Q96QD8|39|S|21,P53801|174|Y|21,0.75,,
O95361|60|S|21,Q8WWI1|1510|S|21,0.66,,
O95361|60|S|21,Q13247|316|S|21,0.67,,
O95361|60|S|21,Q9P206|669|S|21,0.76,,
Q9P206|669|S|21,Q9P206|673|S|21,0.81,,
Q9P206|669|S|21,O60716|228|Y|21,0.68,,
O95361|31|S|21,P61244|138|S|21,0.69,,
O95359|2359|S|21,Q9P206|322|S|21,0.72,,
O95425|238|S|21,Q96LR5|11|S|21,0.68,,
O95394|64|S|21,Q92974|151|S|21,0.68,,
O95239|801|S|21,Q8IXT5|278|S|21,0.66,,
O95218|188|S|21,Q7Z5L9|360|S|21,0.68,,
O95218|188|S|21,P25788|250|S|21,0.67,,
O95232|431|S|21,O95785|1017|S|21,0.67,,
O95251|50|S|21,Q9Y6D6|397|S|21,0.7,,
O95251|57|S|21,Q9NS69|15|S|21,0.66,,
O95696|852|S|21,Q86WH2|7|S|21,0.66,,
Q86WH2|7|S|21,Q8NEZ4|2809|K|1,0.69,,
O95714|1577|S|21,P24928|1910|S|21,0.67,,
P24928|1910|S|21,Q9HAW4|1147|S|21,0.67,,
O95696|128|S|21,Q9BXP5|493|S|21,0.67,,
O95696|128|S|21,Q99618|94|S|21,0.66,,
O95696|128|S|21,Q8NHZ8|42|S|21,0.66,,
O95714|1938|S|21,Q15424|11|S|21,0.66,,
O95684|152|S|21,P49736|137|Y|21,0.67,,
O95684|156|S|21,O95684|160|S|21,0.72,,
O95696|1055|S|21,Q96Q15|3570|S|21,0.66,,
O95696|1055|S|21,P15408|320|S|21,0.67,,
O95785|1134|S|21,Q9P0K7|411|S|21,0.66,,
Q9P0K7|411|S|21,O14974|696|T|21,0.68,,
O95747|339|S|21,Q96K21|354|S|21,0.66,,
Q96K21|354|S|21,Q99549|51|S|21,0.66,,
Q96K21|354|S|21,Q9NW82|638|S|21,0.73,,
O95475|221|S|21,P78559|1069|S|21,0.68,,
O95475|221|S|21,Q01433|190|S|21,0.72,,
O95475|221|S|21,P26639|8|S|21,0.7,,
O95475|221|S|21,P29590|535|S|21,0.68,,
O95475|221|S|21,P35236|44|S|21,0.67,,
O95475|221|S|21,P06239|192|Y|21,0.67,,
O95475|221|S|21,Q9UBU9|564|S|21,0.66,,
P29590|535|S|21,P06239|192|Y|21,0.66,,
P29590|535|S|21,Q53QZ3|43|S|21,0.66,,
P29590|535|S|21,Q2KHR2|1083|S|21,0.67,,
P29590|535|S|21,P51610|1497|S|21,0.68,,
P29590|535|S|21,Q15424|11|S|21,0.68,,
O95466|184|S|21,P78332|912|S|21,0.67,,
O95466|184|S|21,Q5JTH9|1080|S|21,0.67,,
O95466|184|S|21,Q8WV99|185|T|21,0.68,,
O95466|184|S|21,Q92608|1706|S|21,0.67,,
O95466|184|S|21,Q8WU90|381|S|21,0.66,,
O95466|184|S|21,Q92794|1113|S|21,0.71,,
Q5JTH9|1080|S|21,Q92794|1113|S|21,0.67,,
Q92794|1113|S|21,Q9H1C4|550|S|21,0.66,,
O95425|673|S|21,Q8NC44|385|S|21,0.66,,
Q8NC44|385|S|21,Q13501|269|T|21,0.67,,
O95453|557|S|21,Q13428|1227|S|21,0.66,,
O95453|557|S|21,Q92609|552|T|21,0.66,,
O95677|361|S|21,P23497|157|S|21,0.67,,
P23497|157|S|21,Q9UDY2|461|S|21,0.71,,
O95544|64|S|21,Q9UBF8|511|S|21,0.69,,
P41252|1047|S|21,Q9UQ35|2583|T|21,0.66,,
P41252|1047|S|21,P02545|424|T|21,0.68,,
P41227|209|S|21,Q03111|361|S|21,0.66,,
P41236|121|S|21,Q6P2E9|879|S|21,0.72,,
P41229|1359|S|21,Q13428|914|T|21,0.66,,
P41229|1359|S|21,Q99460|273|T|21,0.66,,
P42356|259|S|21,P42356|260|S|21,0.66,,
P42356|260|S|21,Q9Y6I3|454|S|21,0.68,,
P42566|108|S|21,Q08174|962|S|21,0.68,,
P42566|108|S|21,Q86YV0|51|S|21,0.67,,
P42566|108|S|21,Q96G74|64|S|21,0.7,,
P42345|2478|S|21,P42345|2481|S|21,0.85,,
P42345|2450|S|21,Q12888|999|S|21,0.66,,
P40123|309|S|21,Q92504|275|S|21,0.66,,
P40123|309|S|21,Q92504|276|S|21,0.67,,
P40123|309|S|21,P40123|312|S|21,0.67,,
Q92504|275|S|21,Q8NEY8|204|T|21,0.71,,
Q92504|275|S|21,Q92504|276|S|21,0.84,,
Q92504|276|S|21,Q9NYF8|496|S|21,0.66,,
P40123|301|S|21,Q86VP1|3|S|21,0.67,,
P40123|301|S|21,Q9P275|682|S|21,0.66,,
P49674|363|S|21,Q96HJ3|52|S|21,0.66,,
P49674|363|S|21,Q9UL46|10|S|21,0.73,,
P49674|363|S|21,P68366|48|S|21,0.7,,
P49674|363|S|21,Q6UWZ7|406|S|21,0.66,,
Q96EA4|555|S|21,Q96NY9|95|S|21,0.66,,
Q8WWY3|439|S|21,Q9Y6D9|428|S|21,0.66,,
Q8WWY3|439|S|21,Q9ULJ3|345|S|21,0.68,,
P40855|147|S|21,Q99575|729|S|21,0.66,,
Q99575|729|S|21,Q99575|730|S|21,0.74,,
P40818|719|S|21,Q9HC35|144|S|21,0.7,,
P40818|719|S|21,Q13263|757|S|21,0.67,,
Q9HC35|144|S|21,Q9HC35|146|S|21,0.69,,
P40222|514|S|21,Q8IXJ6|364|S|21,0.68,,
P40222|514|S|21,P40222|515|S|21,0.76,,
Q8IXJ6|364|S|21,Q8IXJ6|366|S|21,0.67,,
P40818|718|S|21,Q6PD62|925|T|21,0.66,,
P40763|727|S|21,Q9BY77|126|S|21,0.66,,
P40763|727|S|21,Q9Y2H1|282|S|21,0.66,,
P40763|727|S|21,Q13136|693|S|21,0.68,,
P43243|604|S|21,Q3KQU3|742|S|21,0.66,,
P43243|604|S|21,Q13523|277|S|21,0.66,,
P43243|598|S|21,Q8TAQ2|304|S|21,0.66,,
P43243|598|S|21,Q13185|95|S|21,0.67,,
P43243|598|S|21,P43243|604|S|21,0.67,,
P43243|598|S|21,P62995|264|S|21,0.67,,
Q8TAQ2|304|S|21,Q9UQ35|1003|T|21,0.68,,
Q8TAQ2|304|S|21,Q8IYB3|581|T|21,0.68,,
Q8TAQ2|304|S|21,Q9NTI5|1358|S|21,0.66,,
Q8TAQ2|304|S|21,Q9GZY8|157|S|21,0.66,,
P43243|206|S|21,Q8N108|373|S|21,0.68,,
P43243|188|S|21,Q09666|5729|T|21,0.66,,
P43243|188|S|21,Q9UQ35|2397|T|21,0.67,,
P43243|195|S|21,P51610|1497|S|21,0.66,,
P43243|4|S|21,P24941|15|Y|21,0.68,,
P43243|4|S|21,Q99549|319|S|21,0.74,,
P43243|4|S|21,Q96JS3|363|S|21,0.75,,
P43243|4|S|21,Q96JS3|360|S|21,0.69,,
P43243|4|S|21,P49454|269|S|21,0.67,,
P24941|15|Y|21,Q96AT1|49|H|53,0.66,,
P43243|596|S|21,P43243|597|Y|21,0.7,,
Q99549|319|S|21,Q68CZ2|780|Y|21,0.66,,
Q96JS3|363|S|21,P24941|15|Y|21,0.66,,
Q96JS3|363|S|21,Q9NSV4|1091|S|21,0.67,,
Q96JS3|363|S|21,Q9BYW2|614|S|21,0.7,,
Q96JS3|360|S|21,Q96JS3|363|S|21,0.88,,
P46013|2105|S|21,P46013|859|S|21,0.69,,
P46013|2105|S|21,Q9NX63|50|S|21,0.75,,
P46013|2105|S|21,P13639|435|T|21,0.71,,
P46013|859|S|21,Q9UQ35|1621|S|21,0.67,,
P46013|1983|S|21,Q9H2H9|56|S|21,0.66,,
P46013|1861|S|21,Q9H0L4|563|S|21,0.66,,
P46013|1864|S|21,Q13426|320|S|21,0.67,,
P46013|1256|S|21,Q13501|277|S|21,0.66,,
P46013|1253|S|21,P46013|1376|S|21,0.67,,
P46013|1253|S|21,P46013|1861|S|21,0.68,,
P46013|1253|S|21,Q13428|1376|S|21,0.68,,
P42684|783|S|21,Q16537|32|S|21,0.67,,
P42684|783|S|21,Q13469|757|S|21,0.66,,
P42684|783|S|21,Q9P206|562|S|21,0.68,,
P42694|1614|S|21,Q96CP6|12|T|21,0.69,,
P42566|796|S|21,Q7Z2W4|378|S|21,0.66,,
Q7Z2W4|378|S|21,Q9BST9|520|S|21,0.68,,
P42892|36|S|21,Q96RT1|1079|S|21,0.71,,
P42858|1870|S|21,Q8NEJ9|142|S|21,0.66,,
P35611|358|S|21,Q8N122|863|S|21,0.67,,
P35579|1308|S|21,Q9HAS0|8|S|21,0.66,,
P35579|1308|S|21,Q5D1E8|99|S|21,0.66,,
P35612|613|S|21,Q9HCM3|1395|S|21,0.73,,
P35613|362|S|21,P38432|218|S|21,0.68,,
P35613|362|S|21,Q9Y6D9|428|S|21,0.7,,
P35612|697|S|21,P35612|701|S|21,0.68,,
P35611|464|S|21,Q6SPF0|157|T|21,0.66,,
P35611|431|S|21,Q9UPA5|2851|S|21,0.69,,
P35611|431|S|21,Q9NR45|277|T|21,0.67,,
P35611|465|S|21,Q9UKV3|216|S|21,0.67,,
P35611|465|S|21,Q9Y6D5|227|S|21,0.67,,
P35611|586|S|21,Q12929|659|S|21,0.68,,
P35611|586|S|21,Q9P1Y6|1359|S|21,0.7,,
P35611|586|S|21,Q96QF0|288|S|21,0.69,,
P35251|108|S|21,Q96FZ2|293|T|21,0.66,,
P35251|108|S|21,Q8N3E9|496|S|21,0.68,,
P35251|108|S|21,Q8N3U4|1161|S|21,0.72,,
P35251|108|S|21,Q6KC79|318|S|21,0.66,,
P35251|108|S|21,Q15418|380|S|21,0.7,,
P35251|108|S|21,Q14839|1308|S|21,0.75,,
Q6PJG2|704|T|21,P06241|420|Y|21,0.72,,
Q9HCN4|314|S|21,Q9ULJ3|348|S|21,0.66,,
Q8N3E9|496|S|21,Q8N3E9|498|R|7,0.78,,
Q6KC79|318|S|21,Q8N3U4|1161|S|21,0.67,,
P35251|156|S|21,Q8TCJ2|18|S|21,0.67,,
P35251|69|S|21,Q8WX93|893|S|21,0.66,,
P35251|69|S|21,Q8NI08|211|S|21,0.68,,
P35251|69|S|21,P35251|71|S|21,0.73,,
P35251|69|S|21,P46821|1396|S|21,0.67,,
P35251|69|S|21,P49792|1400|S|21,0.73,,
Q8NI08|211|S|21,Q8WX93|893|S|21,0.7,,
P46821|1396|S|21,Q9Y2X7|592|S|21,0.66,,
P46821|1396|S|21,Q96RK0|1373|S|21,0.67,,
P46821|1396|S|21,P46821|1400|S|21,0.83,,
P35222|552|S|21,Q9NTI5|1166|S|21,0.66,,
P35222|552|S|21,P36871|117|S|21,0.67,,
P35222|191|S|21,Q6WCQ1|365|S|21,0.66,,
P35222|191|S|21,P51608|229|S|21,0.67,,
Q6WCQ1|365|S|21,Q8TEW0|695|S|21,0.67,,
P36871|117|S|21,P36871|115|T|21,0.73,,
P35226|255|S|21,Q96L73|483|S|21,0.66,,
Q6JBY9|219|S|21,Q9BSW2|473|S|21,0.71,,
Q6JBY9|219|S|21,Q9H4L7|152|S|21,0.66,,
Q6JBY9|219|S|21,Q7Z3B3|1045|S|21,0.69,,
Q6JBY9|219|S|21,P06733|44|Y|21,0.74,,
Q6JBY9|219|S|21,P06239|192|Y|21,0.69,,
P35226|253|S|21,P35226|255|S|21,0.87,,
P35568|348|S|21,Q16537|32|S|21,0.67,,
P35269|385|S|21,P35269|389|T|21,0.73,,
P35269|385|S|21,Q9UDY2|1157|Y|21,0.69,,
P35568|270|S|21,Q8TEW0|889|S|21,0.69,,
Q8TEW0|889|S|21,Q8TEW0|892|S|21,0.81,,
P37275|679|S|21,Q12802|1645|S|21,0.67,,
P37802|185|S|21,Q9H063|68|S|21,0.69,,
P37802|185|S|21,Q5T6F0|15|S|21,0.67,,
Q5T6F0|15|S|21,Q9H063|68|S|21,0.69,,
Q5T6F0|15|S|21,Q92797|494|S|21,0.67,,
P37275|31|S|21,P37275|33|S|21,0.69,,
P37275|31|S|21,P48681|1286|S|21,0.66,,
P48681|1286|S|21,Q9BRD0|222|S|21,0.7,,
P48681|1286|S|21,Q13523|241|S|21,0.66,,
P48681|1286|S|21,Q13427|544|S|21,0.71,,
P37231|112|S|21,Q86UU1|430|S|21,0.67,,
Q86UU1|430|S|21,Q86UU1|428|T|21,0.68,,
P38398|1336|S|21,Q15942|202|S|21,0.69,,
P38398|395|S|21,P38398|398|S|21,0.66,,
P38398|395|S|21,Q9Y2U8|259|S|21,0.69,,
P38398|423|S|21,Q99638|277|S|21,0.67,,
P38398|423|S|21,Q96QE3|1115|S|21,0.68,,
P38398|423|S|21,P38398|426|S|21,0.7,,
Q96QE3|1115|S|21,Q9HCH0|577|S|21,0.69,,
P38398|426|S|21,Q13309|64|S|21,0.67,,
P38398|426|S|21,Q13523|20|S|21,0.66,,
P38398|426|S|21,Q5JRA6|406|S|21,0.69,,
P35658|678|S|21,P53396|481|S|21,0.68,,
P35659|19|S|21,Q96JG6|561|S|21,0.69,,
P35659|19|S|21,Q9BW71|291|S|21,0.68,,
P35659|19|S|21,Q99590|776|S|21,0.67,,
Q96JG6|561|S|21,Q9UKA4|1340|S|21,0.66,,
Q9BW71|291|S|21,Q9NU22|4538|S|21,0.68,,
P35658|989|S|21,Q53TN4|248|S|21,0.66,,
P35658|1023|S|21,Q14980|2047|S|21,0.68,,
P35712|439|S|21,P53396|663|S|21,0.75,,
P35712|439|S|21,P02545|390|S|23,0.72,,
P35712|439|S|21,P62753|240|S|23,0.66,,
P35712|439|S|21,P00338|118|K|1,0.67,,
P00338|118|K|1,P20908|1433|K|34,0.72,,
P00338|118|K|1,P04406|66|K|1,0.72,,
P00338|118|K|1,P04406|84|K|1,0.69,,
P00338|118|K|1,P60174|188|K|1,0.69,,
P00338|118|K|1,P61353|93|K|1,0.76,,
P00338|118|K|1,Q06830|27|K|1,0.68,,
P00338|118|K|1,P12235|23|K|1,0.66,,
P00338|118|K|1,P08670|235|K|1,0.66,,
P00338|118|K|1,P31947|122|K|1,0.7,,
P36404|45|S|21,Q8TBE7|4|S|21,0.67,,
P36404|45|S|21,Q7Z4S6|1225|S|21,0.66,,
P36404|45|S|21,Q15361|872|S|21,0.81,,
P36404|45|S|21,P24941|15|Y|21,0.74,,
Q7Z4S6|1225|S|21,Q9BTC0|1030|S|21,0.67,,
P35659|243|S|21,Q96K21|350|R|7,0.69,,
P35659|243|S|21,P35659|244|S|21,0.97,,
P35659|244|S|21,Q96K21|350|R|7,0.69,,
P35659|32|S|21,Q8NE71|228|S|21,0.71,,
P48681|355|S|21,Q9Y2H2|907|S|21,0.71,,
P48681|1498|S|21,Q9NU22|4754|S|21,0.69,,
P49023|303|S|21,Q9BW71|223|S|21,0.68,,
P49023|303|S|21,Q96JG6|559|S|21,0.66,,
Q9BW71|223|S|21,Q9BW71|227|S|21,0.81,,
P49023|84|S|21,Q8IYB3|260|S|21,0.67,,
Q8IYB3|260|S|21,Q9UQ35|2581|S|21,0.67,,
P49023|83|S|21,Q15942|258|S|21,0.7,,
P49023|106|S|21,Q9Y6M1|161|S|21,0.67,,
P49023|106|S|21,Q8N573|202|S|21,0.67,,
Q8N573|202|S|21,P55265|601|T|21,0.68,,
P46937|61|S|21,P51692|128|S|21,0.67,,
P46937|61|S|21,Q9NRM7|576|S|21,0.66,,
P49023|85|S|21,Q29RF7|1305|S|21,0.66,,
P49023|85|S|21,Q9UDY2|1067|S|21,0.68,,
P46937|289|S|21,P20848|94|T|21,0.67,,
P20848|94|T|21,Q6UUV9|159|T|21,0.72,,
P20848|94|T|21,Q6PKG0|376|T|21,0.67,,
P20848|94|T|21,Q9HB90|10|T|21,0.73,,
P20848|94|T|21,P21359|862|T|21,0.67,,
P20848|94|T|21,P20848|98|T|21,0.85,,
P20848|94|T|21,P61978|9|T|21,0.67,,
P20848|94|T|21,P67809|271|T|21,0.71,,
P20848|94|T|21,Q9Y3X0|381|T|21,0.67,,
P46939|3182|S|21,Q13123|460|S|21,0.7,,
P46939|3182|S|21,Q9NRM7|576|S|21,0.72,,
P46939|3171|S|21,Q96RE7|145|S|21,0.69,,
P46939|3171|S|21,Q9BTX1|504|S|21,0.66,,
P46939|3171|S|21,P46939|3182|S|21,0.71,,
P48634|342|S|21,P48634|350|S|21,0.77,,
P48634|1106|S|21,Q8N573|202|S|21,0.67,,
Q9UL46|10|S|21,O00267|1034|T|21,0.67,,
Q6UWZ7|406|S|21,O14974|298|K|53,0.66,,
P49590|67|S|21,Q9H6Z4|128|T|21,0.68,,
P49590|67|S|21,Q9H8Y8|415|T|21,0.68,,
P49736|139|S|21,Q9Y2V2|30|S|21,0.67,,
P49585|329|S|21,Q09666|5782|S|21,0.66,,
P49585|347|S|21,P49585|342|T|21,0.72,,
P49756|583|S|21,P49841|216|Y|21,0.68,,
P49756|583|S|21,Q7Z417|212|S|21,0.69,,
P49757|276|S|21,Q6PJG2|461|S|21,0.66,,
P49757|276|S|21,Q63ZY3|375|S|21,0.68,,
P49757|276|S|21,P60981|3|S|21,0.68,,
P49757|276|S|21,Q08499|375|S|21,0.72,,
P49757|276|S|21,Q9P206|862|S|21,0.68,,
Q63ZY3|375|S|21,Q6PKG0|649|T|21,0.67,,
P49756|693|S|21,Q8N6S5|80|S|21,0.74,,
P49756|693|S|21,P41208|22|K|53,0.71,,
P49736|27|S|21,Q9HC35|146|S|21,0.73,,
P49736|27|S|21,Q9UQ35|2409|T|21,0.66,,
Q9HC35|146|S|21,Q9UQ35|2581|S|21,0.68,,
P49736|26|S|21,Q14687|828|S|21,0.71,,
Q7Z417|212|S|21,Q8IYB3|738|S|21,0.66,,
P49321|756|S|21,Q9H5Y7|728|S|21,0.67,,
P49321|756|S|21,P55884|248|K|34,0.72,,
P55884|248|K|34,Q13813|862|K|34,0.66,,
P55884|248|K|34,Q9UM54|232|K|34,0.66,,
P55884|248|K|34,Q9UQ80|311|K|34,0.75,,
P49321|745|S|21,Q15629|360|S|21,0.69,,
P49321|745|S|21,O95365|517|T|21,0.67,,
P49321|745|S|21,P38159|327|Y|21,0.67,,
P49321|745|S|21,O60716|221|Y|21,0.7,,
P49321|745|S|21,Q8IU81|457|S|21,0.68,,
O60716|221|Y|21,P38159|327|Y|21,0.67,,
Q8IU81|457|S|21,Q5T200|851|Y|21,0.66,,
Q8IU81|457|S|21,P09651|357|Y|21,0.67,,
P49450|17|S|21,P49450|19|S|21,0.71,,
P49450|19|S|21,Q9BU76|219|T|21,0.7,,
P49450|19|S|21,Q96T23|1310|S|21,0.67,,
P49450|19|S|21,Q13286|14|S|21,0.66,,
P49023|98|S|21,Q7Z5L9|240|S|21,0.68,,
P49321|503|S|21,P49815|1388|S|21,0.7,,
P49454|1726|S|21,Q8WYQ5|377|S|21,0.71,,
P49454|1654|S|21,P49454|1653|R|7,0.68,,
P49454|1654|S|21,Q01167|424|S|21,0.66,,
P49454|276|S|21,Q14687|857|S|21,0.73,,
Q96T23|1310|S|21,Q8NEY8|204|T|21,0.67,,
P49454|1651|S|21,P49454|1653|R|7,0.72,,
P46100|25|S|21,Q9ULI0|83|S|21,0.7,,
P46100|1527|S|21,Q8WXH0|4110|S|21,0.66,,
P46100|850|S|21,Q5T200|1010|S|21,0.66,,
Q5T200|1010|S|21,P46100|1346|T|21,0.66,,
P46100|784|S|21,Q02156|346|S|21,0.67,,
P46100|819|S|21,Q9NS37|22|S|21,0.68,,
P46100|849|S|21,P46100|850|S|21,0.78,,
P46100|815|S|21,Q15652|379|S|21,0.67,,
P46013|2828|S|21,Q96GX9|87|S|21,0.7,,
P46013|2827|S|21,Q9H6F5|58|S|21,0.68,,
P46013|2827|S|21,Q5VUA4|1037|S|21,0.68,,
P46013|2827|S|21,P46013|2828|S|21,0.75,,
Q5VUA4|1037|S|21,Q9HC52|190|S|21,0.69,,
P46013|2223|S|21,Q9NPI6|525|S|21,0.7,,
P46013|2223|S|21,Q6ZRS2|2790|S|21,0.67,,
P46013|2344|S|21,P38159|327|Y|21,0.67,,
P46087|732|S|21,Q7Z309|25|S|21,0.69,,
P46100|1348|S|21,P46100|1352|S|21,0.76,,
P46100|1324|S|21,Q8IYB1|439|S|21,0.66,,
P46100|1011|S|21,Q8TBN0|168|S|21,0.67,,
P46100|1011|S|21,Q6P1X5|1184|S|21,0.69,,
P46100|1011|S|21,Q13207|342|S|21,0.69,,
P46100|1011|S|21,Q13428|85|S|21,0.7,,
Q9UKD2|80|S|21,Q8NI27|1411|K|53,0.68,,
Q9UKD2|80|S|21,Q9UFC0|246|K|53,0.68,,
Q9UKD2|80|S|21,Q9Y6R0|324|S|21,0.69,,
P46821|1965|S|21,P46821|1067|T|21,0.69,,
P46821|1501|S|21,P46821|1503|T|21,0.66,,
P46821|1792|S|21,P46821|1797|S|21,0.74,,
P46821|937|S|21,Q96I25|222|S|21,0.68,,
P46821|937|S|21,Q15029|19|S|21,0.66,,
P46821|831|S|21,P46821|832|S|21,0.8,,
P46937|164|S|21,Q9UMS6|904|T|21,0.73,,
P46821|25|S|21,Q9UMS6|906|S|21,0.66,,
P46821|25|S|21,Q15287|157|S|21,0.68,,
P12111|2052|K|34,P35749|1152|K|34,0.7,,
P12111|2052|K|34,P12111|573|K|34,0.66,,
P12111|2052|K|34,P12111|885|K|34,0.71,,
P12111|2052|K|34,Q99879|58|K|34,0.66,,
P46821|541|S|21,Q9H0C8|13|S|21,0.7,,
P46821|541|S|21,Q9UHD8|41|S|21,0.67,,
P46821|541|S|21,P78559|1172|S|21,0.69,,
P46821|541|S|21,Q2KJY2|1006|S|21,0.72,,
P46821|541|S|21,Q14195|508|T|21,0.66,,
P46821|1252|S|21,P49792|788|S|21,0.67,,
P46821|1252|S|21,Q8TB36|11|S|21,0.68,,
P46821|1252|S|21,Q7Z4S6|1225|S|21,0.68,,
P46821|1252|S|21,Q9Y4H2|1162|S|21,0.66,,
P46821|1262|S|21,Q16555|537|S|21,0.66,,
P46821|1262|S|21,P12111|573|K|34,0.67,,
P12111|573|K|34,P20908|1433|K|34,0.67,,
P12111|573|K|34,P08123|506|K|299,0.71,,
Q8TB36|11|S|21,Q9NZ56|400|S|21,0.7,,
P46379|113|S|21,Q9Y2V2|30|S|21,0.66,,
P46821|1016|S|21,Q5H9L2|127|S|21,0.69,,
Q96RK0|1373|S|21,Q96RK0|1382|S|21,0.77,,
Q96RK0|1373|S|21,Q96RK0|1366|R|7,0.69,,
P46821|1400|S|21,P46821|1501|S|21,0.66,,
P46821|1389|S|21,Q69YQ0|832|S|21,0.67,,
P46821|1276|S|21,Q15652|376|S|21,0.67,,
P21291|192|S|21,Q14847|104|T|21,0.72,,
P21291|192|S|21,Q8N7R7|344|S|21,0.67,,
Q8N7R7|344|S|21,Q9BUR4|491|S|21,0.66,,
P21127|283|S|21,Q9Y4W2|617|S|21,0.66,,
P21127|589|S|21,Q8N0Z3|760|S|21,0.67,,
P21127|589|S|21,Q9Y2H1|282|S|21,0.66,,
P21127|589|S|21,Q9NS91|99|S|21,0.67,,
P21127|752|S|21,Q13188|316|S|21,0.66,,
P21359|864|S|21,P28066|16|S|21,0.66,,
P21359|864|S|21,Q9C0C2|712|S|21,0.68,,
P28066|16|S|21,Q9C0C2|712|S|21,0.7,,
Q9C0C2|712|S|21,Q09666|490|T|21,0.67,,
P21796|101|S|21,Q12802|1906|S|21,0.68,,
P21333|2180|S|21,Q9HCD5|9|S|21,0.66,,
P19634|796|S|21,Q9H201|448|S|21,0.69,,
P19634|796|S|21,P35579|1308|S|21,0.66,,
P20020|1178|S|21,P20020|1182|S|21,0.7,,
P20020|1182|S|21,Q8N556|664|S|21,0.66,,
P20020|1140|S|21,Q9NRY4|773|S|21,0.74,,
Q9NRY4|773|S|21,Q9Y4B5|622|S|21,0.68,,
P19634|723|S|21,Q5UIP0|1579|S|21,0.68,,
P19634|723|S|21,Q15758|503|S|21,0.7,,
Q5UIP0|1579|S|21,Q8WYQ5|373|S|21,0.68,,
P19484|455|S|21,P82970|31|T|21,0.68,,
P19484|455|S|21,Q96KB5|24|T|21,0.7,,
P19484|455|S|21,Q9Y4E6|935|S|21,0.67,,
Q9Y4E6|935|S|21,Q96KB5|24|T|21,0.66,,
P19634|785|S|21,Q53TN4|284|S|21,0.67,,
P19634|783|S|21,P78559|2022|S|21,0.66,,
P20700|200|S|21,Q99549|51|S|21,0.68,,
P20290|158|S|21,Q9NRL3|53|S|21,0.66,,
P20290|158|S|21,Q8IVF2|4477|S|21,0.69,,
P20290|158|S|21,Q8N1G0|519|S|21,0.75,,
P20290|158|S|21,Q9NYL2|623|K|53,0.67,,
P20290|158|S|21,Q09666|3412|S|21,0.66,,
P20290|158|S|21,P52701|14|S|21,0.68,,
P20962|2|S|21,P20962|5|S|21,0.79,,
P20020|1219|S|21,Q96D71|392|S|21,0.68,,
P20020|1219|S|21,Q8TBA6|116|S|21,0.67,,
P20020|1219|S|21,Q9Y485|574|S|21,0.69,,
Q8TBA6|116|S|21,Q13595|202|T|21,0.66,,
Q8N556|664|S|21,Q8TEA8|196|S|21,0.67,,
P23497|362|S|21,Q8WWI1|704|S|21,0.68,,
P23497|362|S|21,Q9Y6M1|164|S|21,0.67,,
P23497|231|S|21,P85037|299|S|21,0.67,,
P23497|231|S|21,Q27J81|372|S|21,0.7,,
P23497|407|S|21,Q01831|347|S|21,0.71,,
P23396|209|S|21,Q96K49|534|S|21,0.71,,
P23396|209|S|21,Q8IUC4|654|S|21,0.66,,
Q96K49|534|S|21,Q8NBU5|329|R|7,0.69,,
Q9BQG0|1308|S|21,Q9NYL2|623|K|53,0.71,,
Q9BQG0|1308|S|21,Q08357|386|Y|21,0.68,,
Q9BQG0|1308|S|21,Q9NRL3|53|S|21,0.71,,
P23443|447|S|21,Q15717|202|S|21,0.66,,
P23443|441|S|21,Q9NYL2|623|K|53,0.7,,
P23443|441|S|21,Q5PRF9|557|S|21,0.71,,
P23443|441|S|21,Q14135|52|S|21,0.68,,
P23443|441|S|21,Q9Y679|288|S|21,0.7,,
P23443|441|S|21,Q8WUM0|50|S|21,0.73,,
P23443|441|S|21,Q8IVF2|4477|S|21,0.68,,
P23443|441|S|21,Q9NQS7|899|S|21,0.69,,
P23443|441|S|21,Q9NRL3|53|S|21,0.7,,
P23443|441|S|21,Q9BQG0|1308|S|21,0.66,,
P23588|488|S|21,Q96BD5|450|S|21,0.67,,
P23588|442|S|21,P23588|444|K|53,0.87,,
P23588|442|S|21,Q86UV5|887|S|21,0.69,,
P23588|442|S|21,P23588|445|S|21,0.79,,
P23588|445|S|21,P23588|444|K|53,0.83,,
P23588|445|S|21,Q9Y2W1|939|S|21,0.7,,
Q9Y2W1|939|S|21,Q99081|560|T|21,0.66,,
P23588|497|S|21,Q13153|144|S|21,0.68,,
P23588|497|S|21,Q9NPR2|791|S|21,0.68,,
P23588|497|S|21,Q9NV70|471|T|21,0.66,,
P23588|497|S|21,Q05519|432|Y|21,0.67,,
Q9NPR2|791|S|21,Q9NV70|471|T|21,0.66,,
Q9NPR2|791|S|21,Q9UQB8|365|S|21,0.68,,
P23588|406|S|21,Q6UN15|496|S|21,0.68,,
P23588|406|S|21,Q96I25|155|S|21,0.7,,
Q6UN15|496|S|21,Q6UN15|494|T|21,0.72,,
P23588|207|S|21,Q8WYP5|1232|S|21,0.68,,
P23588|207|S|21,Q14573|937|S|21,0.66,,
Q86UV5|887|S|21,Q86UV5|888|S|21,0.82,,
Q86UV5|887|S|21,Q9Y2W1|252|K|34,0.73,,
Q86UV5|887|S|21,P23588|444|K|53,0.68,,
Q86UV5|887|S|21,Q9NYV4|293|S|21,0.68,,
P22626|225|S|21,Q05209|435|S|21,0.67,,
Q9Y385|266|S|21,Q9Y385|267|T|21,0.7,,
P22681|668|S|21,Q13433|478|S|21,0.67,,
P13639|57|T|21,Q92609|45|T|21,0.72,,
P13639|57|T|21,O43290|454|K|53,0.71,,
Q92609|43|S|21,Q9UJF2|89|S|21,0.66,,
P23193|97|S|21,P23193|96|T|21,0.74,,
P23193|100|S|21,Q8IYB3|450|S|21,0.68,,
Q8IYB3|450|S|21,Q8IYB3|452|S|21,0.72,,
P22626|344|S|21,Q9H792|568|S|21,0.67,,
P22626|344|S|21,Q8NHV4|516|S|21,0.66,,
Q9H792|568|S|21,Q9H792|572|S|21,0.69,,
P22626|259|S|21,Q9UBF8|428|S|21,0.67,,
P22626|341|S|21,Q9BRD0|151|S|21,0.66,,
P22626|341|S|21,Q9NYV4|1083|S|21,0.68,,
Q9BRD0|151|S|21,Q9Y3Q8|62|S|21,0.66,,
Q9BRD0|151|S|21,Q9BRD0|147|T|21,0.81,,
Q9BRD0|151|S|21,Q9UNL4|150|S|21,0.67,,
Q9BRD0|151|S|21,Q9UHB6|698|S|21,0.69,,
Q9BRD0|151|S|21,Q9NV70|471|T|21,0.67,,
P22670|123|S|21,P22670|126|S|21,0.98,,
P17677|151|S|21,P78559|2106|S|21,0.66,,
P17677|151|S|21,P35612|617|S|21,0.71,,
P17677|151|S|21,Q14194|518|S|21,0.66,,
P17676|225|S|21,Q8NI27|1419|S|21,0.67,,
P17676|225|S|21,Q8N7R7|121|S|21,0.69,,
P17676|225|S|21,Q5UIP0|1394|S|21,0.68,,
P17676|225|S|21,Q9H1P3|19|S|21,0.69,,
Q5UIP0|1394|S|21,Q9Y2J4|602|S|21,0.68,,
P17612|339|S|21,Q9ULU4|444|S|21,0.68,,
Q9ULU4|444|S|21,Q9UQ35|1621|S|21,0.71,,
P17980|9|S|21,Q86XL3|866|S|21,0.67,,
P17706|298|S|21,Q86U86|39|S|21,0.66,,
P17600|438|S|21,Q16623|14|S|21,0.8,,
P17600|438|S|21,Q7Z4S6|1307|S|21,0.67,,
P17600|438|S|21,Q5T481|1048|S|21,0.66,,
P17600|438|S|21,Q96S90|5|S|21,0.69,,
P17600|438|S|21,P35612|600|S|21,0.7,,
P17600|438|S|21,P46821|541|S|21,0.67,,
P17600|551|S|21,P17600|553|S|21,0.83,,
P17612|326|S|21,Q9BTA9|96|S|21,0.67,,
P18206|97|S|21,P49757|295|S|21,0.69,,
P18206|97|S|21,Q00839|192|S|21,0.75,,
P18206|97|S|21,P62805|48|S|21,0.69,,
P18206|97|S|21,P18887|210|S|21,0.67,,
P18206|97|S|21,Q13136|693|S|21,0.67,,
P18206|97|S|21,Q13636|35|S|21,0.67,,
P18206|97|S|21,Q9Y4H2|620|S|21,0.7,,
P18206|97|S|21,Q9Y6D5|279|S|21,0.66,,
P18206|97|S|21,Q9UBW7|624|S|21,0.68,,
P18206|97|S|21,P29401|275|Y|21,0.67,,
P18887|210|S|21,Q9P246|680|S|21,0.68,,
P18887|210|S|21,P60228|399|S|21,0.68,,
P18887|210|S|21,P18887|226|S|21,0.75,,
P18583|152|S|21,Q9UKV3|895|S|21,0.67,,
P18583|152|S|21,Q6ZUT6|392|S|21,0.66,,
P17987|329|S|21,O43491|684|H|53,0.69,,
P17987|329|S|21,Q9UFC0|246|K|53,0.69,,
P17987|329|S|21,P23381|4|S|21,0.68,,
Q9BW04|532|S|21,Q52LW3|948|T|21,0.67,,
Q9BUL9|161|S|21,Q9UQ35|1329|S|21,0.7,,
Q9BUL9|161|S|21,Q9H2J4|234|S|21,0.67,,
Q9BUL9|161|S|21,Q9BUL9|162|S|21,0.83,,
P18206|346|S|21,Q92614|2006|S|21,0.7,,
P31321|77|S|21,Q03169|5|S|21,0.66,,
P31321|77|S|21,Q13409|101|S|21,0.67,,
P31321|77|S|21,Q5T0Z8|1011|S|21,0.67,,
P31321|77|S|21,O43242|16|K|1,0.67,,
P16949|38|S|21,Q9NYF8|658|S|21,0.72,,
P16949|38|S|21,Q01518|307|T|21,0.66,,
P16949|38|S|21,Q8IYB3|220|T|21,0.67,,
P16949|38|S|21,Q8IXM2|96|S|21,0.66,,
P16949|38|S|21,P21333|2152|S|21,0.68,,
Q9NYF8|658|S|21,Q9Y2W1|682|S|21,0.7,,
Q8IXM2|96|S|21,Q9UK76|87|S|21,0.66,,
P17029|13|S|21,Q92597|330|S|21,0.69,,
P16615|663|S|21,Q8NEY1|90|S|21,0.68,,
Q8NEY1|90|S|21,Q8WUY3|595|S|21,0.66,,
Q8NEY1|90|S|21,Q9UN81|27|S|21,0.72,,
P16949|16|S|21,Q6P2E9|729|S|21,0.68,,
P16949|16|S|21,Q5SW79|446|S|21,0.67,,
P16949|16|S|21,Q15121|116|S|21,0.66,,
P16949|16|S|21,P49756|677|S|21,0.66,,
P16949|16|S|21,P56192|825|S|21,0.68,,
P16949|16|S|21,P53396|481|S|21,0.67,,
P16949|16|S|21,P29692|133|S|21,0.72,,
P16949|16|S|21,Q9Y6G9|207|S|21,0.68,,
P16949|16|S|21,Q8ND56|182|S|21,0.68,,
Q6P2E9|729|S|21,Q9NYV4|383|S|21,0.66,,
Q6P2E9|729|S|21,Q9NR09|480|S|21,0.66,,
P29692|133|S|21,P49756|677|S|21,0.68,,
P29692|133|S|21,Q6PKG0|774|S|21,0.67,,
P29692|133|S|21,Q14980|1757|S|21,0.68,,
P29692|133|S|21,P31943|104|S|21,0.71,,
P16455|199|S|21,Q9UI08|260|S|21,0.66,,
P16455|199|S|21,P52756|620|Y|21,0.66,,
P16455|199|S|21,Q01664|124|S|21,0.67,,
P16949|25|S|21,Q9Y2W1|253|S|21,0.68,,
P16949|25|S|21,Q01433|168|S|21,0.7,,
P16949|25|S|21,Q15365|173|S|21,0.66,,
Q9Y6G9|207|S|21,Q96A49|248|T|21,0.67,,
P17535|251|S|21,P17535|255|S|21,0.73,,
P17480|484|S|21,Q05519|432|Y|21,0.72,,
P17480|484|S|21,Q9Y3X0|385|T|21,0.67,,
P17542|122|S|21,Q15424|11|S|21,0.71,,
P17542|122|S|21,Q2KHR2|1083|S|21,0.7,,
P17542|122|S|21,P67870|205|S|21,0.66,,
P17542|122|S|21,P35236|44|S|21,0.68,,
P17542|122|S|21,Q15398|661|T|21,0.67,,
P17542|122|S|21,Q9Y4W2|612|S|21,0.67,,
P17542|122|S|21,Q8TAD8|52|S|21,0.68,,
P17542|122|S|21,Q9H1A4|50|S|21,0.69,,
Q9Y4W2|612|S|21,Q9ULH0|1682|T|21,0.67,,
Q9Y4W2|612|S|21,Q6PJG2|704|T|21,0.69,,
Q9H1A4|50|S|21,Q9P209|237|S|21,0.7,,
Q9H1A4|50|S|21,Q9H1A4|51|S|21,0.72,,
P17096|9|S|21,Q9UKE5|548|S|21,0.66,,
P17252|10|S|21,Q8TBN0|168|S|21,0.66,,
P17275|259|S|21,P17275|255|T|21,0.79,,
P18887|447|S|21,Q8IYB3|560|S|21,0.72,,
P18887|447|S|21,Q8NDC0|15|S|21,0.71,,
P18887|447|S|21,Q8TAQ2|300|K|53,0.69,,
P18887|447|S|21,Q9UQ35|297|S|21,0.68,,
Q8IYB3|560|S|21,Q8IYB3|562|S|21,0.87,,
Q8IYB3|560|S|21,Q8NDC0|15|S|21,0.66,,
Q8IYB3|560|S|21,Q8IYB3|406|T|21,0.71,,
Q8IYB3|560|S|21,P18206|720|K|34,0.7,,
Q8IYB3|560|S|21,Q92922|328|S|21,0.67,,
Q8IYB3|560|S|21,Q92922|330|S|21,0.68,,
P18858|66|S|21,Q96D46|468|S|21,0.68,,
P18858|66|S|21,P18858|76|S|21,0.67,,
P18858|76|S|21,Q96ST2|440|S|21,0.66,,
P18858|76|S|21,Q96D46|468|S|21,0.67,,
P18858|911|S|21,P18858|913|S|21,0.99,,
P19338|67|S|21,Q9NYF8|512|S|21,0.75,,
P19338|67|S|21,Q8IYB3|220|T|21,0.7,,
P19338|67|S|21,P51858|165|S|21,0.7,,
P19484|334|S|21,P17931|188|S|23,0.68,,
P17931|188|S|23,P08238|526|K|53,0.69,,
P17931|188|S|23,P62979|54|R|7,0.68,,
P18583|281|S|21,O94804|952|T|21,0.66,,
P18583|281|S|21,P18583|282|T|21,0.7,,
P18583|1697|S|21,P23396|220|T|21,0.66,,
P18583|1782|S|21,P18583|1783|S|21,0.79,,
P18583|278|S|21,P18583|283|S|21,0.82,,
P18858|199|S|21,Q96RS0|154|S|21,0.67,,
P18858|47|S|21,O75151|877|Y|21,0.68,,
P18858|201|S|21,Q14160|1437|S|21,0.67,,
P18858|201|S|21,P52799|260|S|21,0.66,,
P18858|201|S|21,Q92766|1320|S|21,0.69,,
Q92766|1320|S|21,Q96K49|469|S|21,0.66,,
Q92900|1107|S|21,Q99543|60|S|21,0.66,,
P18615|51|S|21,Q9H6H4|152|S|21,0.66,,
P18669|23|S|21,Q13813|1031|S|21,0.68,,
P29966|118|S|21,P29966|120|T|21,0.69,,
P29966|120|T|21,Q13263|541|T|21,0.7,,
P29966|120|T|21,P61978|9|T|21,0.74,,
P29966|120|T|21,P67809|271|T|21,0.68,,
P29692|118|S|21,P78310|334|T|21,0.67,,
P29966|101|S|21,P62070|186|S|21,0.66,,
P31943|104|S|21,P49756|677|S|21,0.73,,
P30086|54|S|21,Q9UK61|921|T|21,0.66,,
P30086|54|S|21,Q96PK6|225|S|21,0.69,,
Q96PK6|225|S|21,Q9HAS0|8|S|21,0.66,,
P30305|323|S|21,Q2KHR2|1128|S|21,0.66,,
P30305|323|S|21,Q15054|458|S|21,0.66,,
P30305|323|S|21,Q04721|2081|S|21,0.67,,
P30305|323|S|21,Q9NRL3|53|S|21,0.69,,
P30305|323|S|21,Q96E09|76|S|21,0.7,,
P30305|323|S|21,Q96E09|189|S|21,0.66,,
Q96E09|76|S|21,Q9NRL3|53|S|21,0.66,,
P30291|165|S|21,Q9H1E5|251|S|21,0.66,,
P30291|165|S|21,Q9H1E5|259|S|21,0.68,,
P30291|165|S|21,P30291|173|T|21,0.73,,
P30291|165|S|21,Q96GP6|653|S|21,0.66,,
Q9H1E5|251|S|21,Q9H1E5|259|S|21,0.83,,
Q9H1E5|251|S|21,P46821|1030|R|7,0.7,,
Q96GP6|653|S|21,Q9UQ35|901|S|21,0.67,,
Q96GP6|653|S|21,Q9H1E5|259|S|21,0.68,,
P29966|170|S|21,Q6KC79|318|S|21,0.66,,
P29966|27|S|21,P35611|358|S|21,0.72,,
P29966|27|S|21,Q9H307|347|S|21,0.7,,
P29966|46|S|21,Q9Y2H5|777|S|21,0.66,,
Q9H307|347|S|21,P27816|521|T|21,0.71,,
P29375|1365|S|21,P29375|1366|S|21,0.99,,
P29375|1365|S|21,P29375|1368|S|21,0.98,,
P29375|1366|S|21,P29375|1368|S|21,0.98,,
P29374|160|S|21,Q5T200|853|S|21,0.66,,
P29374|160|S|21,Q9UK61|1107|S|21,0.7,,
P29374|159|S|21,Q9UK61|1107|S|21,0.67,,
P29374|159|S|21,P29374|160|S|21,0.93,,
P29374|159|S|21,P37275|31|S|21,0.66,,
P28749|640|S|21,Q9BW71|125|S|21,0.67,,
P28749|640|S|21,P46379|1080|T|21,0.67,,
P28749|1041|S|21,Q9Y3R5|556|S|21,0.66,,
P29590|40|S|21,Q9BRZ2|475|S|21,0.67,,
P29590|527|S|21,Q96JY6|129|S|21,0.67,,
P29590|530|S|21,P29590|535|S|21,0.8,,
P29590|38|S|21,Q8NFC6|2780|S|21,0.69,,
P29590|38|S|21,P29590|40|S|21,0.72,,
P29590|403|S|21,P29590|408|S|21,0.8,,
P29590|36|S|21,Q3KQU3|116|S|21,0.67,,
P29590|36|S|21,P29590|38|S|21,0.71,,
P33241|252|S|21,Q8NE71|105|S|21,0.68,,
P33241|252|S|21,Q96D71|273|S|21,0.66,,
P33241|252|S|21,P35749|1954|S|21,0.69,,
P33241|252|S|21,Q09666|210|S|21,0.69,,
P33241|252|S|21,Q01433|168|S|21,0.67,,
P33241|252|S|21,Q9UMS6|904|T|21,0.71,,
Q8NE71|105|S|21,Q8WYK2|145|S|21,0.66,,
Q96D71|273|S|21,Q96D71|275|Y|21,0.74,,
Q96D71|273|S|21,Q96D71|274|S|21,0.66,,
P33176|933|S|21,Q9UQ35|848|T|21,0.67,,
P33527|930|S|21,P02545|424|T|21,0.7,,
P33527|930|S|21,P33527|931|T|21,0.71,,
P33527|930|S|21,Q9UQ35|996|Y|21,0.66,,
P33527|931|T|21,Q9UQ35|996|Y|21,0.68,,
P33981|436|S|21,Q8TEW0|889|S|21,0.67,,
P33981|436|S|21,Q8TAP8|87|S|21,0.75,,
P33981|436|S|21,P49757|295|S|21,0.7,,
P33981|436|S|21,Q13905|296|S|21,0.67,,
P33981|436|S|21,Q14151|444|S|21,0.69,,
P33981|436|S|21,Q9Y4H2|620|S|21,0.72,,
P33981|436|S|21,P29401|275|Y|21,0.68,,
P33527|915|S|21,Q8TEK3|900|T|21,0.66,,
P32519|167|S|21,Q13422|364|S|21,0.66,,
P32519|167|S|21,Q8WWQ0|1778|Y|21,0.75,,
P32519|167|S|21,Q16539|182|Y|21,0.72,,
P32519|167|S|21,Q9ULH0|1682|T|21,0.73,,
P32519|167|S|21,Q8WVB6|63|S|21,0.7,,
P32519|163|S|21,P32519|167|S|21,0.72,,
P35221|655|S|21,Q9Y2W1|939|S|21,0.67,,
P35221|655|S|21,Q92614|1970|S|21,0.7,,
P35221|652|S|21,P35221|655|S|21,0.68,,
P33991|31|S|21,P33991|32|S|21,0.76,,
P33991|77|S|21,P33991|78|S|21,0.98,,
P33991|77|S|21,Q9H7D0|1785|S|21,0.73,,
P33991|77|S|21,Q5T8P6|518|S|21,0.66,,
P33991|77|S|21,Q12830|2060|S|21,0.67,,
P33991|77|S|21,Q13435|360|S|21,0.66,,
P33991|77|S|21,Q96E09|47|T|21,0.66,,
P33991|77|S|21,P08670|64|R|34,0.69,,
P33991|78|S|21,Q96E09|47|T|21,0.68,,
P33991|78|S|21,P08670|64|R|34,0.7,,
P33991|78|S|21,Q9H7D0|1785|S|21,0.72,,
P33991|131|S|21,Q7Z2W4|390|S|21,0.67,,
Q96E09|47|T|21,P67809|231|R|7,0.7,,
Q96E09|47|T|21,Q9BXY0|202|T|21,0.66,,
Q9H7D0|1785|S|21,Q9H7D0|1789|S|21,0.68,,
Q9H7D0|1785|S|21,P36405|39|S|23,0.66,,
P33991|87|S|21,Q93008|2443|S|21,0.73,,
P33991|87|S|21,Q7Z434|139|S|21,0.71,,
P33991|87|S|21,Q05655|654|S|21,0.71,,
P33991|87|S|21,Q12802|2709|S|21,0.71,,
P30989|403|S|21,Q9BW04|133|S|21,0.66,,
P31323|114|S|21,Q99719|225|S|21,0.67,,
O43242|16|K|1,P42568|324|K|1,0.66,,
O43242|16|K|1,P26639|660|K|1,0.7,,
P30622|147|S|21,Q01484|904|S|21,0.7,,
P30622|197|S|21,Q9C0D5|63|S|21,0.72,,
Q96JB2|533|S|21,Q92576|1799|R|36,0.67,,
P31943|21|S|21,Q9UI08|369|S|21,0.66,,
P31943|21|S|21,Q9UKJ3|1081|S|21,0.68,,
P31943|21|S|21,P08708|120|T|21,0.77,,
P31943|21|S|21,Q9H4A3|185|S|21,0.66,,
P08708|120|T|21,Q14980|163|T|21,0.66,,
P32004|1178|S|21,P40123|307|T|21,0.67,,
P32004|1178|S|21,Q13501|277|S|21,0.66,,
P31689|335|S|21,Q8NFH5|259|S|21,0.66,,
P31689|335|S|21,P42566|814|S|21,0.67,,
Q8NFH5|259|S|21,Q9Y446|313|S|21,0.71,,
Q8NFH5|259|S|21,Q96HC4|111|S|21,0.7,,
Q8NFH5|259|S|21,Q9NRY4|970|S|21,0.67,,
P25440|633|S|21,P41208|22|K|53,0.66,,
P25490|247|S|21,Q8TD55|390|S|21,0.71,,
P26045|359|S|21,Q12802|650|S|21,0.66,,
P26045|357|S|21,Q9BYW2|1844|S|21,0.66,,
P25205|681|S|21,Q8IYB3|795|S|21,0.68,,
P25205|672|S|21,Q9H1E3|223|S|21,0.69,,
Q9H1E3|223|S|21,Q99442|158|T|21,0.67,,
Q9H1E3|223|S|21,Q9H1E3|222|T|21,0.68,,
P25440|298|S|21,Q6Y7W6|30|S|21,0.67,,
P25440|298|S|21,P25440|301|S|21,0.72,,
P26373|106|S|21,Q8NDX6|44|S|21,0.69,,
P26373|140|S|21,Q01433|190|S|21,0.68,,
P26599|140|S|21,P26599|141|S|21,0.68,,
P26358|714|S|21,Q5VUA4|136|S|21,0.66,,
P26358|394|S|21,Q5VT52|1099|S|21,0.72,,
P24928|1864|S|21,P24928|1868|S|21,0.68,,
P23769|192|S|21,Q9NYD6|210|S|21,0.67,,
P23769|192|S|21,Q9BZ95|561|S|21,0.66,,
P23769|192|S|21,Q5VTL8|475|S|21,0.71,,
Q5VTL8|475|S|21,Q9NYD6|210|S|21,0.7,,
O95297|263|Y|21,P53801|174|Y|21,0.7,,
O95297|263|Y|21,Q96QD8|41|Y|21,0.66,,
P53801|174|Y|21,Q96QD8|41|Y|21,0.76,,
P25054|780|S|21,Q15361|872|S|21,0.66,,
P25054|780|S|21,Q03468|1348|S|21,0.66,,
P25054|780|S|21,Q9BTX1|500|S|21,0.7,,
P24928|1913|S|21,Q8N573|201|S|21,0.67,,
P24928|1913|S|21,P24928|1920|S|21,0.75,,
P24928|1913|S|21,Q13177|2|S|21,0.69,,
Q92614|2002|S|21,Q92614|2006|S|21,0.68,,
Q9BXP5|4|S|21,P13639|57|T|21,0.7,,
P28290|1174|S|21,Q9H7D0|1805|S|21,0.66,,
P28290|1174|S|21,Q9Y6M1|161|S|21,0.7,,
P28290|1174|S|21,Q5VV41|230|S|21,0.69,,
Q5VV41|230|S|21,Q9H0G5|33|S|21,0.66,,
P28715|563|S|21,P61006|185|S|21,0.67,,
P28715|526|S|21,Q8ND76|326|S|21,0.66,,
Q8NE86|332|K|1,Q9UJU6|131|K|1,0.68,,
Q8NE86|332|K|1,Q9UNL4|127|K|1,0.7,,
Q8NE86|332|K|1,Q9UNL4|129|K|1,0.71,,
P28347|11|S|21,P28347|7|S|21,0.77,,
P27816|280|S|21,Q8IYB3|874|S|21,0.66,,
Q8IYB3|874|S|21,Q9UQ35|2132|S|21,0.67,,
P27816|358|S|21,P55327|176|S|21,0.73,,
P27816|580|S|21,P35251|71|S|21,0.66,,
P27816|580|S|21,Q9P0K7|411|S|21,0.67,,
P27816|507|S|21,Q9NWT1|320|S|21,0.7,,
P27816|507|S|21,Q8WWM7|594|S|21,0.7,,
P27448|469|S|21,Q8WWM7|409|S|21,0.66,,
P27448|540|S|21,Q5T5U3|857|S|21,0.66,,
P27816|825|S|21,Q9UBP0|268|S|21,0.69,,
P27824|583|S|21,Q6UN15|492|S|21,0.66,,
P27824|583|S|21,P56192|825|S|21,0.68,,
P27816|99|S|21,Q9Y4H2|1162|S|21,0.67,,
P27824|554|S|21,Q58FG0|89|S|21,0.69,,
P27824|554|S|21,Q13435|307|S|21,0.67,,
P27824|554|S|21,Q86UP2|75|S|21,0.66,,
P27816|624|S|21,Q99638|277|S|21,0.67,,
P27816|624|S|21,Q13586|668|S|21,0.68,,
P27816|636|S|21,Q12888|552|S|21,0.66,,
Q9UKV3|1004|S|21,Q9Y6G9|207|S|21,0.66,,
Q9UKV3|240|S|21,Q9UKV3|243|S|21,0.72,,
Q9UKI2|91|S|21,Q96D71|275|Y|21,0.66,,
Q9UKN8|611|S|21,Q6PD62|925|T|21,0.68,,
Q9ULC8|675|S|21,Q9ULC8|682|S|21,0.84,,
Q9Y6W5|296|S|21,Q9Y6W5|308|S|21,0.67,,
Q9ULH1|733|S|21,Q14676|337|R|7,0.67,,
Q9UKV3|655|S|21,Q9UKV3|657|S|21,0.8,,
Q9UKV3|490|S|21,Q9UMZ2|752|S|21,0.67,,
Q9UKY1|47|S|21,Q9UKY1|48|S|21,0.9,,
Q9UJF2|946|S|21,Q9Y6R0|324|S|21,0.66,,
Q9UJV9|23|S|21,Q9UKV3|243|S|21,0.66,,
Q9UJX2|576|S|21,Q9UJX2|578|S|21,0.71,,
Q9UIS9|295|S|21,Q9UIS9|297|S|21,0.75,,
Q9UKA4|1337|S|21,Q9UKA4|1340|S|21,0.95,,
Q9UK76|87|S|21,Q9UK76|88|S|21,0.66,,
Q9UK76|88|S|21,P27816|521|T|21,0.66,,
Q9UKA4|422|S|21,Q9UKA4|433|S|21,0.81,,
Q9UK59|514|S|21,Q9UPQ0|973|S|21,0.66,,
Q9UK58|335|S|21,Q9UK58|342|S|21,0.67,,
Q9UK61|971|S|21,Q9UK61|972|S|21,0.71,,
Q9UPN3|4521|S|21,Q9H7N4|238|Y|21,0.68,,
Q9UPN3|3929|S|21,Q9NZQ3|181|T|21,0.66,,
Q9UPN3|3929|S|21,P46821|1788|T|21,0.68,,
Q9UN81|18|S|21,Q9ULH0|1682|T|21,0.66,,
Q9UNS1|1173|S|21,P23193|96|T|21,0.66,,
Q9UNN5|289|S|21,Q9Y343|116|S|21,0.66,,
Q9UNN5|320|S|21,Q9Y6M7|233|S|21,0.74,,
Q9UPT8|1269|S|21,Q9UPT8|1275|S|21,0.71,,
Q9UPT8|1275|S|21,Q6PD62|925|T|21,0.66,,
Q9UPT8|1275|S|21,Q9Y5J1|206|S|21,0.66,,
Q9UPT8|1275|S|21,P07737|105|K|34,0.69,,
Q9UPT8|1104|S|21,Q9UPT8|1108|S|21,0.66,,
Q9UPT8|1104|S|21,Q9UPT8|1110|S|21,0.76,,
P07737|105|K|34,P07737|116|K|34,0.67,,
Q9UPN6|604|S|21,Q9UPN6|605|S|21,0.85,,
Q9UPQ0|680|S|21,Q9UPQ0|681|S|21,0.79,,
Q9UPQ0|670|S|21,Q9UPQ0|680|S|21,0.67,,
Q9ULL5|915|S|21,Q9ULL5|917|S|21,0.74,,
Q9ULL5|1381|S|21,Q9ULL5|1382|S|21,0.72,,
Q9ULR3|211|S|21,P07237|386|K|34,0.67,,
Q9ULR3|211|S|21,P41229|1358|T|21,0.67,,
P07237|386|K|34,P62081|70|K|34,0.67,,
P07237|386|K|34,P30153|358|K|34,0.69,,
P07237|386|K|34,P55072|45|K|34,0.71,,
P07237|386|K|34,P35579|355|K|34,0.67,,
P07237|386|K|34,P13010|525|K|34,0.71,,
Q9ULM3|536|S|21,Q9UPN4|79|T|21,0.66,,
Q9ULH7|211|S|21,Q9ULH7|225|S|21,0.68,,
Q9UMS6|611|S|21,Q9UMS6|623|S|21,0.77,,
Q9UMS6|902|S|21,Q9UMS6|906|S|21,0.71,,
Q9UMN6|1032|S|21,Q9UMN6|1035|S|21,0.8,,
Q9UMX0|7|S|21,Q14498|139|R|7,0.71,,
Q9UMZ2|473|S|21,Q9UPT8|159|S|21,0.66,,
Q9ULU4|24|S|21,Q9ULU4|40|S|21,0.77,,
Q9ULU4|432|S|21,Q9H2Y7|640|T|21,0.66,,
Q9ULU4|432|S|21,Q9ULU4|444|S|21,0.68,,
Q9ULW0|738|S|21,Q9Y618|956|S|21,0.66,,
Q9P2B4|557|S|21,Q9P2B4|563|S|21,0.69,,
Q9P2D1|2272|S|21,Q9P2D1|2275|S|21,0.81,,
Q9P206|858|S|21,O43491|684|H|53,0.67,,
Q9P206|858|S|21,Q9P206|862|S|21,0.76,,
Q9UBB9|98|S|21,P25705|316|K|34,0.66,,
P25705|316|K|34,Q9UQ80|62|K|34,0.69,,
P25705|316|K|34,Q9Y383|135|K|34,0.74,,
P25705|316|K|34,Q06830|35|K|34,0.71,,
P25705|316|K|34,Q05639|146|K|34,0.79,,
P25705|316|K|34,Q04917|28|K|34,0.69,,
P25705|316|K|34,Q02790|354|K|34,0.76,,
P25705|316|K|34,P68366|280|K|34,0.68,,
P25705|316|K|34,P39023|312|K|34,0.74,,
P25705|316|K|34,P63104|138|K|34,0.66,,
P25705|316|K|34,P62826|71|K|34,0.67,,
P25705|316|K|34,P60174|113|K|34,0.7,,
P25705|316|K|34,P60842|309|K|34,0.71,,
Q9UBC2|107|S|21,P18669|21|R|7,0.66,,
Q9UBC2|229|S|21,Q9UKV3|408|T|21,0.68,,
Q9UBC2|229|S|21,Q8NAF0|482|T|21,0.66,,
Q8NAF0|482|T|21,Q9UKV3|408|T|21,0.66,,
Q9P2R6|53|S|21,Q9P2R6|56|S|21,0.99,,
Q9P2R6|600|S|21,Q9UPN6|617|S|21,0.7,,
Q9P2M7|149|S|21,Q9Y446|238|S|21,0.66,,
Q9NZT2|579|S|21,Q9NZT2|585|S|21,0.73,,
P40227|465|K|34,Q06830|168|K|34,0.75,,
P40227|465|K|34,Q9Y277|266|K|34,0.66,,
P40227|465|K|34,P51149|126|K|34,0.67,,
P40227|465|K|34,Q02878|285|K|34,0.7,,
Q9NYZ3|461|S|21,Q9NYZ3|465|S|21,0.83,,
Q9NZ56|396|S|21,Q9NZ56|400|S|21,0.89,,
Q9NZL4|350|S|21,Q9Y485|916|S|21,0.68,,
Q9P206|327|S|21,Q9UDY2|1067|S|21,0.68,,
Q9P0K1|857|S|21,Q92615|732|T|21,0.67,,
Q9P107|437|S|21,Q9P107|441|S|21,0.72,,
Q9UHB7|694|S|21,Q86X29|435|T|21,0.66,,
Q9UHB7|694|S|21,P20700|145|K|34,0.68,,
Q86X29|435|T|21,Q8IZA0|974|T|21,0.66,,
Q9UHB7|487|S|21,Q9Y6M7|382|S|21,0.66,,
Q9UHB7|706|S|21,O14974|696|T|21,0.68,,
P20700|145|K|34,Q04637|964|K|34,0.69,,
Q9UHB7|1055|S|21,Q9UHB7|1058|S|21,0.78,,
Q9UGU5|502|S|21,Q9UGU5|512|S|21,0.76,,
Q9UGU5|102|S|21,Q9Y2U5|331|S|21,0.67,,
Q9UHB6|132|S|21,Q8WW12|139|T|21,0.66,,
Q9UHB6|225|S|21,Q9UHB7|706|S|21,0.68,,
Q9UHR4|414|S|21,Q8TE68|553|T|21,0.66,,
Q9UI08|345|S|21,Q9UI08|349|S|21,0.72,,
Q9UHF7|1081|S|21,Q9UHF7|1085|S|21,0.73,,
Q9UHF7|178|S|21,Q9UKE5|548|S|21,0.69,,
Q9UBW7|838|S|21,Q9Y3Q8|62|S|21,0.72,,
Q9UDY2|430|S|21,Q9UDY2|431|S|21,0.7,,
Q9UDY2|966|S|21,O15231|204|T|21,0.66,,
Q9UBW5|440|S|21,Q9UBW5|444|S|21,0.68,,
P60033|127|Y|23,P14136|390|R|7,0.67,,
Q9UBS0|417|S|21,Q9UBS0|419|R|36,0.78,,
Q9UGP4|323|S|21,Q9UGP4|327|S|21,0.89,,
Q9UEY8|681|S|21,Q8WWI1|1425|T|21,0.68,,
Q9UEY8|679|S|21,Q9UEY8|681|S|21,0.74,,
Q9UEY8|679|S|21,P53396|453|T|21,0.67,,
Q9UEY8|679|S|21,Q8WWI1|1425|T|21,0.67,,
Q9Y608|328|S|21,Q92974|152|T|21,0.66,,
Q9Y5W9|194|S|21,P23588|444|K|53,0.66,,
Q9Y608|320|S|21,O75781|145|T|21,0.68,,
Q9Y6X9|777|S|21,Q9Y6X9|779|S|21,0.9,,
Q9Y4H2|308|S|21,P12277|366|R|7,0.67,,
Q9Y4H2|308|S|21,Q7Z4S6|1072|T|23,0.66,,
P12277|366|R|7,P17600|679|R|7,0.69,,
P12277|366|R|7,P67809|166|E|299,0.68,,
Q7Z4S6|1072|T|23,P10809|387|K|53,0.67,,
Q9Y4H2|594|S|21,Q5JTD0|422|T|21,0.66,,
Q9Y4H2|594|S|21,Q9UJ41|131|T|21,0.68,,
Q9Y4H2|591|S|21,Q9BYG3|223|T|21,0.68,,
Q9Y4C8|949|S|21,Q9Y4C8|953|S|21,0.98,,
Q9Y4B5|1421|S|21,Q9Y4B5|1417|T|21,0.68,,
Q9Y4E6|1153|S|21,Q8N573|203|T|21,0.66,,
P55011|217|T|21,Q8N684|203|T|21,0.66,,
Q9Y4H2|731|S|21,Q9Y4H2|736|S|21,0.73,,
Q9Y520|2680|S|21,Q9Y520|2682|T|21,0.68,,
Q9Y520|1246|S|21,Q9Y520|1249|S|21,0.75,,
P78344|508|T|21,Q14671|711|T|21,0.66,,
P16401|11|T|21,P29966|120|T|21,0.66,,
P16401|11|T|21,Q9BW04|456|T|21,0.67,,
P16402|18|T|21,P67809|271|T|21,0.69,,
P16402|18|T|21,P16402|4|T|21,0.7,,
P16402|18|T|21,P16403|4|T|21,0.68,,
P16402|18|T|21,P29966|120|T|21,0.7,,
P16402|18|T|21,Q14004|1147|T|21,0.74,,
P16402|18|T|21,Q5JTV8|220|T|21,0.7,,
P16402|18|T|21,Q9UKV3|408|T|21,0.75,,
P16402|18|T|21,Q9H7D0|1808|T|21,0.68,,
P16402|18|T|21,Q9H307|441|T|21,0.66,,
P67809|271|T|21,Q6ZRV2|894|T|21,0.68,,
P67809|271|T|21,Q13428|1110|T|21,0.69,,
P16402|4|T|21,Q5JTV8|220|T|21,0.67,,
Q14004|1147|T|21,Q9H7D0|1808|T|21,0.66,,
Q14004|1147|T|21,Q9UKV3|408|T|21,0.66,,
Q5JTV8|220|T|21,Q9UKV3|408|T|21,0.74,,
Q92609|45|T|21,O43290|454|K|53,0.72,,
P05114|81|T|21,P78312|1128|T|21,0.68,,
P05114|81|T|21,P16402|4|T|21,0.67,,
P10412|18|T|21,P16402|18|T|21,0.72,,
P10412|18|T|21,Q15910|487|T|21,0.67,,
Q15910|487|T|21,Q8N3X1|479|T|21,0.66,,
P06748|234|T|21,P06748|237|T|21,0.66,,
P07814|467|T|21,Q9H400|274|T|21,0.66,,
P20848|111|T|21,Q6UUV9|159|T|21,0.69,,
P20848|111|T|21,Q9HB90|10|T|21,0.72,,
P20848|111|T|21,P61978|9|T|21,0.74,,
P20848|111|T|21,P67809|271|T|21,0.67,,
P20848|111|T|21,P20848|94|T|21,0.93,,
P20848|111|T|21,P20848|98|T|21,0.9,,
Q6UUV9|159|T|21,Q9NQ84|423|T|21,0.73,,
Q9HB90|10|T|21,Q9NQ84|423|T|21,0.67,,
Q9HB90|10|T|21,Q9NRL2|731|T|21,0.71,,
P61978|9|T|21,Q13263|541|T|21,0.68,,
P61978|9|T|21,Q14847|68|T|21,0.68,,
P20848|98|T|21,Q6UUV9|159|T|21,0.69,,
P20848|98|T|21,Q9HB90|10|T|21,0.7,,
P20848|98|T|21,Q96JN0|41|T|21,0.69,,
P20848|98|T|21,P61978|9|T|21,0.66,,
P21359|862|T|21,P67809|271|T|21,0.66,,
P21359|862|T|21,Q9NW97|234|T|21,0.66,,
P21359|862|T|21,Q13428|1110|T|21,0.73,,
P21359|862|T|21,Q14004|1147|T|21,0.66,,
P21359|862|T|21,Q96ST3|1110|T|21,0.71,,
P19338|76|T|21,Q16514|43|T|21,0.69,,
P20042|111|T|21,Q99442|375|T|21,0.66,,
Q99442|375|T|21,Q9HB90|10|T|21,0.71,,
Q99442|375|T|21,Q9P1Y6|917|T|21,0.66,,
P17096|39|T|21,Q9Y2D5|399|T|21,0.72,,
P41162|414|T|21,Q9H307|441|T|21,0.68,,
P18858|182|T|21,P18858|183|T|21,0.84,,
P18887|440|T|21,Q14980|163|T|21,0.7,,
Q6ZRV2|894|T|21,Q9UKK3|101|T|21,0.71,,
Q6ZRV2|894|T|21,Q8TD55|311|T|21,0.67,,
Q6ZRV2|894|T|21,Q9H7D0|1814|T|21,0.66,,
O75976|1370|T|21,Q86YS7|285|T|21,0.67,,
O60504|529|T|21,O95365|517|T|21,0.73,,
O60504|529|T|21,P38159|327|Y|21,0.73,,
O60271|217|T|21,Q9Y666|973|T|21,0.66,,
O60716|199|T|21,O60716|201|T|21,0.72,,
O60716|199|T|21,Q96PU5|344|T|21,0.66,,
O43663|470|T|21,Q8NAF0|482|T|21,0.66,,
O00192|642|T|21,Q9UN86|227|T|21,0.66,,
E9PAV3|2022|T|21,Q9H7D0|1814|T|21,0.72,,
E9PAV3|2022|T|21,P29966|120|T|21,0.67,,
Q9Y6Y0|338|S|21,P36507|394|T|21,0.68,,
P36507|394|T|21,P42167|208|T|21,0.73,,
E9PAV3|2020|T|21,P16402|18|T|21,0.68,,
E9PAV3|2020|T|21,Q14004|1147|T|21,0.75,,
E9PAV3|2020|T|21,P67809|271|T|21,0.66,,
E9PAV3|2020|T|21,Q13428|1110|T|21,0.66,,
E9PAV3|2020|T|21,O15231|204|T|21,0.71,,
O14683|16|T|21,P17096|39|T|21,0.66,,
O00515|40|T|21,P35568|1103|T|21,0.69,,
Q86YS7|285|T|21,Q9H7D0|1814|T|21,0.68,,
O96013|478|T|21,Q9BXP5|544|T|21,0.71,,
Q02952|597|T|21,Q8IXJ6|365|T|21,0.66,,
O75533|350|T|21,Q9HB90|10|T|21,0.68,,
O75976|1368|T|21,O75976|1370|T|21,0.71,,
Q9UQ35|2692|S|21,Q9UQ35|2694|S|21,0.82,,
Q9UQ35|2436|S|21,P02671|271|R|7,0.66,,
Q9UQ35|2436|S|21,Q9UQ35|2438|S|21,0.88,,
P02671|271|R|7,Q00839|442|R|7,0.68,,
Q9UQ35|377|S|21,Q9UQ35|395|S|21,0.79,,
Q9UQ35|377|S|21,Q9UQ35|398|S|21,0.81,,
Q9UQ35|377|S|21,Q9Y2X7|385|S|21,0.67,,
Q9UQ35|395|S|21,Q9UQ35|398|S|21,0.67,,
Q9UQ35|323|S|21,Q9UQ35|1003|T|21,0.66,,
Q9UQ35|295|S|21,Q9UQ35|297|S|21,0.89,,
Q9UQ35|295|S|21,Q8IYB3|406|T|21,0.69,,
Q8IYB3|406|T|21,Q9UQ35|1003|T|21,0.66,,
Q9UQ35|2102|S|21,Q9UQ35|857|S|21,0.69,,
Q9UQ35|857|S|21,Q9UQ35|866|T|21,0.71,,
Q9UQ35|2032|S|21,Q9UQ35|2022|T|21,0.68,,
Q9UQ35|2398|S|21,Q9UQ35|1003|T|21,0.67,,
Q9UQ35|2132|S|21,Q9UQ35|1003|T|21,0.7,,
Q9UQ35|908|S|21,Q9UQ35|903|T|21,0.73,,
Q9UQ35|902|S|21,Q9UQ35|903|T|21,0.66,,
Q9UQ35|902|S|21,Q9UQ35|908|S|21,0.66,,
Q9UQ35|952|S|21,Q9UQ35|954|S|21,0.82,,
Q9UQ35|901|S|21,Q9UQ35|903|T|21,0.77,,
Q9UQ35|901|S|21,Q9UQ35|902|S|21,0.79,,
Q9UQ35|901|S|21,Q9UQ35|908|S|21,0.78,,
Q9UQ35|994|S|21,Q9UQ35|1177|T|21,0.66,,
Q9UQ35|854|S|21,Q9UQ35|864|S|21,0.69,,
Q9UQ35|846|S|21,Q9UQ35|857|S|21,0.74,,
Q9UQ35|866|T|21,P07737|70|K|34,0.66,,
Q9UQ35|817|S|21,Q9Y520|2693|T|21,0.66,,
Q9UQ35|1179|S|21,Q9UQ35|1177|T|21,0.67,,
Q9UQ35|1443|S|21,Q9UQ35|1444|S|21,0.8,,
Q9UQ35|1041|S|21,Q9UQ35|1042|S|21,0.68,,
Q9UQ35|1102|S|21,Q9UQ35|1501|S|21,0.68,,
Q9UQ35|1501|S|21,Q9UQ35|952|S|21,0.66,,
Q9UQ35|1501|S|21,Q9UQ35|1731|S|21,0.67,,
Q9UQ35|1101|S|21,Q9UQ35|952|S|21,0.66,,
Q9UQ35|1101|S|21,Q9UQ35|954|S|21,0.68,,
Q9UQ35|1101|S|21,Q9UQ35|1731|S|21,0.75,,
Q9UQ35|1101|S|21,Q9UQ35|1102|S|21,0.79,,
Q9UQ35|1693|S|21,Q9UQ35|1694|S|21,0.66,,
Q9UQ35|1857|S|21,Q9UQ35|1856|T|21,0.72,,
Q9UQ35|1854|S|21,Q9UQ35|1857|S|21,0.68,,
Q9UQ35|1854|S|21,Q9UQ35|1856|T|21,0.69,,
Q9UQ35|1876|S|21,Q9UQ35|1878|S|21,0.86,,
Q9UQ35|1876|S|21,Q9UQ35|1880|T|21,0.66,,
Q9UQ35|1822|S|21,Q9UQ35|1824|S|21,0.78,,
Q9UQ35|1842|S|21,Q8IYB3|581|T|21,0.66,,
Q9UQ35|1499|S|21,Q9UQ35|954|S|21,0.69,,
Q9UQ35|1499|S|21,Q9UQ35|952|S|21,0.71,,
Q9UQ35|1600|S|21,Q9UQ35|1601|S|21,0.75,,
Q9UQ35|1581|S|21,Q9UQ35|1582|S|21,0.84,,
Q9UQ35|1541|S|21,Q9UQ35|1542|S|21,0.72,,
Q9Y2X7|361|S|21,Q9Y2X7|362|S|21,0.71,,
Q9Y2W2|237|S|21,Q9Y2W2|236|Y|21,0.68,,
Q9Y383|18|S|21,Q9Y383|17|T|21,0.77,,
Q9Y2W1|53|S|21,Q9Y2W1|54|Y|21,0.91,,
Q9Y2W1|53|S|21,P12270|2116|T|21,0.7,,
Q9Y2W1|377|S|21,Q9Y2W1|379|S|21,0.66,,
Q9Y485|1895|S|21,Q9Y485|1896|S|21,0.79,,
Q9Y385|268|S|21,Q9Y385|267|T|21,0.79,,
Q9Y385|268|S|21,Q16666|149|T|21,0.67,,
Q9Y2D5|120|S|21,Q9Y4W2|612|S|21,0.71,,
Q9UQB8|452|S|21,Q6GYQ0|754|T|21,0.68,,
Q9UQB8|452|S|21,Q9Y666|973|T|21,0.7,,
Q9UQB8|311|S|21,Q9Y446|93|S|21,0.66,,
Q9UQE7|1067|S|21,P30040|137|K|34,0.67,,
Q9UQC2|634|S|21,O14639|359|R|7,0.66,,
Q9Y2I7|475|S|21,Q9Y2I7|493|S|21,0.7,,
Q9Y2J2|460|S|21,Q9Y2J2|469|T|21,0.7,,
Q9Y2H6|206|S|21,Q9Y2H6|207|S|21,0.7,,
Q9H0E3|875|S|21,Q9H0E3|874|K|53,0.72,,
Q9H0E3|875|S|21,Q9H0E3|878|K|53,0.82,,
Q9H0D6|448|S|21,Q9UHJ3|775|S|21,0.72,,
Q9GZT3|102|S|21,Q9Y608|328|S|21,0.67,,
Q9GZV5|89|S|21,Q9H7D0|1789|S|21,0.71,,
Q9H019|237|S|21,P55011|217|T|21,0.68,,
Q9H063|60|S|21,Q9H063|68|S|21,0.81,,
Q9H0G5|254|S|21,Q9Y3R5|1193|S|21,0.67,,
Q9H0W8|4|S|21,Q9H0W8|7|S|21,0.82,,
Q9C0C9|399|S|21,Q9C0C9|401|S|21,0.67,,
Q9C0C2|1620|S|21,Q9C0C2|1621|S|21,0.84,,
Q9C0C2|1620|S|21,Q9UQ35|2694|S|21,0.71,,
Q9C0C2|1620|S|21,Q8IYB3|614|T|21,0.72,,
Q9C0C2|1621|S|21,Q9NXG2|86|S|21,0.66,,
Q9C0C2|1621|S|21,Q8IYB3|614|T|21,0.68,,
Q9NXG2|86|S|21,Q9NXG2|88|S|21,0.92,,
Q9C0K0|381|S|21,Q9Y4W2|612|S|21,0.67,,
Q9C0K0|381|S|21,P06239|192|Y|21,0.66,,
Q9C0J8|1219|S|21,Q8IZL8|745|T|21,0.67,,
Q9C0I1|564|S|21,Q9UHR4|331|S|21,0.68,,
Q9C0I1|564|S|21,Q9H6S3|17|S|21,0.66,,
Q9GZR1|362|S|21,Q9H501|298|S|21,0.7,,
Q9H501|298|S|21,Q9UBL6|632|T|21,0.76,,
Q9H501|298|S|21,Q7L4I2|220|T|21,0.66,,
Q9H501|298|S|21,P51532|1423|T|21,0.66,,
Q9C0C9|89|S|21,Q9ULH0|1681|S|21,0.69,,
Q9H330|15|S|21,Q9H330|16|S|21,0.7,,
Q9HB58|244|S|21,P13639|435|T|21,0.67,,
Q9H2Y7|1025|S|21,Q9H2Y7|1026|S|21,0.85,,
Q9H307|100|S|21,Q9NR30|89|S|21,0.66,,
Q9H2Y7|861|S|21,Q9P0K8|8|S|21,0.7,,
Q9H4G0|648|S|21,Q9H4G0|650|S|21,0.68,,
Q9H4G0|648|S|21,Q9H4G0|645|R|7,0.8,,
Q9H4G0|650|S|21,Q9H4G0|645|R|7,0.69,,
Q9H3Z4|10|S|21,Q9H3Z4|11|T|21,0.7,,
Q9H3Z4|11|T|21,P02686|183|R|7,0.69,,
Q9H4A3|2011|S|21,Q9H4A3|2012|S|21,0.74,,
Q9H410|58|S|21,Q8N8S7|489|T|21,0.67,,
Q9H1K0|230|S|21,Q9H1K0|232|S|21,0.68,,
Q9H1C4|547|S|21,Q9H1C4|550|S|21,0.91,,
Q9H1B7|659|S|21,Q9H1B7|662|S|21,0.69,,
Q9H1E3|204|S|21,Q9H1E3|202|T|21,0.72,,
Q9H1E3|181|S|21,Q9H1E3|179|T|21,0.67,,
Q9H2J7|699|S|21,Q9H2J7|701|S|21,0.78,,
Q9H2P0|709|S|21,Q9P0K8|8|S|21,0.66,,
Q9H2K8|324|S|21,Q9H7N4|738|S|21,0.67,,
Q9H246|95|S|21,Q9Y6M7|233|S|21,0.67,,
Q9H1Z4|113|S|21,Q9H1Z4|116|S|21,0.85,,
Q9BVS4|332|S|21,Q9BVS4|335|S|21,0.79,,
Q9BUZ4|426|S|21,Q9NQX3|188|S|21,0.66,,
Q9NQX3|188|S|21,Q9NQX3|194|S|21,0.84,,
Q9BVJ6|29|S|21,Q9BVJ6|31|S|21,0.83,,
Q9BVJ6|29|S|21,Q9H7N4|734|S|21,0.66,,
Q9BVJ6|31|S|21,Q9NU22|4538|S|21,0.78,,
Q9BVJ6|31|S|21,Q9BW71|291|S|21,0.7,,
Q9BVJ6|31|S|21,Q9H4L7|212|S|21,0.69,,
Q9BVJ6|31|S|21,Q9H7N4|734|S|21,0.66,,
Q9BW71|332|S|21,Q9BW71|333|S|21,0.88,,
Q9BW71|143|S|21,Q9UQ35|424|S|21,0.68,,
Q9BW71|100|S|21,O00267|1034|T|21,0.7,,
Q9BW61|95|S|21,Q9UKV3|838|S|21,0.67,,
Q9BW71|227|S|21,Q9P2R6|600|S|21,0.66,,
Q9BW71|159|S|21,Q9BW71|160|S|21,0.7,,
Q9BW71|196|S|21,Q9BW71|199|S|21,0.77,,
Q9BTK6|143|S|21,Q9BTK6|148|S|21,0.86,,
Q9BTC8|428|S|21,Q9BTC8|430|S|21,0.66,,
Q9BTA9|523|S|21,Q9UBW7|624|S|21,0.66,,
Q9BUL5|317|S|21,Q9UJD0|107|S|21,0.67,,
Q9BUH6|148|S|21,Q9Y3Z3|592|T|21,0.67,,
Q9BTU6|5|S|21,Q9BTU6|9|S|21,0.89,,
Q9BTX1|471|S|21,Q9BTX1|474|S|21,0.75,,
Q9BUA3|248|S|21,Q9NQS7|218|S|21,0.68,,
Q9BUA3|248|S|21,Q9BUA3|251|S|21,0.8,,
Q9NQS7|218|S|21,Q9NQS7|219|T|21,0.74,,
Q9BZL6|198|S|21,Q9BZL6|199|T|21,0.73,,
Q9BZL6|198|S|21,Q9BZL6|200|S|21,0.71,,
Q9C040|370|S|21,Q9C040|375|S|21,0.85,,
Q9BYW2|614|S|21,Q9BYW2|624|S|21,0.67,,
Q9C0B5|429|S|21,Q9C0B5|432|S|21,0.66,,
Q9C0B5|401|S|21,P17066|38|R|7,0.66,,
Q9C0B5|401|S|21,Q9Y4H2|308|S|21,0.68,,
P17066|38|R|7,P18124|236|R|7,0.68,,
Q9C0B5|693|S|21,Q8NFJ5|347|Y|21,0.68,,
Q9C0B5|296|S|21,Q9C0B5|299|S|21,0.73,,
Q9C0B5|305|S|21,Q9C0B5|307|S|21,0.78,,
Q9BXF6|397|S|21,Q9Y450|69|S|21,0.72,,
Q9BXP5|67|S|21,Q9BXP5|74|S|21,0.77,,
Q9BX95|112|S|21,Q9BZ23|189|S|21,0.66,,
Q9BWU0|712|S|21,Q9H0X4|21|S|21,0.67,,
Q9BYW2|323|S|21,Q9H1A4|688|S|21,0.68,,
Q9BYW2|458|S|21,Q9BYW2|459|S|21,0.79,,
Q9BYW2|458|S|21,Q9BYW2|461|S|21,0.97,,
Q9BY44|503|S|21,O14545|414|T|21,0.66,,
Q9BXY0|197|S|21,Q9BXY0|202|T|21,0.72,,
Q9BY89|1062|S|21,Q9Y6G9|32|S|21,0.68,,
Q9NSV4|1091|S|21,P29401|287|T|21,0.69,,
Q9NSI6|2018|S|21,Q9NSI6|2020|S|21,0.86,,
Q9NTI5|1156|S|21,Q9H4L4|176|T|21,0.67,,
Q9NTI5|1156|S|21,O60504|529|T|21,0.68,,
Q9NTI5|1156|S|21,O95365|517|T|21,0.73,,
Q9NTI5|1156|S|21,P09651|357|Y|21,0.67,,
Q9NTI5|1156|S|21,P38159|327|Y|21,0.7,,
Q9NSY1|949|S|21,Q9UK61|971|S|21,0.71,,
Q9NSY1|1107|S|21,Q9UET6|271|S|21,0.7,,
Q9NUN5|528|S|21,Q9NUN5|531|S|21,0.81,,
Q9NUN5|528|S|21,Q9UQ35|1102|S|21,0.66,,
Q9NTJ3|27|S|21,Q9NTJ3|28|S|21,0.66,,
Q9NQT8|1797|S|21,Q76FK4|302|T|21,0.66,,
Q9NQW6|182|S|21,Q9UQ35|295|S|21,0.68,,
Q9NQW6|182|S|21,Q8IYB3|406|T|21,0.66,,
Q9NQW6|792|S|21,Q9Y6W5|308|S|21,0.68,,
Q9NQW6|517|S|21,Q86WB0|387|T|21,0.7,,
Q86WB0|387|T|21,Q68CZ2|780|Y|21,0.66,,
Q9NQG6|59|S|21,Q9UJ41|131|T|21,0.67,,
Q9NQC7|399|S|21,O75569|20|T|21,0.7,,
Q9NR19|30|S|21,O14974|443|T|21,0.67,,
Q9NYF8|883|S|21,Q9Y5T5|415|S|21,0.7,,
Q9NYF3|273|S|21,P18858|195|T|21,0.66,,
Q9NYF8|272|S|21,Q9NYF8|274|S|21,0.67,,
Q9NYF8|274|S|21,P0DMV8|561|K|37,0.67,,
Q9NYF8|230|S|21,Q9NYV4|325|S|21,0.66,,
Q9NYV4|383|S|21,Q9NYV4|385|S|21,0.83,,
Q9NYV4|333|S|21,Q9UDT6|207|S|21,0.68,,
Q9NYV4|333|S|21,Q9NYV4|334|S|21,0.67,,
Q9NYV4|323|S|21,Q9NYV4|325|S|21,0.68,,
Q9NYV4|681|S|21,Q9NYV4|685|S|21,0.84,,
Q9NYV4|685|S|21,Q8WXI9|120|T|21,0.68,,
Q9NYL9|25|S|21,O00192|642|T|21,0.66,,
Q9NVU7|234|S|21,Q9NVU7|236|S|21,0.79,,
Q9NVZ3|186|S|21,P21127|595|T|21,0.69,,
Q9NVU7|232|S|21,Q9NVU7|236|S|21,0.73,,
Q9NWB6|77|S|21,Q9Y6G9|207|S|21,0.66,,
Q9NV70|470|S|21,P52594|177|T|21,0.68,,
Q9NV56|194|S|21,Q9NV56|195|S|21,0.68,,
Q9NUQ6|455|S|21,Q9UHW9|1032|S|21,0.66,,
Q9NVU0|161|S|21,Q9NVU0|162|S|21,0.78,,
Q9NXR1|211|S|21,Q9NXR1|214|S|21,0.79,,
Q9H7D0|1766|S|21,Q9UHR4|331|S|21,0.68,,
Q9H7D0|1766|S|21,Q9Y2H5|777|S|21,0.67,,
Q9H7L9|234|S|21,Q9H7L9|236|S|21,0.67,,
Q9H7L9|236|S|21,Q9H7L9|237|S|21,0.76,,
Q9H6S3|479|S|21,Q15059|245|K|53,0.68,,
Q9H8G2|203|S|21,Q9UKY7|106|S|21,0.67,,
Q9H7N4|975|S|21,Q9H7N4|976|T|21,0.67,,
Q9H814|368|S|21,P40123|299|T|21,0.66,,
P40123|299|T|21,Q9Y520|2693|T|21,0.74,,
Q9H7L9|45|S|21,Q9H7L9|53|S|21,0.86,,
Q9H7L9|45|S|21,Q9H7L9|49|T|21,0.77,,
Q9H7L9|53|S|21,Q9H7L9|49|T|21,0.76,,
Q9H7N4|612|S|21,Q9H7N4|614|S|21,0.75,,
Q9H501|694|S|21,P38159|85|T|21,0.67,,
Q9H501|694|S|21,Q8IZA0|974|T|21,0.67,,
Q9H501|694|S|21,Q96FZ2|293|T|21,0.66,,
Q9H5H4|139|S|21,Q9H5H4|144|S|21,0.72,,
Q9H4L5|34|S|21,Q9Y5A9|39|S|21,0.68,,
Q9H4L5|372|S|21,Q9H7M9|248|S|21,0.66,,
Q9H4L7|33|S|21,Q9H4L7|34|S|21,0.9,,
Q9H4L7|96|S|21,Q9NS37|22|S|21,0.66,,
Q9H4L7|239|S|21,Q9H4L7|242|S|21,0.77,,
Q9HCH0|571|S|21,Q9HCH0|577|S|21,0.9,,
Q9HCK8|1420|S|21,Q9HCK8|1424|S|21,0.67,,
Q9HCH0|477|S|21,Q9UNZ2|271|S|21,0.68,,
Q9HCL0|778|S|21,Q9Y4F1|899|S|21,0.66,,
Q9HCK8|1981|S|21,Q9NQW6|295|S|21,0.67,,
Q9HCK8|1981|S|21,Q9UMZ2|1075|S|21,0.66,,
Q9HCK8|1981|S|21,O95365|517|T|21,0.69,,
Q9HCD6|1530|S|21,Q9HCD6|1534|S|21,0.81,,
Q9HCG8|91|S|21,Q9HCG8|93|S|21,0.84,,
Q9NPG3|173|S|21,Q9NPG3|175|S|21,0.92,,
Q9HDC5|465|S|21,Q9HDC5|461|T|21,0.87,,
Q9NPI6|523|S|21,Q9NPI6|525|S|21,0.73,,
Q9NPH3|557|S|21,Q9P0K7|383|S|21,0.66,,
Q9HAS0|18|S|21,P49448|162|K|34,0.67,,
P49448|162|K|34,Q7KZF4|886|K|34,0.71,,
P49448|162|K|34,P60842|309|K|34,0.67,,
P49448|162|K|34,P55072|614|K|34,0.77,,
P49448|162|K|34,Q9Y4L1|463|K|34,0.67,,
Q9HAW4|65|S|21,Q9HAW4|67|S|21,0.69,,
Q9HAW4|67|S|21,Q9HAW4|75|S|21,0.67,,
P62269|94|K|1,P68133|63|K|1,0.68,,
Q9H9C1|124|S|21,Q9Y4I1|1652|S|21,0.68,,
Q9H9C1|124|S|21,Q9UQ35|2381|T|21,0.67,,
Q9HAJ7|93|S|21,Q9NSY1|949|S|21,0.66,,
Q9HAJ7|93|S|21,Q9HAJ7|99|S|21,0.68,,
Q9H9E3|6|S|21,Q9UJ41|132|S|21,0.67,,
Q9H9L4|172|S|21,Q9H9L4|175|S|21,0.82,,
Q9HBL0|907|S|21,Q9HBL0|915|S|21,0.72,,
Q9HBM6|152|S|21,Q96AG3|45|T|21,0.66,,
Q9HC35|138|S|21,Q9Y2G1|720|S|21,0.66,,
Q9HC35|138|S|21,Q9UJ14|72|S|21,0.69,,
Q9HC35|134|S|21,Q9UGU0|582|T|21,0.68,,
Q9HAZ1|138|S|21,P09651|357|Y|21,0.69,,
Q9HB96|249|S|21,Q9UK61|636|S|21,0.68,,
Q9HBD1|803|S|21,Q9HBD1|808|S|21,0.88,,
P07195|82|K|34,P08670|334|K|34,0.66,,
P07195|82|K|34,P14618|188|K|34,0.69,,
P07195|82|K|34,P14625|663|K|34,0.68,,
P07195|82|K|34,P21333|1824|K|34,0.78,,
P14625|663|K|34,P51991|118|K|34,0.66,,
P14625|663|K|34,P62979|6|K|34,0.69,,
P07195|7|K|34,Q01995|75|K|34,0.7,,
P07195|7|K|34,P62979|33|K|34,0.73,,
P07195|7|K|34,P21333|1824|K|34,0.67,,
Q01995|75|K|34,Q01995|78|K|34,0.67,,
P62979|33|K|34,Q8NA03|13|K|34,0.72,,
P07197|391|K|34,Q9UQ80|355|K|34,0.67,,
P07197|391|K|34,Q9Y230|223|K|34,0.7,,
P07197|391|K|34,P11142|137|K|34,0.67,,
P07197|391|K|34,P11413|497|K|34,0.66,,
P07197|391|K|34,P25705|316|K|34,0.73,,
P07197|391|K|34,P14618|151|K|34,0.66,,
P07197|391|K|34,P07437|336|K|34,0.66,,
P07197|391|K|34,P07814|300|K|34,0.7,,
P07197|391|K|34,Q04917|28|K|34,0.66,,
P07197|391|K|34,Q05639|146|K|34,0.72,,
P07197|391|K|34,P62826|71|K|34,0.66,,
P07197|391|K|34,P63104|138|K|34,0.66,,
P11142|137|K|34,Q9Y383|135|K|34,0.7,,
P11142|137|K|34,P68036|82|K|34,0.72,,
P11142|137|K|34,P78371|154|K|34,0.69,,
P11142|137|K|34,P60174|113|K|34,0.75,,
P11142|137|K|34,Q06830|35|K|34,0.78,,
P11142|137|K|34,Q04917|28|K|34,0.7,,
P11142|137|K|34,Q05639|146|K|34,0.77,,
P11142|137|K|34,P31946|140|K|34,0.69,,
P11142|137|K|34,P35579|1538|K|34,0.66,,
P11142|137|K|34,P25705|316|K|34,0.72,,
P11142|137|K|34,P37837|215|K|34,0.72,,
P11142|137|K|34,P11142|550|K|34,0.69,,
P11142|137|K|34,P12814|772|K|34,0.68,,
P11142|137|K|34,P13639|308|K|34,0.71,,
P11142|137|K|34,P19338|467|K|34,0.67,,
P11413|497|K|34,P12956|46|K|34,0.7,,
P11413|497|K|34,P25705|316|K|34,0.77,,
P11413|497|K|34,P18206|720|K|34,0.8,,
P11413|497|K|34,Q14444|110|K|34,0.71,,
P11413|497|K|34,P49411|405|K|34,0.67,,
P11413|497|K|34,P68366|280|K|34,0.66,,
P14618|151|K|34,P19338|467|K|34,0.66,,
P14618|151|K|34,P18206|720|K|34,0.66,,
P14618|151|K|34,P25705|316|K|34,0.74,,
P14618|151|K|34,Q9Y230|223|K|34,0.67,,
P14618|151|K|34,Q05639|146|K|34,0.7,,
P14618|151|K|34,Q9UQ80|311|K|34,0.69,,
P07437|336|K|34,P08670|373|K|34,0.67,,
P07437|336|K|34,P11021|152|K|34,0.7,,
P07437|336|K|34,P07737|70|K|34,0.73,,
P07437|336|K|34,P11142|88|K|34,0.69,,
P07437|336|K|34,P63104|138|K|34,0.76,,
P07437|336|K|34,P68366|280|K|34,0.73,,
P07437|336|K|34,Q05639|146|K|34,0.77,,
P07437|336|K|34,Q05639|30|K|34,0.66,,
P07437|336|K|34,Q13509|297|K|34,0.74,,
P07437|336|K|34,Q02539|78|K|34,0.67,,
P07437|336|K|34,P25705|316|K|34,0.66,,
P07437|336|K|34,P39023|312|K|34,0.67,,
P07437|336|K|34,Q9UQ80|355|K|34,0.67,,
P07437|336|K|34,Q9UQ80|62|K|34,0.73,,
P07437|336|K|34,Q562R1|51|K|34,0.7,,
P07814|300|K|34,P78371|441|K|34,0.67,,
P07814|300|K|34,P37837|215|K|34,0.67,,
P07814|300|K|34,P26038|458|K|34,0.72,,
P07814|300|K|34,Q9Y277|266|K|34,0.67,,
P07814|300|K|34,P25705|316|K|34,0.67,,
P07814|300|K|34,P11021|633|K|34,0.69,,
P07814|300|K|34,P11413|497|K|34,0.66,,
P07814|300|K|34,P12814|772|K|34,0.66,,
P07814|300|K|34,P12956|46|K|34,0.66,,
P07814|300|K|34,P13639|308|K|34,0.76,,
Q04917|28|K|34,Q13509|297|K|34,0.66,,
Q04917|28|K|34,Q14847|128|K|34,0.7,,
Q05639|146|K|34,Q562R1|51|K|34,0.75,,
Q05639|146|K|34,Q06830|35|K|34,0.72,,
Q05639|146|K|34,Q9UQ80|355|K|34,0.66,,
P62826|71|K|34,Q14444|110|K|34,0.73,,
P62826|71|K|34,P68133|63|K|34,0.67,,
P62826|71|K|34,Q04917|28|K|34,0.7,,
P62826|71|K|34,Q12905|221|K|34,0.74,,
P63104|138|K|34,Q02878|237|K|34,0.66,,
P63104|138|K|34,Q05639|146|K|34,0.74,,
P63104|138|K|34,Q562R1|51|K|34,0.67,,
P63104|138|K|34,Q9UQ80|355|K|34,0.72,,
P63104|138|K|34,Q9UQ80|62|K|34,0.69,,
P63104|138|K|34,Q9H9J2|246|K|34,0.73,,
P63104|138|K|34,P68366|280|K|34,0.66,,
P07195|77|K|34,P51149|126|K|34,0.67,,
P07195|77|K|34,P18085|127|K|34,0.73,,
P07195|77|K|34,P18621|13|K|34,0.67,,
P07195|77|K|34,P12814|772|K|34,0.7,,
P07195|77|K|34,P11021|633|K|34,0.67,,
P51149|126|K|34,Q9Y277|266|K|34,0.7,,
P51149|126|K|34,Q06323|35|K|34,0.69,,
P51149|126|K|34,P55072|312|K|34,0.66,,
P51149|126|K|34,P68366|280|K|34,0.69,,
P07195|23|K|34,P58546|114|K|34,0.72,,
P07195|23|K|34,Q13509|297|K|34,0.67,,
P07195|23|K|34,Q14444|110|K|34,0.68,,
P07195|23|K|34,P26599|238|K|34,0.76,,
P07195|23|K|34,P40227|465|K|34,0.67,,
P07195|23|K|34,P11413|497|K|34,0.71,,
P07195|23|K|34,P13639|785|K|34,0.72,,
P58546|114|K|34,Q07955|138|K|34,0.66,,
P58546|114|K|34,Q9Y490|999|K|34,0.68,,
P58546|114|K|34,Q9Y617|333|K|34,0.66,,
P58546|114|K|34,Q9BQG0|202|K|34,0.72,,
P07195|308|K|34,P40926|203|K|34,0.66,,
P40926|203|K|34,P40926|215|K|34,0.69,,
P26599|238|K|34,Q9Y490|999|K|34,0.68,,
P26599|238|K|34,P52907|193|K|34,0.72,,
P13639|785|K|34,Q13509|297|K|34,0.69,,
P13639|785|K|34,P84085|127|K|34,0.69,,
P13639|785|K|34,P18085|127|K|34,0.67,,
P13639|785|K|34,P22061|197|K|34,0.72,,
P18085|127|K|34,Q96AY3|240|K|34,0.66,,
P18085|127|K|34,Q9BQG0|202|K|34,0.67,,
P18085|127|K|34,P84085|127|K|34,0.71,,
P18085|127|K|34,Q02790|98|K|34,0.73,,
P12814|772|K|34,P13639|308|K|34,0.73,,
P12814|772|K|34,P14618|151|K|34,0.73,,
P12814|772|K|34,P15531|49|K|34,0.68,,
P12814|772|K|34,P15531|56|K|34,0.66,,
P12814|772|K|34,P53396|962|K|34,0.66,,
P12814|772|K|34,Q02790|98|K|34,0.67,,
P12814|772|K|34,P68036|82|K|34,0.67,,
P12814|772|K|34,P25705|316|K|34,0.74,,
P12814|772|K|34,P23284|84|K|34,0.72,,
P12814|772|K|34,P18206|699|K|34,0.66,,
P12814|772|K|34,P19338|467|K|34,0.71,,
P12814|772|K|34,P41250|615|K|34,0.67,,
P12814|772|K|34,P37837|215|K|34,0.67,,
P12814|772|K|34,P31946|140|K|34,0.67,,
P11021|633|K|34,P26038|458|K|34,0.67,,
P11021|633|K|34,P18206|699|K|34,0.66,,
P11021|633|K|34,Q15149|3258|K|34,0.69,,
P11021|633|K|34,Q9Y277|266|K|34,0.66,,
P11021|633|K|34,Q00610|1034|K|34,0.67,,
P07195|329|K|34,P13797|158|K|34,0.68,,
P13797|158|K|34,P23284|67|K|34,0.68,,
P13797|158|K|34,P42704|1236|K|34,0.66,,
P13797|158|K|34,Q9BV20|23|K|34,0.69,,
P13797|158|K|34,P62820|173|K|34,0.69,,
P07237|385|K|34,P22626|46|K|34,0.67,,
P07237|385|K|34,P19338|639|K|34,0.67,,
P07237|385|K|34,P42126|283|K|34,0.66,,
P07237|385|K|34,P35579|882|K|34,0.69,,
P07237|385|K|34,Q9Y2Q3|144|K|34,0.71,,
P07237|385|K|34,Q9Y5B9|211|K|34,0.69,,
P07237|385|K|34,P56192|554|K|34,0.68,,
P22626|46|K|34,P24534|22|K|34,0.67,,
P22626|46|K|34,P27797|87|K|34,0.79,,
P22626|46|K|34,P25705|103|K|34,0.67,,
P22626|46|K|34,P42126|283|K|34,0.67,,
P22626|46|K|34,Q13185|141|K|34,0.69,,
P22626|46|K|34,Q9BUF5|350|K|34,0.7,,
P19338|639|K|34,P46940|556|K|34,0.66,,
P19338|639|K|34,P51858|96|K|34,0.69,,
P19338|639|K|34,Q9Y2Q3|144|K|34,0.66,,
P19338|639|K|34,Q9Y5B9|211|K|34,0.71,,
P19338|639|K|34,P62258|28|K|34,0.67,,
P19338|639|K|34,Q14697|148|K|34,0.69,,
P42126|283|K|34,Q969H8|125|K|34,0.66,,
P42126|283|K|34,Q58FF8|141|K|34,0.75,,
P42126|283|K|34,P43243|245|K|34,0.68,,
P42126|283|K|34,P62081|70|K|34,0.7,,
P42126|283|K|34,P55072|45|K|34,0.68,,
P35579|882|K|34,P61313|140|K|34,0.68,,
P35579|882|K|34,Q969H8|125|K|34,0.66,,
P35579|882|K|34,Q02878|237|K|34,0.72,,
P07237|326|K|34,P60174|113|K|34,0.7,,
P07237|326|K|34,P60660|79|K|34,0.68,,
P07237|326|K|34,Q05639|146|K|34,0.71,,
P07237|326|K|34,Q06830|35|K|34,0.7,,
P07237|326|K|34,P55072|502|K|34,0.75,,
P07237|326|K|34,Q9UQ80|355|K|34,0.68,,
P07237|326|K|34,P12956|539|K|34,0.68,,
P07237|326|K|34,P19338|467|K|34,0.66,,
P07237|326|K|34,P07900|327|K|34,0.72,,
P07237|326|K|34,P07900|499|K|34,0.73,,
P60174|113|K|34,Q9UQ80|355|K|34,0.76,,
P60174|113|K|34,Q9H9J2|246|K|34,0.8,,
P60174|113|K|34,Q9BUF5|350|K|34,0.76,,
P60174|113|K|34,Q02790|354|K|34,0.71,,
P60174|113|K|34,P63104|138|K|34,0.77,,
P60174|113|K|34,Q05639|146|K|34,0.79,,
P60174|113|K|34,Q06830|35|K|34,0.74,,
P60174|113|K|34,P61981|28|K|34,0.68,,
P60174|113|K|34,P62258|28|K|34,0.72,,
P60660|79|K|34,Q00610|112|K|34,0.67,,
P60660|79|K|34,Q14204|1687|K|34,0.66,,
Q06830|35|K|34,Q9GZV4|67|K|34,0.78,,
P07237|436|K|34,P07737|70|K|34,0.66,,
P07237|436|K|34,P10809|359|K|34,0.69,,
P07237|436|K|34,P18206|720|K|34,0.66,,
P07237|436|K|34,P61604|54|K|34,0.69,,
P07237|436|K|34,P60842|309|K|34,0.66,,
P07737|70|K|34,Q562R1|51|K|34,0.66,,
P07737|70|K|34,Q05639|146|K|34,0.75,,
P07737|70|K|34,P68366|280|K|34,0.75,,
P07737|70|K|34,P11021|152|K|34,0.75,,
P07737|70|K|34,P11142|550|K|34,0.66,,
P07737|70|K|34,P07900|100|K|34,0.66,,
P07737|70|K|34,P60174|175|K|34,0.69,,
P07737|70|K|34,P25705|316|K|34,0.66,,
P62081|70|K|34,Q13151|154|K|34,0.7,,
P62081|70|K|34,Q58FF8|141|K|34,0.7,,
P10809|359|K|34,Q04837|81|K|34,0.7,,
P10809|359|K|34,Q01105|167|K|34,0.66,,
P10809|359|K|34,P38646|234|K|34,0.68,,
P10809|359|K|34,P61604|54|K|34,0.69,,
P10809|359|K|34,P60842|309|K|34,0.75,,
P10809|359|K|34,Q9UQ80|62|K|34,0.66,,
P10809|359|K|34,P18085|142|K|34,0.67,,
P10809|359|K|34,P12956|539|K|34,0.68,,
P10809|359|K|34,P25705|316|K|34,0.72,,
P10809|359|K|34,P25705|103|K|34,0.74,,
P10809|359|K|34,P11142|550|K|34,0.69,,
P18206|720|K|34,P25705|316|K|34,0.77,,
P18206|720|K|34,Q04917|28|K|34,0.74,,
P18206|720|K|34,Q12906|565|K|34,0.67,,
P18206|720|K|34,P68366|280|K|34,0.76,,
P18206|720|K|34,Q01082|497|K|34,0.67,,
P18206|720|K|34,Q9H9J2|246|K|34,0.68,,
P18206|720|K|34,Q13509|297|K|34,0.78,,
P18206|720|K|34,P61981|28|K|34,0.75,,
P18206|720|K|34,P62316|18|K|34,0.68,,
P18206|720|K|34,P60842|309|K|34,0.66,,
Q9Y2Q3|144|K|34,Q9Y5B9|211|K|34,0.67,,
P56192|554|K|34,Q9Y5B9|211|K|34,0.68,,
P56192|554|K|34,Q07021|220|K|34,0.67,,
P30153|358|K|34,P40926|269|K|34,0.7,,
P30153|358|K|34,P61313|140|K|34,0.69,,
P30153|358|K|34,P62081|70|K|34,0.66,,
P30153|358|K|34,P62258|28|K|34,0.68,,
P30153|358|K|34,P60660|79|K|34,0.75,,
P30153|358|K|34,Q05682|170|K|34,0.71,,
P30153|358|K|34,Q14204|1687|K|34,0.72,,
P30153|358|K|34,Q58FF8|141|K|34,0.7,,
P55072|45|K|34,P56192|554|K|34,0.66,,
P35579|355|K|34,P48735|299|K|34,0.69,,
P35579|355|K|34,P36542|79|K|34,0.68,,
P35579|355|K|34,P52272|667|K|34,0.67,,
P35579|355|K|34,P78527|2818|K|34,0.7,,
P35579|355|K|34,P61313|140|K|34,0.71,,
P35579|355|K|34,Q9BTM1|100|K|34,0.66,,
P35579|355|K|34,Q08211|1073|K|34,0.72,,
P35579|355|K|34,Q16718|40|K|34,0.74,,
P35579|355|K|34,Q9HCC0|382|K|34,0.69,,
P13010|525|K|34,P31947|27|K|34,0.68,,
P13010|525|K|34,P31943|98|K|34,0.66,,
P13010|525|K|34,P35579|355|K|34,0.71,,
P13010|525|K|34,Q15287|186|K|34,0.67,,
P13010|525|K|34,Q16718|40|K|34,0.74,,
P13010|525|K|34,P52272|667|K|34,0.76,,
P13010|525|K|34,P43243|245|K|34,0.7,,
P13010|525|K|34,P48735|299|K|34,0.68,,
P07237|230|K|34,Q9GZV4|67|K|34,0.73,,
P07237|230|K|34,Q9Y490|234|K|34,0.67,,
P07237|230|K|34,Q9Y4L1|428|K|34,0.67,,
P07237|230|K|34,Q14152|388|K|34,0.66,,
P07237|230|K|34,Q14315|80|K|34,0.66,,
P07237|230|K|34,Q13151|154|K|34,0.7,,
P07237|230|K|34,Q06830|35|K|34,0.72,,
P07237|230|K|34,P0DMV8|126|K|34,0.69,,
P07237|230|K|34,P40926|74|K|34,0.73,,
P07237|230|K|34,P34932|102|K|34,0.71,,
P07237|230|K|34,P38646|173|K|34,0.7,,
P07237|230|K|34,P60174|113|K|34,0.68,,
Q9GZV4|67|K|34,Q9Y277|266|K|34,0.67,,
Q14152|388|K|34,Q9H9J2|246|K|34,0.68,,
Q14152|388|K|34,Q9NR30|247|K|34,0.67,,
Q14152|388|K|34,Q9GZV4|67|K|34,0.67,,
Q14152|388|K|34,Q99798|717|K|34,0.69,,
Q14315|80|K|34,Q15366|70|K|34,0.68,,
Q14315|80|K|34,Q9GZV4|67|K|34,0.74,,
Q13151|154|K|34,Q13813|862|K|34,0.66,,
P07237|247|K|34,P12277|381|K|34,0.66,,
P07237|247|K|34,Q13509|174|K|34,0.67,,
P07237|247|K|34,Q00610|96|K|34,0.73,,
P07237|247|K|34,P23284|145|K|34,0.68,,
P12277|381|K|34,P18206|210|K|34,0.69,,
P12277|381|K|34,P13639|785|K|34,0.73,,
P0DMV8|126|K|34,P22059|768|K|34,0.7,,
P0DMV8|126|K|34,P24534|22|K|34,0.68,,
P0DMV8|126|K|34,P14618|186|K|34,0.68,,
P0DMV8|126|K|34,P24752|66|K|34,0.74,,
P0DMV8|126|K|34,P26641|147|K|34,0.7,,
P0DMV8|126|K|34,Q16718|40|K|34,0.66,,
P0DMV8|126|K|34,Q58FF8|141|K|34,0.67,,
P0DMV8|126|K|34,Q06830|35|K|34,0.66,,
P0DMV8|126|K|34,P52907|118|K|34,0.68,,
P0DMV8|126|K|34,P55145|62|K|34,0.67,,
P0DMV8|126|K|34,P40926|45|K|34,0.7,,
P0DMV8|126|K|34,P40926|74|K|34,0.74,,
P40926|74|K|34,Q13151|154|K|34,0.7,,
P40926|74|K|34,P49327|1752|K|34,0.67,,
P40926|74|K|34,Q58FF8|141|K|34,0.68,,
P34932|102|K|34,Q14315|80|K|34,0.7,,
P34932|102|K|34,Q15366|70|K|34,0.76,,
P34932|102|K|34,Q58FF8|141|K|34,0.68,,
P34932|102|K|34,P55010|288|K|34,0.66,,
P34932|102|K|34,P55145|62|K|34,0.7,,
P34932|102|K|34,Q00610|1034|K|34,0.69,,
P34932|102|K|34,P62318|78|K|34,0.66,,
P34932|102|K|34,P35579|1295|K|34,0.72,,
P34932|102|K|34,P40926|165|K|34,0.72,,
P38646|173|K|34,Q07020|132|K|34,0.69,,
P38646|173|K|34,P48735|299|K|34,0.67,,
P38646|173|K|34,Q86VP6|873|K|34,0.66,,
P12956|539|K|34,Q9BUF5|350|K|34,0.73,,
P12956|539|K|34,Q9UQ80|355|K|34,0.74,,
P12956|539|K|34,Q969H8|125|K|34,0.71,,
P12956|539|K|34,Q15084|208|K|34,0.73,,
P12956|539|K|34,P19338|467|K|34,0.7,,
P12956|539|K|34,P21333|936|K|34,0.68,,
P12956|539|K|34,P22626|46|K|34,0.73,,
P12956|539|K|34,P14625|114|K|34,0.7,,
P12956|539|K|34,P14625|682|K|34,0.7,,
P12956|539|K|34,P24534|22|K|34,0.68,,
P12956|539|K|34,P25705|103|K|34,0.75,,
P12956|539|K|34,P60174|113|K|34,0.7,,
P12956|539|K|34,P60842|202|K|34,0.68,,
P12956|539|K|34,P61604|54|K|34,0.74,,
P12956|539|K|34,Q06830|35|K|34,0.71,,
P12956|539|K|34,P27797|87|K|34,0.68,,
P12956|539|K|34,P39023|312|K|34,0.75,,
P12956|539|K|34,P40926|45|K|34,0.68,,
P19338|467|K|34,Q99729|118|K|34,0.68,,
P19338|467|K|34,Q14315|80|K|34,0.68,,
P19338|467|K|34,Q05639|146|K|34,0.67,,
P19338|467|K|34,Q06830|35|K|34,0.77,,
P19338|467|K|34,P60174|113|K|34,0.67,,
P19338|467|K|34,P25705|316|K|34,0.69,,
P07900|327|K|34,P14618|151|K|34,0.67,,
P07900|327|K|34,P11021|573|K|34,0.7,,
P07900|327|K|34,P30153|358|K|34,0.67,,
P07900|327|K|34,P31947|27|K|34,0.7,,
P07900|327|K|34,P24534|22|K|34,0.66,,
P07900|327|K|34,Q58FF8|141|K|34,0.69,,
P07900|327|K|34,Q9UQ80|311|K|34,0.66,,
P07900|327|K|34,P60660|79|K|34,0.71,,
P07900|327|K|34,Q01082|497|K|34,0.66,,
P07900|327|K|34,Q02790|354|K|34,0.66,,
P07900|327|K|34,Q00610|112|K|34,0.7,,
P07900|327|K|34,P62081|70|K|34,0.66,,
P07900|499|K|34,P11142|550|K|34,0.66,,
P07900|499|K|34,P13639|272|K|34,0.75,,
P07900|499|K|34,P14618|151|K|34,0.69,,
P07900|499|K|34,P11142|137|K|34,0.7,,
P07900|499|K|34,P19338|467|K|34,0.71,,
P07900|499|K|34,P18206|720|K|34,0.7,,
P07900|499|K|34,P08238|491|K|34,0.7,,
P07900|499|K|34,P60174|113|K|34,0.8,,
P07900|499|K|34,P61604|54|K|34,0.67,,
P07900|499|K|34,P60842|309|K|34,0.66,,
P07900|499|K|34,P63104|138|K|34,0.7,,
P07900|499|K|34,P68133|63|K|34,0.69,,
P07900|499|K|34,P68366|280|K|34,0.68,,
P07900|499|K|34,P25705|316|K|34,0.76,,
P07900|499|K|34,P39023|312|K|34,0.74,,
P07900|499|K|34,Q04917|28|K|34,0.66,,
P07900|499|K|34,Q05639|146|K|34,0.81,,
P07900|499|K|34,Q562R1|51|K|34,0.69,,
P07900|499|K|34,Q06830|35|K|34,0.72,,
P07900|499|K|34,Q9GZV4|67|K|34,0.72,,
P07900|499|K|34,Q9H9J2|246|K|34,0.73,,
Q00610|96|K|34,Q06323|35|K|34,0.66,,
Q00610|96|K|34,Q07955|138|K|34,0.66,,
Q00610|96|K|34,Q13509|174|K|34,0.66,,
Q00610|96|K|34,Q9Y617|333|K|34,0.79,,
P23284|145|K|34,Q9Y617|333|K|34,0.68,,
P23284|145|K|34,Q07955|138|K|34,0.7,,
P23284|145|K|34,P49327|1866|K|34,0.83,,
P23284|145|K|34,P55084|361|K|34,0.68,,
P23284|145|K|34,P55786|794|K|34,0.67,,
P23284|145|K|34,P39023|193|K|34,0.71,,
P23284|145|K|34,P35579|29|K|34,0.67,,
P23284|145|K|34,Q00610|96|K|34,0.71,,
P23284|145|K|34,Q06323|35|K|34,0.68,,
P23284|145|K|34,P24534|176|K|34,0.67,,
P07237|263|K|34,P14618|89|K|34,0.66,,
P07237|263|K|34,P35579|1538|K|34,0.67,,
P14618|89|K|34,Q96AY3|240|K|34,0.68,,
P14618|89|K|34,Q13148|95|K|34,0.7,,
P14618|89|K|34,Q16531|83|K|34,0.75,,
P14618|89|K|34,P55084|348|K|34,0.69,,
P14618|89|K|34,P35232|186|K|34,0.72,,
P35579|1538|K|34,P68036|82|K|34,0.68,,
P35579|1538|K|34,P78527|3825|K|34,0.69,,
P06744|194|K|34,P43243|245|K|34,0.66,,
P06744|194|K|34,P62280|58|K|34,0.69,,
P06744|194|K|34,P60842|309|K|34,0.66,,
P06744|194|K|34,P18085|109|K|34,0.66,,
P06744|194|K|34,P18085|127|K|34,0.66,,
P06744|194|K|34,P22061|197|K|34,0.79,,
P06744|194|K|34,Q15427|23|K|34,0.68,,
P06744|194|K|34,Q96AY3|240|K|34,0.71,,
P43243|245|K|34,Q13813|862|K|34,0.71,,
P43243|245|K|34,Q15287|186|K|34,0.67,,
P43243|245|K|34,Q15691|122|K|34,0.69,,
P43243|245|K|34,Q58FF8|141|K|34,0.66,,
P43243|245|K|34,Q86VP6|373|K|34,0.67,,
P43243|245|K|34,Q969H8|125|K|34,0.66,,
P62280|58|K|34,P62826|71|K|34,0.7,,
P62280|58|K|34,Q14847|128|K|34,0.66,,
P62280|58|K|34,Q12905|221|K|34,0.69,,
P62280|58|K|34,Q04917|28|K|34,0.67,,
P62280|58|K|34,Q04837|81|K|34,0.71,,
P60842|309|K|34,Q9UQ80|62|K|34,0.77,,
P60842|309|K|34,Q7KZF4|886|K|34,0.67,,
P60842|309|K|34,P61604|54|K|34,0.67,,
P18085|109|K|34,Q9BQG0|202|K|34,0.66,,
P18085|109|K|34,Q16531|83|K|34,0.67,,
P18085|109|K|34,Q9Y383|135|K|34,0.73,,
P18085|109|K|34,P49411|405|K|34,0.69,,
P18085|109|K|34,P55084|348|K|34,0.76,,
P18085|109|K|34,P35232|186|K|34,0.71,,
P18085|109|K|34,P25786|30|K|34,0.69,,
P18085|109|K|34,P18085|127|K|34,0.68,,
P22061|197|K|34,Q96AY3|240|K|34,0.66,,
P06733|89|K|34,P19338|333|K|34,0.69,,
P06733|89|K|34,P06748|239|K|34,0.66,,
P19338|333|K|34,P23528|144|K|34,0.68,,
P06748|239|K|34,Q06830|16|K|34,0.7,,
P06748|239|K|34,Q02539|84|K|34,0.66,,
P06748|239|K|34,P40926|239|K|34,0.66,,
P06744|211|K|34,Q14315|80|K|34,0.72,,
P06744|211|K|34,Q07020|132|K|34,0.72,,
P06744|211|K|34,Q9GZV4|67|K|34,0.68,,
P06744|211|K|34,P61978|219|K|34,0.74,,
P06744|211|K|34,P07737|116|K|34,0.71,,
Q07020|132|K|34,Q14315|80|K|34,0.73,,
Q07020|132|K|34,Q16836|202|K|34,0.66,,
P61978|219|K|34,Q15427|23|K|34,0.67,,
P61978|219|K|34,Q13885|379|K|34,0.68,,
P61978|219|K|34,Q14315|80|K|34,0.81,,
P61978|219|K|34,Q969H8|125|K|34,0.67,,
P61978|219|K|34,Q9GZV4|67|K|34,0.68,,
P61978|219|K|34,Q9H9J2|246|K|34,0.7,,
P06744|252|K|34,P08670|139|K|34,0.68,,
P06744|252|K|34,P62258|50|K|34,0.69,,
P06744|252|K|34,Q96A08|110|K|34,0.7,,
P08670|139|K|34,Q96A08|110|K|34,0.76,,
P08670|139|K|34,Q9GZV4|67|K|34,0.67,,
P08670|139|K|34,Q15084|216|K|34,0.67,,
P08670|139|K|34,Q15366|70|K|34,0.72,,
P08670|139|K|34,P14618|115|K|34,0.66,,
P08670|139|K|34,P62258|50|K|34,0.73,,
P08670|139|K|34,P60174|175|K|34,0.66,,
P07737|116|K|34,Q9Y277|266|K|34,0.7,,
P07737|116|K|34,Q96A08|110|K|34,0.68,,
P07737|116|K|34,Q9GZV4|67|K|34,0.75,,
P07737|116|K|34,P68366|280|K|34,0.69,,
P07737|116|K|34,Q15366|70|K|34,0.72,,
P07737|116|K|34,P08670|139|K|34,0.72,,
P07737|116|K|34,P07737|54|K|34,0.7,,
P07737|116|K|34,P61978|219|K|34,0.67,,
P07737|116|K|34,P62258|50|K|34,0.75,,
P07737|116|K|34,P60866|99|K|34,0.7,,
Q15427|23|K|34,Q9BUF5|350|K|34,0.66,,
P06733|64|K|34,P19338|449|K|34,0.72,,
P06733|64|K|34,P51991|118|K|34,0.68,,
P06733|64|K|34,P14618|188|K|34,0.66,,
P06733|64|K|34,P14625|663|K|34,0.7,,
P19338|449|K|34,Q02878|94|K|34,0.75,,
P51991|118|K|34,Q8NA03|13|K|34,0.66,,
P51991|118|K|34,Q06830|93|K|34,0.66,,
P51991|118|K|34,Q15084|216|K|34,0.66,,
P51991|118|K|34,Q01105|15|K|34,0.68,,
P51991|118|K|34,P62979|33|K|34,0.71,,
P51991|118|K|34,P62979|6|K|34,0.67,,
P06733|71|K|34,P51991|118|K|34,0.71,,
P06733|71|K|34,P62979|6|K|34,0.71,,
P06733|71|K|34,P62979|33|K|34,0.71,,
P06733|80|K|34,Q3LXA3|522|K|34,0.77,,
P06733|80|K|34,P32119|26|K|34,0.68,,
P06733|80|K|34,P62258|118|K|34,0.69,,
P06733|80|K|34,P47914|149|K|34,0.68,,
P06733|80|K|34,P10809|396|K|34,0.71,,
P06733|80|K|34,P22626|3|K|34,0.69,,
Q3LXA3|522|K|34,Q99832|67|K|34,0.66,,
Q3LXA3|522|K|34,Q9Y3D6|64|K|34,0.69,,
P62979|6|K|34,Q5TEC6|19|K|34,0.67,,
P32119|26|K|34,P16104|89|R|7,0.68,,
P32119|26|K|34,Q3LXA3|522|K|34,0.67,,
P62258|118|K|34,Q99832|67|K|34,0.68,,
P62258|118|K|34,Q06830|168|K|34,0.71,,
P62258|118|K|34,Q3LXA3|522|K|34,0.71,,
P47914|149|K|34,P62258|118|K|34,0.66,,
P47914|149|K|34,P61604|28|K|34,0.66,,
P47914|149|K|34,P55084|361|K|34,0.72,,
P47914|149|K|34,P84243|28|K|34,0.67,,
P10809|396|K|34,P40926|203|K|34,0.71,,
P10809|396|K|34,P13667|234|K|34,0.74,,
P10809|396|K|34,P22626|3|K|34,0.72,,
P22626|3|K|34,Q00839|524|K|34,0.66,,
P22626|3|K|34,Q15084|216|K|34,0.66,,
P07108|8|K|34,P69905|12|K|34,0.74,,
P07108|8|K|34,P84243|28|K|34,0.68,,
P07108|8|K|34,P12236|10|K|34,0.67,,
P07108|8|K|34,P10412|17|K|34,0.75,,
P07108|8|K|34,P16401|17|K|34,0.71,,
P07108|8|K|34,P16401|37|K|34,0.66,,
P69905|12|K|34,P69905|17|K|34,0.67,,
P07148|121|K|34,P09327|699|K|34,0.74,,
P07148|121|K|34,P07148|31|K|34,0.69,,
P07148|121|K|34,P02461|982|K|299,0.66,,
P07148|121|K|34,Q14651|566|R|7,0.69,,
P07148|121|K|34,A8K7I4|670|R|7,0.74,,
P09327|699|K|34,P68133|70|K|34,0.66,,
P09327|699|K|34,P40939|303|K|34,0.68,,
P09327|699|K|34,P35749|1308|K|34,0.72,,
P09327|699|K|34,A8K7I4|670|R|7,0.79,,
P09327|699|K|34,P07237|106|R|7,0.71,,
P07148|31|K|34,P14618|230|K|34,0.76,,
P07148|31|K|34,P10809|269|K|34,0.68,,
P07148|31|K|34,P31327|1100|K|34,0.69,,
P07148|31|K|34,P20700|167|K|34,0.76,,
P07148|31|K|34,A8K7I4|670|R|7,0.7,,
P07148|31|K|34,P55084|95|K|34,0.78,,
P07148|31|K|34,P61278|45|K|34,0.67,,
P07148|31|K|34,P35580|232|K|34,0.68,,
P07148|31|K|34,P35749|1308|K|34,0.8,,
P07148|31|K|34,P38117|176|K|34,0.72,,
P07148|31|K|34,P69905|12|K|34,0.71,,
P06748|80|K|34,P46940|556|K|34,0.66,,
P46940|556|K|34,P68871|83|K|34,0.67,,
P46940|556|K|34,P69905|57|K|34,0.68,,
P12236|10|K|34,Q02539|84|K|34,0.73,,
P12236|10|K|34,P60174|19|K|34,0.7,,
P12236|10|K|34,P38117|176|K|34,0.7,,
P12236|10|K|34,P45880|235|K|34,0.68,,
P12236|10|K|34,P16401|112|K|34,0.66,,
P12236|10|K|34,P13667|234|K|34,0.7,,
P10412|17|K|34,P16401|17|K|34,0.87,,
P10412|17|K|34,P16401|37|K|34,0.67,,
P10412|17|K|34,P16403|17|K|34,0.83,,
P10412|17|K|34,P16401|112|K|34,0.68,,
P10412|17|K|34,P16401|100|K|34,0.67,,
P10412|17|K|34,P67936|13|K|34,0.66,,
P10412|17|K|34,P69905|12|K|34,0.7,,
P10412|17|K|34,Q16695|123|K|34,0.68,,
P10412|17|K|34,Q5TEC6|28|K|34,0.69,,
P10412|17|K|34,Q02539|67|K|34,0.77,,
P10412|17|K|34,P21333|973|K|34,0.66,,
P16401|17|K|34,P16401|37|K|34,0.69,,
P16401|17|K|34,P16403|17|K|34,0.82,,
P16401|17|K|34,Q02539|67|K|34,0.69,,
P16401|17|K|34,P69905|12|K|34,0.66,,
P16401|17|K|34,P67936|13|K|34,0.66,,
P16401|37|K|34,P27797|62|K|34,0.66,,
P16401|37|K|34,P55072|8|K|34,0.66,,
P16401|37|K|34,P16403|17|K|34,0.67,,
P16401|37|K|34,P16401|55|K|34,0.66,,
P14618|230|K|34,P25705|194|K|34,0.66,,
P14618|230|K|34,P26038|263|K|34,0.67,,
P14618|230|K|34,P20700|167|K|34,0.68,,
P14618|230|K|34,P38117|176|K|34,0.69,,
P14618|230|K|34,P31327|1100|K|34,0.77,,
P14618|230|K|34,P14625|434|K|34,0.7,,
P14618|230|K|34,P55084|95|K|34,0.68,,
P14618|230|K|34,P69905|12|K|34,0.71,,
P10809|269|K|34,A8K7I4|670|R|7,0.71,,
P10809|269|K|34,Q15717|85|R|7,0.69,,
P31327|1100|K|34,Q14651|566|R|7,0.71,,
P31327|1100|K|34,P02452|759|K|299,0.66,,
P31327|1100|K|34,A8K7I4|670|R|7,0.73,,
P20700|167|K|34,P51884|216|K|34,0.71,,
P20700|167|K|34,P55084|95|K|34,0.66,,
P20700|167|K|34,P61278|45|K|34,0.69,,
P20700|167|K|34,P35749|1308|K|34,0.76,,
P20700|167|K|34,P38117|176|K|34,0.69,,
A8K7I4|670|R|7,P48047|117|R|7,0.71,,
A8K7I4|670|R|7,Q14651|566|R|7,0.74,,
P55084|95|K|34,P69905|12|K|34,0.67,,
P61278|45|K|34,Q14764|701|K|34,0.66,,
P35580|232|K|34,P69905|12|K|34,0.71,,
P35580|232|K|34,P55084|95|K|34,0.68,,
P35749|1308|K|34,P68133|70|K|34,0.75,,
P35749|1308|K|34,P55084|95|K|34,0.66,,
P35749|1308|K|34,P61278|45|K|34,0.79,,
P35749|1308|K|34,P51884|216|K|34,0.67,,
P35749|1308|K|34,A8K7I4|670|R|7,0.68,,
P38117|176|K|34,P55084|95|K|34,0.69,,
P06748|150|K|34,P62937|31|K|34,0.67,,
P06748|150|K|34,Q02539|88|K|34,0.67,,
P62937|31|K|34,Q02539|88|K|34,0.71,,
P62937|31|K|34,P62979|11|K|34,0.7,,
Q02539|88|K|34,Q02539|93|K|34,0.68,,
Q02539|88|K|34,Q5TEC6|5|K|34,0.68,,
P62258|50|K|34,P62318|78|K|34,0.7,,
P62258|50|K|34,Q96A08|110|K|34,0.72,,
P62258|50|K|34,Q96A08|59|K|34,0.71,,
P06748|32|K|34,P68871|66|K|34,0.67,,
P40926|239|K|34,P61604|66|K|34,0.68,,
P08670|373|K|34,Q02539|78|K|34,0.67,,
P11021|152|K|34,Q562R1|51|K|34,0.69,,
P11021|152|K|34,P62258|50|K|34,0.67,,
P11021|152|K|34,P60174|175|K|34,0.74,,
P11021|152|K|34,P68366|280|K|34,0.74,,
P11021|152|K|34,P63104|138|K|34,0.66,,
P11142|88|K|34,P63104|138|K|34,0.7,,
P11142|88|K|34,Q9UQ80|62|K|34,0.73,,
P11142|88|K|34,P61981|28|K|34,0.72,,
P11142|88|K|34,P18206|720|K|34,0.69,,
P11142|88|K|34,P20700|145|K|34,0.71,,
P68366|280|K|34,Q13509|297|K|34,0.76,,
P68366|280|K|34,Q05639|146|K|34,0.69,,
P68366|280|K|34,Q13885|379|K|34,0.67,,
P68366|280|K|34,Q9GZV4|67|K|34,0.72,,
P68366|280|K|34,Q9H9J2|246|K|34,0.69,,
P68366|280|K|34,Q9Y277|266|K|34,0.71,,
Q05639|30|K|34,Q99832|67|K|34,0.72,,
P39023|312|K|34,P60174|113|K|34,0.85,,
P39023|312|K|34,P63104|138|K|34,0.71,,
P39023|312|K|34,P61981|28|K|34,0.67,,
P39023|312|K|34,Q02790|354|K|34,0.74,,
P39023|312|K|34,Q04637|964|K|34,0.66,,
P39023|312|K|34,Q05639|146|K|34,0.73,,
P39023|312|K|34,Q9BUF5|350|K|34,0.71,,
P39023|312|K|34,Q9H9J2|246|K|34,0.69,,
P39023|312|K|34,Q9UQ80|355|K|34,0.85,,
P39023|312|K|34,Q9UQ80|62|K|34,0.69,,
P39023|312|K|34,Q562R1|51|K|34,0.72,,
P07437|297|K|34,Q9Y277|266|K|34,0.67,,
P07437|297|K|34,Q13509|297|K|34,0.73,,
P07437|297|K|34,P08670|439|K|34,0.74,,
P07437|297|K|34,P09429|43|K|34,0.66,,
P07437|297|K|34,P07900|58|K|34,0.66,,
P07437|297|K|34,P11021|152|K|34,0.73,,
P07437|297|K|34,P13639|785|K|34,0.67,,
P07437|297|K|34,P14618|151|K|34,0.69,,
P07437|297|K|34,P11021|633|K|34,0.67,,
P07437|297|K|34,P07437|336|K|34,0.69,,
P07437|297|K|34,P51149|126|K|34,0.72,,
P07437|297|K|34,P68366|280|K|34,0.8,,
P07437|297|K|34,P18206|720|K|34,0.68,,
P26583|154|K|34,P62979|27|K|34,0.66,,
P26583|154|K|34,P26583|157|K|34,0.7,,
P07437|379|K|34,Q9GZV4|67|K|34,0.77,,
P07437|379|K|34,Q9Y277|266|K|34,0.67,,
P07437|379|K|34,Q14152|388|K|34,0.72,,
P07437|379|K|34,Q00610|1034|K|34,0.68,,
P07437|379|K|34,P15259|176|K|34,0.74,,
P07437|379|K|34,P61978|219|K|34,0.7,,
P07437|379|K|34,P22314|802|K|34,0.69,,
Q00610|1034|K|34,Q12905|80|K|34,0.69,,
Q00610|1034|K|34,Q13885|379|K|34,0.72,,
Q00610|1034|K|34,Q14152|388|K|34,0.77,,
Q00610|1034|K|34,Q15366|70|K|34,0.71,,
Q00610|1034|K|34,Q14315|80|K|34,0.7,,
Q00610|1034|K|34,Q9Y277|266|K|34,0.73,,
Q00610|1034|K|34,Q9GZV4|67|K|34,0.67,,
Q00610|1034|K|34,Q9NR30|247|K|34,0.76,,
Q562R1|51|K|34,Q9UQ80|355|K|34,0.67,,
P22314|802|K|34,P23284|67|K|34,0.66,,
P22314|802|K|34,Q02878|285|K|34,0.68,,
P22314|802|K|34,Q12905|80|K|34,0.67,,
P22314|802|K|34,Q15436|46|K|34,0.72,,
P22314|802|K|34,Q14152|388|K|34,0.7,,
P07355|49|K|34,P45880|277|K|34,0.66,,
P07355|49|K|34,P16401|17|K|34,0.72,,
P07355|49|K|34,P26038|263|K|34,0.7,,
P07355|49|K|34,P16403|17|K|34,0.71,,
P07355|49|K|34,P21333|973|K|34,0.67,,
P07355|49|K|34,P10412|17|K|34,0.72,,
P45880|277|K|34,P55786|794|K|34,0.72,,
P45880|277|K|34,P62258|118|K|34,0.7,,
P45880|277|K|34,P48444|38|K|34,0.74,,
P45880|277|K|34,P52272|83|K|34,0.72,,
P45880|277|K|34,P52907|193|K|34,0.77,,
P45880|277|K|34,Q00610|96|K|34,0.8,,
P45880|277|K|34,Q02878|285|K|34,0.67,,
P45880|277|K|34,P62913|52|K|34,0.68,,
P45880|277|K|34,Q92900|200|K|34,0.73,,
P45880|277|K|34,Q12905|80|K|34,0.73,,
P45880|277|K|34,Q9Y617|333|K|34,0.75,,
P26038|263|K|34,P55084|95|K|34,0.68,,
P16403|17|K|34,P67936|13|K|34,0.74,,
P16403|17|K|34,Q02539|67|K|34,0.72,,
P16403|17|K|34,P35579|1474|K|34,0.71,,
P21333|973|K|34,P30101|460|K|34,0.68,,
P21333|973|K|34,P32119|135|K|34,0.68,,
P21333|973|K|34,P45880|277|K|34,0.67,,
P07355|47|K|34,P69905|57|K|34,0.66,,
P07355|47|K|34,P16401|49|K|34,0.68,,
P07355|47|K|34,P07355|49|K|34,0.72,,
P69905|57|K|34,Q14204|1687|K|34,0.67,,
P69905|57|K|34,P69905|61|K|34,0.73,,
P08670|439|K|34,P60866|99|K|34,0.66,,
P08670|439|K|34,P68371|58|K|34,0.7,,
P09429|43|K|34,P51149|126|K|34,0.72,,
P09429|43|K|34,P13639|785|K|34,0.66,,
P07900|58|K|34,Q05639|146|K|34,0.7,,
P07900|58|K|34,Q02539|78|K|34,0.74,,
P07900|58|K|34,Q562R1|51|K|34,0.75,,
P07900|58|K|34,P61353|93|K|34,0.69,,
P07900|58|K|34,P63104|139|K|34,0.68,,
P07900|58|K|34,P25705|316|K|34,0.67,,
P07900|58|K|34,P09429|43|K|34,0.66,,
P07900|58|K|34,P16401|78|K|34,0.7,,
P07355|88|K|34,P20700|167|K|34,0.68,,
P07355|88|K|34,P51884|216|K|34,0.68,,
P51884|216|K|34,P68133|70|K|34,0.67,,
P51884|216|K|34,P69905|12|K|34,0.7,,
P07737|54|K|34,P68133|63|K|34,0.71,,
P07737|54|K|34,P62258|50|K|34,0.76,,
P07737|54|K|34,Q05639|146|K|34,0.68,,
P07737|54|K|34,Q562R1|51|K|34,0.7,,
P07737|54|K|34,P14625|114|K|34,0.71,,
P07737|54|K|34,P07910|206|K|34,0.66,,
P07737|54|K|34,P08670|139|K|34,0.72,,
P68133|63|K|34,Q05639|146|K|34,0.66,,
P68133|63|K|34,Q562R1|51|K|34,0.73,,
P07737|38|K|34,P62913|52|K|34,0.67,,
P07737|38|K|34,P32119|26|K|34,0.69,,
P07737|38|K|34,P11021|446|K|34,0.68,,
P62913|52|K|34,Q8NC51|68|K|34,0.72,,
P14625|114|K|34,Q562R1|51|K|34,0.7,,
P14625|114|K|34,P61604|54|K|34,0.72,,
P14625|114|K|34,P68133|63|K|34,0.67,,
P14625|114|K|34,P14625|682|K|34,0.69,,
P07910|206|K|34,P60174|19|K|34,0.66,,
P07737|91|K|34,P11142|112|K|34,0.67,,
P11142|550|K|34,Q13310|78|K|34,0.72,,
P11142|550|K|34,Q9BUF5|350|K|34,0.69,,
P11142|550|K|34,P13639|272|K|34,0.67,,
P11142|550|K|34,P22626|46|K|34,0.66,,
P11142|550|K|34,P60174|113|K|34,0.73,,
P11142|550|K|34,Q02790|354|K|34,0.71,,
P11142|550|K|34,P25705|316|K|34,0.71,,
P11142|550|K|34,P39023|312|K|34,0.71,,
P11142|550|K|34,P41250|204|K|34,0.7,,
P11142|550|K|34,Q05639|146|K|34,0.66,,
P07900|100|K|34,P14618|224|K|34,0.68,,
P07900|100|K|34,P11021|152|K|34,0.67,,
P07900|100|K|34,P40926|91|K|34,0.67,,
P60174|175|K|34,P63104|138|K|34,0.7,,
P60174|175|K|34,Q562R1|51|K|34,0.69,,
P60174|175|K|34,Q13885|379|K|34,0.66,,
P60174|175|K|34,P61978|219|K|34,0.66,,
P60174|175|K|34,P62258|50|K|34,0.73,,
P60174|175|K|34,P62318|78|K|34,0.69,,
P07437|58|K|34,P62979|27|K|34,0.7,,
P07437|58|K|34,Q15084|245|K|34,0.67,,
P62979|27|K|34,P63104|139|K|34,0.7,,
P62979|27|K|34,Q15084|245|K|34,0.7,,
Q15366|70|K|34,Q9Y277|266|K|34,0.67,,
Q15366|70|K|34,Q9GZV4|67|K|34,0.73,,
P11021|446|K|34,Q05639|439|K|34,0.66,,
P11021|446|K|34,P36578|364|K|34,0.68,,
P11021|446|K|34,P27816|346|K|34,0.73,,
P11021|446|K|34,P62750|152|K|34,0.66,,
P60866|99|K|34,Q9GZV4|67|K|34,0.66,,
P60866|99|K|34,Q9Y277|266|K|34,0.66,,
P16401|49|K|34,P61604|28|K|34,0.67,,
P16401|49|K|34,Q02878|94|K|34,0.72,,
P16401|49|K|34,P16403|17|K|34,0.67,,
P07305|59|K|34,P68871|121|K|34,0.68,,
P07305|59|K|34,P23528|13|K|34,0.67,,
P68871|121|K|34,Q06830|93|K|34,0.7,,
P07305|85|K|34,P45880|235|K|34,0.67,,
P07305|85|K|34,P60174|19|K|34,0.71,,
P07305|85|K|34,P12236|10|K|34,0.67,,
P45880|235|K|34,P60174|194|K|34,0.73,,
P45880|235|K|34,P61604|80|K|34,0.7,,
P07305|40|K|34,Q01995|121|K|34,0.66,,
P07305|40|K|34,Q06830|120|K|34,0.66,,
P07339|253|K|34,P52907|118|K|34,0.66,,
P07339|253|K|34,P19367|738|K|34,0.67,,
P07339|253|K|34,Q9Y4L1|428|K|34,0.68,,
P07339|253|K|34,Q9Y490|234|K|34,0.67,,
P07339|253|K|34,Q13347|141|K|34,0.68,,
P52907|118|K|34,P55145|62|K|34,0.67,,
P19367|738|K|34,P61978|219|K|34,0.66,,
P19367|738|K|34,Q05519|120|K|34,0.72,,
P19367|738|K|34,P23246|330|K|34,0.67,,
P07339|184|K|34,P16401|49|K|34,0.75,,
P61604|54|K|34,P68133|63|K|34,0.73,,
P61604|54|K|34,P61978|219|K|34,0.71,,
P61604|54|K|34,Q01105|167|K|34,0.68,,
P61604|54|K|34,Q07020|132|K|34,0.68,,
P61604|54|K|34,Q14315|80|K|34,0.66,,
P61604|54|K|34,Q9GZV4|67|K|34,0.67,,
P61604|54|K|34,Q562R1|51|K|34,0.7,,
P07305|27|K|34,P62937|91|K|34,0.68,,
P07305|27|K|34,Q9UQ80|311|K|34,0.68,,
P07305|27|K|34,P30041|97|K|34,0.7,,
P07305|27|K|34,P25705|305|K|34,0.74,,
P62937|91|K|34,P78527|3372|K|34,0.66,,
P62937|91|K|34,Q14914|25|K|34,0.66,,
P62937|91|K|34,Q9NR45|333|K|34,0.68,,
P25705|305|K|34,P62937|91|K|34,0.68,,
P07237|81|K|34,Q15084|208|K|34,0.66,,
Q15084|208|K|34,Q969H8|125|K|34,0.68,,
P07355|157|K|34,P62979|63|K|34,0.66,,
P07355|157|K|34,P60903|37|K|34,0.77,,
P07355|157|K|34,P09382|108|K|34,0.68,,
P62979|63|K|34,Q99879|35|K|34,0.68,,
P62979|63|K|34,P69905|57|K|34,0.68,,
P62979|63|K|34,P68871|83|K|34,0.66,,
P62979|63|K|34,P63261|68|K|34,0.79,,
P62979|63|K|34,Q05639|255|K|34,0.66,,
P60903|37|K|34,Q01995|121|K|34,0.69,,
P07355|28|K|34,P23284|84|K|34,0.66,,
P07355|28|K|34,P18206|210|K|34,0.77,,
P07355|28|K|34,P30101|460|K|34,0.67,,
P07355|28|K|34,P08670|439|K|34,0.71,,
P07355|28|K|34,P13667|256|K|34,0.67,,
P07355|28|K|34,Q02878|285|K|34,0.72,,
P07355|28|K|34,Q15366|70|K|34,0.67,,
P07355|28|K|34,P55786|794|K|34,0.66,,
P07355|28|K|34,P45880|277|K|34,0.76,,
P07355|28|K|34,P62829|66|K|34,0.66,,
P07355|28|K|34,P60866|99|K|34,0.77,,
P07355|28|K|34,P61247|240|K|34,0.74,,
P23284|84|K|34,Q13310|78|K|34,0.71,,
P23284|84|K|34,P51149|126|K|34,0.67,,
P23284|84|K|34,P53396|962|K|34,0.72,,
P23284|84|K|34,P78371|441|K|34,0.74,,
P23284|84|K|34,P37837|215|K|34,0.66,,
P18206|210|K|34,P61247|240|K|34,0.69,,
P18206|210|K|34,Q14103|197|K|34,0.67,,
P18206|210|K|34,Q02878|285|K|34,0.7,,
P18206|210|K|34,P45880|277|K|34,0.66,,
P30101|460|K|34,P38646|498|K|34,0.67,,
P30101|460|K|34,P60174|19|K|34,0.66,,
P30101|460|K|34,P45880|277|K|34,0.73,,
P30101|460|K|34,P61247|240|K|34,0.71,,
P13667|256|K|34,P27824|87|K|34,0.7,,
P13667|256|K|34,P18206|699|K|34,0.68,,
P13667|256|K|34,Q13509|174|K|34,0.66,,
P09382|108|K|34,P62979|63|K|34,0.72,,
P09382|108|K|34,P63261|68|K|34,0.72,,
P09382|108|K|34,Q562R1|292|K|34,0.71,,
P09382|108|K|34,Q05639|255|K|34,0.72,,
P09382|108|K|34,P09382|29|K|34,0.67,,
P07355|324|K|34,Q00688|70|K|34,0.67,,
P07355|324|K|34,P42166|13|K|34,0.66,,
P07355|324|K|34,P24752|66|K|34,0.66,,
P07355|324|K|34,P19338|467|K|34,0.73,,
P42166|13|K|34,Q9UQ80|344|K|34,0.7,,
P42166|13|K|34,P54577|391|K|34,0.67,,
Q02878|285|K|34,Q92900|200|K|34,0.72,,
Q02878|285|K|34,Q12905|80|K|34,0.75,,
Q02878|285|K|34,Q15365|70|K|34,0.66,,
P55786|794|K|34,Q92900|200|K|34,0.67,,
P55786|794|K|34,Q9Y617|333|K|34,0.72,,
P62829|66|K|34,Q15404|208|K|34,0.72,,
P61247|240|K|34,Q02539|67|K|34,0.67,,
P24752|66|K|34,P60660|79|K|34,0.66,,
P24752|66|K|34,P40926|74|K|34,0.7,,
P24752|66|K|34,P40926|269|K|34,0.72,,
P24752|66|K|34,P30153|358|K|34,0.67,,
P24752|66|K|34,Q14204|1687|K|34,0.71,,
P24752|66|K|34,Q58FF8|141|K|34,0.71,,
P07339|341|K|34,P17987|33|K|34,0.66,,
P07339|341|K|34,Q3LXA3|522|K|34,0.7,,
P07339|341|K|34,Q06830|93|K|34,0.69,,
P07339|341|K|34,P47914|149|K|34,0.68,,
P07355|104|K|34,Q9Y5B9|211|K|34,0.7,,
P07355|104|K|34,P26641|147|K|34,0.67,,
P07355|104|K|34,P31947|27|K|34,0.67,,
P07355|104|K|34,P56192|554|K|34,0.68,,
P07355|104|K|34,P61978|102|K|34,0.67,,
P07355|104|K|34,P08708|129|K|34,0.69,,
P07355|104|K|34,P14625|135|K|34,0.66,,
P07355|104|K|34,P22626|168|K|34,0.67,,
P07355|104|K|34,P20700|330|K|34,0.72,,
P07355|104|K|34,P13010|565|K|34,0.75,,
P07355|115|K|34,P13667|611|K|34,0.66,,
P07355|115|K|34,P16401|109|K|34,0.73,,
P07355|115|K|34,P08670|439|K|34,0.68,,
P16401|109|K|34,Q02539|67|K|34,0.69,,
P16401|109|K|34,P32119|92|K|34,0.7,,
P26641|147|K|34,P61313|140|K|34,0.72,,
P26641|147|K|34,P40926|74|K|34,0.68,,
P26641|147|K|34,P43686|192|K|34,0.7,,
P26641|147|K|34,P78527|2818|K|34,0.7,,
P26641|147|K|34,P78527|3372|K|34,0.68,,
P26641|147|K|34,Q02878|237|K|34,0.66,,
P26641|147|K|34,P62937|91|K|34,0.67,,
P26641|147|K|34,P35579|355|K|34,0.67,,
P26641|147|K|34,P30153|358|K|34,0.66,,
P26641|147|K|34,P31947|27|K|34,0.72,,
P26641|147|K|34,Q16718|40|K|34,0.73,,
P26641|147|K|34,Q58FF8|141|K|34,0.75,,
P26641|147|K|34,Q14914|25|K|34,0.7,,
P31947|27|K|34,P36578|157|K|34,0.69,,
P31947|27|K|34,P40926|45|K|34,0.68,,
P31947|27|K|34,Q00610|112|K|34,0.66,,
P31947|27|K|34,Q9Y5B9|211|K|34,0.68,,
P08708|129|K|34,P35579|882|K|34,0.71,,
P14625|135|K|34,P25786|256|K|34,0.77,,
P14625|135|K|34,P46777|241|K|34,0.7,,
P14625|135|K|34,P56192|554|K|34,0.7,,
P14625|135|K|34,P36578|157|K|34,0.71,,
P14625|135|K|34,P15311|427|K|34,0.67,,
P14625|135|K|34,Q07021|220|K|34,0.69,,
P22626|168|K|34,P35579|882|K|34,0.68,,
P22626|168|K|34,P26641|147|K|34,0.68,,
P22626|168|K|34,Q9Y5B9|211|K|34,0.75,,
P22626|168|K|34,P43686|192|K|34,0.7,,
P22626|168|K|34,P78527|3372|K|34,0.72,,
P20700|330|K|34,P61313|140|K|34,0.67,,
P20700|330|K|34,P51858|96|K|34,0.73,,
P20700|330|K|34,P52565|167|K|34,0.66,,
P20700|330|K|34,P43686|192|K|34,0.76,,
P20700|330|K|34,Q01105|132|K|34,0.7,,
P20700|330|K|34,P62937|91|K|34,0.76,,
P20700|330|K|34,P78527|3372|K|34,0.82,,
P20700|330|K|34,P22626|168|K|34,0.75,,
P20700|330|K|34,P26641|147|K|34,0.71,,
P20700|330|K|34,Q9Y5B9|211|K|34,0.71,,
P20700|330|K|34,Q9NR45|333|K|34,0.67,,
P13010|565|K|34,P56192|554|K|34,0.79,,
P13010|565|K|34,P61313|140|K|34,0.68,,
P13010|565|K|34,Q07021|220|K|34,0.7,,
P13010|565|K|34,P35579|882|K|34,0.67,,
P13010|565|K|34,Q9Y5B9|211|K|34,0.68,,
P05141|23|K|34,P45880|277|K|34,0.71,,
P05141|10|K|34,P35749|1308|K|34,0.66,,
P05141|10|K|34,P12236|10|K|34,0.71,,
P05141|10|K|34,P10412|17|K|34,0.68,,
P05141|10|K|34,P21796|96|K|34,0.67,,
P05141|10|K|34,P16401|17|K|34,0.66,,
P21796|96|K|34,Q02539|84|K|34,0.67,,
P05204|40|K|34,P06748|239|K|34,0.69,,
P05204|40|K|34,P07737|91|K|34,0.66,,
P05204|40|K|34,P40926|239|K|34,0.7,,
P05204|40|K|34,P47914|149|K|34,0.66,,
P05198|259|K|34,Q9Y277|266|K|34,0.72,,
P05198|259|K|34,Q9Y383|135|K|34,0.69,,
P05198|259|K|34,Q9NR30|247|K|34,0.71,,
P05198|259|K|34,P0DMV8|550|K|34,0.67,,
P05198|259|K|34,P23284|84|K|34,0.67,,
P05198|259|K|34,Q13310|78|K|34,0.67,,
P05198|259|K|34,P51149|126|K|34,0.75,,
P0DMV8|550|K|34,P23284|84|K|34,0.7,,
P0DMV8|550|K|34,P37837|215|K|34,0.67,,
P0DMV8|550|K|34,P12236|23|K|34,0.69,,
P0DMV8|550|K|34,Q13310|78|K|34,0.76,,
P0DMV8|550|K|34,P51149|126|K|34,0.66,,
P0DMV8|550|K|34,P78371|441|K|34,0.76,,
P0DMV8|550|K|34,P68366|280|K|34,0.68,,
P05091|426|K|34,P38646|173|K|34,0.66,,
P05091|426|K|34,P42704|640|K|34,0.7,,
P05091|426|K|34,P40926|165|K|34,0.66,,
P05091|426|K|34,P61201|123|K|34,0.68,,
P05091|426|K|34,P48735|299|K|34,0.68,,
P05091|426|K|34,P49411|256|K|34,0.66,,
P05091|426|K|34,Q9UM54|232|K|34,0.72,,
P05091|426|K|34,P78371|342|K|34,0.69,,
P05091|426|K|34,Q8IY81|678|K|34,0.75,,
P05091|426|K|34,P05388|92|K|34,0.67,,
P42704|640|K|34,Q10567|901|K|34,0.71,,
P42704|640|K|34,Q9NX40|64|K|34,0.67,,
P40926|165|K|34,Q00610|1034|K|34,0.73,,
P40926|165|K|34,P62318|78|K|34,0.67,,
P40926|165|K|34,P63104|115|K|34,0.67,,
P40926|165|K|34,Q15366|70|K|34,0.7,,
P40926|165|K|34,Q02878|285|K|34,0.66,,
P40926|165|K|34,P40926|74|K|34,0.66,,
P61201|123|K|34,P82673|270|K|34,0.68,,
P61201|123|K|34,Q13813|862|K|34,0.73,,
P61201|123|K|34,Q9UM54|232|K|34,0.71,,
P48735|299|K|34,P62081|70|K|34,0.68,,
P48735|299|K|34,P52272|667|K|34,0.67,,
P48735|299|K|34,Q13813|862|K|34,0.67,,
P48735|299|K|34,Q99714|212|K|34,0.68,,
Q9UM54|232|K|34,Q9UQ80|311|K|34,0.68,,
P78371|342|K|34,Q9HCC0|382|K|34,0.68,,
P78371|342|K|34,P78527|2818|K|34,0.67,,
P78371|342|K|34,Q13813|862|K|34,0.66,,
Q8IY81|678|K|34,Q9UM54|232|K|34,0.68,,
P04844|523|K|34,P52272|667|K|34,0.72,,
P04844|523|K|34,P35579|355|K|34,0.75,,
P04844|523|K|34,P32969|184|K|34,0.76,,
P04844|523|K|34,Q16718|40|K|34,0.76,,
P04844|523|K|34,Q08211|1073|K|34,0.67,,
P04844|523|K|34,P13010|525|K|34,0.69,,
P04844|523|K|34,P05388|92|K|34,0.68,,
P52272|667|K|34,Q9Y6M1|211|K|34,0.68,,
P52272|667|K|34,P60842|202|K|34,0.73,,
P52272|667|K|34,Q16718|40|K|34,0.7,,
P32969|184|K|34,Q16836|202|K|34,0.66,,
P32969|184|K|34,Q15691|122|K|34,0.71,,
P32969|184|K|34,P35579|355|K|34,0.72,,
P05388|92|K|34,P62820|173|K|34,0.69,,
P05388|92|K|34,Q15366|70|K|34,0.71,,
P05388|92|K|34,Q16836|202|K|34,0.68,,
P05388|92|K|34,P40926|165|K|34,0.68,,
P05388|92|K|34,P38646|173|K|34,0.66,,
P05388|92|K|34,Q8IY81|678|K|34,0.67,,
Q16718|40|K|34,Q9HCC0|382|K|34,0.69,,
P05114|95|K|34,P07900|559|K|34,0.66,,
P07900|559|K|34,Q05682|170|K|34,0.75,,
P07900|559|K|34,Q14204|1687|K|34,0.66,,
P07900|559|K|34,Q14697|148|K|34,0.67,,
P07900|559|K|34,P30153|358|K|34,0.71,,
P07900|559|K|34,P60660|79|K|34,0.67,,
P07900|559|K|34,P62258|28|K|34,0.66,,
P05387|49|K|34,P10809|551|K|34,0.67,,
P05387|49|K|34,P14618|115|K|34,0.66,,
P05387|49|K|34,P14618|230|K|34,0.69,,
P10809|551|K|34,P25705|194|K|34,0.66,,
P05387|25|K|34,P27797|151|K|34,0.67,,
P27797|151|K|34,Q9Y490|234|K|34,0.66,,
P05387|61|K|34,P10809|493|K|34,0.66,,
P05387|61|K|34,P07339|341|K|34,0.67,,
P05387|61|K|34,Q01518|113|K|34,0.69,,
P10809|493|K|34,P42126|61|K|34,0.7,,
P10809|493|K|34,P47914|149|K|34,0.71,,
P10809|493|K|34,P38646|485|K|34,0.75,,
P10809|493|K|34,P38646|646|K|34,0.69,,
P10809|493|K|34,P62913|52|K|34,0.66,,
P10809|493|K|34,P67809|137|K|34,0.68,,
P10809|493|K|34,P55084|361|K|34,0.67,,
P10809|493|K|34,P30101|494|K|34,0.7,,
P10809|493|K|34,P11021|446|K|34,0.66,,
P10809|493|K|34,P30050|83|K|34,0.66,,
Q01518|113|K|34,Q9Y617|333|K|34,0.67,,
P14618|115|K|34,Q05639|255|K|34,0.68,,
P14618|115|K|34,Q15084|216|K|34,0.67,,
P14618|115|K|34,Q562R1|292|K|34,0.68,,
P05204|82|K|34,P20962|4|K|34,0.72,,
P05204|82|K|34,P23528|92|K|34,0.67,,
P05204|82|K|34,P62328|32|K|34,0.67,,
P05204|82|K|34,P62328|20|K|34,0.68,,
P05204|82|K|34,P62979|33|K|34,0.68,,
P05204|82|K|34,P60174|142|K|34,0.7,,
P05204|82|K|34,P63313|26|K|34,0.67,,
P20962|4|K|34,Q8NA03|13|K|34,0.72,,
P05386|49|K|34,Q13885|379|K|34,0.69,,
P05386|49|K|34,Q14152|388|K|34,0.67,,
P05386|49|K|34,Q9H9J2|246|K|34,0.76,,
P05386|49|K|34,P15259|176|K|34,0.68,,
Q13885|379|K|34,Q14152|388|K|34,0.7,,
Q13885|379|K|34,Q14315|80|K|34,0.69,,
Q13885|379|K|34,Q9BUF5|350|K|34,0.7,,
Q13885|379|K|34,Q9H9J2|246|K|34,0.77,,
Q9H9J2|246|K|34,Q9UNM6|313|K|34,0.66,,
P62328|20|K|34,P63313|26|K|34,0.69,,
P62328|20|K|34,Q15084|245|K|34,0.66,,
P60174|142|K|34,P62328|32|K|34,0.68,,
P04406|263|K|34,P14618|207|K|34,0.66,,
P04406|263|K|34,P06703|47|K|34,0.67,,
P04406|263|K|34,P62979|33|K|34,0.66,,
P04406|263|K|34,P61604|28|K|34,0.67,,
P04406|263|K|34,Q96A08|122|K|34,0.68,,
P14618|207|K|34,P49411|447|K|34,0.67,,
P14618|207|K|34,Q9Y3D6|64|K|34,0.68,,
P14618|207|K|34,P16402|53|K|34,0.71,,
P06703|47|K|34,Q96A08|122|K|34,0.67,,
P06703|47|K|34,P61604|56|K|34,0.7,,
P06703|47|K|34,P07355|47|K|34,0.69,,
P06703|47|K|34,P16401|100|K|34,0.66,,
P06703|47|K|34,P16402|47|K|34,0.75,,
P61604|28|K|34,Q00839|524|K|34,0.68,,
P04406|260|K|34,P58876|6|K|34,0.66,,
P04406|260|K|34,P16403|17|K|34,0.68,,
P04406|260|K|34,P10412|17|K|34,0.72,,
P04406|260|K|34,P16401|17|K|34,0.69,,
P04406|260|K|34,P12111|885|K|34,0.68,,
P04406|260|K|34,Q96A08|118|K|34,0.66,,
P04406|260|K|34,Q96A08|122|K|34,0.7,,
P04406|260|K|34,Q16695|123|K|34,0.69,,
P04406|260|K|34,P04406|263|K|34,0.8,,
P58876|6|K|34,P62979|29|K|34,0.66,,
Q96A08|118|K|34,Q96A08|122|K|34,0.76,,
P04406|334|K|34,Q13509|297|K|34,0.75,,
P04406|334|K|34,Q02539|78|K|34,0.68,,
P04406|334|K|34,P68366|280|K|34,0.72,,
P04406|334|K|34,P68133|63|K|34,0.67,,
P04406|334|K|34,P07437|336|K|34,0.74,,
P04406|334|K|34,P07900|499|K|34,0.66,,
P04406|5|K|34,P10809|133|K|34,0.69,,
P04406|5|K|34,P60981|121|K|34,0.68,,
P04406|5|K|34,P29401|204|K|34,0.73,,
P10809|133|K|34,P11021|447|K|34,0.72,,
P10809|133|K|34,P51991|118|K|34,0.73,,
P10809|133|K|34,P61604|28|K|34,0.66,,
P10809|133|K|34,P61604|66|K|34,0.68,,
P10809|133|K|34,P16402|35|K|34,0.66,,
P04406|219|K|34,P08123|738|K|34,0.69,,
P04406|219|K|34,P07355|49|K|34,0.7,,
P04406|219|K|34,P07108|8|K|34,0.67,,
P04406|219|K|34,P10412|17|K|34,0.7,,
P04406|219|K|34,P84243|28|K|34,0.68,,
P04406|219|K|34,P16401|17|K|34,0.79,,
P04406|219|K|34,P20700|167|K|34,0.67,,
P08123|738|K|34,Q3LXA3|522|K|34,0.66,,
P08123|738|K|34,P16401|17|K|34,0.75,,
P08123|738|K|34,P16401|37|K|34,0.67,,
P04406|254|K|34,P19338|589|K|34,0.67,,
P04406|254|K|34,P35268|67|K|34,0.68,,
P35268|67|K|34,P35268|69|K|34,0.71,,
P35268|67|K|34,P62328|20|K|34,0.68,,
P04406|227|K|34,P61353|93|K|34,0.73,,
P04792|198|K|34,P63313|26|K|34,0.7,,
P04792|198|K|34,P07737|91|K|34,0.66,,
P04844|306|K|34,P05141|23|K|34,0.67,,
P04844|306|K|34,P47914|149|K|34,0.68,,
P04844|306|K|34,P63220|41|K|34,0.71,,
P04844|306|K|34,Q6PEY2|336|K|34,0.67,,
P04792|114|K|34,P31949|55|K|34,0.66,,
P04792|114|K|34,P20908|1433|K|34,0.67,,
P04792|114|K|34,P08123|654|K|34,0.66,,
P04792|114|K|34,Q6S8J3|915|K|34,0.71,,
P20908|1433|K|34,P67936|132|K|34,0.67,,
P20908|1433|K|34,P02452|1096|K|299,0.67,,
P08123|654|K|34,P08123|506|K|299,0.7,,
P08123|654|K|34,Q96A08|45|K|34,0.7,,
P08123|654|K|34,P20908|1433|K|34,0.67,,
P08123|654|K|34,P62328|39|K|34,0.66,,
P08123|654|K|34,P12111|573|K|34,0.7,,
P04844|504|K|34,P52907|193|K|34,0.71,,
P04844|504|K|34,P40227|465|K|34,0.66,,
P04844|504|K|34,Q00610|1034|K|34,0.74,,
P04844|504|K|34,P17987|33|K|34,0.66,,
P04844|504|K|34,P13804|139|K|34,0.73,,
P04844|504|K|34,P29692|232|K|34,0.66,,
P04844|504|K|34,P26599|238|K|34,0.7,,
P04844|504|K|34,Q15366|70|K|34,0.69,,
P04844|504|K|34,Q92900|200|K|34,0.76,,
P04844|504|K|34,Q15149|3258|K|34,0.7,,
P04844|504|K|34,Q12905|80|K|34,0.73,,
P04844|504|K|34,Q9Y617|333|K|34,0.67,,
P04844|504|K|34,Q9NR30|247|K|34,0.73,,
P04844|504|K|34,Q9Y277|266|K|34,0.66,,
P04844|504|K|34,P07437|379|K|34,0.66,,
P52907|193|K|34,Q00610|96|K|34,0.68,,
P52907|193|K|34,Q15404|208|K|34,0.69,,
P52907|193|K|34,Q12905|80|K|34,0.73,,
P52907|193|K|34,Q92900|200|K|34,0.81,,
P52907|193|K|34,P55786|794|K|34,0.72,,
P52907|193|K|34,P58546|114|K|34,0.66,,
P52907|193|K|34,Q9Y617|333|K|34,0.73,,
P52907|193|K|34,Q9NR30|247|K|34,0.7,,
P13804|139|K|34,P51149|126|K|34,0.71,,
P13804|139|K|34,P18085|127|K|34,0.66,,
P13804|139|K|34,P37837|269|K|34,0.68,,
P13804|139|K|34,P40227|465|K|34,0.74,,
P29692|232|K|34,P52907|193|K|34,0.71,,
P29692|232|K|34,P45880|277|K|34,0.76,,
P29692|232|K|34,Q9BQG0|202|K|34,0.68,,
P29692|232|K|34,Q9NR30|247|K|34,0.69,,
P29692|232|K|34,Q9P2R7|242|K|34,0.67,,
P29692|232|K|34,Q9Y617|333|K|34,0.72,,
P29692|232|K|34,Q00610|96|K|34,0.66,,
Q92900|200|K|34,Q9P2R7|242|K|34,0.67,,
Q92900|200|K|34,Q9Y490|999|K|34,0.71,,
Q92900|200|K|34,Q9Y617|333|K|34,0.69,,
Q15149|3258|K|34,Q9NR30|247|K|34,0.69,,
Q15149|3258|K|34,Q5VT66|327|K|34,0.74,,
Q12905|80|K|34,Q92900|200|K|34,0.75,,
Q12905|80|K|34,Q9NR30|247|K|34,0.71,,
Q12905|80|K|34,Q8NBS9|365|K|34,0.66,,
Q12905|80|K|34,Q15366|70|K|34,0.71,,
Q12905|80|K|34,Q15404|208|K|34,0.66,,
Q12905|80|K|34,Q15436|46|K|34,0.67,,
P04406|61|K|34,P30101|82|K|34,0.66,,
P04406|61|K|34,P51991|118|K|34,0.67,,
P04406|61|K|34,P37802|171|K|34,0.66,,
P04406|61|K|34,Q06830|7|K|34,0.66,,
P04406|61|K|34,Q06830|93|K|34,0.66,,
P04406|61|K|34,Q6PEY2|326|K|34,0.71,,
P04406|61|K|34,P14618|115|K|34,0.68,,
P04406|61|K|34,P06733|80|K|34,0.66,,
P30101|82|K|34,Q02539|93|K|34,0.72,,
P30101|82|K|34,Q05639|255|K|34,0.66,,
P30101|82|K|34,Q562R1|292|K|34,0.68,,
P30101|82|K|34,P67936|13|K|34,0.66,,
P30101|82|K|34,P31949|3|K|34,0.66,,
P30101|82|K|34,Q8NBS9|375|K|34,0.67,,
P37802|171|K|34,Q01105|15|K|34,0.66,,
P60981|121|K|34,P62979|29|K|34,0.69,,
P29401|204|K|34,Q02878|285|K|34,0.66,,
P29401|204|K|34,P68371|58|K|34,0.66,,
P06733|162|K|34,P55145|62|K|34,0.68,,
P06733|162|K|34,P40926|269|K|34,0.66,,
P06733|162|K|34,P07900|224|K|34,0.69,,
P55145|62|K|34,Q9Y4L1|428|K|34,0.66,,
P55145|62|K|34,Q9BUF5|350|K|34,0.71,,
P55145|62|K|34,Q15427|23|K|34,0.68,,
P55145|62|K|34,Q09666|5562|K|34,0.67,,
P40926|269|K|34,Q14204|1687|K|34,0.72,,
P40926|269|K|34,P62258|28|K|34,0.68,,
P40926|269|K|34,P61981|28|K|34,0.66,,
P06733|221|K|34,P61604|54|K|34,0.69,,
P06733|221|K|34,P18085|142|K|34,0.69,,
P06733|221|K|34,P11021|213|K|34,0.72,,
P06733|221|K|34,P12956|539|K|34,0.69,,
P06733|221|K|34,P07237|81|K|34,0.66,,
P06733|221|K|34,P06733|228|K|34,0.66,,
P18085|142|K|34,P27816|304|K|34,0.67,,
P18085|142|K|34,P55884|772|K|34,0.78,,
P18085|142|K|34,P40926|296|K|34,0.67,,
P11021|213|K|34,Q562R1|51|K|34,0.67,,
P11021|213|K|34,P61604|54|K|34,0.66,,
P11021|213|K|34,P68133|63|K|34,0.67,,
P11021|213|K|34,P12956|539|K|34,0.73,,
P11021|213|K|34,P40926|74|K|34,0.68,,
P11021|213|K|34,P19338|467|K|34,0.69,,
P11021|213|K|34,P14625|114|K|34,0.73,,
P06733|228|K|34,Q05639|44|K|34,0.66,,
P06733|228|K|34,Q99729|118|K|34,0.66,,
P06733|228|K|34,P14618|206|K|34,0.66,,
P06733|228|K|34,P19338|467|K|34,0.66,,
P06733|228|K|34,P61604|80|K|34,0.69,,
P06733|228|K|34,Q01105|167|K|34,0.67,,
P61604|56|K|34,P63104|49|K|34,0.69,,
P06733|103|K|34,P11021|152|K|34,0.74,,
P06733|103|K|34,P07737|70|K|34,0.7,,
P06733|103|K|34,P07900|58|K|34,0.66,,
P06733|103|K|34,P07900|69|K|34,0.7,,
P06733|103|K|34,P07437|336|K|34,0.7,,
P06733|103|K|34,P60174|175|K|34,0.75,,
P06733|103|K|34,P63104|138|K|34,0.71,,
P06733|103|K|34,P63104|139|K|34,0.71,,
P06733|103|K|34,Q05639|146|K|34,0.7,,
P06733|103|K|34,Q562R1|51|K|34,0.72,,
P07900|69|K|34,P62805|78|K|34,0.66,,
P07900|69|K|34,P60174|175|K|34,0.7,,
P07900|69|K|34,P63104|139|K|34,0.66,,
P07900|69|K|34,Q562R1|51|K|34,0.7,,
P06703|40|K|34,Q5TEC6|80|K|34,0.68,,
P06703|40|K|34,P62979|33|K|34,0.67,,
P16401|100|K|34,P62979|33|K|34,0.7,,
P16401|100|K|34,P67936|13|K|34,0.68,,
P16401|100|K|34,P16401|49|K|34,0.66,,
P16401|100|K|34,P16402|47|K|34,0.72,,
P16401|100|K|34,P16403|17|K|34,0.69,,
P16402|47|K|34,P61604|56|K|34,0.71,,
P16402|47|K|34,Q02539|67|K|34,0.71,,
P16402|47|K|34,P20962|15|K|34,0.68,,
P16402|47|K|34,P37802|88|K|34,0.75,,
P06733|126|K|34,P40926|215|K|34,0.66,,
P06733|126|K|34,P10412|160|K|34,0.74,,
P06733|126|K|34,P08670|168|K|34,0.67,,
P06733|126|K|34,P17096|46|K|34,0.68,,
P06733|126|K|34,Q6S8J3|915|K|34,0.69,,
P06733|126|K|34,P06733|71|K|34,0.67,,
P40926|215|K|34,Q06830|16|K|34,0.67,,
P40926|215|K|34,P63104|115|K|34,0.66,,
P10412|160|K|34,P61604|56|K|34,0.75,,
P10412|160|K|34,P16402|35|K|34,0.66,,
P08670|168|K|34,P68871|121|K|34,0.74,,
P08670|168|K|34,P10412|168|K|34,0.7,,
P17096|46|K|34,P58876|6|K|34,0.66,,
P07900|224|K|34,Q13885|379|K|34,0.69,,
P07900|224|K|34,Q09666|5562|K|34,0.67,,
P07900|224|K|34,Q9BUF5|350|K|34,0.74,,
P07900|224|K|34,Q9H9J2|246|K|34,0.77,,
P07900|224|K|34,P55072|502|K|34,0.67,,
P07900|224|K|34,P40926|269|K|34,0.71,,
P07900|224|K|34,P60174|113|K|34,0.71,,
P07900|224|K|34,P35579|606|K|34,0.72,,
P07900|224|K|34,P24752|66|K|34,0.67,,
P07900|224|K|34,P11142|126|K|34,0.71,,
P63104|139|K|34,Q562R1|51|K|34,0.67,,
P06733|28|K|34,P68871|9|K|34,0.68,,
P06733|28|K|34,P32119|135|K|34,0.68,,
P68871|9|K|34,P69905|12|K|34,0.66,,
P68871|9|K|34,Q96A08|118|K|34,0.66,,
P32119|135|K|34,P68871|9|K|34,0.67,,
P32119|135|K|34,Q01518|113|K|34,0.7,,
P32119|135|K|34,Q06830|136|K|34,0.67,,
P32119|135|K|34,P61278|45|K|34,0.66,,
P32119|135|K|34,P32119|26|K|34,0.7,,
P32119|135|K|34,A8K7I4|670|R|7,0.68,,
P06733|281|K|34,Q9Y5B9|211|K|34,0.66,,
P06733|281|K|34,P07355|104|K|34,0.76,,
P06733|281|K|34,P31947|27|K|34,0.7,,
P06733|281|K|34,P34932|603|K|34,0.67,,
P06733|281|K|34,P36578|157|K|34,0.73,,
P06733|281|K|34,P62937|91|K|34,0.67,,
P06733|281|K|34,P78527|3372|K|34,0.73,,
P06733|281|K|34,P14625|135|K|34,0.7,,
P06733|281|K|34,P11021|573|K|34,0.67,,
P06733|281|K|34,P25786|256|K|34,0.73,,
P06733|281|K|34,P26641|147|K|34,0.69,,
P06733|281|K|34,P20700|330|K|34,0.73,,
P06733|335|K|34,P30101|82|K|34,0.69,,
P06733|335|K|34,P32119|92|K|34,0.67,,
P06733|335|K|34,P45880|235|K|34,0.67,,
P06733|335|K|34,Q06830|16|K|34,0.66,,
P06733|335|K|34,Q02539|93|K|34,0.67,,
P32119|92|K|34,P45880|235|K|34,0.7,,
P32119|92|K|34,P61604|80|K|34,0.72,,
P32119|92|K|34,Q05639|44|K|34,0.69,,
Q02539|93|K|34,Q5TEC6|5|K|34,0.66,,
Q02539|93|K|34,Q8NBS9|375|K|34,0.67,,
Q02539|93|K|34,Q562R1|292|K|34,0.72,,
P06733|326|K|34,P84077|142|K|34,0.67,,
P06733|326|K|34,P49327|1866|K|34,0.67,,
P06733|326|K|34,P39023|193|K|34,0.72,,
P06733|326|K|34,P55786|794|K|34,0.75,,
P49327|1866|K|34,P55786|794|K|34,0.69,,
P49327|1866|K|34,P58546|114|K|34,0.72,,
P49327|1866|K|34,Q07955|138|K|34,0.71,,
P39023|193|K|34,P49327|1866|K|34,0.67,,
Q05639|44|K|34,Q16836|202|K|34,0.68,,
P61604|80|K|34,Q05639|44|K|34,0.76,,
P34932|603|K|34,P56192|554|K|34,0.71,,
P34932|603|K|34,P61313|140|K|34,0.67,,
P34932|603|K|34,P35579|355|K|34,0.67,,
P34932|603|K|34,P36542|79|K|34,0.68,,
P36578|157|K|34,Q07021|220|K|34,0.68,,
P36578|157|K|34,P49411|91|K|34,0.66,,
P78527|3372|K|34,Q05682|170|K|34,0.74,,
P78527|3372|K|34,Q01105|132|K|34,0.67,,
P78527|3372|K|34,Q9Y5B9|211|K|34,0.84,,
P11021|573|K|34,P31947|27|K|34,0.68,,
P11021|573|K|34,P26641|147|K|34,0.7,,
P11021|573|K|34,Q9UQ80|355|K|34,0.68,,
P11021|573|K|34,Q14914|25|K|34,0.69,,
P11021|573|K|34,Q562R1|51|K|34,0.67,,
P11021|573|K|34,Q02878|237|K|34,0.69,,
P11021|573|K|34,Q07021|220|K|34,0.66,,
P25786|256|K|34,P34932|603|K|34,0.68,,
P06733|262|K|34,P14618|498|K|34,0.68,,
P06733|262|K|34,P31943|167|K|34,0.67,,
P31943|167|K|34,Q02539|93|K|34,0.67,,
P31943|167|K|34,Q99879|35|K|34,0.68,,
P31943|167|K|34,P40926|91|K|34,0.7,,
P31943|167|K|34,P69905|57|K|34,0.66,,
P05455|165|K|34,Q08211|1073|K|34,0.69,,
P05455|165|K|34,P34932|84|K|34,0.66,,
P05455|165|K|34,P27824|182|K|34,0.67,,
P05455|165|K|34,P13639|308|K|34,0.66,,
P05997|785|K|34,P12111|2052|K|34,0.69,,
P05997|785|K|34,P12111|573|K|34,0.74,,
P27824|182|K|34,P68036|82|K|34,0.66,,
P62820|173|K|34,P82673|270|K|34,0.66,,
P62820|173|K|34,Q14315|80|K|34,0.67,,
P62820|173|K|34,Q07020|132|K|34,0.66,,
Q16836|202|K|34,Q9BTM1|100|K|34,0.68,,
Q16836|202|K|34,Q9NR45|333|K|34,0.66,,
P13639|308|K|34,P62826|152|K|34,0.68,,
P13639|308|K|34,P62826|71|K|34,0.68,,
P13639|308|K|34,P68036|82|K|34,0.67,,
P13639|308|K|34,Q04917|28|K|34,0.68,,
P13639|308|K|34,P34932|102|K|34,0.67,,
P13639|308|K|34,P25705|316|K|34,0.67,,
P06396|584|K|34,P14625|168|K|34,0.66,,
P06396|584|K|34,Q02539|93|K|34,0.68,,
P06396|584|K|34,P68133|115|K|34,0.7,,
P06396|584|K|34,P30101|82|K|34,0.71,,
P14625|168|K|34,P21333|1372|K|34,0.73,,
P14625|168|K|34,P32119|92|K|34,0.66,,
P06396|373|K|34,P68133|115|K|34,0.72,,
P06396|373|K|34,P23284|71|K|34,0.67,,
P23284|71|K|34,P35268|69|K|34,0.69,,
P23284|71|K|34,P45880|235|K|34,0.69,,
P05388|26|K|34,P07355|324|K|34,0.68,,
P05388|26|K|34,P18124|212|K|34,0.74,,
P05388|26|K|34,P12814|772|K|34,0.69,,
P05388|26|K|34,P14618|151|K|34,0.69,,
P05388|26|K|34,Q13813|862|K|34,0.69,,
P05388|26|K|34,Q9UQ80|344|K|34,0.7,,
P05388|146|K|34,Q06830|168|K|34,0.71,,
P05388|146|K|34,P45880|277|K|34,0.68,,
P05388|146|K|34,P52272|83|K|34,0.66,,
P05388|146|K|34,P35579|29|K|34,0.69,,
P05388|146|K|34,P40227|465|K|34,0.69,,
P05388|146|K|34,P55786|794|K|34,0.66,,
P05388|146|K|34,P62258|118|K|34,0.66,,
P05388|146|K|34,P13804|139|K|34,0.71,,
P05388|146|K|34,P13639|688|K|34,0.66,,
P05388|146|K|34,P11142|458|K|34,0.77,,
P05388|146|K|34,P12236|23|K|34,0.69,,
P05388|146|K|34,P12956|114|K|34,0.69,,
P05388|146|K|34,P24534|176|K|34,0.66,,
Q06830|168|K|34,Q9Y490|999|K|34,0.69,,
P18124|212|K|34,P33991|439|K|34,0.76,,
P18124|212|K|34,P49448|162|K|34,0.71,,
P18124|212|K|34,P55072|614|K|34,0.72,,
P18124|212|K|34,Q9UQ80|344|K|34,0.69,,
P18124|212|K|34,Q9Y394|332|K|34,0.66,,
P18124|212|K|34,Q92841|313|K|34,0.69,,
P18124|212|K|34,Q14847|128|K|34,0.8,,
P52272|83|K|34,Q9Y617|333|K|34,0.69,,
P52272|83|K|34,Q3LXA3|522|K|34,0.69,,
P52272|83|K|34,P62258|118|K|34,0.75,,
P52272|83|K|34,Q00610|96|K|34,0.67,,
P35579|29|K|34,Q99832|67|K|34,0.67,,
P35579|29|K|34,P49327|1866|K|34,0.73,,
P35579|29|K|34,P55786|794|K|34,0.72,,
P35579|29|K|34,Q01995|89|K|34,0.68,,
P35579|29|K|34,P62258|118|K|34,0.7,,
P13639|688|K|34,P83731|93|K|34,0.66,,
P13639|688|K|34,P63220|41|K|34,0.66,,
P13639|688|K|34,P38646|485|K|34,0.66,,
P13639|688|K|34,P55786|794|K|34,0.67,,
P13639|688|K|34,P58546|114|K|34,0.67,,
P13639|688|K|34,P49327|1866|K|34,0.67,,
P13639|688|K|34,P52907|193|K|34,0.7,,
P11142|458|K|34,P62258|118|K|34,0.7,,
P11142|458|K|34,P47914|149|K|34,0.72,,
P11142|458|K|34,P17987|33|K|34,0.67,,
P11142|458|K|34,P13804|139|K|34,0.7,,
P11142|458|K|34,P30044|116|K|34,0.72,,
P12236|23|K|34,P60866|99|K|34,0.67,,
P12236|23|K|34,P55786|794|K|34,0.67,,
P12236|23|K|34,P51149|126|K|34,0.68,,
P12236|23|K|34,P23284|84|K|34,0.67,,
P12236|23|K|34,P40939|516|K|34,0.69,,
P12236|23|K|34,P45880|39|K|34,0.68,,
P12236|23|K|34,P49327|1866|K|34,0.77,,
P12236|23|K|34,P37837|269|K|34,0.67,,
P12236|23|K|34,P40227|465|K|34,0.7,,
P12236|23|K|34,P13639|688|K|34,0.74,,
P12956|114|K|34,P17987|33|K|34,0.66,,
P12956|114|K|34,Q9Y617|333|K|34,0.67,,
P12956|114|K|34,Q3LXA3|522|K|34,0.67,,
P12956|114|K|34,P29401|456|K|34,0.66,,
P12956|114|K|34,P58546|114|K|34,0.7,,
P12956|114|K|34,P55786|794|K|34,0.67,,
P24534|176|K|34,P62826|23|K|34,0.66,,
P24534|176|K|34,P62258|118|K|34,0.75,,
P24534|176|K|34,Q99832|67|K|34,0.72,,
P24534|176|K|34,Q05639|30|K|34,0.71,,
P24534|176|K|34,Q06830|168|K|34,0.75,,
P24534|176|K|34,P42126|61|K|34,0.71,,
P24534|176|K|34,P35579|29|K|34,0.7,,
P05388|77|K|34,Q96A08|110|K|34,0.69,,
P05388|77|K|34,P68371|58|K|34,0.66,,
P05388|77|K|34,P63104|115|K|34,0.66,,
P05388|77|K|34,Q02878|285|K|34,0.67,,
P05388|77|K|34,P55072|312|K|34,0.68,,
P05388|77|K|34,P40926|165|K|34,0.7,,
P68371|58|K|34,Q02878|285|K|34,0.66,,
P68371|58|K|34,Q96A08|110|K|34,0.7,,
Q13813|862|K|34,Q92841|313|K|34,0.67,,
Q13813|862|K|34,Q86VP6|373|K|34,0.67,,
Q13813|862|K|34,Q9UM54|232|K|34,0.7,,
Q13813|862|K|34,Q9UQ80|311|K|34,0.67,,
P55072|312|K|34,Q12905|80|K|34,0.66,,
P55072|312|K|34,Q02878|285|K|34,0.68,,
P55072|312|K|34,Q8NBS9|365|K|34,0.73,,
P55072|312|K|34,P69905|57|K|34,0.66,,
P06576|480|K|34,P34932|102|K|34,0.68,,
P06576|480|K|34,Q96HR9|28|K|34,0.71,,
P06576|480|K|34,Q9BUF5|350|K|34,0.7,,
P06576|480|K|34,P52907|118|K|34,0.7,,
P06576|480|K|34,P60174|113|K|34,0.68,,
P06576|480|K|34,P07900|224|K|34,0.72,,
P06576|480|K|34,P06733|162|K|34,0.67,,
P06576|480|K|34,P0DMV8|236|R|7,0.66,,
Q9BUF5|350|K|34,Q9Y2Q3|144|K|34,0.69,,
Q9BUF5|350|K|34,Q9UQ80|355|K|34,0.68,,
Q9BUF5|350|K|34,Q9H9J2|246|K|34,0.66,,
P06576|198|K|34,P60866|99|K|34,0.71,,
P06576|198|K|34,P08670|439|K|34,0.66,,
P06576|198|K|34,P07355|28|K|34,0.75,,
P06576|198|K|34,P07737|116|K|34,0.66,,
P06702|38|K|34,P68133|52|K|34,0.75,,
P06454|15|K|34,P06733|221|K|34,0.66,,
P06454|15|K|34,P62805|60|K|34,0.67,,
P06396|720|K|34,P07900|58|K|34,0.68,,
P06396|720|K|34,Q02539|78|K|34,0.69,,
P06576|133|K|34,P07737|38|K|34,0.66,,
P06576|133|K|34,P11021|447|K|34,0.68,,
P06576|133|K|34,P13667|234|K|34,0.67,,
P06576|133|K|34,P10412|17|K|34,0.68,,
P06576|133|K|34,P40926|239|K|34,0.66,,
P06576|133|K|34,P16401|112|K|34,0.74,,
P11021|447|K|34,P16401|100|K|34,0.67,,
P11021|447|K|34,P19338|449|K|34,0.66,,
P11021|447|K|34,P14649|107|K|34,0.68,,
P11021|447|K|34,Q02878|94|K|34,0.7,,
P11021|447|K|34,P35579|1477|K|34,0.68,,
P11021|447|K|34,P51991|118|K|34,0.66,,
P13667|234|K|34,P16401|112|K|34,0.69,,
P13667|234|K|34,P40926|203|K|34,0.68,,
P13667|234|K|34,P45880|235|K|34,0.68,,
P13667|234|K|34,P22626|3|K|34,0.67,,
P13667|234|K|34,P60174|19|K|34,0.71,,
P16401|112|K|34,P16401|113|K|34,0.67,,
P16401|112|K|34,P16403|17|K|34,0.78,,
P25705|194|K|34,P69905|12|K|34,0.7,,
P25705|194|K|34,P63104|115|K|34,0.68,,
P25705|194|K|34,P46940|556|K|34,0.69,,
P42126|61|K|34,P63220|41|K|34,0.69,,
P42126|61|K|34,Q00610|96|K|34,0.66,,
P38646|485|K|34,P55084|361|K|34,0.69,,
P38646|485|K|34,P49327|1866|K|34,0.66,,
P38646|485|K|34,P40429|159|K|34,0.68,,
P38646|485|K|34,P47914|149|K|34,0.66,,
P38646|485|K|34,P63220|41|K|34,0.67,,
P67809|137|K|34,Q8NC51|68|K|34,0.66,,
P67809|137|K|34,Q99832|67|K|34,0.68,,
P55084|361|K|34,P67809|137|K|34,0.66,,
P55084|361|K|34,P62258|118|K|34,0.67,,
P30101|494|K|34,P36578|364|K|34,0.71,,
P30101|494|K|34,Q07021|220|K|34,0.66,,
P10809|72|K|34,P14625|114|K|34,0.7,,
P10809|72|K|34,P25705|161|K|34,0.67,,
P25705|161|K|34,Q8NC51|68|K|34,0.67,,
P25705|161|K|34,P62805|78|K|34,0.67,,
P25705|161|K|34,P61604|54|K|34,0.67,,
P25705|161|K|34,P32119|92|K|34,0.7,,
Q04837|81|K|34,Q15427|23|K|34,0.69,,
P38646|234|K|34,Q13310|78|K|34,0.66,,
P10809|387|K|34,P36578|364|K|34,0.72,,
P10809|387|K|34,P30101|494|K|34,0.72,,
P10809|387|K|34,Q14764|701|K|34,0.66,,
P36578|364|K|34,P38646|646|K|34,0.69,,
P36578|364|K|34,Q07021|220|K|34,0.72,,
P25705|103|K|34,Q02790|354|K|34,0.69,,
P25705|103|K|34,Q9BUF5|350|K|34,0.71,,
P25705|103|K|34,Q9Y2Q3|144|K|34,0.69,,
P25705|103|K|34,Q9UQ80|355|K|34,0.71,,
P25705|103|K|34,Q15427|23|K|34,0.69,,
P25705|103|K|34,P39023|312|K|34,0.67,,
P25705|103|K|34,P61604|54|K|34,0.66,,
P10809|473|K|34,P11021|96|K|34,0.68,,
P10809|473|K|34,P14618|207|K|34,0.73,,
P10809|473|K|34,P61604|28|K|34,0.66,,
P10809|473|K|34,P16402|53|K|34,0.67,,
P11021|96|K|34,P38646|646|K|34,0.68,,
P11021|96|K|34,P16401|93|K|34,0.66,,
P27816|346|K|34,P38646|555|K|34,0.67,,
P27816|346|K|34,P38646|646|K|34,0.67,,
P27816|346|K|34,P63220|41|K|34,0.67,,
P27816|346|K|34,P61604|36|K|34,0.68,,
P14649|107|K|34,P51991|118|K|34,0.67,,
P14649|107|K|34,Q06830|93|K|34,0.67,,
P11021|464|K|34,P42126|61|K|34,0.66,,
P11021|464|K|34,P12277|381|K|34,0.66,,
P11021|464|K|34,P16401|93|K|34,0.66,,
Q02878|94|K|34,Q06830|7|K|34,0.66,,
P11021|113|K|34,P63220|41|K|34,0.68,,
P0DP24|116|K|34,P60174|248|K|34,0.66,,
P0DP24|116|K|34,P63261|68|K|34,0.69,,
P60174|248|K|34,Q06830|109|K|34,0.73,,
P63261|68|K|34,Q05639|255|K|34,0.68,,
P63261|68|K|34,P69905|57|K|34,0.66,,
P63261|68|K|34,Q562R1|292|K|34,0.68,,
P63261|68|K|34,Q99879|35|K|34,0.66,,
P0DP24|31|K|34,P63313|26|K|34,0.66,,
P0DP24|31|K|34,Q15084|216|K|34,0.66,,
P0DP24|31|K|34,Q05639|44|K|34,0.66,,
P0DP24|22|K|34,P21333|691|K|34,0.67,,
P0DP24|22|K|34,P67936|44|K|34,0.67,,
P21333|691|K|34,Q01995|121|K|34,0.67,,
P0DMV8|71|K|34,P62829|123|K|34,0.7,,
P0DMV8|71|K|34,P62913|52|K|34,0.67,,
P0DMV8|71|K|34,P25705|161|K|34,0.67,,
P0DMV8|71|K|34,P27816|346|K|34,0.73,,
P0DMV8|71|K|34,P11021|96|K|34,0.68,,
P0DMV8|71|K|34,P11142|524|K|34,0.66,,
P0DMV8|71|K|34,P11142|71|K|34,0.7,,
P62829|123|K|34,P62913|52|K|34,0.66,,
P11142|524|K|34,P23528|92|K|34,0.66,,
P11142|71|K|34,P25705|161|K|34,0.75,,
P0DOY3|50|K|34,P62979|33|K|34,0.7,,
P0DOY3|50|K|34,P20908|1433|K|34,0.66,,
P0DOY3|50|K|34,Q96A08|45|K|34,0.66,,
P0DMV8|77|K|34,Q5TEC6|80|K|34,0.69,,
P61604|66|K|34,P62805|78|K|34,0.71,,
P16402|35|K|34,P68871|121|K|34,0.66,,
P16402|35|K|34,P61604|28|K|34,0.66,,
P10809|233|K|34,Q14152|388|K|34,0.67,,
P10809|233|K|34,Q9NR30|247|K|34,0.72,,
P10809|233|K|34,P15880|275|K|34,0.66,,
P10809|233|K|34,Q00610|1034|K|34,0.67,,
P10809|233|K|34,P29401|456|K|34,0.66,,
P10809|233|K|34,P22314|802|K|34,0.71,,
P10809|233|K|34,P40939|516|K|34,0.69,,
P15880|275|K|34,P18124|212|K|34,0.69,,
P15880|275|K|34,Q92841|313|K|34,0.66,,
P15880|275|K|34,Q96AY3|240|K|34,0.72,,
P15880|275|K|34,Q7KZF4|886|K|34,0.69,,
P15880|275|K|34,P55072|614|K|34,0.67,,
P15880|275|K|34,P49448|162|K|34,0.66,,
P15880|275|K|34,P53396|962|K|34,0.67,,
P15880|275|K|34,P62750|123|K|34,0.66,,
P29401|456|K|34,P52907|193|K|34,0.67,,
P40939|516|K|34,P49327|1866|K|34,0.68,,
P40939|516|K|34,Q15436|46|K|34,0.68,,
P40939|516|K|34,Q9NR30|247|K|34,0.73,,
P40939|516|K|34,Q9Y617|333|K|34,0.69,,
P40939|516|K|34,P60174|33|K|34,0.77,,
P40939|516|K|34,P52907|193|K|34,0.67,,
P0DPK2|37|K|34,Q562R1|292|K|34,0.67,,
P0DPK2|37|K|34,Q8NBS9|375|K|34,0.72,,
P0DPK2|37|K|34,P62913|85|K|34,0.69,,
P0DPK2|37|K|34,Q02539|93|K|34,0.69,,
P0DPK2|37|K|34,P63261|68|K|34,0.68,,
P0DPK2|37|K|34,P14618|305|K|34,0.66,,
P0DPK2|37|K|34,P30101|82|K|34,0.78,,
P0DPK2|37|K|34,P26447|7|K|34,0.73,,
Q562R1|292|K|34,Q99879|35|K|34,0.68,,
P14618|305|K|34,Q99879|35|K|34,0.67,,
P14618|305|K|34,Q562R1|292|K|34,0.69,,
P14618|305|K|34,P27824|193|K|34,0.68,,
P14618|305|K|34,Q02539|88|K|34,0.67,,
P14618|305|K|34,Q05639|255|K|34,0.68,,
P14618|305|K|34,Q02539|93|K|34,0.73,,
P26447|7|K|34,Q02539|93|K|34,0.71,,
P26447|7|K|34,P68133|115|K|34,0.68,,
P26447|7|K|34,Q8NBS9|375|K|34,0.66,,
P26447|7|K|34,P30101|82|K|34,0.77,,
P26447|7|K|34,P31943|167|K|34,0.67,,
P67936|13|K|34,Q15084|216|K|34,0.66,,
Q02539|67|K|34,Q96A08|118|K|34,0.68,,
P10412|168|K|34,Q05682|733|K|34,0.68,,
P10412|168|K|34,P68871|121|K|34,0.7,,
P10412|168|K|34,P40926|215|K|34,0.67,,
P12109|652|K|34,P62937|28|K|34,0.67,,
P12110|197|K|34,P16401|17|K|34,0.68,,
P12109|148|K|34,P35579|682|K|34,0.71,,
P12109|148|K|34,P35749|1152|K|34,0.72,,
P12109|148|K|34,P67936|132|K|34,0.72,,
P12109|148|K|34,P14618|230|K|34,0.66,,
P35749|1152|K|34,P02452|759|K|299,0.66,,
P35749|1152|K|34,P67936|132|K|34,0.68,,
P67936|132|K|34,P68133|86|K|34,0.69,,
P61981|28|K|34,Q13509|297|K|34,0.7,,
P61981|28|K|34,Q04917|28|K|34,0.66,,
P61981|28|K|34,Q05639|146|K|34,0.66,,
P61981|28|K|34,P63104|138|K|34,0.67,,
P12956|46|K|34,Q9Y277|266|K|34,0.66,,
P12956|46|K|34,P62280|58|K|34,0.68,,
P12956|46|K|34,Q86VP6|873|K|34,0.69,,
P12956|46|K|34,Q04837|81|K|34,0.68,,
P12956|46|K|34,P27816|304|K|34,0.66,,
P12956|46|K|34,P23246|330|K|34,0.7,,
P11586|292|K|34,P78527|3372|K|34,0.73,,
P11586|292|K|34,Q9Y5B9|211|K|34,0.72,,
P11586|733|K|34,P55884|772|K|34,0.66,,
P11586|733|K|34,Q10567|901|K|34,0.72,,
P11586|733|K|34,Q14152|388|K|34,0.76,,
P11586|733|K|34,P15880|275|K|34,0.66,,
P11586|733|K|34,P42704|1236|K|34,0.71,,
P11586|733|K|34,P49448|162|K|34,0.71,,
P11586|733|K|34,P40925|199|K|34,0.71,,
P55884|772|K|34,Q10567|901|K|34,0.67,,
Q10567|901|K|34,Q9NR45|315|K|34,0.74,,
Q10567|901|K|34,Q9NUQ9|199|K|34,0.73,,
Q10567|901|K|34,Q14152|388|K|34,0.72,,
P42704|1236|K|34,Q9Y383|135|K|34,0.7,,
P40925|199|K|34,Q02790|98|K|34,0.67,,
P40925|199|K|34,Q10567|901|K|34,0.72,,
P40925|199|K|34,P55060|574|K|34,0.66,,
P49411|405|K|34,Q9Y383|135|K|34,0.66,,
P49411|405|K|34,Q9Y394|332|K|34,0.67,,
P49411|405|K|34,P62280|58|K|34,0.67,,
P49411|405|K|34,P49448|162|K|34,0.72,,
P49411|405|K|34,Q00610|1545|K|34,0.73,,
P12236|43|K|34,Q01105|132|K|34,0.68,,
Q01105|132|K|34,Q02878|237|K|34,0.66,,
P12236|63|K|34,P38117|176|K|34,0.67,,
P12236|63|K|34,P40939|303|K|34,0.74,,
P12236|63|K|34,P32119|135|K|34,0.74,,
P12236|63|K|34,P32119|26|K|34,0.68,,
P12236|63|K|34,P21333|973|K|34,0.67,,
P40939|303|K|34,P55084|95|K|34,0.7,,
P15531|49|K|34,P62826|71|K|34,0.68,,
P15531|49|K|34,P60842|309|K|34,0.66,,
P15531|49|K|34,Q04917|28|K|34,0.7,,
P15531|49|K|34,P25705|316|K|34,0.67,,
P15531|49|K|34,P49368|248|K|34,0.66,,
P15531|49|K|34,Q71UM5|36|K|34,0.66,,
P15531|56|K|34,Q86VP6|373|K|34,0.66,,
P15531|56|K|34,Q12905|221|K|34,0.67,,
P15531|56|K|34,Q03252|516|K|34,0.67,,
P15531|56|K|34,Q9Y394|332|K|34,0.7,,
P15531|56|K|34,Q9Y230|223|K|34,0.71,,
P15531|56|K|34,P68036|82|K|34,0.66,,
P53396|962|K|34,Q10567|901|K|34,0.74,,
P53396|962|K|34,P82673|270|K|34,0.66,,
P53396|962|K|34,Q9NR45|315|K|34,0.66,,
Q02790|98|K|34,Q16531|83|K|34,0.76,,
Q02790|98|K|34,Q96AY3|240|K|34,0.66,,
Q02790|98|K|34,Q10567|901|K|34,0.7,,
P68036|82|K|34,P78527|3825|K|34,0.67,,
P68036|82|K|34,Q9Y230|223|K|34,0.66,,
P18206|699|K|34,Q9Y394|332|K|34,0.68,,
P18206|699|K|34,P78527|3825|K|34,0.7,,
P18206|699|K|34,P26038|458|K|34,0.66,,
P41250|615|K|34,P55884|248|K|34,0.67,,
P41250|615|K|34,Q9BV20|23|K|34,0.74,,
P41250|615|K|34,Q9NR30|247|K|34,0.66,,
P41250|615|K|34,Q9UNM6|313|K|34,0.7,,
P41250|615|K|34,Q96AY3|240|K|34,0.68,,
P41250|615|K|34,Q00610|1034|K|34,0.67,,
P41250|615|K|34,P82673|270|K|34,0.69,,
P41250|615|K|34,Q14152|388|K|34,0.66,,
P37837|215|K|34,Q10567|901|K|34,0.68,,
P37837|215|K|34,P78527|3825|K|34,0.66,,
P37837|215|K|34,Q01105|68|K|34,0.66,,
P37837|215|K|34,P53396|962|K|34,0.67,,
P31946|140|K|34,Q9Y383|135|K|34,0.66,,
P31946|140|K|34,Q05639|146|K|34,0.7,,
P45880|39|K|34,Q9NR30|247|K|34,0.7,,
P45880|39|K|34,P62269|106|K|34,0.67,,
P37837|269|K|34,Q9GZV4|67|K|34,0.69,,
P37837|269|K|34,Q02878|285|K|34,0.68,,
P37837|269|K|34,P39023|193|K|34,0.67,,
P37837|269|K|34,P40227|465|K|34,0.73,,
P37837|269|K|34,P51149|126|K|34,0.66,,
P11142|126|K|34,P63104|138|K|34,0.67,,
P11142|126|K|34,P60174|113|K|34,0.8,,
P11142|126|K|34,P61978|219|K|34,0.68,,
P11142|126|K|34,Q06830|35|K|34,0.66,,
P11142|126|K|34,P24752|66|K|34,0.66,,
P11142|126|K|34,Q9H9J2|246|K|34,0.7,,
P11142|126|K|34,Q9BUF5|350|K|34,0.68,,
P11142|126|K|34,Q969H8|125|K|34,0.7,,
P11142|126|K|34,P19367|738|K|34,0.67,,
P11142|126|K|34,P12956|539|K|34,0.67,,
P11142|128|K|34,P12956|182|K|34,0.69,,
P11142|128|K|34,Q9NUQ9|199|K|34,0.66,,
P11142|128|K|34,Q9NY65|96|K|34,0.7,,
P11142|128|K|34,P61981|152|K|34,0.67,,
P12956|182|K|34,P35579|1538|K|34,0.68,,
P12956|182|K|34,P37837|215|K|34,0.68,,
P78371|154|K|34,Q14315|80|K|34,0.68,,
P78371|154|K|34,Q06830|35|K|34,0.73,,
P78371|154|K|34,Q04917|28|K|34,0.69,,
P78371|154|K|34,Q9GZV4|67|K|34,0.73,,
P78371|154|K|34,Q5VT66|327|K|34,0.67,,
P11142|159|K|34,P25705|194|K|34,0.66,,
P11142|159|K|34,P12110|197|K|34,0.66,,
P11142|159|K|34,P14625|434|K|34,0.66,,
P11142|159|K|34,P14649|107|K|34,0.68,,
P14625|434|K|34,P25705|194|K|34,0.68,,
P11021|585|K|34,P27824|371|R|7,0.67,,
P11021|585|K|34,P16435|438|R|7,0.67,,
P26038|458|K|34,P78371|441|K|34,0.71,,
P26038|458|K|34,P53396|962|K|34,0.68,,
Q14914|25|K|34,Q15287|186|K|34,0.68,,
Q14914|25|K|34,Q16718|40|K|34,0.68,,
Q14914|25|K|34,Q58FF8|141|K|34,0.69,,
Q14914|25|K|34,Q969H8|125|K|34,0.67,,
Q07021|220|K|34,Q13185|141|K|34,0.66,,
P11142|108|K|34,P14618|188|K|34,0.67,,
P11142|3|K|34,Q01995|121|K|34,0.69,,
P11142|3|K|34,P29401|204|K|34,0.66,,
P30044|116|K|34,Q00610|96|K|34,0.76,,
P30044|116|K|34,P62258|118|K|34,0.7,,
P30044|116|K|34,P42126|61|K|34,0.66,,
P30044|116|K|34,P45880|277|K|34,0.76,,
P30044|116|K|34,P48444|38|K|34,0.73,,
P11142|561|K|34,P14618|188|K|34,0.69,,
P13639|272|K|34,P39023|312|K|34,0.76,,
P13639|272|K|34,P55072|614|K|34,0.66,,
P13639|272|K|34,P60174|113|K|34,0.72,,
P13639|272|K|34,P60842|309|K|34,0.7,,
P13639|272|K|34,P14618|151|K|34,0.75,,
P13639|272|K|34,P25705|316|K|34,0.72,,
P13639|272|K|34,P18206|720|K|34,0.68,,
P13639|272|K|34,Q9UQ80|355|K|34,0.71,,
P13639|272|K|34,Q9UQ80|62|K|34,0.69,,
P13639|272|K|34,Q9H9J2|246|K|34,0.69,,
P13639|272|K|34,Q04917|28|K|34,0.69,,
Q02790|354|K|34,Q05639|146|K|34,0.76,,
P11142|187|K|34,Q96A08|110|K|34,0.7,,
P11142|187|K|34,P68133|317|K|34,0.66,,
P11142|187|K|34,P68133|52|K|34,0.69,,
P11142|187|K|34,P11142|188|K|34,0.81,,
P11142|187|K|34,P16401|100|K|34,0.67,,
P07910|89|K|34,P60174|33|K|34,0.66,,
P07910|89|K|34,P23396|197|K|34,0.67,,
P60174|33|K|34,Q15436|46|K|34,0.68,,
P23396|197|K|34,P83731|93|K|34,0.69,,
P23396|197|K|34,P35232|186|K|34,0.71,,
P23396|197|K|34,Q9BQG0|202|K|34,0.66,,
P08123|1064|K|34,Q16695|123|K|34,0.69,,
P08238|623|K|34,P55884|772|K|34,0.7,,
P08238|623|K|34,P37837|215|K|34,0.68,,
P08238|623|K|34,P38646|234|K|34,0.68,,
P08238|623|K|34,P0DMV8|550|K|34,0.67,,
P08238|623|K|34,P10809|359|K|34,0.66,,
P08621|103|K|34,P40926|269|K|34,0.69,,
P08621|103|K|34,Q14847|128|K|34,0.72,,
P08621|103|K|34,P62195|389|K|34,0.7,,
P08621|103|K|34,P61923|39|K|34,0.71,,
P08621|103|K|34,P55884|248|K|34,0.69,,
P08621|103|K|34,Q12906|565|K|34,0.69,,
P08621|103|K|34,Q13451|452|K|34,0.66,,
P08621|103|K|34,Q01082|497|K|34,0.66,,
P08670|104|K|34,Q8N257|12|K|34,0.67,,
P08670|104|K|34,P63104|139|K|34,0.71,,
P62195|389|K|34,Q14847|128|K|34,0.7,,
P62195|389|K|34,Q13451|452|K|34,0.67,,
P62195|389|K|34,Q01082|497|K|34,0.69,,
P62195|389|K|34,Q12906|565|K|34,0.67,,
P61923|39|K|34,Q15691|122|K|34,0.69,,
P61923|39|K|34,Q01082|497|K|34,0.77,,
P61923|39|K|34,Q58FF8|141|K|34,0.69,,
P61923|39|K|34,Q9UQ80|311|K|34,0.73,,
Q12906|565|K|34,Q14847|128|K|34,0.66,,
Q12906|565|K|34,Q86VP6|373|K|34,0.68,,
Q12906|565|K|34,Q9H9J2|246|K|34,0.75,,
Q12906|565|K|34,Q9UNM6|313|K|34,0.67,,
Q01082|497|K|34,Q14847|128|K|34,0.67,,
Q01082|497|K|34,Q15287|186|K|34,0.67,,
Q01082|497|K|34,Q15691|122|K|34,0.68,,
P08238|491|K|34,P19338|467|K|34,0.74,,
P08238|491|K|34,P31943|167|K|34,0.67,,
P08238|491|K|34,P08670|139|K|34,0.72,,
P08238|491|K|34,P14618|151|K|34,0.68,,
P07900|191|K|34,P43686|192|K|34,0.67,,
P43686|192|K|34,Q92928|170|K|34,0.66,,
P43686|192|K|34,Q05682|170|K|34,0.72,,
P43686|192|K|34,Q9Y5B9|211|K|34,0.7,,
P43686|192|K|34,P78527|3372|K|34,0.86,,
P43686|192|K|34,P78527|2818|K|34,0.73,,
P43686|192|K|34,P49327|1752|K|34,0.66,,
P43686|192|K|34,P62937|91|K|34,0.71,,
P43686|192|K|34,P61313|140|K|34,0.66,,
P35579|606|K|34,P55072|502|K|34,0.66,,
P07900|292|K|34,Q05639|146|K|34,0.66,,
P07900|292|K|34,Q06830|35|K|34,0.66,,
P07900|292|K|34,Q562R1|51|K|34,0.77,,
P07900|292|K|34,P39023|312|K|34,0.67,,
P07900|292|K|34,P63104|139|K|34,0.66,,
P07900|292|K|34,P61604|54|K|34,0.69,,
P07900|292|K|34,P19338|467|K|34,0.72,,
P07900|292|K|34,P16401|78|K|34,0.72,,
P07900|292|K|34,P25705|316|K|34,0.7,,
P07900|292|K|34,P07900|499|K|34,0.69,,
P24534|22|K|34,P52272|667|K|34,0.67,,
P24534|22|K|34,P28066|32|K|34,0.76,,
P24534|22|K|34,Q9Y5B9|211|K|34,0.68,,
P24534|22|K|34,Q9BUF5|350|K|34,0.67,,
P16401|78|K|34,Q01105|167|K|34,0.66,,
P16401|78|K|34,P63104|139|K|34,0.67,,
P16401|78|K|34,Q562R1|51|K|34,0.72,,
P16401|78|K|34,P61604|54|K|34,0.66,,
P78371|441|K|34,Q13310|78|K|34,0.73,,
P14618|224|K|34,P61353|93|K|34,0.7,,
P14618|224|K|34,P69905|17|K|34,0.66,,
P14618|224|K|34,Q6PEY2|336|K|34,0.67,,
P07900|112|K|34,P24534|176|K|34,0.67,,
P07900|112|K|34,P10412|168|K|34,0.73,,
P07900|112|K|34,P11021|464|K|34,0.68,,
P07900|112|K|34,P11021|96|K|34,0.69,,
P07900|112|K|34,P16104|128|K|34,0.69,,
P07900|112|K|34,P16401|100|K|34,0.68,,
P07900|112|K|34,P16401|49|K|34,0.68,,
P07900|112|K|34,P61604|70|K|34,0.66,,
P07900|112|K|34,Q02539|67|K|34,0.66,,
P16104|128|K|34,P61604|28|K|34,0.69,,
P16104|128|K|34,Q5TEC6|19|K|34,0.66,,
P16104|128|K|34,Q00839|524|K|34,0.7,,
Q05682|170|K|34,Q14204|1687|K|34,0.67,,
P62258|28|K|34,Q9Y5B9|211|K|34,0.69,,
P07900|631|K|34,P63220|41|K|34,0.73,,
P07900|615|K|34,P61604|56|K|34,0.68,,
P07900|478|K|34,Q9UQ80|355|K|34,0.73,,
P07900|478|K|34,Q9BUF5|350|K|34,0.67,,
P07900|478|K|34,P62258|28|K|34,0.73,,
P07900|478|K|34,P60174|113|K|34,0.84,,
P07900|478|K|34,P39023|312|K|34,0.78,,
P07900|478|K|34,P11142|126|K|34,0.71,,
P07900|478|K|34,P11142|137|K|34,0.66,,
P07900|478|K|34,P07900|499|K|34,0.73,,
P07900|478|K|34,P11142|550|K|34,0.7,,
P07900|478|K|34,P13639|272|K|34,0.71,,
Q58FF8|141|K|34,Q9UQ80|311|K|34,0.74,,
Q58FF8|141|K|34,Q969H8|125|K|34,0.68,,
Q00610|112|K|34,Q00688|70|K|34,0.66,,
Q00610|112|K|34,Q15287|186|K|34,0.75,,
P07900|558|K|34,P30153|358|K|34,0.69,,
P07900|558|K|34,P07900|559|K|34,0.91,,
P07900|558|K|34,Q14204|1687|K|34,0.67,,
P07900|558|K|34,Q14697|148|K|34,0.67,,
P07900|558|K|34,Q05682|170|K|34,0.68,,
P09493|168|K|34,P02452|742|K|299,0.68,,
P09493|168|K|34,P67936|132|K|34,0.68,,
P09493|168|K|34,P12111|2052|K|34,0.66,,
P09493|168|K|34,P12111|573|K|34,0.68,,
P09493|168|K|34,P14625|95|K|34,0.69,,
P09493|168|K|34,P14314|301|K|34,0.71,,
P09493|168|K|34,P20908|1433|K|34,0.73,,
P02452|742|K|299,P02461|982|K|299,0.7,,
P09493|77|K|34,P20908|1433|K|34,0.73,,
P09493|77|K|34,P51884|172|K|34,0.66,,
P09651|350|K|34,P10809|233|K|34,0.67,,
P09651|350|K|34,P61247|240|K|34,0.67,,
P09651|161|K|34,P19338|639|K|34,0.7,,
P09651|161|K|34,P20700|330|K|34,0.76,,
P09651|161|K|34,P22626|168|K|34,0.73,,
P09651|161|K|34,Q9Y5B9|211|K|34,0.7,,
P09651|161|K|34,Q92928|170|K|34,0.66,,
P09651|161|K|34,P61313|140|K|34,0.68,,
P09651|161|K|34,P43686|192|K|34,0.73,,
P09651|161|K|34,Q14204|1687|K|34,0.67,,
P09651|161|K|34,P78527|3372|K|34,0.77,,
P09651|161|K|34,Q01105|132|K|34,0.69,,
P61313|140|K|34,P62937|91|K|34,0.78,,
P61313|140|K|34,Q08211|1073|K|34,0.66,,
P61313|140|K|34,Q58FF8|141|K|34,0.66,,
P61313|140|K|34,Q9NR45|333|K|34,0.72,,
P14625|95|K|34,P67936|132|K|34,0.66,,
P14625|95|K|34,P20908|1433|K|34,0.7,,
P14625|95|K|34,P23528|45|K|34,0.66,,
P14314|301|K|34,Q9Y2Q3|144|K|34,0.67,,
P09493|118|K|34,Q562R1|51|K|34,0.72,,
P22059|768|K|34,P24534|22|K|34,0.7,,
P22059|768|K|34,Q16718|40|K|34,0.69,,
P22059|768|K|34,Q14914|25|K|34,0.73,,
P22059|768|K|34,P43686|192|K|34,0.67,,
P22059|768|K|34,P78527|2818|K|34,0.66,,
P14618|186|K|34,Q9UQ80|311|K|34,0.68,,
P14618|186|K|34,P22626|46|K|34,0.72,,
P14618|186|K|34,P27797|87|K|34,0.67,,
P14618|186|K|34,Q13451|452|K|34,0.67,,
P40926|45|K|34,Q15084|208|K|34,0.66,,
P40926|45|K|34,Q16718|40|K|34,0.67,,
P09874|747|K|34,P42126|283|K|34,0.67,,
P09874|747|K|34,Q86VP6|373|K|34,0.67,,
P09874|747|K|34,Q8N0U8|79|K|34,0.69,,
P09874|747|K|34,P43243|245|K|34,0.68,,
P09874|747|K|34,P52272|667|K|34,0.75,,
P09874|747|K|34,Q13813|862|K|34,0.73,,
Q86VP6|373|K|34,Q9UNM6|313|K|34,0.72,,
P0DMV8|159|K|34,P22626|104|K|34,0.68,,
P0DMV8|159|K|34,Q01995|78|K|34,0.67,,
P09651|3|K|34,P16401|112|K|34,0.67,,
P09651|3|K|34,P11021|113|K|34,0.67,,
P09874|467|K|34,Q07020|132|K|34,0.66,,
P09874|467|K|34,P42704|640|K|34,0.67,,
P09874|467|K|34,P22626|46|K|34,0.72,,
P09874|467|K|34,P12956|539|K|34,0.69,,
P09874|695|K|34,P78527|3372|K|34,0.73,,
P09874|695|K|34,Q58FF8|141|K|34,0.69,,
P09874|695|K|34,Q05682|170|K|34,0.68,,
P09874|695|K|34,P26641|147|K|34,0.69,,
P09874|695|K|34,P28066|32|K|34,0.71,,
P09874|695|K|34,P31943|98|K|34,0.66,,
P09874|695|K|34,P31947|27|K|34,0.69,,
P09874|695|K|34,P18669|138|K|34,0.68,,
P09874|695|K|34,P43686|192|K|34,0.7,,
P28066|32|K|34,P78527|3372|K|34,0.66,,
P28066|32|K|34,P43243|245|K|34,0.67,,
P28066|32|K|34,P34932|603|K|34,0.73,,
P28066|32|K|34,Q14847|128|K|34,0.68,,
P28066|32|K|34,Q58FF8|141|K|34,0.7,,
P28066|32|K|34,Q8TAQ2|139|R|7,0.66,,
P18669|138|K|34,P62258|28|K|34,0.66,,
P18669|138|K|34,Q02790|354|K|34,0.67,,
P18669|138|K|34,Q05682|170|K|34,0.68,,
P09874|192|K|34,Q9Y230|223|K|34,0.69,,
P08670|292|K|34,P09429|30|K|34,0.66,,
P09429|30|K|34,P67936|13|K|34,0.71,,
P08670|188|K|34,P20908|1433|K|34,0.68,,
P09382|29|K|34,Q8NBS9|375|K|34,0.71,,
P09382|29|K|34,P60953|135|K|34,0.66,,
P09382|29|K|34,Q562R1|292|K|34,0.73,,
P09382|29|K|34,P69905|57|K|34,0.67,,
P09382|29|K|34,P14618|115|K|34,0.67,,
P09382|29|K|34,P26447|7|K|34,0.74,,
P09382|29|K|34,P30101|82|K|34,0.68,,
P09382|29|K|34,P0DPK2|37|K|34,0.68,,
P60953|135|K|34,P62979|48|K|34,0.68,,
P60953|135|K|34,Q5TEC6|5|K|34,0.67,,
Q05639|255|K|34,Q562R1|292|K|34,0.73,,
Q05639|255|K|34,Q15084|216|K|34,0.68,,
P08670|97|K|34,P60174|248|K|34,0.7,,
P08670|97|K|34,P11142|357|K|34,0.67,,
P08670|97|K|34,P63104|49|K|34,0.68,,
Q9HAF1|69|K|1,Q9Y2W2|13|K|1,0.67,,
Q9HAF1|69|K|1,Q9HAF1|74|K|1,0.78,,
Q9HAF1|69|K|1,Q9NV56|200|K|1,0.69,,
Q9HAF1|74|K|1,Q9Y2W2|13|K|1,0.66,,
Q9HAF1|74|K|1,Q9UQE7|106|K|1,0.66,,
Q9NQC1|32|K|1,Q9NQC1|38|K|1,0.84,,
Q9UQE7|105|K|1,Q9UQE7|106|K|1,0.89,,
Q9UNL4|127|K|1,Q9UNL4|129|K|1,0.85,,
Q99525|13|K|1,Q99525|9|K|1,0.88,,
Q99986|293|K|1,Q07021|220|K|34,0.67,,
Q99986|293|K|1,Q07065|566|K|34,0.68,,
Q99986|293|K|1,Q9Y2W2|13|K|1,0.72,,
Q9BQ61|146|K|1,Q9UQE7|105|K|1,0.71,,
Q9BQ61|146|K|1,Q9UQE7|106|K|1,0.71,,
Q9BQ61|146|K|1,Q05682|733|K|34,0.66,,
Q96HW7|26|K|1,Q9NPF5|27|K|1,0.66,,
Q96KR1|509|K|1,Q9GZZ1|37|K|1,0.72,,
Q9GZZ1|34|K|1,Q5TEC6|10|K|37,0.67,,
Q9GZZ1|34|K|1,Q9H0C2|104|K|1,0.72,,
Q5TEC6|10|K|37,P11142|524|K|535,0.71,,
Q5TEC6|10|K|37,P46783|138|K|535,0.7,,
Q5TEC6|10|K|37,P61956|11|K|535,0.7,,
Q5TEC6|10|K|37,P62979|27|K|535,0.68,,
Q5TEC6|10|K|37,P62979|29|K|535,0.69,,
Q9H0E9|85|K|1,Q9UQE7|105|K|1,0.7,,
Q9H0E9|85|K|1,Q9UQE7|106|K|1,0.71,,
Q9H0E9|85|K|1,Q9Y6Q9|687|K|1,0.71,,
Q9H0C2|104|K|1,Q9UQE7|105|K|1,0.68,,
Q9BR39|647|K|1,Q9BR39|651|K|1,0.78,,
Q9C0J8|46|K|1,Q9Y6Q9|687|K|1,0.73,,
O43707|300|K|34,P07355|104|K|34,0.72,,
O43707|300|K|34,P07900|559|K|34,0.67,,
O43707|300|K|34,Q14697|148|K|34,0.7,,
O43707|300|K|34,P20700|330|K|34,0.69,,
O43592|752|K|34,P42126|283|K|34,0.68,,
O43592|752|K|34,P35579|882|K|34,0.71,,
O43592|752|K|34,P09874|747|K|34,0.67,,
O43592|752|K|34,Q13185|141|K|34,0.67,,
Q13185|141|K|34,Q9UQ80|355|K|34,0.68,,
Q13185|141|K|34,Q9NS69|141|K|34,0.69,,
O43795|1021|K|34,P17987|33|K|34,0.67,,
O43795|1021|K|34,O75369|1449|K|34,0.75,,
O43795|1021|K|34,P04844|504|K|34,0.69,,
O43795|1021|K|34,Q92900|200|K|34,0.81,,
O43795|1021|K|34,Q9P2R7|242|K|34,0.78,,
O43795|1021|K|34,Q12905|80|K|34,0.67,,
O43795|1021|K|34,Q9Y617|333|K|34,0.74,,
O43795|1021|K|34,P52907|193|K|34,0.72,,
O43795|1021|K|34,P55786|794|K|34,0.66,,
O43795|1021|K|34,P45880|277|K|34,0.72,,
O43707|853|K|34,P09327|699|K|34,0.7,,
O43707|853|K|34,P16401|93|K|34,0.71,,
O43707|853|K|34,P52565|167|K|34,0.66,,
O43707|853|K|34,P35749|1308|K|34,0.68,,
O14980|88|K|34,O75369|1207|K|34,0.68,,
O14980|88|K|34,P07355|104|K|34,0.73,,
O14980|88|K|34,P26641|147|K|34,0.73,,
O14980|88|K|34,P61313|140|K|34,0.8,,
O14980|88|K|34,P0DMV8|126|K|34,0.66,,
O14980|88|K|34,P11021|573|K|34,0.67,,
O14980|88|K|34,P07900|327|K|34,0.69,,
O14980|88|K|34,P13010|565|K|34,0.69,,
O14980|88|K|34,P62937|91|K|34,0.67,,
O75369|1207|K|34,P0DMV8|126|K|34,0.67,,
O75369|1207|K|34,P08708|129|K|34,0.71,,
O14980|810|K|34,Q9Y617|333|K|34,0.71,,
O14980|810|K|34,Q06323|35|K|34,0.71,,
O14980|810|K|34,Q07955|138|K|34,0.71,,
O14980|810|K|34,Q9P2R7|242|K|34,0.74,,
O14980|810|K|34,P30041|141|K|34,0.67,,
O14980|810|K|34,P23284|145|K|34,0.67,,
O14980|810|K|34,P49327|1866|K|34,0.7,,
Q06323|35|K|34,Q9BQG0|202|K|34,0.66,,
Q06323|35|K|34,Q9Y617|333|K|34,0.69,,
Q07955|138|K|34,Q9Y617|333|K|34,0.66,,
Q9P2R7|242|K|34,Q9Y617|333|K|34,0.76,,
O14980|415|K|34,Q9Y617|333|K|34,0.67,,
O14980|415|K|34,Q92900|200|K|34,0.81,,
O14980|415|K|34,P52907|193|K|34,0.8,,
O14980|415|K|34,P55786|794|K|34,0.67,,
O14980|415|K|34,Q15404|208|K|34,0.75,,
O14980|415|K|34,O43795|1021|K|34,0.75,,
O14980|415|K|34,O75369|1449|K|34,0.67,,
O14980|415|K|34,O75934|210|K|34,0.66,,
O14980|415|K|34,O43809|50|K|34,0.69,,
O14980|415|K|34,P45880|277|K|34,0.66,,
Q15404|208|K|34,Q9P2R7|242|K|34,0.7,,
Q15404|208|K|34,Q92900|200|K|34,0.66,,
P30041|141|K|34,Q16531|83|K|34,0.7,,
P30041|141|K|34,Q13347|141|K|34,0.66,,
O43390|359|K|34,P60866|99|K|34,0.66,,
O43390|359|K|34,P45880|39|K|34,0.69,,
O43390|359|K|34,P13639|688|K|34,0.73,,
O43390|359|K|34,P12236|23|K|34,0.71,,
O43390|359|K|34,P18085|30|K|34,0.69,,
O43390|359|K|34,P61978|219|K|34,0.68,,
O43390|359|K|34,Q9Y277|266|K|34,0.79,,
O43390|359|K|34,Q9Y490|999|K|34,0.69,,
O43390|359|K|34,Q9NR30|247|K|34,0.7,,
O43390|359|K|34,Q92900|200|K|34,0.68,,
O43390|359|K|34,Q86VP6|873|K|34,0.67,,
O43390|359|K|34,Q00610|1034|K|34,0.67,,
O43390|359|K|34,P68366|280|K|34,0.69,,
O43390|359|K|34,P62318|78|K|34,0.67,,
O43390|359|K|34,Q15366|70|K|34,0.68,,
O43390|359|K|34,Q12905|80|K|34,0.7,,
O43390|359|K|34,P04844|504|K|34,0.68,,
O43390|359|K|34,P05198|259|K|34,0.68,,
O43390|359|K|34,P06744|211|K|34,0.67,,
O43390|359|K|34,P07737|116|K|34,0.66,,
O43390|359|K|34,P07437|379|K|34,0.66,,
P18085|30|K|34,P60174|175|K|34,0.66,,
P18085|30|K|34,P68366|280|K|34,0.68,,
Q86VP6|873|K|34,Q99714|212|K|34,0.7,,
P62318|78|K|34,Q15366|70|K|34,0.71,,
P62318|78|K|34,Q9Y277|266|K|34,0.67,,
P62318|78|K|34,Q00610|1034|K|34,0.68,,
P62318|78|K|34,P62820|173|K|34,0.66,,
O75323|143|K|34,Q15149|3590|K|34,0.66,,
O75323|143|K|34,Q15427|23|K|34,0.66,,
Q15149|3590|K|34,Q9Y394|332|K|34,0.67,,
Q15149|3590|K|34,Q99798|717|K|34,0.73,,
O75223|171|K|34,Q04637|964|K|34,0.66,,
O75223|171|K|34,P20700|145|K|34,0.66,,
Q04637|964|K|34,Q9Y394|332|K|34,0.67,,
O75390|43|K|34,P06576|198|K|34,0.69,,
O75390|43|K|34,P07355|28|K|34,0.66,,
O75390|43|K|34,P07437|297|K|34,0.72,,
O75390|43|K|34,P07737|116|K|34,0.7,,
O75390|43|K|34,P07737|54|K|34,0.69,,
O75390|43|K|34,P07195|77|K|34,0.67,,
O75390|43|K|34,O75526|63|K|34,0.68,,
O75390|43|K|34,P23284|67|K|34,0.67,,
O75390|43|K|34,P18085|127|K|34,0.68,,
O75390|43|K|34,P37837|269|K|34,0.7,,
O75390|43|K|34,P40227|465|K|34,0.73,,
O75390|43|K|34,P29692|232|K|34,0.7,,
O75390|43|K|34,P16401|78|K|34,0.66,,
O75390|43|K|34,P11021|633|K|34,0.68,,
O75390|43|K|34,P12236|23|K|34,0.67,,
O75390|43|K|34,P12814|772|K|34,0.68,,
O75390|43|K|34,P13804|139|K|34,0.72,,
O75390|43|K|34,Q00610|1034|K|34,0.74,,
O75390|43|K|34,Q15366|70|K|34,0.68,,
O75390|43|K|34,P51149|126|K|34,0.74,,
O75390|43|K|34,P60866|99|K|34,0.67,,
O75390|43|K|34,P62318|78|K|34,0.67,,
O75390|43|K|34,Q9Y277|266|K|34,0.71,,
O75390|43|K|34,Q9GZV4|67|K|34,0.68,,
O75526|63|K|34,P52907|193|K|34,0.68,,
O75526|63|K|34,Q92900|200|K|34,0.67,,
O75526|63|K|34,Q15149|3258|K|34,0.68,,
O75526|63|K|34,P04844|504|K|34,0.75,,
P23284|67|K|34,P29692|232|K|34,0.68,,
P23284|67|K|34,P41250|615|K|34,0.72,,
P23284|67|K|34,Q15366|70|K|34,0.69,,
P23284|67|K|34,Q96AY3|240|K|34,0.75,,
P23284|67|K|34,Q9BV20|23|K|34,0.74,,
P23284|67|K|34,P62269|106|K|34,0.72,,
P23284|67|K|34,Q00610|1034|K|34,0.71,,
O43809|50|K|34,Q15436|46|K|34,0.71,,
O43809|50|K|34,Q10567|901|K|34,0.69,,
O43809|50|K|34,Q9NX40|64|K|34,0.66,,
O43809|50|K|34,Q9Y490|1780|K|34,0.67,,
O43809|50|K|34,Q8TAQ2|872|K|34,0.69,,
O43809|50|K|34,Q96AY3|240|K|34,0.69,,
O43809|50|K|34,P53621|1044|K|34,0.71,,
O43809|50|K|34,O75934|210|K|34,0.74,,
O43809|50|K|34,P22314|802|K|34,0.67,,
O43809|50|K|34,P13797|158|K|34,0.68,,
O43809|50|K|34,P23284|67|K|34,0.66,,
Q15436|46|K|34,Q9H853|35|K|34,0.71,,
Q15436|46|K|34,Q9NR30|247|K|34,0.71,,
Q15436|46|K|34,Q9NX40|64|K|34,0.66,,
Q15436|46|K|34,Q92900|200|K|34,0.7,,
Q8TAQ2|872|K|34,Q9NUQ9|199|K|34,0.71,,
P53621|1044|K|34,Q07955|138|K|34,0.66,,
P53621|1044|K|34,Q12905|80|K|34,0.66,,
P53621|1044|K|34,Q9NR30|247|K|34,0.71,,
P53621|1044|K|34,Q96AY3|240|K|34,0.66,,
P53621|1044|K|34,Q15436|46|K|34,0.79,,
P53621|1044|K|34,Q92900|200|K|34,0.67,,
O60506|356|K|34,P07737|116|K|34,0.71,,
O60506|356|K|34,P05388|92|K|34,0.73,,
O60506|356|K|34,P06744|211|K|34,0.67,,
O60506|356|K|34,P12956|46|K|34,0.7,,
O60506|356|K|34,Q9Y277|266|K|34,0.75,,
O60506|356|K|34,Q15366|70|K|34,0.73,,
O75934|210|K|34,P07339|253|K|34,0.67,,
O75934|210|K|34,P55060|574|K|34,0.71,,
O75934|210|K|34,P40925|199|K|34,0.67,,
O75934|210|K|34,Q01105|68|K|34,0.66,,
O75934|210|K|34,Q09666|5562|K|34,0.68,,
O75934|210|K|34,Q10567|901|K|34,0.74,,
O75934|210|K|34,P19367|738|K|34,0.66,,
O75934|210|K|34,P21796|20|K|34,0.69,,
O75934|210|K|34,Q9NUQ9|199|K|34,0.7,,
O60701|329|K|34,P68366|352|K|34,0.67,,
O60701|329|K|34,P49411|405|K|34,0.69,,
O60701|329|K|34,Q86VP6|373|K|34,0.66,,
P68366|352|K|34,Q03252|516|K|34,0.67,,
P68366|352|K|34,Q15046|492|K|34,0.7,,
P68366|352|K|34,Q9NX40|64|K|34,0.66,,
P68366|352|K|34,Q96AY3|240|K|34,0.68,,
E9PAV3|1990|K|34,P55884|772|K|34,0.67,,
E9PAV3|1990|K|34,P61201|123|K|34,0.67,,
E9PAV3|1990|K|34,P50395|390|K|34,0.66,,
E9PAV3|1990|K|34,P53396|962|K|34,0.81,,
E9PAV3|1990|K|34,P51148|180|K|34,0.68,,
E9PAV3|1990|K|34,Q00610|1034|K|34,0.66,,
E9PAV3|1990|K|34,P23284|84|K|34,0.78,,
E9PAV3|1990|K|34,P26038|458|K|34,0.71,,
E9PAV3|1990|K|34,P27824|193|K|34,0.66,,
E9PAV3|1990|K|34,P30040|137|K|34,0.66,,
E9PAV3|1990|K|34,P37837|215|K|34,0.66,,
E9PAV3|1990|K|34,Q15365|70|K|34,0.66,,
E9PAV3|1990|K|34,Q9Y277|266|K|34,0.71,,
E9PAV3|1990|K|34,P15880|275|K|34,0.73,,
E9PAV3|1990|K|34,P07814|300|K|34,0.7,,
E9PAV3|1990|K|34,P12956|46|K|34,0.71,,
E9PAV3|1990|K|34,P12814|772|K|34,0.72,,
E9PAV3|1990|K|34,P11021|633|K|34,0.66,,
E9PAV3|1990|K|34,O60506|356|K|34,0.74,,
E9PAV3|1990|K|34,O75390|43|K|34,0.66,,
P50395|390|K|34,Q14152|388|K|34,0.69,,
P50395|390|K|34,Q14315|80|K|34,0.67,,
P50395|390|K|34,Q99729|118|K|34,0.77,,
P50395|390|K|34,P53396|962|K|34,0.72,,
P50395|390|K|34,Q00610|1034|K|34,0.66,,
P51148|180|K|34,P52272|345|K|34,0.67,,
P51148|180|K|34,P82673|270|K|34,0.67,,
P27824|193|K|34,P61247|240|K|34,0.67,,
O00217|49|K|34,P56192|554|K|34,0.71,,
O00217|49|K|34,P24534|22|K|34,0.67,,
O00217|49|K|34,P25786|256|K|34,0.72,,
O00217|49|K|34,P13010|565|K|34,0.69,,
O00217|49|K|34,P31943|98|K|34,0.75,,
O00217|49|K|34,P34932|603|K|34,0.76,,
O00217|49|K|34,Q9Y5B9|211|K|34,0.69,,
O00217|49|K|34,O00629|475|K|34,0.66,,
O00217|49|K|34,P00403|98|K|34,0.67,,
E9PAV3|2005|K|34,P27816|304|K|34,0.72,,
E9PAV3|2005|K|34,P60866|99|K|34,0.68,,
E9PAV3|2005|K|34,P12236|23|K|34,0.68,,
E9PAV3|2005|K|34,P13639|688|K|34,0.74,,
P27816|304|K|34,P55884|772|K|34,0.75,,
P27816|304|K|34,Q14103|183|K|34,0.66,,
O00629|475|K|34,P07900|327|K|34,0.72,,
O00629|475|K|34,Q01082|497|K|34,0.7,,
O00629|475|K|34,P62937|91|K|34,0.76,,
O00629|475|K|34,P61313|140|K|34,0.69,,
O00629|475|K|34,P01009|178|K|34,0.68,,
P00403|98|K|34,P19338|639|K|34,0.77,,
P00403|98|K|34,P13010|565|K|34,0.79,,
P00403|98|K|34,P14625|135|K|34,0.66,,
P00403|98|K|34,P36578|157|K|34,0.66,,
P00403|98|K|34,P25786|256|K|34,0.66,,
P00403|98|K|34,P07237|385|K|34,0.66,,
P00403|98|K|34,P07355|104|K|34,0.68,,
P00403|98|K|34,Q9Y2Q3|144|K|34,0.67,,
P00403|98|K|34,Q9Y5B9|211|K|34,0.75,,
P00403|98|K|34,P61978|102|K|34,0.68,,
P00403|98|K|34,P56192|554|K|34,0.7,,
P00403|98|K|34,Q07021|220|K|34,0.69,,
P00403|98|K|34,Q14697|148|K|34,0.69,,
A6NHL2|401|K|34,Q15149|3590|K|34,0.67,,
A6NHL2|401|K|34,P68366|352|K|34,0.67,,
O00571|440|K|34,P55010|288|K|34,0.66,,
O00571|440|K|34,Q9Y4L1|428|K|34,0.68,,
O00571|440|K|34,Q9NR45|333|K|34,0.69,,
O00571|440|K|34,Q92928|170|K|34,0.73,,
O00571|440|K|34,P00338|14|K|34,0.67,,
P55010|288|K|34,Q15366|70|K|34,0.69,,
P01009|178|K|34,P43686|192|K|34,0.66,,
P01009|178|K|34,P78527|2818|K|34,0.66,,
P01009|178|K|34,P62937|91|K|34,0.67,,
P01009|178|K|34,P04792|112|K|34,0.73,,
O14979|197|K|34,Q07020|132|K|34,0.67,,
O14979|197|K|34,Q14315|80|K|34,0.69,,
O14979|197|K|34,Q00610|1034|K|34,0.66,,
O14979|197|K|34,Q9GZV4|67|K|34,0.7,,
O14979|197|K|34,Q15366|70|K|34,0.69,,
O14979|197|K|34,P07737|116|K|34,0.7,,
O14979|197|K|34,P07737|54|K|34,0.68,,
O14979|197|K|34,P12236|23|K|34,0.7,,
O14979|197|K|34,O43390|359|K|34,0.67,,
O14979|197|K|34,O75390|43|K|34,0.79,,
O14979|197|K|34,P06744|211|K|34,0.71,,
O14979|197|K|34,P50395|390|K|34,0.67,,
O14979|197|K|34,P61978|219|K|34,0.69,,
O14979|197|K|34,P37837|269|K|34,0.66,,
O14979|197|K|34,P34932|102|K|34,0.71,,
O00231|59|K|34,P12956|123|K|34,0.67,,
O00231|59|K|34,P42704|640|K|34,0.67,,
O00231|59|K|34,Q10567|901|K|34,0.71,,
O00231|59|K|34,Q9Y490|1780|K|34,0.67,,
O00231|59|K|34,Q9NR45|315|K|34,0.66,,
O00231|59|K|34,Q9NUQ9|199|K|34,0.69,,
P12956|123|K|34,P49327|1739|K|34,0.67,,
P12956|123|K|34,P14618|186|K|34,0.67,,
P12956|123|K|34,Q9UQ80|344|K|34,0.68,,
P12956|123|K|34,Q9H0C2|104|K|34,0.69,,
O00410|632|K|34,P78371|342|K|34,0.69,,
P00338|14|K|34,P31943|167|K|34,0.68,,
P00338|14|K|34,P11021|152|K|34,0.67,,
P00338|14|K|34,Q562R1|192|K|34,0.67,,
P00338|14|K|34,P07737|70|K|34,0.68,,
P00338|14|K|34,P07900|100|K|34,0.68,,
P00338|14|K|34,P08238|491|K|34,0.74,,
Q562R1|329|K|1,P63261|312|R|7,0.67,,
Q562R1|192|K|1,P35749|1152|K|34,0.66,,
Q562R1|192|K|1,P67936|132|K|34,0.77,,
Q562R1|192|K|1,P12109|148|K|34,0.67,,
Q562R1|192|K|1,Q9NR45|290|K|1,0.66,,
Q5HYC2|745|K|1,Q9H0E9|85|K|1,0.74,,
Q5HYC2|745|K|1,Q5TEC6|19|K|1,0.7,,
Q3SY69|681|K|1,Q9GZZ1|37|K|1,0.69,,
Q3SY69|681|K|1,P61981|19|R|7,0.68,,
Q5TEC6|15|K|1,P11142|561|K|37,0.66,,
Q5QNW6|21|K|1,Q9BR39|651|K|1,0.66,,
Q5QNW6|21|K|1,Q5QNW6|24|K|1,0.7,,
Q5QNW6|21|K|1,Q9P0K7|936|K|1,0.66,,
Q5QNW6|6|K|1,Q8N257|6|K|1,0.67,,
Q5QNW6|6|K|1,Q9UNL4|127|K|1,0.67,,
Q8N257|6|K|1,Q8NE86|332|K|1,0.69,,
Q15185|7|K|1,Q6UB35|189|K|1,0.73,,
Q15185|7|K|1,Q8N257|13|K|1,0.66,,
Q15185|7|K|1,P22626|82|R|7,0.66,,
Q8N257|13|K|1,P51884|216|K|34,0.75,,
Q15185|35|K|1,Q92945|266|K|1,0.69,,
Q15185|35|K|1,Q9UF56|211|K|1,0.67,,
Q15185|35|K|1,Q15554|335|K|1,0.74,,
Q15554|335|K|1,Q9P0K7|936|K|1,0.66,,
Q15233|371|K|1,Q9H8E8|292|K|1,0.68,,
Q15233|371|K|1,P37802|182|R|7,0.71,,
Q15287|218|K|1,Q9Y265|171|K|1,0.66,,
P37802|182|R|7,Q96I24|123|R|7,0.68,,
P37802|182|R|7,P42704|799|R|7,0.67,,
P22626|82|R|7,P35579|1912|R|7,0.66,,
Q14980|2071|K|1,Q96KR1|495|K|1,0.71,,
Q14980|2071|K|1,Q5T8P6|709|K|1,0.72,,
Q14980|2070|K|1,P48735|48|K|64,0.67,,
Q14980|2070|K|1,Q5T8P6|709|K|1,0.69,,
Q14980|2070|K|1,Q14980|2071|K|1,0.98,,
Q14980|2070|K|1,Q96KR1|495|K|1,0.67,,
Q15181|57|K|1,Q16630|79|K|1,0.71,,
Q16630|79|K|1,Q16658|41|K|1,0.73,,
Q16630|79|K|1,Q9UF56|211|K|1,0.68,,
Q16181|208|K|1,Q9UJU6|131|K|1,0.68,,
Q16181|208|K|1,Q8NE86|332|K|1,0.75,,
Q15651|13|K|1,Q9UBE0|195|K|1,0.71,,
Q16576|119|K|1,Q92793|1620|K|1,0.67,,
Q92793|1620|K|1,Q9C0J8|46|K|1,0.73,,
Q15459|486|K|1,Q9H0E9|85|K|1,0.66,,
Q15596|780|K|1,Q96A08|122|K|1,0.66,,
Q15596|780|K|1,Q9UQE7|105|K|1,0.72,,
Q15596|780|K|1,Q9UQE7|106|K|1,0.72,,
Q96A08|122|K|1,Q99525|9|K|1,0.66,,
Q15596|640|K|1,Q9Y262|465|K|1,0.68,,
Q15596|640|K|1,Q9UKA9|92|K|1,0.71,,
Q92793|1627|K|1,Q92793|1741|K|1,0.71,,
Q92793|1744|K|1,Q9UNL4|127|K|1,0.66,,
Q92793|1744|K|1,Q92793|1762|K|1,0.69,,
Q92793|1586|K|1,Q9HAF1|74|K|1,0.68,,
Q92793|1583|K|1,Q92793|1586|K|1,0.8,,
Q92793|1597|K|1,Q96A08|122|K|1,0.68,,
Q96EZ8|130|K|1,Q9NV56|200|K|1,0.7,,
Q86V81|4|K|1,P16401|93|K|34,0.66,,
Q86V81|4|K|1,P61956|11|K|535,0.67,,
Q86V81|4|K|1,O43707|853|K|34,0.67,,
Q86V81|4|K|1,P48047|117|R|7,0.67,,
P61956|11|K|535,P62979|33|K|535,0.77,,
Q86V81|235|K|1,Q9UJU6|131|K|1,0.68,,
Q6IN85|655|K|1,Q99986|293|K|1,0.67,,
Q6IN85|655|K|1,Q92793|1586|K|1,0.66,,
Q6IN85|655|K|1,Q9Y2W2|13|K|1,0.68,,
Q5TEC6|24|K|1,Q16695|80|K|34,0.67,,
Q5TEC6|24|K|1,P11142|561|K|37,0.7,,
Q16695|80|K|34,Q8IUE6|89|R|34,0.7,,
Q16695|80|K|34,P11142|561|K|37,0.66,,
Q16695|80|K|34,Q92804|206|R|36,0.7,,
Q16695|80|K|34,P08670|304|R|7,0.66,,
Q8TA86|118|K|1,Q9BR39|652|K|1,0.67,,
Q8N257|12|K|1,Q96JY6|282|K|1,0.67,,
Q8N257|24|K|1,Q8TA86|118|K|1,0.7,,
Q8N257|21|K|1,Q8N257|24|K|1,0.72,,
P02452|586|K|34,P12236|10|K|34,0.69,,
P02452|586|K|34,P04406|219|K|34,0.67,,
P02452|586|K|34,P06748|150|K|34,0.66,,
P02452|586|K|34,P07108|8|K|34,0.76,,
P02452|586|K|34,P69905|12|K|34,0.72,,
P02452|586|K|34,P69905|17|K|34,0.73,,
P02452|586|K|34,P62937|31|K|34,0.67,,
P02452|505|K|34,P16401|112|K|34,0.73,,
P02452|505|K|34,P12236|10|K|34,0.67,,
P02452|505|K|34,P13667|234|K|34,0.67,,
P02452|505|K|34,P16401|37|K|34,0.75,,
P02452|505|K|34,P16401|17|K|34,0.76,,
P02452|505|K|34,P16403|17|K|34,0.7,,
P02452|505|K|34,P07108|8|K|34,0.72,,
P02452|505|K|34,P05387|49|K|34,0.67,,
P02452|505|K|34,P10412|17|K|34,0.75,,
P02452|505|K|34,P08123|738|K|34,0.67,,
P02452|505|K|34,P02452|586|K|34,0.69,,
P02452|505|K|34,P02452|742|K|34,0.78,,
P02452|505|K|34,P02461|503|K|34,0.69,,
P02452|742|K|34,P07108|8|K|34,0.72,,
P02452|742|K|34,P08123|380|K|34,0.68,,
P02452|742|K|34,P10412|17|K|34,0.77,,
P02452|742|K|34,P08123|738|K|34,0.68,,
P02452|742|K|34,P02461|982|K|34,0.66,,
P02452|742|K|34,P04406|219|K|34,0.71,,
P02452|742|K|34,P84243|28|K|34,0.67,,
P02452|742|K|34,P35749|1308|K|34,0.68,,
P02452|742|K|34,P16401|17|K|34,0.76,,
P02452|742|K|34,P16401|37|K|34,0.69,,
P02452|742|K|34,P16403|17|K|34,0.66,,
P02452|742|K|34,P26038|263|K|34,0.7,,
P02461|982|K|34,P67936|13|K|34,0.7,,
P02461|982|K|34,P69905|12|K|34,0.66,,
P02461|982|K|34,P16401|17|K|34,0.69,,
P02461|982|K|34,P16403|17|K|34,0.68,,
P02461|982|K|34,P14649|107|K|34,0.73,,
P02461|982|K|34,P10412|17|K|34,0.69,,
P02452|594|K|34,P02452|594|K|299,0.72,,
P02452|594|K|34,P0DOY3|60|K|34,0.66,,
P02452|594|K|34,P02452|742|K|34,0.67,,
P02452|594|K|34,Q8NA03|13|K|34,0.66,,
P02452|594|K|34,P62328|39|K|34,0.66,,
P02452|594|K|299,P02452|742|K|299,0.68,,
P02452|442|K|34,P02452|751|K|34,0.7,,
P02452|442|K|34,P55072|8|K|34,0.66,,
P02452|751|K|34,P02452|759|K|34,0.73,,
P02452|277|K|34,P11021|96|K|34,0.67,,
P02452|277|K|34,P09493|118|K|34,0.68,,
P02452|468|K|34,P67936|132|K|34,0.67,,
P02452|468|K|34,P02675|247|K|34,0.72,,
P02461|503|K|34,P84243|28|K|34,0.68,,
P02461|503|K|34,P61604|28|K|34,0.69,,
P02461|503|K|34,P61604|56|K|34,0.71,,
P02461|503|K|34,P15531|100|K|34,0.69,,
P02461|503|K|34,P16402|35|K|34,0.73,,
P02461|503|K|34,P08123|738|K|34,0.67,,
P02452|448|K|34,P20908|1433|K|34,0.68,,
P02452|448|K|34,P12111|885|K|34,0.66,,
P02452|448|K|34,P08123|974|K|34,0.67,,
P02452|448|K|34,Q5TEC6|80|K|34,0.68,,
P02461|740|K|34,P02461|977|K|34,0.8,,
P02461|740|K|34,P27482|116|K|34,0.7,,
P02461|740|K|34,P67936|44|K|34,0.68,,
P02461|740|K|34,P12111|573|K|34,0.66,,
P02461|977|K|34,P02452|594|K|299,0.67,,
P15531|100|K|34,P16402|35|K|34,0.67,,
P02452|759|K|34,P07585|74|K|34,0.66,,
P02452|984|K|34,P02461|982|K|34,0.67,,
P02452|984|K|34,P16401|17|K|34,0.7,,
P02452|984|K|34,P35579|1477|K|34,0.68,,
P02452|984|K|34,P08123|380|K|34,0.66,,
P02452|984|K|34,P08123|738|K|34,0.7,,
P02452|984|K|34,P08123|974|K|34,0.73,,
P02452|984|K|34,P12110|197|K|34,0.75,,
P02042|121|K|34,P02787|225|K|34,0.7,,
P02042|121|K|34,P35579|679|K|34,0.68,,
P02787|225|K|34,P02452|594|K|299,0.67,,
P02787|225|K|34,P35579|679|K|34,0.69,,
P02787|225|K|34,Q01995|121|K|34,0.69,,
P01876|212|K|34,P06733|335|K|34,0.68,,
P01876|212|K|34,P06396|584|K|34,0.66,,
P02042|145|K|34,P02042|67|K|34,0.69,,
P02042|145|K|34,P14625|168|K|34,0.67,,
P02042|67|K|34,P16401|17|K|34,0.68,,
P35579|679|K|34,P35579|682|K|34,0.86,,
P01871|112|K|34,P09327|699|K|34,0.69,,
P01871|112|K|34,P10809|269|K|34,0.67,,
P01871|112|K|34,A8K7I4|670|R|7,0.78,,
P01871|112|K|34,P02679|282|R|7,0.7,,
P01871|112|K|34,Q06830|136|K|34,0.73,,
P01871|112|K|34,Q14764|701|K|34,0.67,,
P01871|112|K|34,P02461|982|K|299,0.77,,
P01860|264|K|34,P14618|230|K|34,0.69,,
P01860|264|K|34,P10412|17|K|34,0.7,,
P01860|264|K|34,P14625|434|K|34,0.73,,
P01860|264|K|34,P16401|112|K|34,0.69,,
P01860|264|K|34,P16403|17|K|34,0.68,,
P01860|264|K|34,P02461|982|K|34,0.69,,
P01860|264|K|34,P02452|742|K|34,0.67,,
P01860|264|K|34,P02452|505|K|34,0.67,,
P01860|264|K|34,P06576|133|K|34,0.66,,
P01860|264|K|34,Q5TEC6|28|K|34,0.67,,
P01871|376|K|34,Q3LXA3|522|K|34,0.66,,
Q06830|136|K|34,P02461|982|K|299,0.71,,
Q06830|136|K|34,A8K7I4|670|R|7,0.67,,
Q06830|136|K|34,P02679|282|R|7,0.67,,
P02042|9|K|34,P22059|768|K|34,0.66,,
P02042|96|K|34,P60981|92|K|34,0.68,,
P02042|18|K|34,P61978|219|K|34,0.67,,
P02042|18|K|34,Q09666|5562|K|34,0.69,,
P02042|60|K|34,Q01105|132|K|34,0.69,,
P02042|60|K|34,P62937|91|K|34,0.68,,
P02042|60|K|34,P18669|176|K|34,0.71,,
P02042|60|K|34,P06733|281|K|34,0.68,,
P18669|176|K|34,P30101|433|K|34,0.68,,
P02763|170|K|34,P62937|44|K|34,0.7,,
P02679|292|K|34,P13667|611|K|34,0.66,,
P02679|292|K|34,P07355|115|K|34,0.68,,
P02675|163|K|34,P07900|191|K|34,0.69,,
P02675|163|K|34,P60903|37|K|34,0.68,,
P02671|71|K|34,Q9Y490|999|K|34,0.69,,
P02671|71|K|34,P12111|885|K|34,0.68,,
P04406|139|K|34,P07437|336|K|34,0.68,,
P04406|139|K|34,P63104|139|K|34,0.73,,
P04083|90|K|34,Q8NA03|13|K|34,0.66,,
P04083|90|K|34,P07305|59|K|34,0.66,,
P04083|90|K|34,P07195|82|K|34,0.67,,
P04083|90|K|34,P06703|40|K|34,0.69,,
P04083|90|K|34,P07195|7|K|34,0.7,,
P04083|90|K|34,P04792|114|K|34,0.7,,
P04083|90|K|34,P62979|33|K|34,0.68,,
P04083|90|K|34,P21333|1824|K|34,0.66,,
P04406|186|K|34,P09651|161|K|34,0.68,,
P04406|186|K|34,P30153|358|K|34,0.73,,
P04406|186|K|34,P35579|355|K|34,0.66,,
P04406|186|K|34,P22626|168|K|34,0.71,,
P04406|186|K|34,P24752|66|K|34,0.66,,
P04406|186|K|34,Q9Y5B9|211|K|34,0.73,,
P04406|186|K|34,P61313|140|K|34,0.77,,
P04406|186|K|34,P43686|192|K|34,0.73,,
P04406|186|K|34,Q02878|237|K|34,0.66,,
P04406|186|K|34,P78527|2818|K|34,0.66,,
P04406|186|K|34,P78527|3372|K|34,0.75,,
P04406|145|K|34,Q9P2R7|242|K|34,0.7,,
P78527|2818|K|34,Q08211|1073|K|34,0.66,,
P78527|2818|K|34,Q14914|25|K|34,0.73,,
P78527|2818|K|34,Q9HCC0|382|K|34,0.73,,
P02792|106|K|34,P69905|61|K|34,0.66,,
P69905|61|K|34,Q92900|200|K|34,0.67,,
P69905|61|K|34,Q02878|285|K|34,0.7,,
P04083|312|K|34,P11142|88|K|34,0.66,,
P02545|233|K|34,Q04917|28|K|34,0.69,,
P02545|233|K|34,Q9Y4L1|463|K|34,0.66,,
P02545|233|K|34,P18124|212|K|34,0.67,,
P02545|233|K|34,P07355|324|K|34,0.68,,
P02545|233|K|34,P05388|26|K|34,0.73,,
P02545|470|K|34,Q01105|167|K|34,0.69,,
P02545|144|K|34,Q02539|88|K|34,0.69,,
P02545|144|K|34,P14618|305|K|34,0.68,,
P02545|144|K|34,P15311|184|K|34,0.66,,
P02545|144|K|34,P06396|373|K|34,0.69,,
P02647|157|K|34,P07355|157|K|34,0.68,,
P02647|157|K|34,P21333|2367|K|34,0.72,,
P02647|157|K|34,Q01995|121|K|34,0.66,,
P02671|210|K|34,P35580|232|K|34,0.67,,
P02671|210|K|34,P07355|49|K|34,0.72,,
P02671|210|K|34,P09651|3|K|34,0.71,,
P02671|202|K|34,P62937|82|K|34,0.66,,
P62937|82|K|34,Q02539|88|K|34,0.69,,
P02647|206|K|34,P05204|76|K|34,0.68,,
P02647|206|K|34,P04083|90|K|34,0.67,,
P02647|206|K|34,P07437|324|K|34,0.66,,
P02647|206|K|34,P62328|26|K|34,0.69,,
P02647|206|K|34,P27348|158|K|34,0.66,,
P02647|164|K|34,P02647|36|K|34,0.67,,
P02647|36|K|34,P51884|172|K|34,0.67,,
P02647|232|K|34,P02452|742|K|299,0.69,,
P02647|232|K|34,P20908|1433|K|34,0.69,,
P02647|232|K|34,P16401|55|K|34,0.69,,
P02647|232|K|34,P14314|301|K|34,0.66,,
P02647|232|K|34,P09493|168|K|34,0.66,,
P62328|26|K|34,Q8NA03|13|K|34,0.66,,
P16401|55|K|34,P16402|64|K|34,0.66,,
P00338|81|K|34,P23528|45|K|34,0.67,,
P00338|81|K|34,P0DOY3|50|K|34,0.67,,
P00338|81|K|34,P62328|20|K|34,0.66,,
P23528|45|K|34,P62328|39|K|34,0.74,,
P23528|45|K|34,P23528|53|K|34,0.75,,
P00558|131|K|34,P07305|40|K|34,0.69,,
P00558|131|K|34,P07900|478|K|34,0.67,,
P00558|131|K|34,P07900|499|K|34,0.72,,
P00558|131|K|34,P02545|233|K|34,0.66,,
P00558|131|K|34,P55072|614|K|34,0.67,,
P00558|131|K|34,P49448|162|K|34,0.66,,
P00558|131|K|34,P13639|272|K|34,0.74,,
P00558|131|K|34,Q9UQ80|344|K|34,0.7,,
P00558|131|K|34,Q06830|120|K|34,0.77,,
P00558|131|K|34,Q13451|452|K|34,0.66,,
P55072|614|K|34,P60842|309|K|34,0.73,,
P55072|614|K|34,Q13451|452|K|34,0.68,,
P00338|57|K|34,A8K7I4|670|R|7,0.66,,
P00338|57|K|34,P07148|31|K|34,0.72,,
P00338|57|K|34,P14618|230|K|34,0.8,,
P00338|57|K|34,P31327|1100|K|34,0.78,,
P00338|57|K|34,P20700|167|K|34,0.68,,
P00338|5|K|34,P62937|28|K|34,0.66,,
P00338|5|K|34,P04406|227|K|34,0.72,,
P00338|5|K|34,P07910|206|K|34,0.74,,
P00338|5|K|34,P07737|54|K|34,0.69,,
P00558|264|K|34,P07237|222|K|34,0.66,,
P00558|264|K|34,P01011|360|K|34,0.66,,
P00558|264|K|34,P51858|96|K|34,0.69,,
P00558|264|K|34,Q01105|132|K|34,0.68,,
P00558|264|K|34,P11586|292|K|34,0.67,,
P00558|220|K|34,Q562R1|292|K|34,0.7,,
P00558|220|K|34,P09382|29|K|34,0.7,,
P00558|220|K|34,P00966|209|K|34,0.7,,
P00558|220|K|34,Q02539|93|K|34,0.67,,
P01011|360|K|34,P52565|167|K|34,0.66,,
P01011|360|K|34,P30101|395|K|34,0.68,,
P00966|209|K|34,P45880|235|K|34,0.73,,
P00966|209|K|34,P30101|82|K|34,0.74,,
P00966|209|K|34,P26447|7|K|34,0.71,,
P00966|209|K|34,P60174|194|K|34,0.75,,
P00966|209|K|34,Q562R1|292|K|34,0.66,,
P00966|209|K|34,Q06830|16|K|34,0.66,,
P00966|209|K|34,Q02539|93|K|34,0.71,,
P00966|209|K|34,P01009|411|K|34,0.66,,
P00966|209|K|34,P06733|335|K|34,0.7,,
P00966|209|K|34,P06396|584|K|34,0.73,,
P00558|291|K|34,P09429|30|K|34,0.7,,
P00558|291|K|34,P01011|360|K|34,0.66,,
P00558|291|K|34,P68871|121|K|34,0.67,,
P00558|279|K|34,P26447|7|K|34,0.66,,
P00558|184|K|34,P06744|252|K|34,0.67,,
P00558|184|K|34,P07900|112|K|34,0.68,,
P00558|184|K|34,P07237|247|K|34,0.71,,
P00558|184|K|34,P12277|381|K|34,0.67,,
P00558|184|K|34,P11021|464|K|34,0.66,,
P00558|156|K|34,P01011|315|K|34,0.68,,
P00558|156|K|34,P13667|256|K|34,0.66,,
P00558|156|K|34,P23528|144|K|34,0.67,,
P00558|156|K|34,P05387|25|K|34,0.66,,
P00558|156|K|34,P07900|632|K|34,0.66,,
P01011|315|K|34,P07900|74|K|34,0.7,,
P23528|144|K|34,P45880|31|K|34,0.67,,
P00558|199|K|34,P19367|738|K|34,0.67,,
P00558|199|K|34,P00738|131|K|34,0.69,,
P00558|199|K|34,Q13347|141|K|34,0.68,,
O75874|260|K|34,P35579|606|K|34,0.66,,
O75874|260|K|34,P52272|667|K|34,0.66,,
O75874|260|K|34,Q9NR30|199|K|34,0.7,,
O75947|95|K|34,P61923|39|K|34,0.67,,
O75947|95|K|34,P62195|389|K|34,0.68,,
O75947|95|K|34,Q12906|565|K|34,0.67,,
O75947|95|K|34,Q00688|70|K|34,0.66,,
O75947|95|K|34,P08621|103|K|34,0.75,,
P55060|574|K|34,Q02790|98|K|34,0.72,,
P55060|574|K|34,P68366|352|K|34,0.7,,
P55060|574|K|34,Q15149|3590|K|34,0.66,,
P55060|574|K|34,Q16531|83|K|34,0.68,,
P55060|574|K|34,Q10567|901|K|34,0.67,,
P55060|574|K|34,Q96AY3|240|K|34,0.66,,
P21796|20|K|34,Q9NX40|64|K|34,0.7,,
P21796|20|K|34,P55060|574|K|34,0.77,,
O75436|51|K|34,P36542|79|K|34,0.77,,
O75436|51|K|34,Q15287|186|K|34,0.79,,
O75436|51|K|34,Q15691|122|K|34,0.68,,
O75436|51|K|34,Q00610|112|K|34,0.74,,
O75436|51|K|34,Q00688|70|K|34,0.67,,
O75436|51|K|34,Q01082|497|K|34,0.73,,
P36542|79|K|34,P61313|140|K|34,0.69,,
P36542|79|K|34,P62937|91|K|34,0.67,,
O75489|71|K|34,P07237|386|K|34,0.66,,
O75489|71|K|34,P13010|525|K|34,0.74,,
O75489|71|K|34,P31943|98|K|34,0.77,,
O95831|337|K|34,Q00610|96|K|34,0.69,,
O95831|337|K|34,Q14103|197|K|34,0.74,,
O95831|337|K|34,P05141|23|K|34,0.66,,
O95831|337|K|34,P00558|184|K|34,0.66,,
O95831|337|K|34,P30044|116|K|34,0.68,,
O95831|337|K|34,P61247|240|K|34,0.66,,
O95831|337|K|34,P62258|118|K|34,0.68,,
O95831|337|K|34,P45880|277|K|34,0.67,,
O95831|337|K|34,P48444|38|K|34,0.74,,
O95831|337|K|34,P51149|126|K|34,0.68,,
O95831|337|K|34,P52272|83|K|34,0.7,,
O95831|337|K|34,P11142|458|K|34,0.67,,
P00338|222|K|34,Q9Y230|223|K|34,0.66,,
P00338|222|K|34,P08670|373|K|34,0.74,,
P00338|222|K|34,P00338|224|K|34,0.9,,
O95373|182|K|34,P43243|245|K|34,0.7,,
O95373|182|K|34,P49327|1752|K|34,0.7,,
O95373|182|K|34,P49368|248|K|34,0.68,,
O95373|182|K|34,P32969|184|K|34,0.66,,
O95373|182|K|34,P26641|147|K|34,0.7,,
O95373|182|K|34,Q14914|25|K|34,0.7,,
O95373|182|K|34,Q15691|122|K|34,0.7,,
O95373|182|K|34,Q16718|40|K|34,0.7,,
O95373|182|K|34,Q13813|862|K|34,0.66,,
P49327|1752|K|34,Q13151|154|K|34,0.68,,
P49327|1752|K|34,Q969H8|125|K|34,0.69,,
P49368|248|K|34,Q13813|862|K|34,0.71,,
O76021|276|K|34,P17980|144|K|34,0.73,,
O76021|276|K|34,P24534|22|K|34,0.68,,
P17980|144|K|34,P55145|62|K|34,0.66,,
P48444|38|K|34,Q06323|35|K|34,0.68,,
P48444|38|K|34,Q14103|197|K|34,0.71,,
P48444|38|K|34,Q9Y617|333|K|34,0.72,,
P48444|38|K|34,Q00610|96|K|34,0.78,,
O95394|486|K|34,Q9H853|35|K|34,0.66,,
O95394|486|K|34,Q15436|46|K|34,0.66,,
P01834|76|K|34,Q05639|44|K|34,0.74,,
P01834|76|K|34,P06733|64|K|34,0.74,,
P01834|76|K|34,P0DP24|31|K|34,0.68,,
P01834|76|K|34,P51991|118|K|34,0.66,,
P01834|83|K|34,P09382|29|K|34,0.66,,
P01834|83|K|34,P69905|57|K|34,0.7,,
P01857|16|K|34,P35749|1308|K|34,0.66,,
P01857|16|K|34,P01871|112|K|34,0.66,,
P01857|16|K|34,P02042|67|K|34,0.68,,
P01857|16|K|34,P02452|742|K|34,0.68,,
P01857|16|K|34,P02452|505|K|34,0.69,,
P01857|16|K|34,P16401|17|K|34,0.69,,
P01857|16|K|34,P21333|1071|K|34,0.69,,
P01857|16|K|34,P16402|53|K|34,0.66,,
P21333|1071|K|34,P63104|68|K|34,0.66,,
P21333|1071|K|34,P35579|1474|K|34,0.7,,
P21333|1071|K|34,P35579|1477|K|34,0.66,,
P01024|904|K|34,P69905|57|K|34,0.7,,
P01024|904|K|34,P09651|161|K|34,0.66,,
P01024|904|K|34,P05387|25|K|34,0.7,,
P01024|904|K|34,P06733|233|K|34,0.66,,
P01834|38|K|34,P60660|56|K|34,0.67,,
P01859|213|K|34,P63104|68|K|34,0.7,,
P01859|288|K|34,P07355|88|K|34,0.72,,
P01860|256|K|34,P07195|7|K|34,0.71,,
P01860|256|K|34,P62979|33|K|34,0.66,,
P01860|247|K|34,P78527|2818|K|34,0.66,,
P01857|173|K|34,Q8N257|35|K|34,0.71,,
P01857|171|K|34,P14625|95|K|34,0.68,,
P01857|171|K|34,P01857|173|K|34,0.75,,
P01857|171|K|34,P69905|57|K|34,0.66,,
P00558|86|K|34,P69905|57|K|34,0.67,,
P00558|86|K|34,P40926|165|K|34,0.66,,
P00558|86|K|34,P14618|115|K|34,0.71,,
P00558|6|K|34,Q02539|88|K|34,0.72,,
P00558|6|K|34,P06748|150|K|34,0.68,,
P00558|6|K|34,P07305|85|K|34,0.69,,
P00558|6|K|34,P02452|586|K|34,0.7,,
P00558|6|K|34,P12236|10|K|34,0.69,,
P01009|153|K|34,P02042|96|K|34,0.67,,
P01009|153|K|34,P02647|164|K|34,0.66,,
P01009|153|K|34,P02647|36|K|34,0.66,,
P01009|153|K|34,P09493|168|K|34,0.67,,
P01009|411|K|34,P07305|85|K|34,0.67,,
P01009|411|K|34,P06733|335|K|34,0.67,,
P01009|411|K|34,P06733|71|K|34,0.67,,
P01009|411|K|34,P45880|235|K|34,0.73,,
P01009|411|K|34,P32119|92|K|34,0.7,,
P00558|30|K|34,Q05639|255|K|34,0.66,,
P00558|30|K|34,P62979|6|K|34,0.66,,
P00558|30|K|34,P06733|71|K|34,0.68,,
P00558|30|K|34,P04406|61|K|34,0.7,,
P00558|30|K|34,P09429|30|K|34,0.66,,
P00558|30|K|34,P40926|215|K|34,0.66,,
P00558|30|K|34,P30101|82|K|34,0.69,,
P00558|30|K|34,P60709|18|K|34,0.66,,
P00558|322|K|34,P52272|345|K|34,0.66,,
P52272|345|K|34,Q9NR30|199|K|34,0.7,,
P60709|18|K|34,P60981|121|K|34,0.66,,
P60709|18|K|34,Q01995|121|K|34,0.68,,
P60709|18|K|34,Q01995|75|K|34,0.66,,
P60709|18|K|34,P63261|18|K|34,0.69,,
P60709|18|K|34,Q8NA03|13|K|34,0.71,,
P01011|177|K|34,Q6PEY2|60|K|34,0.71,,
P01009|314|K|34,P14625|434|K|34,0.66,,
P01009|314|K|34,P30101|82|K|34,0.67,,
P01009|314|K|34,P0DPK2|37|K|34,0.72,,
P01009|314|K|34,P60953|135|K|34,0.67,,
P01009|352|K|34,P02545|32|K|34,0.68,,
Q5VTE0|165|K|34,Q9UHD8|423|R|7,0.7,,
Q5TEC6|37|K|34,Q92804|206|R|36,0.67,,
Q5TEC6|37|K|34,P62805|24|R|36,0.71,,
Q5TEC6|37|K|34,Q5TEC6|38|K|34,0.78,,
Q92804|206|R|36,Q92804|570|R|36,0.7,,
P62805|24|R|36,P49721|70|R|7,0.67,,
Q5TEC6|38|K|34,P62805|24|R|36,0.69,,
Q5VT66|327|K|34,Q96AY3|240|K|34,0.69,,
Q99798|717|K|34,Q9NR30|247|K|34,0.67,,
Q9BQG0|202|K|34,Q9Y617|333|K|34,0.69,,
Q9BTM1|100|K|34,Q9BTM1|96|K|34,0.71,,
Q92841|313|K|34,Q9Y6M1|211|K|34,0.75,,
Q8NBS9|365|K|34,Q9BV20|23|K|34,0.72,,
Q13148|95|K|34,Q71UM5|36|K|34,0.69,,
Q12905|221|K|34,Q71UM5|36|K|34,0.68,,
Q9Y394|332|K|34,Q9Y4L1|463|K|34,0.7,,
P14136|49|R|7,P68133|86|K|53,0.68,,
P14136|49|R|7,P17600|679|R|7,0.68,,
Q9BYN0|16|R|34,Q16629|105|R|7,0.66,,
P09651|225|R|36,P14618|106|R|7,0.66,,
P09651|225|R|36,P36578|49|R|7,0.71,,
P09651|206|R|36,P62995|241|R|36,0.67,,
P62995|241|R|36,Q86V81|197|R|36,0.73,,
Q13509|156|R|34,P62805|24|R|36,0.67,,
Q13509|156|R|34,Q13283|435|R|36,0.66,,
Q13283|435|R|36,Q86V81|197|R|36,0.68,,
Q13283|435|R|36,Q13283|447|R|36,0.66,,
Q99729|245|R|34,Q99729|245|R|36,0.69,,
Q86U42|238|R|34,Q13435|502|R|36,0.69,,
Q13435|502|R|36,P55072|349|R|7,0.67,,
P51991|246|R|36,Q16186|34|K|535,0.74,,
P51991|246|R|36,Q15149|992|C|53,0.68,,
P51991|246|R|36,P04075|246|H|53,0.69,,
Q16186|34|K|535,P78527|2485|R|7,0.67,,
P51610|504|R|36,P67809|231|R|7,0.67,,
P50238|68|R|36,P08670|113|R|7,0.67,,
P11940|493|R|36,P0DP24|116|K|37,0.68,,
P11940|493|R|36,Q01844|471|R|36,0.75,,
Q01844|471|R|36,P12236|52|K|37,0.66,,
Q01844|471|R|36,Q86V81|197|R|36,0.73,,
Q01844|471|R|36,P02751|265|R|7,0.67,,
Q01844|471|R|36,P21333|2395|R|7,0.7,,
P0CG12|201|R|36,P04406|234|R|7,0.66,,
P04406|234|R|7,P29401|186|R|7,0.7,,
P04406|234|R|7,P21333|2395|R|7,0.66,,
P04406|234|R|7,P43243|146|K|53,0.66,,
P0CG12|266|R|36,P16435|438|R|7,0.66,,
P22626|203|R|36,P78527|2485|R|7,0.69,,
O43237|397|R|34,Q9UN86|468|R|36,0.67,,
P31942|323|R|34,P68133|86|K|53,0.69,,
P31942|323|R|34,P62979|27|K|535,0.66,,
P31942|323|R|34,P07197|42|R|36,0.68,,
P62979|27|K|535,P62979|29|K|535,0.72,,
P62979|27|K|535,Q16186|34|K|535,0.67,,
P62979|27|K|535,O75533|614|R|7,0.67,,
P51991|214|R|34,Q92804|459|R|36,0.72,,
Q92804|459|R|36,Q92804|483|R|36,0.71,,
Q92804|459|R|36,Q15149|992|C|53,0.67,,
P51991|286|R|34,P11142|524|K|535,0.7,,
P11142|524|K|535,P61956|11|K|535,0.75,,
P11142|524|K|535,P62979|27|K|535,0.66,,
P11142|524|K|535,P62979|33|K|535,0.7,,
P11142|524|K|535,P62979|29|K|535,0.67,,
P11142|524|K|535,Q5BKZ1|24|R|7,0.74,,
P50238|68|R|34,P08670|113|R|7,0.72,,
P51610|504|R|34,P55072|349|R|7,0.67,,
P09651|336|R|34,O75694|750|R|7,0.67,,
P09651|336|R|34,P07355|145|R|7,0.68,,
P09651|336|R|34,Q96A08|122|K|535,0.66,,
P09651|336|R|34,Q96AE4|331|R|7,0.66,,
P09651|336|R|34,P21333|664|R|7,0.68,,
P09651|336|R|34,P25788|224|R|7,0.7,,
P09651|336|R|34,P42704|799|R|7,0.73,,
P09651|336|R|34,P61978|316|R|7,0.71,,
O75694|750|R|7,P55072|599|R|7,0.69,,
O75694|750|R|7,P55072|349|R|7,0.67,,
O75694|750|R|7,P47813|46|R|7,0.66,,
O75694|750|R|7,P12814|300|R|7,0.71,,
P07355|145|R|7,P36578|49|R|7,0.7,,
P07355|145|R|7,P21333|664|R|7,0.7,,
P07355|145|R|7,P15531|105|R|7,0.67,,
P09651|206|R|34,Q9BUL8|95|R|7,0.68,,
P22626|203|R|34,P22626|228|R|34,0.67,,
P22626|203|R|34,P23396|214|K|535,0.69,,
P22626|203|R|34,P62979|27|K|535,0.69,,
P22626|228|R|34,P62979|27|K|535,0.73,,
P22626|228|R|34,Q13813|538|H|53,0.69,,
P21333|664|R|7,P61978|316|R|7,0.73,,
P21333|664|R|7,Q32P28|176|H|53,0.7,,
P25788|224|R|7,P42704|799|R|7,0.72,,
P25788|224|R|7,Q10713|146|R|7,0.69,,
P42704|799|R|7,Q10713|146|R|7,0.66,,
P61978|316|R|7,Q32P28|176|H|53,0.68,,
P23396|214|K|535,P14618|106|R|7,0.66,,
P23396|214|K|535,P09543|93|R|7,0.66,,
P23396|214|K|535,P62979|27|K|535,0.76,,
P23396|214|K|535,P62979|29|K|535,0.66,,
P23396|214|K|535,Q16186|34|K|535,0.77,,
P22626|213|R|34,P11940|493|R|36,0.68,,
P22626|213|R|34,P62995|241|R|36,0.66,,
P62979|11|K|34,P62979|48|K|34,0.77,,
P62979|11|K|34,Q02539|88|K|34,0.66,,
P62979|48|K|34,Q01105|15|K|34,0.67,,
P62979|48|K|34,P62979|6|K|34,0.66,,
P62979|48|K|34,P63313|26|K|34,0.67,,
P62979|48|K|34,Q06830|7|K|34,0.7,,
Q01105|15|K|34,Q06830|7|K|34,0.69,,
P68133|293|K|34,Q96A08|118|K|34,0.66,,
Q03252|516|K|34,Q86VP6|373|K|34,0.7,,
Q03252|516|K|34,Q92841|313|K|34,0.7,,
Q03252|516|K|34,Q96AY3|240|K|34,0.69,,
Q03252|516|K|34,Q9Y6M1|211|K|34,0.68,,
P78527|3825|K|34,Q02790|98|K|34,0.76,,
P78527|3825|K|34,Q12905|221|K|34,0.67,,
P62750|123|K|34,Q15149|3590|K|34,0.66,,
P62750|123|K|34,Q15046|492|K|34,0.74,,
P62750|123|K|34,P68366|352|K|34,0.66,,
P62269|106|K|34,Q12905|80|K|34,0.66,,
P62269|106|K|34,Q9BV20|23|K|34,0.68,,
P62316|18|K|34,Q9UQ80|62|K|34,0.7,,
P62937|76|K|34,P62979|6|K|34,0.68,,
P82673|270|K|34,Q14152|388|K|34,0.69,,
P82673|270|K|34,Q13813|862|K|34,0.69,,
P82673|270|K|34,Q99798|717|K|34,0.69,,
P62826|152|K|34,P78371|154|K|34,0.66,,
P62826|23|K|34,Q6PEY2|336|K|34,0.72,,
Q05639|154|K|34,Q07020|132|K|34,0.68,,
Q05639|154|K|34,Q05639|439|K|34,0.69,,
Q05639|55|K|34,P15531|105|R|7,0.77,,
Q05639|55|K|34,P21333|484|R|7,0.66,,
P15531|105|R|7,Q14566|181|R|7,0.69,,
P15531|105|R|7,Q32P28|176|H|53,0.67,,
P15531|105|R|7,Q9UHD8|423|R|7,0.73,,
P15531|105|R|7,P61978|316|R|7,0.74,,
P15531|105|R|7,P20042|285|R|7,0.66,,
P15531|105|R|7,P21333|664|R|7,0.7,,
P21333|484|R|7,P62241|110|R|7,0.67,,
P21333|484|R|7,P37802|139|R|7,0.67,,
P21333|484|R|7,Q99832|313|R|7,0.69,,
P21333|484|R|7,Q10713|146|R|7,0.73,,
Q01995|21|K|34,Q01995|78|K|34,0.68,,
Q92804|570|R|36,Q9UN86|468|R|36,0.68,,
P84243|37|K|34,P84243|38|K|34,0.7,,
P84243|38|K|34,Q8N257|12|K|34,0.66,,
P84243|80|K|34,P50238|68|R|34,0.68,,
P37802|139|R|7,P62241|110|R|7,0.71,,
Q10713|146|R|7,Q92900|210|R|7,0.68,,
P22314|450|R|7,P25705|182|R|7,0.71,,
P25705|182|R|7,Q13509|162|R|7,0.7,,
P25705|182|R|7,Q00610|865|R|7,0.68,,
P21333|226|R|7,Q9BPX5|102|R|7,0.66,,
P21333|226|R|7,P68133|86|K|53,0.66,,
P21333|226|R|7,Q06210|258|R|7,0.66,,
Q9BPX5|102|R|7,P04075|246|H|53,0.67,,
P21333|2484|R|7,Q96I24|123|R|7,0.68,,
P21333|2484|R|7,Q8TAQ2|139|R|7,0.69,,
Q96I24|123|R|7,Q6IS14|3|D|299,0.67,,
P23528|146|R|7,Q09666|149|R|7,0.7,,
P35579|1912|R|7,P57737|51|R|7,0.72,,
P22626|185|R|7,P62942|58|R|7,0.71,,
P22626|185|R|7,P62979|54|R|7,0.69,,
P62942|58|R|7,Q00610|865|R|7,0.71,,
P62942|58|R|7,P63104|91|R|7,0.75,,
P62942|58|R|7,P63104|41|R|7,0.75,,
P62942|58|R|7,Q14194|63|R|7,0.66,,
P62979|54|R|7,Q16181|425|R|7,0.71,,
P62979|54|R|7,Q00610|865|R|7,0.66,,
P62979|54|R|7,Q00839|590|R|7,0.67,,
P62979|54|R|7,Q14194|63|R|7,0.72,,
P62979|54|R|7,P63104|41|R|7,0.67,,
P22626|228|R|7,Q15365|95|R|7,0.66,,
P17987|145|R|7,P34932|110|R|7,0.66,,
P17987|145|R|7,P22626|82|R|7,0.67,,
P17987|145|R|7,P62424|89|R|7,0.69,,
P17987|145|R|7,Q00610|865|R|7,0.72,,
P17987|145|R|7,P60981|145|R|7,0.71,,
Q00610|865|R|7,Q99832|306|R|7,0.68,,
Q00610|865|R|7,Q00839|590|R|7,0.69,,
P60981|145|R|7,P62424|89|R|7,0.69,,
P60981|145|R|7,Q9H9B4|214|R|7,0.72,,
P21333|2103|R|7,P21333|484|R|7,0.67,,
P21333|2103|R|7,Q04446|679|R|7,0.67,,
P21333|2103|R|7,P47813|46|R|7,0.71,,
P21333|2103|R|7,Q96AE4|331|R|7,0.66,,
P20042|285|R|7,P60981|145|R|7,0.71,,
P20042|285|R|7,P62424|89|R|7,0.68,,
P20042|285|R|7,Q9BVP2|91|K|53,0.67,,
P20674|131|R|7,Q14194|63|R|7,0.72,,
P31146|29|R|7,Q5T749|286|R|7,0.67,,
P34932|374|R|7,P47813|46|R|7,0.68,,
P35579|1322|R|7,Q15365|95|R|7,0.67,,
P27348|41|R|7,P63104|41|R|7,0.68,,
P63104|41|R|7,Q14194|63|R|7,0.7,,
P63104|41|R|7,P63104|91|R|7,0.72,,
P63104|41|R|7,Q00610|865|R|7,0.71,,
P63104|41|R|7,Q00839|590|R|7,0.71,,
P24844|45|R|7,P63261|95|R|7,0.68,,
P63261|95|R|7,Q9BYX7|372|R|7,0.7,,
P23528|81|R|7,Q9H3Z4|7|R|7,0.69,,
P23528|81|R|7,Q9Y490|2197|R|7,0.69,,
Q13509|162|R|7,Q13885|162|R|7,0.69,,
Q13509|162|R|7,Q9BQE3|79|R|7,0.68,,
P17600|679|R|7,Q9UPY8|160|R|7,0.74,,
P17600|679|R|7,Q13885|162|R|7,0.67,,
P17600|679|R|7,P24844|45|R|7,0.69,,
P11413|487|R|7,Q8TAQ2|139|R|7,0.67,,
P11413|487|R|7,P16401|57|R|7,0.7,,
P11413|487|R|7,P53621|246|R|7,0.67,,
P67809|166|E|299,P67809|169|E|299,0.95,,
P11142|311|R|7,P68366|105|R|7,0.67,,
P11142|311|R|7,P55072|599|R|7,0.68,,
P16401|57|R|7,Q00839|590|R|7,0.69,,
P14136|12|R|7,P14136|390|R|7,0.68,,
P14136|12|R|7,P14136|49|R|7,0.69,,
P14136|12|R|7,P17600|679|R|7,0.68,,
P14136|12|R|7,P61981|42|R|7,0.66,,
P14136|390|R|7,Q13885|162|R|7,0.67,,
P14136|390|R|7,Q9BQE3|79|R|7,0.67,,
P14136|390|R|7,P17980|180|R|7,0.66,,
P14136|390|R|7,P14136|416|R|7,0.66,,
P14136|390|R|7,P15531|18|R|7,0.69,,
P14136|390|R|7,P17600|679|R|7,0.71,,
P13639|368|R|7,Q99832|313|R|7,0.66,,
P14136|376|R|7,P14136|390|R|7,0.71,,
P13489|34|R|7,P37802|139|R|7,0.68,,
P13489|34|R|7,Q96AE4|331|R|7,0.71,,
P0DP24|87|R|7,P61981|42|R|7,0.66,,
P10809|121|R|7,P14136|376|R|7,0.68,,
P09651|75|R|7,Q5BKZ1|24|R|7,0.66,,
P09651|75|R|7,Q5T749|211|R|7,0.68,,
P09651|75|R|7,P21333|226|R|7,0.66,,
P11142|171|R|7,P25705|182|R|7,0.67,,
P11142|171|R|7,P22626|185|R|7,0.71,,
P11142|171|R|7,P63104|91|R|7,0.67,,
P11142|171|R|7,Q00610|437|R|7,0.67,,
P11142|171|R|7,P62258|19|R|7,0.66,,
P11142|236|R|7,P62249|37|R|7,0.66,,
P63104|91|R|7,Q00839|590|R|7,0.73,,
P63104|91|R|7,Q00610|437|R|7,0.69,,
P63104|91|R|7,Q9Y490|2197|R|7,0.68,,
Q00610|437|R|7,Q00839|590|R|7,0.67,,
P62258|19|R|7,P68366|422|R|7,0.7,,
P16070|694|R|7,P28331|655|R|7,0.67,,
Q13885|162|R|7,Q9BQE3|79|R|7,0.69,,
P14618|339|R|7,P14618|342|R|7,0.94,,
P14618|339|R|7,P23528|81|R|7,0.74,,
P14618|339|R|7,P62942|58|R|7,0.74,,
P14618|339|R|7,P63104|41|R|7,0.71,,
P14618|339|R|7,P63104|91|R|7,0.66,,
P14618|339|R|7,Q00610|865|R|7,0.66,,
P14618|339|R|7,Q00839|590|R|7,0.68,,
P14618|339|R|7,Q9Y490|2197|R|7,0.7,,
P14618|339|R|7,Q9H3Z4|7|R|7,0.8,,
P14618|342|R|7,P23528|81|R|7,0.66,,
P14618|342|R|7,P62942|58|R|7,0.69,,
P14618|342|R|7,P63104|41|R|7,0.66,,
P14618|342|R|7,Q00610|865|R|7,0.69,,
P14618|342|R|7,Q00839|590|R|7,0.7,,
P14618|342|R|7,Q9Y490|2197|R|7,0.72,,
P14618|342|R|7,Q9H3Z4|7|R|7,0.7,,
P14618|342|R|7,P62316|47|R|7,0.72,,
Q9BQE3|79|R|7,Q9BYX7|372|R|7,0.69,,
P14136|416|R|7,Q9BYX7|372|R|7,0.66,,
P14136|416|R|7,Q9BQE3|79|R|7,0.67,,
P14136|416|R|7,P61981|42|R|7,0.68,,
P14625|156|R|7,P62942|58|R|7,0.67,,
P14866|484|R|7,P62258|19|R|7,0.66,,
P62316|47|R|7,Q9Y490|2197|R|7,0.69,,
Q15149|4466|R|7,Q9Y314|240|R|7,0.66,,
Q15149|4466|R|7,Q16555|227|R|7,0.66,,
Q15393|1057|R|7,Q96I24|123|R|7,0.66,,
Q15149|2767|R|7,Q9Y314|240|R|7,0.66,,
Q16181|425|R|7,Q9BQE3|79|R|7,0.7,,
Q3ZCQ8|265|R|7,P10809|387|K|53,0.76,,
Q08211|434|R|7,Q96AE4|331|R|7,0.67,,
Q14195|227|R|7,P22626|163|H|53,0.71,,
P22626|163|H|53,P25398|63|K|53,0.66,,
Q9H1E3|12|D|299,P67809|166|E|299,0.73,,
Q9H1E3|12|D|299,P67809|169|E|299,0.83,,
Q9Y282|141|R|7,P11142|88|K|53,0.69,,
O15355|521|K|53,Q9BVP2|91|K|53,0.66,,
P09651|161|K|53,P22626|168|K|53,0.76,,
P43243|146|K|53,P46777|188|K|53,0.67,,
P25398|63|K|53,P68133|86|K|53,0.72,,
Q04760|14|E|299,Q04760|3|E|299,0.78,,
P09651|156|H|53,P68133|86|K|53,0.66,,
P09651|156|H|53,P22626|168|K|53,0.7,,
P09651|156|H|53,P22626|163|H|53,0.68,,
P09651|156|H|53,P09651|161|K|53,0.74,,
P51858|189|R|7,P63104|91|R|7,0.7,,
P51858|189|R|7,Q9Y490|2197|R|7,0.75,,
P61978|191|R|7,Q05639|134|R|7,0.66,,
P55786|805|R|7,P63104|41|R|7,0.68,,
P42704|929|R|7,P60981|145|R|7,0.68,,
P47756|72|R|7,Q03135|19|R|7,0.72,,
P47756|72|R|7,P61978|316|R|7,0.66,,
P47756|72|R|7,P62942|58|R|7,0.68,,
P39019|84|R|7,P62249|37|R|7,0.7,,
P62805|68|R|7,P63104|18|R|7,0.68,,
P62805|68|R|7,P68366|422|R|7,0.67,,
P62979|11|K|535,P05783|325|R|7,0.67,,
P62979|11|K|535,P07355|145|R|7,0.66,,
P62979|11|K|535,P36578|49|R|7,0.67,,
P62979|11|K|535,P47813|46|R|7,0.69,,
P62979|11|K|535,P34932|374|R|7,0.73,,
P62979|11|K|535,P21333|2103|R|7,0.7,,
P62979|33|K|535,Q5BKZ1|24|R|7,0.66,,
P62979|29|K|535,P55072|349|R|7,0.67,,
P62979|29|K|535,Q5BKZ1|24|R|7,0.71,,
P62979|29|K|535,Q16186|34|K|535,0.67,,
Q13555|395|K|37,P09543|93|R|7,0.66,,
Q05639|79|K|37,Q06210|258|R|7,0.69,,
O75153|539|R|7,P62857|31|R|7,0.66,,
O43399|182|R|7,P62857|31|R|7,0.66,,
O43172|232|R|7,P62857|31|R|7,0.7,,
O43172|232|R|7,P16435|438|R|7,0.67,,
O43172|232|R|7,O75153|539|R|7,0.69,,
O75367|318|R|7,P11413|487|R|7,0.67,,
O75367|318|R|7,P02786|208|R|7,0.7,,
P02786|208|R|7,P36578|49|R|7,0.69,,
P02786|208|R|7,P15531|105|R|7,0.66,,
P62979|48|K|535,Q9Y314|240|R|7,0.66,,
P62979|48|K|535,Q05639|134|R|7,0.66,,
P62979|48|K|535,Q15149|4466|R|7,0.66,,
P62979|48|K|535,P61978|191|R|7,0.69,,
A6NHL2|327|R|7,P14136|376|R|7,0.69,,
A6NHL2|327|R|7,P04075|246|H|53,0.72,,
A6NHL2|327|R|7,Q9BPX5|102|R|7,0.7,,
Q5BKZ1|235|R|36,P62753|46|K|53,0.74,,
Q1KMD3|684|R|36,P35613|203|C|53,0.66,,
P12236|52|K|37,Q00610|437|R|7,0.66,,
Q01844|506|R|36,Q5TEC6|10|K|37,0.66,,
Q01844|506|R|36,P62979|29|K|535,0.66,,
Q00839|739|R|36,P62979|27|K|535,0.67,,
Q00839|739|R|36,P18669|21|R|7,0.67,,
P05141|52|K|37,Q15149|2767|R|7,0.68,,
P05141|52|K|37,P62979|48|K|535,0.66,,
P11021|585|K|37,P11142|561|K|37,0.67,,
P07355|68|R|7,P11021|60|R|7,0.71,,
P07384|413|R|7,P15531|18|R|7,0.67,,
P07384|413|R|7,Q03135|19|R|7,0.67,,
P07814|352|R|7,P08670|321|R|7,0.68,,
P07814|352|R|7,Q13813|204|R|7,0.66,,
P07437|162|R|7,P08670|450|R|7,0.67,,
P07437|162|R|7,P24844|45|R|7,0.66,,
P07437|162|R|7,Q13885|162|R|7,0.66,,
P07437|162|R|7,P62258|19|R|7,0.66,,
P08670|450|R|7,P09543|93|R|7,0.7,,
P08670|450|R|7,Q16181|425|R|7,0.66,,
P08670|450|R|7,P46777|188|K|53,0.67,,
P08670|450|R|7,P23528|146|R|7,0.68,,
P08670|450|R|7,P63261|312|R|7,0.66,,
P06576|143|R|7,P14618|339|R|7,0.69,,
P06576|143|R|7,P14618|342|R|7,0.68,,
P06576|143|R|7,P17600|679|R|7,0.66,,
P06576|143|R|7,P08238|82|R|7,0.69,,
P06576|143|R|7,P22626|185|R|7,0.67,,
P06576|143|R|7,P62979|54|R|7,0.67,,
P06576|143|R|7,Q14194|63|R|7,0.67,,
P06576|143|R|7,Q9UPY8|160|R|7,0.66,,
P08238|82|R|7,P14618|339|R|7,0.79,,
P08238|82|R|7,P14618|342|R|7,0.78,,
P08238|82|R|7,Q9H3Z4|7|R|7,0.72,,
P08238|82|R|7,Q00610|865|R|7,0.73,,
P08238|82|R|7,P62942|58|R|7,0.68,,
P08238|82|R|7,P62979|54|R|7,0.68,,
P06576|241|R|7,P14136|390|R|7,0.68,,
P05783|353|R|7,Q04760|14|E|299,0.66,,
P05783|353|R|7,P37802|139|R|7,0.68,,
P05783|353|R|7,P13489|34|R|7,0.72,,
P07237|452|R|7,P42704|799|R|7,0.66,,
P07237|452|R|7,Q13347|77|R|7,0.68,,
P06733|50|R|7,P17844|252|R|7,0.68,,
P06733|50|R|7,P14618|516|R|7,0.66,,
P08670|28|R|7,Q16181|425|R|7,0.66,,
P08670|28|R|7,Q01518|29|R|7,0.71,,
P08670|310|R|7,P08670|450|R|7,0.68,,
P09382|49|R|7,Q96I24|123|R|7,0.66,,
P09382|49|R|7,P37802|182|R|7,0.66,,
P09382|49|R|7,P61978|191|R|7,0.72,,
P08865|205|R|7,P41250|318|K|53,0.67,,
P08865|205|R|7,P62857|31|R|7,0.68,,
P08195|313|R|7,P21333|2103|R|7,0.66,,
P08195|313|R|7,P21333|484|R|7,0.66,,
P08195|603|R|7,P20042|285|R|7,0.71,,
P07900|620|R|7,P08670|450|R|7,0.69,,
P08670|207|R|7,Q5BKZ1|24|R|7,0.68,,
P08670|207|R|7,P62857|31|R|7,0.67,,
P02545|527|R|7,Q9H9B4|214|R|7,0.67,,
P02545|427|R|7,Q01518|29|R|7,0.71,,
P02686|177|R|7,P02686|183|R|7,0.71,,
P02686|177|R|7,P02686|199|R|7,0.75,,
P02686|177|R|7,P02686|213|R|7,0.74,,
P02686|177|R|7,P02686|264|R|7,0.72,,
P02686|177|R|7,P02686|231|R|7,0.67,,
P02686|177|R|7,P14136|390|R|7,0.68,,
P02686|177|R|7,P14136|416|R|7,0.72,,
P02686|199|R|7,P02686|213|R|7,0.68,,
P02686|199|R|7,Q16181|425|R|7,0.68,,
P02686|213|R|7,P14136|376|R|7,0.66,,
P02686|213|R|7,P14136|12|R|7,0.69,,
P02686|264|R|7,P14136|390|R|7,0.76,,
P00558|171|R|7,Q00610|437|R|7,0.69,,
P00558|171|R|7,Q00839|590|R|7,0.69,,
P00558|171|R|7,P14625|156|R|7,0.7,,
P00505|68|R|7,P10809|387|K|53,0.67,,
P00338|157|R|7,P07355|145|R|7,0.67,,
P02545|386|R|7,Q9BQE3|79|R|7,0.69,,
P00558|66|R|7,P14136|12|R|7,0.69,,
P00558|66|R|7,P17600|679|R|7,0.67,,
P00558|66|R|7,P07437|162|R|7,0.67,,
P00558|66|R|7,P20042|285|R|7,0.69,,
P00558|66|R|7,P24844|45|R|7,0.66,,
P04406|80|R|7,P35579|1912|R|7,0.66,,
P04406|248|R|7,Q99832|306|R|7,0.67,,
P04406|248|R|7,P29401|186|R|7,0.67,,
P04406|248|R|7,Q00610|865|R|7,0.66,,
P04406|248|R|7,P62424|89|R|7,0.73,,
P04406|248|R|7,P07384|413|R|7,0.7,,
P05387|38|R|7,P35579|1226|R|7,0.66,,
P04843|204|R|7,P14618|516|R|7,0.66,,
P04792|79|R|7,Q01518|29|R|7,0.76,,
P04350|162|R|7,Q13509|162|R|7,0.66,,
P04350|162|R|7,P14136|12|R|7,0.67,,
P04350|162|R|7,P14136|416|R|7,0.69,,
P04406|200|R|7,P63261|312|R|7,0.73,,
P04406|200|R|7,Q01518|29|R|7,0.66,,
P04406|200|R|7,Q9BPX5|102|R|7,0.71,,
P04406|200|R|7,P35579|1912|R|7,0.72,,
P04406|200|R|7,P21333|226|R|7,0.66,,
P21333|1372|K|34,Q02539|93|K|34,0.66,,
P21333|1372|K|34,P21796|96|K|34,0.67,,
P21333|1372|K|34,P35579|1477|K|34,0.73,,
P21333|2361|K|34,Q8NC51|68|K|34,0.67,,
P35579|1474|K|34,P35579|1477|K|34,0.79,,
P21796|252|K|34,P40926|203|K|34,0.68,,
P21796|252|K|34,P40926|215|K|34,0.67,,
P21796|252|K|34,P24752|124|K|34,0.67,,
P21796|252|K|34,P62979|29|K|34,0.69,,
P24752|124|K|34,P62829|66|K|34,0.7,,
P24752|124|K|34,Q15404|208|K|34,0.7,,
P24752|124|K|34,P29401|204|K|34,0.67,,
P21333|891|K|34,P60953|135|K|34,0.72,,
P21333|891|K|34,P62328|26|K|34,0.67,,
P21333|936|K|34,P40926|45|K|34,0.67,,
P21333|936|K|34,P27797|87|K|34,0.66,,
P27797|87|K|34,Q13151|154|K|34,0.74,,
P27797|87|K|34,P39023|312|K|34,0.67,,
P27797|87|K|34,P49327|1752|K|34,0.66,,
P21333|569|K|34,P60709|18|K|34,0.7,,
P33991|439|K|34,P54577|391|K|34,0.79,,
P33991|439|K|34,Q92841|313|K|34,0.67,,
P33991|439|K|34,Q14847|128|K|34,0.77,,
P33991|439|K|34,Q9Y4L1|463|K|34,0.68,,
P16615|984|K|34,Q16531|83|K|34,0.66,,
P16615|984|K|34,Q9UNM6|313|K|34,0.67,,
P55084|348|K|34,Q16531|83|K|34,0.72,,
P55084|348|K|34,Q13148|95|K|34,0.69,,
P35232|186|K|34,Q9Y383|135|K|34,0.69,,
P25786|30|K|34,Q12906|565|K|34,0.69,,
P25786|30|K|34,Q15046|492|K|34,0.67,,
P25786|30|K|34,Q04917|28|K|34,0.68,,
P25786|30|K|34,Q9Y394|332|K|34,0.66,,
P25786|30|K|34,P62280|58|K|34,0.74,,
P25786|30|K|34,P62826|152|K|34,0.72,,
P23246|330|K|34,P49327|957|K|34,0.66,,
P23246|330|K|34,P50395|390|K|34,0.7,,
P23246|330|K|34,P53396|962|K|34,0.68,,
P23246|330|K|34,P62826|71|K|34,0.66,,
P23246|330|K|34,P78527|3825|K|34,0.67,,
P23246|330|K|34,P46778|78|K|34,0.68,,
P23246|330|K|34,P37837|215|K|34,0.73,,
P23246|330|K|34,P45880|39|K|34,0.66,,
P30101|433|K|34,P62937|76|K|34,0.67,,
P25705|503|K|34,P25705|506|K|34,0.85,,
P25788|206|K|34,Q99879|35|K|34,0.66,,
P25788|206|K|34,Q8IY81|678|K|34,0.68,,
P25788|206|K|34,Q15365|70|K|34,0.66,,
P25788|206|K|34,P35579|1538|K|34,0.74,,
P25705|230|K|34,P45880|277|K|34,0.73,,
P25705|230|K|34,P62913|52|K|34,0.66,,
P27797|62|K|34,P27797|64|K|34,0.82,,
P27797|209|K|34,P27797|215|K|34,0.77,,
P26583|43|K|34,P45880|39|K|34,0.66,,
P26583|43|K|34,P37837|215|K|34,0.66,,
P26583|43|K|34,Q9Y383|135|K|34,0.67,,
P23528|73|K|34,P60174|248|K|34,0.68,,
P23528|73|K|34,P27816|346|K|34,0.69,,
P23396|227|K|34,P38646|555|K|34,0.67,,
P38646|555|K|34,P38646|646|K|34,0.73,,
P38646|555|K|34,P42126|61|K|34,0.69,,
P38646|555|K|34,P63220|41|K|34,0.69,,
P23528|53|K|34,P27797|238|K|34,0.66,,
P23528|53|K|34,P63313|26|K|34,0.67,,
P23528|22|K|34,P62979|11|K|34,0.66,,
P14618|422|K|34,P62820|173|K|34,0.67,,
P14618|422|K|34,P38646|498|K|34,0.68,,
P14618|422|K|34,Q86VP6|873|K|34,0.66,,
P14618|475|K|34,Q02539|93|K|34,0.67,,
P14618|475|K|34,P35579|1477|K|34,0.67,,
P49411|447|K|34,P52272|345|K|34,0.66,,
P49411|447|K|34,Q9NR30|199|K|34,0.66,,
P49411|447|K|34,P60842|202|K|34,0.66,,
P13639|400|K|34,P16402|64|K|34,0.69,,
P13639|400|K|34,Q00610|96|K|34,0.66,,
P13639|400|K|34,P52272|83|K|34,0.67,,
P16402|64|K|34,P68133|52|K|34,0.66,,
P49327|1739|K|34,Q8N0U8|79|K|34,0.66,,
P49327|1739|K|34,P61201|123|K|34,0.69,,
P14625|682|K|34,Q9Y4L1|463|K|34,0.7,,
P14625|682|K|34,Q01105|167|K|34,0.7,,
P14625|682|K|34,P61604|54|K|34,0.68,,
P13667|386|K|34,P51148|180|K|34,0.66,,
P13667|386|K|34,Q13813|862|K|34,0.66,,
P13667|386|K|34,Q14152|388|K|34,0.67,,
P16401|120|K|34,P62328|39|K|34,0.66,,
P37802|88|K|34,P62258|118|K|34,0.67,,
P16401|67|K|34,Q02539|67|K|34,0.71,,
P15311|427|K|34,P52565|167|K|34,0.69,,
P15311|427|K|34,P56192|554|K|34,0.72,,
P15880|142|K|34,Q12906|565|K|34,0.66,,
P15880|142|K|34,P34932|124|K|34,0.69,,
P15880|142|K|34,Q15427|23|K|34,0.66,,
P15880|142|K|34,Q86VP6|873|K|34,0.74,,
P34932|124|K|34,Q96AY3|240|K|34,0.72,,
P34932|124|K|34,Q12905|221|K|34,0.66,,
P16104|119|K|34,P26641|147|K|34,0.68,,
P49368|425|K|34,P78527|3372|K|34,0.68,,
P49368|425|K|34,Q05682|170|K|34,0.69,,
P41219|288|K|34,P60174|248|K|34,0.68,,
P47914|5|K|34,P61604|70|K|34,0.67,,
P54577|391|K|34,Q9Y394|332|K|34,0.7,,
P54577|391|K|34,Q9Y4L1|463|K|34,0.68,,
P61978|456|K|34,Q9BUF5|350|K|34,0.66,,
P61978|456|K|34,Q13185|141|K|34,0.66,,
P55010|224|K|34,Q9NUQ9|199|K|34,0.68,,
P55010|224|K|34,Q9Y230|223|K|34,0.73,,
P55010|224|K|34,Q13347|141|K|34,0.77,,
P53618|679|K|34,Q15404|208|K|34,0.71,,
P53618|679|K|34,Q9BV20|23|K|34,0.66,,
P60174|188|K|34,P62829|123|K|34,0.73,,
P31947|140|K|34,P51572|158|K|34,0.69,,
P31947|140|K|34,P52272|667|K|34,0.7,,
P31949|3|K|34,Q8N257|12|K|34,0.66,,
P30876|1052|K|34,P07355|145|R|7,0.66,,
P30876|1052|K|34,P36578|49|R|7,0.7,,
P35579|1295|K|34,P55145|62|K|34,0.73,,
P35579|1295|K|34,P52907|118|K|34,0.67,,
P35579|1295|K|34,Q9Y4L1|428|K|34,0.68,,
P34897|262|K|34,P82673|270|K|34,0.67,,
P31949|27|K|34,P55072|8|K|34,0.66,,
P31949|27|K|34,P62328|26|K|34,0.7,,
P30101|362|K|34,P35579|1716|K|34,0.66,,
P35579|1716|K|34,P63313|4|K|34,0.7,,
P30046|87|K|34,P61923|39|K|34,0.74,,
P30046|87|K|34,Q16836|202|K|34,0.67,,
P30046|87|K|34,Q15691|122|K|34,0.69,,
P30046|87|K|34,Q14847|128|K|34,0.68,,
P40429|159|K|34,Q15149|3285|K|34,0.68,,
P40925|142|K|34,P62937|76|K|34,0.66,,
P35579|1492|K|34,Q9Y383|135|K|34,0.66,,
P35579|637|K|34,P55010|288|K|34,0.74,,
P35579|637|K|34,Q92541|531|K|34,0.69,,
Q9BQA1|5|T|21,P49841|216|Y|21,0.7,,
Q96I25|71|T|21,Q99442|375|T|21,0.66,,
Q96JM3|458|T|21,Q15047|1063|Y|21,0.67,,
Q96PK6|206|T|21,P38159|206|Y|21,0.68,,
Q9H4G0|78|T|21,Q9H4G0|79|T|21,0.7,,
Q99700|771|T|21,Q96SB4|305|K|53,0.73,,
Q8IYB3|727|T|21,Q9Y2D5|399|T|21,0.68,,
Q8IYB3|693|T|21,Q8IYB3|718|T|21,0.67,,
Q86WB0|55|T|21,Q9H1E3|12|D|299,0.67,,
Q8IVT2|377|T|21,Q8TE68|553|T|21,0.66,,
Q8WWM7|588|T|21,P18669|119|Y|21,0.73,,
Q8WWM7|588|T|21,O75676|686|R|7,0.67,,
Q8WVK2|60|T|21,Q9ULJ3|418|R|7,0.66,,
P08581|1234|Y|21,Q8IZP0|213|Y|21,0.71,,
P08581|1234|Y|21,P53801|174|Y|21,0.7,,
Q8IZP0|213|Y|21,Q96QD8|41|Y|21,0.73,,
P02686|148|Y|21,P68133|86|K|53,0.68,,
O00461|641|Y|21,O60264|99|T|23,0.69,,
O60264|99|T|23,Q7Z4S6|1072|T|23,0.68,,
P00533|1172|Y|21,P08581|1234|Y|21,0.71,,
P00533|1172|Y|21,P53801|174|Y|21,0.69,,
Q96QD8|41|Y|21,P35579|1226|R|7,0.67,,
P29317|594|Y|21,P53801|174|Y|21,0.66,,
P60174|209|Y|21,P07148|121|K|34,0.67,,
P60174|209|Y|21,Q06830|136|K|34,0.7,,
Q9ULU4|751|T|21,Q15047|1063|Y|21,0.66,,
Q9Y3Q8|229|T|21,O43290|454|K|53,0.66,,
P80723|36|T|21,Q16666|149|T|21,0.66,,
P52292|61|T|21,Q96T37|568|T|21,0.67,,
Q13263|541|T|21,Q8N3X1|479|T|21,0.67,,
Q06210|262|T|21,Q5VT52|732|T|21,0.66,,
Q5VT52|732|T|21,P39019|84|R|7,0.68,,
Q08357|387|T|21,Q08357|386|Y|21,0.72,,
Q09666|3716|T|21,Q09666|4564|T|21,0.77,,
Q01130|25|T|21,Q09666|490|T|21,0.67,,
P42166|74|T|21,Q9Y3X0|381|T|21,0.68,,
P28482|181|T|21,P31943|107|T|21,0.67,,
P49407|410|T|21,Q9HB90|10|T|21,0.71,,
P41212|18|T|21,Q5JTV8|220|T|21,0.69,,
Q5T5C0|784|T|21,P08670|188|K|34,0.67,,
Q16539|180|T|21,Q9H7D0|1808|T|21,0.73,,
Q7Z6Z7|1905|T|21,P09651|357|Y|21,0.69,,
Q6T4R5|996|T|21,Q6T4R5|997|T|21,1,,
Q13443|761|T|21,Q9H7D0|1808|T|21,0.68,,
Q13595|202|T|21,Q13595|204|T|21,0.66,,
Q13610|55|T|21,Q9H7D0|1808|T|21,0.69,,
Q13501|269|T|21,Q2M2I8|606|T|21,0.66,,
Q12888|1055|T|21,Q12888|1056|T|21,0.91,,
Q09666|5839|T|21,P10644|78|R|7,0.67,,
Q12830|739|T|21,Q8N3X1|113|Y|21,0.68,,
Q12834|69|T|21,Q12834|70|T|21,0.71,,
Q12906|469|T|21,Q9P1Y6|917|T|21,0.7,,
Q12906|469|T|21,Q99442|375|T|21,0.68,,
Q12906|469|T|21,Q9HB90|10|T|21,0.68,,
Q16512|774|T|21,Q16512|778|T|21,0.73,,
P23284|129|K|1,P42568|254|K|1,0.66,,
P42568|254|K|1,Q16658|41|K|1,0.67,,
P42568|254|K|1,P60981|44|K|1,0.68,,
P23528|144|K|1,Q16576|119|K|1,0.72,,
P23528|144|K|1,Q13263|377|K|1,0.7,,
P23528|144|K|1,Q9Y6Q9|687|K|1,0.68,,
P23528|144|K|1,Q99986|293|K|1,0.69,,
P23528|144|K|1,P35579|656|K|1,0.67,,
P23528|144|K|1,P35637|332|K|1,0.7,,
P23528|144|K|1,Q02539|88|K|1,0.66,,
P23528|144|K|1,P62256|64|K|1,0.74,,
P23528|144|K|1,P62913|67|K|1,0.66,,
P23528|144|K|1,P62979|6|K|1,0.68,,
P23528|144|K|1,P60842|146|K|1,0.68,,
P23528|144|K|1,P51991|126|K|1,0.72,,
P23528|144|K|1,P52272|698|K|1,0.67,,
Q13263|377|K|1,Q14498|232|K|1,0.75,,
Q13263|377|K|1,Q9Y6Q9|687|K|1,0.67,,
P35637|332|K|1,Q9Y262|465|K|1,0.71,,
P35637|332|K|1,Q9Y2W2|13|K|1,0.76,,
P35637|332|K|1,P62906|91|K|1,0.73,,
P35637|332|K|1,P62979|6|K|1,0.66,,
P35637|332|K|1,P60842|146|K|1,0.76,,
P35637|332|K|1,P51991|126|K|1,0.73,,
P35637|332|K|1,Q14847|42|K|1,0.69,,
P35637|332|K|1,Q16576|119|K|1,0.67,,
P35637|332|K|1,Q00839|635|K|1,0.67,,
P35637|332|K|1,Q02539|88|K|1,0.69,,
P35637|332|K|1,Q13263|377|K|1,0.66,,
Q02539|88|K|1,Q99986|293|K|1,0.66,,
Q02539|88|K|1,Q9GZZ1|34|K|1,0.7,,
Q02539|88|K|1,Q9H0A0|426|K|1,0.66,,
P62256|64|K|1,Q13951|177|K|1,0.71,,
P62256|64|K|1,Q14498|232|K|1,0.73,,
P62256|64|K|1,P82979|119|K|1,0.66,,
P62256|64|K|1,Q13263|377|K|1,0.66,,
P62256|64|K|1,Q9GZZ1|37|K|1,0.71,,
P60842|146|K|1,Q15233|198|K|1,0.67,,
P60842|146|K|1,Q16576|119|K|1,0.69,,
P60842|146|K|1,Q00839|635|K|1,0.66,,
P60842|146|K|1,P62906|91|K|1,0.7,,
P60842|146|K|1,P62979|6|K|1,0.7,,
P51991|126|K|1,Q9Y6Q9|687|K|1,0.77,,
P51991|126|K|1,Q02539|88|K|1,0.66,,
P51991|126|K|1,Q9C0J8|46|K|1,0.68,,
P51991|126|K|1,Q16576|119|K|1,0.67,,
P52272|698|K|1,Q9H0E9|85|K|1,0.76,,
P52272|698|K|1,Q9NQC1|38|K|1,0.67,,
P52272|698|K|1,Q9UQE7|106|K|1,0.7,,
P52272|698|K|1,Q9Y6Q9|687|K|1,0.67,,
P23368|156|K|1,Q9H0C2|104|K|1,0.67,,
P23368|156|K|1,Q9UQE7|105|K|1,0.67,,
P23368|156|K|1,P49327|1752|K|1,0.67,,
P23368|156|K|1,Q00839|635|K|1,0.73,,
P23368|156|K|1,P62906|91|K|1,0.72,,
P23368|156|K|1,P60842|146|K|1,0.68,,
P49327|1752|K|1,Q09472|1583|K|1,0.66,,
Q00839|635|K|1,Q13263|377|K|1,0.75,,
Q00839|635|K|1,Q14498|232|K|1,0.66,,
Q00839|635|K|1,Q15181|57|K|1,0.73,,
P62906|91|K|1,Q15181|57|K|1,0.66,,
P62906|91|K|1,Q9Y262|465|K|1,0.75,,
P62906|91|K|1,Q14498|232|K|1,0.75,,
P62906|91|K|1,Q00839|635|K|1,0.75,,
P62906|91|K|1,Q13263|377|K|1,0.7,,
P22626|173|K|1,P60174|188|K|1,0.68,,
P22626|112|K|1,Q9Y6Q9|687|K|1,0.68,,
P22626|112|K|1,P62913|67|K|1,0.73,,
P23246|271|K|1,Q92793|1586|K|1,0.67,,
P23246|271|K|1,P62979|33|K|1,0.67,,
P23246|271|K|1,P78371|248|K|1,0.69,,
P23246|271|K|1,Q04917|77|K|1,0.67,,
P23246|271|K|1,Q09472|14|K|1,0.66,,
P62979|33|K|1,Q05639|41|K|1,0.67,,
Q04917|77|K|1,Q92793|1583|K|1,0.67,,
Q04917|77|K|1,Q92793|1586|K|1,0.7,,
Q04917|77|K|1,Q15651|13|K|1,0.69,,
Q04917|77|K|1,Q9HAF1|74|K|1,0.66,,
Q04917|77|K|1,Q9UBE0|195|K|1,0.68,,
Q04917|77|K|1,Q14980|2070|K|1,0.7,,
Q04917|77|K|1,Q14980|2071|K|1,0.67,,
Q04917|77|K|1,P48735|48|K|64,0.7,,
P24752|202|K|1,Q9H0A0|426|K|1,0.67,,
P24752|202|K|1,Q9H0E9|85|K|1,0.7,,
P24752|202|K|1,P46060|524|K|1,0.68,,
P24752|202|K|1,P50213|100|K|1,0.76,,
P24752|202|K|1,P60660|79|K|1,0.66,,
P24752|202|K|1,Q9Y6Q9|687|K|1,0.67,,
P46060|524|K|1,P50213|100|K|1,0.73,,
P46060|524|K|1,P51991|126|K|1,0.73,,
P46060|524|K|1,Q9Y6Q9|687|K|1,0.72,,
P46060|524|K|1,P60660|79|K|1,0.72,,
P46060|524|K|1,Q9C0J8|46|K|1,0.75,,
P46060|524|K|1,Q9H0A0|426|K|1,0.67,,
P50213|100|K|1,P60174|14|K|1,0.66,,
P50213|100|K|1,P62913|67|K|1,0.66,,
P24752|174|K|1,P62805|17|K|1,0.69,,
P62805|17|K|1,Q5TEC6|24|K|1,0.66,,
P62805|17|K|1,Q9UQE7|105|K|1,0.73,,
P62805|17|K|1,Q9UQE7|106|K|1,0.68,,
P62805|17|K|1,Q9H0E9|85|K|1,0.67,,
P23528|44|K|1,P50990|400|K|1,0.67,,
P23528|44|K|1,Q9GZZ1|34|K|1,0.74,,
P23528|44|K|1,Q9GZZ1|37|K|1,0.77,,
P23528|44|K|1,P62805|17|K|1,0.7,,
P23528|44|K|1,P62805|92|K|1,0.76,,
P50990|400|K|1,Q16836|185|K|1,0.71,,
P50990|400|K|1,P53999|68|K|1,0.66,,
P50990|400|K|1,P62241|128|K|1,0.67,,
P50990|400|K|1,P62851|66|K|1,0.72,,
P62805|92|K|1,Q16576|119|K|1,0.67,,
P62805|92|K|1,Q16630|79|K|1,0.67,,
P62805|92|K|1,Q9GZZ1|34|K|1,0.67,,
P62805|92|K|1,P62906|91|K|1,0.71,,
P23528|19|K|1,Q13951|177|K|1,0.66,,
P23528|19|K|1,P82979|119|K|1,0.66,,
P23528|19|K|1,P49207|36|K|1,0.78,,
P23528|19|K|1,P55201|896|K|1,0.67,,
P23528|19|K|1,P33778|6|K|1,0.66,,
Q13951|177|K|1,Q8IY81|233|K|1,0.69,,
P82979|119|K|1,Q13951|177|K|1,0.73,,
P49207|36|K|1,Q13951|177|K|1,0.69,,
P49207|36|K|1,P82979|119|K|1,0.71,,
P55201|896|K|1,Q13263|377|K|1,0.67,,
P55201|896|K|1,Q13951|177|K|1,0.71,,
P33778|6|K|1,Q5TEC6|19|K|1,0.71,,
P33778|6|K|1,Q15596|780|K|1,0.66,,
P33778|6|K|1,Q9Y2W2|13|K|1,0.72,,
P33778|6|K|1,Q9HAF1|69|K|1,0.66,,
P33778|6|K|1,P40939|60|K|1,0.73,,
P33778|6|K|1,P49207|36|K|1,0.68,,
P33778|6|K|1,Q14980|2070|K|1,0.67,,
P24534|176|K|1,Q92793|1744|K|1,0.66,,
P19338|646|K|1,P62913|52|K|1,0.71,,
P19338|646|K|1,P22087|121|K|1,0.7,,
P19338|646|K|1,P50914|85|K|1,0.76,,
P19338|646|K|1,P61353|93|K|1,0.69,,
P22087|121|K|1,P50914|85|K|1,0.66,,
P50914|85|K|1,P62913|52|K|1,0.69,,
P50914|85|K|1,P61353|93|K|1,0.66,,
P50914|85|K|1,Q16695|80|K|1,0.68,,
P50914|85|K|1,Q15287|218|K|1,0.67,,
P61353|93|K|1,Q13825|204|K|1,0.68,,
P61353|93|K|1,Q06830|27|K|1,0.77,,
P61353|93|K|1,Q96AE4|44|K|1,0.66,,
P61353|93|K|1,Q92793|1744|K|1,0.66,,
P61353|93|K|1,P68133|63|K|1,0.71,,
P20700|483|K|1,Q92793|1762|K|1,0.71,,
P20700|483|K|1,Q6NVY1|301|K|1,0.67,,
P17987|400|K|1,P23368|156|K|1,0.71,,
P17987|400|K|1,Q9UQE7|105|K|1,0.67,,
P17987|400|K|1,Q13263|377|K|1,0.71,,
P17844|40|K|1,Q13263|377|K|1,0.7,,
P17844|40|K|1,Q14498|232|K|1,0.66,,
Q14498|232|K|1,Q15596|640|K|1,0.66,,
Q14498|232|K|1,Q9Y262|465|K|1,0.67,,
P18583|2055|K|1,Q9H0E9|85|K|1,0.69,,
P18583|2055|K|1,Q99986|293|K|1,0.69,,
P18583|2055|K|1,Q15185|7|K|1,0.66,,
P18583|2055|K|1,Q12888|1626|K|1,0.67,,
P18583|2055|K|1,P52272|698|K|1,0.67,,
Q12888|1626|K|1,Q5QNW6|24|K|1,0.68,,
Q12888|1626|K|1,Q5QNW6|21|K|1,0.67,,
P22234|246|K|1,P60953|153|K|1,0.7,,
P60953|153|K|1,Q99525|9|K|1,0.69,,
P22234|283|K|1,Q9Y262|465|K|1,0.72,,
P22234|283|K|1,Q9GZZ1|37|K|1,0.69,,
P22234|283|K|1,P62906|91|K|1,0.79,,
P22234|283|K|1,P23528|144|K|1,0.66,,
P22234|283|K|1,P52272|716|K|1,0.73,,
P22234|283|K|1,P60842|146|K|1,0.76,,
P22234|283|K|1,P35637|332|K|1,0.71,,
P22234|283|K|1,P40926|324|K|1,0.66,,
P52272|716|K|1,P62906|91|K|1,0.74,,
P52272|716|K|1,P62805|92|K|1,0.67,,
P40926|324|K|1,Q8TA86|118|K|1,0.72,,
P40926|324|K|1,Q92793|1744|K|1,0.68,,
P21333|700|K|1,Q92793|1627|K|1,0.67,,
P21333|700|K|1,P54577|146|K|1,0.69,,
P21333|700|K|1,Q13263|377|K|1,0.67,,
P21333|700|K|1,Q15596|780|K|1,0.66,,
P21333|700|K|1,P62913|67|K|1,0.7,,
P21333|700|K|1,P35637|332|K|1,0.67,,
P54577|146|K|1,P62913|67|K|1,0.68,,
P33991|858|K|1,P62805|92|K|1,0.68,,
P33991|858|K|1,Q16630|79|K|1,0.67,,
P33991|858|K|1,Q15181|57|K|1,0.67,,
P33991|858|K|1,P50990|400|K|1,0.68,,
P33991|858|K|1,P36542|49|K|1,0.7,,
P33991|858|K|1,P34897|464|K|1,0.7,,
P33992|396|K|1,Q02078|249|K|1,0.72,,
P33992|396|K|1,Q08752|331|K|1,0.67,,
P33992|396|K|1,Q00839|551|K|1,0.7,,
P33992|396|K|1,P78371|248|K|1,0.66,,
P33992|396|K|1,Q15554|335|K|1,0.66,,
P33992|396|K|1,Q15185|35|K|1,0.71,,
P33992|396|K|1,Q92945|266|K|1,0.66,,
Q02078|249|K|1,Q15185|35|K|1,0.68,,
Q02078|249|K|1,Q16658|41|K|1,0.69,,
Q02078|249|K|1,Q13177|62|K|1,0.72,,
Q02078|249|K|1,Q92945|266|K|1,0.69,,
Q00839|551|K|1,Q92945|266|K|1,0.7,,
Q00839|551|K|1,Q15554|335|K|1,0.67,,
Q00839|551|K|1,Q01995|121|K|1,0.71,,
P36542|49|K|1,Q14847|42|K|1,0.74,,
P36542|49|K|1,P62805|92|K|1,0.69,,
P36542|49|K|1,Q3SY69|681|K|1,0.69,,
P36542|49|K|1,P60866|8|K|1,0.67,,
P36542|49|K|1,P40939|406|K|1,0.67,,
P34897|464|K|1,Q05639|44|K|1,0.74,,
P31947|122|K|1,P62851|52|K|1,0.67,,
P62851|52|K|1,Q9Y265|171|K|1,0.68,,
P31948|364|K|1,P38117|248|K|1,0.66,,
P31948|364|K|1,P40926|324|K|1,0.67,,
P31948|364|K|1,P42568|324|K|1,0.73,,
P31948|364|K|1,Q9H0E9|481|K|1,0.66,,
P31948|364|K|1,Q9UF56|211|K|1,0.67,,
P31948|364|K|1,Q16630|79|K|1,0.66,,
P38117|248|K|1,P62424|20|K|1,0.66,,
P38117|248|K|1,Q86V81|235|K|1,0.67,,
P38117|248|K|1,Q15459|486|K|1,0.66,,
P42568|324|K|1,Q9UF56|211|K|1,0.77,,
P42568|324|K|1,Q9P0K7|936|K|1,0.66,,
P42568|324|K|1,Q15185|35|K|1,0.67,,
P42568|324|K|1,Q14151|225|K|1,0.73,,
P42568|324|K|1,P49368|248|K|1,0.66,,
P42568|324|K|1,Q02539|78|K|1,0.68,,
P31943|167|K|1,P62913|52|K|1,0.7,,
P33778|12|K|1,Q9BR39|652|K|1,0.67,,
P33778|12|K|1,P33778|6|K|1,0.66,,
Q14847|42|K|1,Q16576|119|K|1,0.74,,
Q14847|42|K|1,Q9NQC1|32|K|1,0.68,,
P35579|74|K|1,Q9UF56|211|K|1,0.7,,
P35579|74|K|1,Q99525|13|K|1,0.67,,
P35579|74|K|1,Q05639|44|K|1,0.68,,
P60866|8|K|1,P62805|92|K|1,0.67,,
P40939|406|K|1,P55201|896|K|1,0.66,,
P40939|406|K|1,Q05639|44|K|1,0.66,,
P40939|406|K|1,Q92793|1797|K|1,0.7,,
P35914|48|K|1,Q92793|1586|K|1,0.67,,
P35579|1802|K|1,Q14315|1994|K|1,0.67,,
Q14315|1994|K|1,Q9BR39|651|K|1,0.67,,
Q14315|1994|K|1,Q9UF56|211|K|1,0.67,,
P35579|1525|K|1,Q02539|88|K|1,0.67,,
P35579|1525|K|1,Q14847|42|K|1,0.7,,
P35579|1525|K|1,Q16576|119|K|1,0.75,,
P35579|1525|K|1,Q9Y262|549|K|1,0.7,,
P35579|1525|K|1,P51991|126|K|1,0.7,,
P35579|1525|K|1,P35637|332|K|1,0.69,,
P25705|539|K|1,Q9NV56|200|K|1,0.69,,
P25705|539|K|1,Q8N257|24|K|1,0.7,,
P25705|539|K|1,P62280|58|K|1,0.67,,
P25705|539|K|1,P46783|138|K|1,0.66,,
P62280|58|K|1,Q8TA86|118|K|1,0.74,,
P62280|58|K|1,Q16181|208|K|1,0.69,,
P62280|58|K|1,Q9HB71|178|K|1,0.66,,
P62280|58|K|1,Q9UJU6|131|K|1,0.69,,
P46783|138|K|1,Q9NPF5|27|K|1,0.72,,
P46783|138|K|1,P62280|58|K|1,0.73,,
P46783|138|K|1,P50990|400|K|1,0.66,,
P26639|636|K|1,P50990|400|K|1,0.69,,
P26639|636|K|1,Q15185|7|K|1,0.73,,
P26639|636|K|1,P46783|138|K|1,0.7,,
P26639|636|K|1,P26639|660|K|1,0.68,,
P26639|636|K|1,Q16836|185|K|1,0.68,,
P26639|636|K|1,Q6UB35|189|K|1,0.73,,
P26639|636|K|1,Q9UJU6|131|K|1,0.67,,
P26639|660|K|1,Q96EZ8|130|K|1,0.68,,
P26639|660|K|1,Q9HB71|178|K|1,0.66,,
P26639|660|K|1,P62269|94|K|1,0.7,,
P26639|660|K|1,P62280|58|K|1,0.69,,
P26639|660|K|1,Q06830|27|K|1,0.68,,
P26639|660|K|1,P40926|324|K|1,0.67,,
P26639|660|K|1,P42568|324|K|1,0.71,,
P26447|35|K|1,P60981|44|K|1,0.69,,
P26447|35|K|1,P62256|64|K|1,0.73,,
P26447|35|K|1,P39019|111|K|1,0.7,,
P26447|35|K|1,Q13435|870|K|1,0.69,,
P26447|35|K|1,Q13951|177|K|1,0.72,,
P26447|35|K|1,Q14315|1994|K|1,0.67,,
P26447|35|K|1,Q14498|232|K|1,0.69,,
P26447|35|K|1,P82979|119|K|1,0.78,,
P60981|44|K|1,Q16658|41|K|1,0.68,,
P60981|44|K|1,P62861|51|K|1,0.68,,
P60981|44|K|1,Q13951|177|K|1,0.7,,
P60981|44|K|1,Q13111|467|K|1,0.67,,
P39019|111|K|1,P49207|36|K|1,0.66,,
P39019|111|K|1,P82979|119|K|1,0.67,,
P39019|111|K|1,Q13177|62|K|1,0.66,,
P39019|111|K|1,Q13435|870|K|1,0.67,,
P39019|111|K|1,Q13951|177|K|1,0.72,,
P39019|111|K|1,Q9GZZ1|37|K|1,0.66,,
P39019|111|K|1,Q9H9B4|214|R|7,0.69,,
P25705|230|K|1,P39019|111|K|1,0.75,,
P25705|230|K|1,Q92945|266|K|1,0.74,,
P25705|230|K|1,P62753|64|K|1,0.68,,
P25705|230|K|1,Q15185|35|K|1,0.66,,
P25705|427|K|1,P07237|69|K|34,0.67,,
P25705|427|K|1,Q13825|204|K|1,0.68,,
P25705|427|K|1,Q9UF56|211|K|1,0.67,,
P25705|427|K|1,P78406|108|K|1,0.67,,
P25705|427|K|1,Q02078|249|K|1,0.67,,
P25705|434|K|1,Q00839|635|K|1,0.68,,
P25705|434|K|1,P31947|122|K|1,0.69,,
P62753|64|K|1,Q6UB35|189|K|1,0.66,,
P78406|108|K|1,Q9UF56|211|K|1,0.68,,
P30566|295|K|1,P35637|332|K|1,0.73,,
P30566|295|K|1,Q9Y2W2|13|K|1,0.78,,
P30566|295|K|1,Q9HAF1|69|K|1,0.71,,
P30566|295|K|1,Q14847|42|K|1,0.68,,
P30101|94|K|1,Q9NR45|290|K|1,0.71,,
P30101|94|K|1,P78371|248|K|1,0.67,,
P30101|94|K|1,Q09472|1546|K|1,0.66,,
Q06830|27|K|1,Q96AE4|44|K|1,0.68,,
P27797|62|K|1,P10809|269|K|34,0.74,,
P27797|62|K|1,P01871|112|K|34,0.68,,
P27797|62|K|1,Q06830|136|K|34,0.67,,
P27797|62|K|1,P62750|152|K|34,0.68,,
P27797|62|K|1,P68133|317|K|34,0.66,,
P27797|62|K|1,P27797|64|K|1,0.78,,
P10809|96|K|1,Q92793|1744|K|1,0.67,,
P10809|96|K|1,Q92793|1762|K|1,0.66,,
P11021|547|K|1,P22234|246|K|1,0.69,,
P11142|126|K|1,P30101|94|K|1,0.69,,
P11142|126|K|1,P13639|42|K|1,0.69,,
P11142|126|K|1,Q9H0C2|104|K|1,0.66,,
P13639|42|K|1,P62826|60|K|1,0.66,,
P13639|42|K|1,P23528|45|K|1,0.66,,
P13639|42|K|1,P22626|173|K|1,0.67,,
P11021|96|K|1,Q00325|99|K|1,0.71,,
Q00325|99|K|1,Q9NR45|290|K|1,0.76,,
Q00325|99|K|1,Q05639|41|K|1,0.66,,
P10809|301|K|1,Q9UKA9|92|K|1,0.67,,
P10809|359|K|1,P12270|748|K|1,0.66,,
P10809|359|K|1,Q5QNW6|6|K|1,0.72,,
P10809|359|K|1,Q8NE86|332|K|1,0.66,,
P10809|359|K|1,Q96HW7|26|K|1,0.66,,
P12270|748|K|1,P33778|6|K|1,0.73,,
P12270|748|K|1,P35579|74|K|1,0.7,,
P12270|748|K|1,P40926|239|K|1,0.66,,
P12270|748|K|1,Q5T8P6|709|K|1,0.66,,
P12270|748|K|1,Q14980|2071|K|1,0.67,,
P10809|417|K|1,P11142|246|K|1,0.67,,
P10809|417|K|1,Q09472|1546|K|1,0.69,,
P10809|417|K|1,Q5JRX3|946|K|1,0.68,,
P11142|246|K|1,Q9NSE4|74|K|1,0.73,,
P11142|246|K|1,P50213|100|K|1,0.67,,
P11142|246|K|1,P60174|14|K|1,0.68,,
P11142|246|K|1,P24752|202|K|1,0.66,,
P11142|246|K|1,P22626|112|K|1,0.67,,
P11142|557|K|1,P11413|497|K|1,0.78,,
P11142|557|K|1,Q9P0K7|936|K|1,0.68,,
P11413|497|K|1,Q02539|78|K|1,0.7,,
P11413|497|K|1,P22087|121|K|1,0.67,,
P11413|497|K|1,Q9P0K7|936|K|1,0.7,,
P11413|497|K|1,Q9UF56|211|K|1,0.72,,
P11413|497|K|1,Q99525|9|K|1,0.7,,
P11142|524|K|1,Q8N257|24|K|1,0.71,,
P11142|524|K|1,P46783|138|K|1,0.67,,
P11142|524|K|1,Q9P0K7|936|K|1,0.67,,
P11142|71|K|1,P22626|173|K|1,0.67,,
P11142|71|K|1,P41219|288|K|1,0.66,,
P11142|71|K|1,P61956|33|K|1,0.73,,
P11142|71|K|1,Q09666|497|K|1,0.67,,
P41219|288|K|1,P62826|60|K|1,0.7,,
P11142|601|K|1,P48735|48|K|64,0.68,,
P11142|601|K|1,P22234|246|K|1,0.68,,
P11142|601|K|1,Q14980|2071|K|1,0.66,,
P11142|601|K|1,Q08752|331|K|1,0.7,,
P11142|601|K|1,P33992|396|K|1,0.66,,
P11142|601|K|1,P62269|94|K|1,0.73,,
P11142|187|K|1,P33992|396|K|1,0.67,,
P11142|187|K|1,Q9H0C2|104|K|1,0.66,,
P09622|420|K|1,P62256|64|K|1,0.7,,
P09622|420|K|1,P52272|698|K|1,0.69,,
P09622|420|K|1,Q14498|232|K|1,0.68,,
P09622|420|K|1,Q02539|88|K|1,0.69,,
P09622|420|K|1,Q13263|377|K|1,0.7,,
P09622|420|K|1,P23528|144|K|1,0.73,,
P09622|420|K|1,P17987|400|K|1,0.66,,
P09622|420|K|1,Q99986|293|K|1,0.68,,
P09622|420|K|1,Q9GZZ1|34|K|1,0.71,,
P09622|420|K|1,Q9H0E9|85|K|1,0.66,,
P09622|420|K|1,Q9Y6Q9|687|K|1,0.75,,
P09651|166|K|1,Q9C0J8|46|K|1,0.66,,
P09651|166|K|1,P31947|122|K|1,0.66,,
P08865|89|K|1,P62826|60|K|1,0.7,,
P08865|89|K|1,Q00839|635|K|1,0.66,,
P08865|89|K|1,P60981|44|K|1,0.66,,
P08865|89|K|1,Q92945|266|K|1,0.66,,
P08865|89|K|1,Q99460|838|K|1,0.67,,
P08865|89|K|1,Q12931|424|K|1,0.66,,
P08865|89|K|1,Q15596|640|K|1,0.66,,
P08865|89|K|1,P13639|498|K|1,0.7,,
P08865|89|K|1,P36578|327|K|1,0.68,,
P08865|89|K|1,P25705|230|K|1,0.67,,
P08865|89|K|1,Q9UKA9|92|K|1,0.66,,
P08865|89|K|1,Q9Y262|465|K|1,0.7,,
P13639|498|K|1,Q14847|42|K|1,0.7,,
P13639|498|K|1,Q16576|119|K|1,0.72,,
P13639|498|K|1,Q12931|424|K|1,0.68,,
P13639|498|K|1,Q99460|720|K|1,0.66,,
P13639|498|K|1,P25705|230|K|1,0.67,,
P13639|498|K|1,P35637|332|K|1,0.68,,
P13639|498|K|1,P36578|327|K|1,0.7,,
P13639|498|K|1,P39019|111|K|1,0.75,,
P13639|498|K|1,P60866|8|K|1,0.66,,
P13639|498|K|1,P62805|92|K|1,0.68,,
P36578|327|K|1,Q9UKA9|92|K|1,0.72,,
P36578|327|K|1,Q99460|720|K|1,0.7,,
P36578|327|K|1,P41219|288|K|1,0.67,,
P36578|327|K|1,P61353|3|K|1,0.66,,
P08670|439|K|1,Q15596|780|K|1,0.67,,
P08670|439|K|1,P42568|254|K|1,0.67,,
P08670|439|K|1,P33778|6|K|1,0.68,,
P08670|439|K|1,P62913|67|K|1,0.68,,
P08670|439|K|1,P22087|121|K|1,0.68,,
P09493|48|K|1,P26639|660|K|1,0.7,,
P09493|48|K|1,P78406|108|K|1,0.66,,
P09493|48|K|1,P62280|58|K|1,0.72,,
P09493|48|K|1,Q16181|208|K|1,0.7,,
P09493|48|K|1,Q08752|331|K|1,0.75,,
P09493|118|K|1,Q99436|249|K|1,0.66,,
P0DP24|116|K|1,P30626|84|R|7,0.66,,
P0DP24|116|K|1,P29401|302|R|7,0.68,,
P0DP24|22|K|1,P11142|524|K|1,0.68,,
P0DP24|22|K|1,Q15185|7|K|1,0.66,,
P0DP24|22|K|1,Q9H0C2|104|K|1,0.68,,
P0DP24|22|K|1,P48047|162|K|1,0.71,,
P0DP24|22|K|1,Q05639|255|K|1,0.69,,
P0DP24|22|K|1,Q9P0K7|936|K|1,0.67,,
P10412|17|K|1,P40926|241|K|1,0.66,,
P10412|17|K|1,P62805|13|K|1,0.67,,
P10412|17|K|1,P11142|71|K|1,0.7,,
P10412|17|K|1,P24752|174|K|1,0.69,,
P10412|17|K|1,P16401|109|K|1,0.66,,
P62805|13|K|1,Q5TEC6|19|K|1,0.67,,
P62805|13|K|1,Q8N257|6|K|1,0.67,,
P62805|13|K|1,Q9UQE7|105|K|1,0.7,,
P62805|13|K|1,P62805|17|K|1,0.81,,
P16401|109|K|1,P23528|44|K|1,0.73,,
P16401|109|K|1,Q5TEC6|24|K|1,0.72,,
P16401|109|K|1,Q9GZZ1|34|K|1,0.68,,
P16401|109|K|1,P62805|17|K|1,0.71,,
P16401|109|K|1,Q9Y2W2|13|K|1,0.7,,
P48047|162|K|1,P62753|64|K|1,0.67,,
P48047|162|K|1,Q00839|565|K|1,0.68,,
P48047|162|K|1,Q15596|640|K|1,0.67,,
P48047|162|K|1,Q15185|7|K|1,0.67,,
Q05639|255|K|1,Q9H0E9|85|K|1,0.68,,
Q05639|255|K|1,Q9H0C2|104|K|1,0.72,,
Q05639|255|K|1,P08238|82|R|7,0.66,,
P09651|3|K|1,Q96AE4|44|K|1,0.68,,
P09651|3|K|1,P16401|17|K|1,0.67,,
P16401|17|K|1,P16402|17|K|1,0.69,,
P16401|17|K|1,Q92793|1762|K|1,0.67,,
P16401|17|K|1,Q96AE4|44|K|1,0.68,,
P16401|17|K|1,Q9BQ61|146|K|1,0.69,,
P09651|350|K|1,Q14498|232|K|1,0.69,,
P09651|350|K|1,Q15181|57|K|1,0.69,,
P09651|350|K|1,P10809|96|K|1,0.67,,
P09972|147|K|1,Q15233|198|K|1,0.66,,
P09972|147|K|1,P42568|254|K|1,0.7,,
P09972|111|K|1,P50990|400|K|1,0.67,,
P09972|111|K|1,P52565|141|K|1,0.67,,
P09972|111|K|1,P53999|68|K|1,0.67,,
P09972|111|K|1,P62241|128|K|1,0.74,,
P09972|111|K|1,P26639|636|K|1,0.66,,
P52565|141|K|1,Q96AE4|44|K|1,0.72,,
P53999|68|K|1,Q15185|7|K|1,0.72,,
P62241|128|K|1,P06576|241|R|7,0.7,,
P62241|128|K|1,Q9UJU6|131|K|1,0.7,,
P14625|142|K|1,Q9Y262|549|K|1,0.68,,
P14625|142|K|1,Q12931|424|K|1,0.67,,
P14625|142|K|1,P16402|64|K|1,0.67,,
P14625|142|K|1,P23528|19|K|1,0.66,,
P14625|142|K|1,P55201|896|K|1,0.67,,
P14625|142|K|1,P26447|35|K|1,0.69,,
P14625|142|K|1,P35579|1525|K|1,0.66,,
P16402|64|K|1,Q13951|177|K|1,0.75,,
P16402|64|K|1,Q9HAF1|74|K|1,0.7,,
P16402|64|K|1,P17844|40|K|1,0.7,,
P16402|64|K|1,P23528|19|K|1,0.73,,
P16402|64|K|1,P26447|35|K|1,0.66,,
P16402|64|K|1,P49207|36|K|1,0.66,,
P16402|64|K|1,P55201|896|K|1,0.71,,
P16402|17|K|1,Q92793|1741|K|1,0.67,,
P14618|188|K|1,P31948|364|K|1,0.67,,
P14618|135|K|1,Q5QNW6|6|K|1,0.66,,
P14618|135|K|1,Q8N257|12|K|1,0.66,,
P14618|135|K|1,Q92793|1762|K|1,0.66,,
P14618|135|K|1,P34897|464|K|1,0.73,,
P14618|135|K|1,P35579|1802|K|1,0.7,,
P14618|311|K|1,P35579|1525|K|1,0.67,,
P14618|311|K|1,P62906|91|K|1,0.68,,
P14618|311|K|1,Q14498|232|K|1,0.67,,
P14618|206|K|1,Q92793|1744|K|1,0.66,,
P14618|206|K|1,P62913|52|K|1,0.71,,
P16949|119|K|1,Q15149|2452|K|1,0.67,,
P12004|80|K|1,Q9HAF1|69|K|1,0.69,,
P12004|80|K|1,Q9HAF1|74|K|1,0.67,,
P12004|80|K|1,Q9NQC1|32|K|1,0.73,,
P12004|80|K|1,Q3SY69|681|K|1,0.69,,
P12004|80|K|1,P30566|295|K|1,0.69,,
P12004|80|K|1,P52272|698|K|1,0.7,,
P12235|23|K|1,P61353|93|K|1,0.7,,
P12235|23|K|1,P16401|17|K|1,0.67,,
P12235|23|K|1,P14618|206|K|1,0.69,,
P40926|239|K|1,Q96A08|122|K|1,0.69,,
Q02539|78|K|1,Q14980|2070|K|1,0.66,,
Q02539|78|K|1,Q14980|2071|K|1,0.66,,
Q02539|78|K|1,Q3SY69|681|K|1,0.67,,
Q02539|78|K|1,Q9NV56|200|K|1,0.67,,
Q02539|78|K|1,Q9UF56|211|K|1,0.69,,
P61956|33|K|1,Q14103|197|K|1,0.67,,
P61956|33|K|1,Q13111|467|K|1,0.72,,
P61956|33|K|1,Q09666|497|K|1,0.68,,
P61956|33|K|1,Q16630|79|K|1,0.67,,
Q09666|497|K|1,Q9UF56|211|K|1,0.66,,
Q09666|497|K|1,Q96EZ8|130|K|1,0.75,,
P11586|553|K|1,P17987|400|K|1,0.66,,
P11586|553|K|1,P22626|112|K|1,0.69,,
P14324|123|K|1,Q96EZ8|130|K|1,0.66,,
P14324|123|K|1,Q8N257|21|K|1,0.66,,
P14324|123|K|1,Q8N257|24|K|1,0.66,,
P12956|461|K|1,Q96JY6|282|K|1,0.66,,
P13639|337|K|1,P46060|524|K|1,0.75,,
P13639|272|K|1,P58876|6|K|1,0.7,,
P58876|6|K|1,Q9BQ61|146|K|1,0.7,,
P58876|6|K|1,Q8N257|6|K|1,0.66,,
P58876|6|K|1,P62241|128|K|1,0.67,,
P58876|6|K|1,Q9UNL4|129|K|1,0.67,,
P68133|63|K|1,Q96HW7|26|K|1,0.66,,
P68133|63|K|1,Q9UNL4|129|K|1,0.67,,
P68133|63|K|1,Q09472|14|K|1,0.68,,
P69905|8|K|1,P07148|121|K|34,0.69,,
P63279|65|K|1,P78371|248|K|1,0.68,,
Q13177|62|K|1,Q14103|197|K|1,0.75,,
Q13177|62|K|1,Q92945|266|K|1,0.68,,
P62805|9|K|1,Q5TEC6|19|K|1,0.68,,
P62805|9|K|1,Q5TEC6|24|K|1,0.69,,
P62805|9|K|1,Q9BR39|647|K|1,0.67,,
P62841|72|K|1,Q16181|208|K|1,0.67,,
P62841|72|K|1,Q5T8P6|709|K|1,0.66,,
P62979|27|K|1,Q09472|1546|K|1,0.72,,
P62979|27|K|1,P78371|248|K|1,0.66,,
Q13111|467|K|1,Q13177|62|K|1,0.67,,
Q13418|426|K|1,Q14151|225|K|1,0.7,,
Q13418|426|K|1,Q14204|4283|K|1,0.67,,
Q13418|426|K|1,Q92793|1797|K|1,0.66,,
Q13418|426|K|1,Q6UB35|189|K|1,0.72,,
Q14151|225|K|1,Q6UB35|189|K|1,0.69,,
Q14204|4283|K|1,Q99460|838|K|1,0.7,,
Q14204|4283|K|1,Q6UB35|189|K|1,0.68,,
Q09666|942|K|1,Q15233|371|K|1,0.71,,
Q09472|1707|K|1,P21333|891|K|34,0.66,,
Q09472|1707|K|1,Q15493|244|K|1,0.68,,
Q14315|35|K|1,Q8NE86|332|K|1,0.68,,
Q14315|35|K|1,Q9UJU6|131|K|1,0.7,,
Q09472|1558|K|1,Q99525|13|K|1,0.68,,
Q09472|1558|K|1,Q99525|9|K|1,0.68,,
Q09472|1558|K|1,Q9BR39|647|K|1,0.66,,
Q09472|1558|K|1,Q9BR39|651|K|1,0.67,,
Q09472|1560|K|1,Q14315|1994|K|1,0.68,,
Q09472|1560|K|1,Q9HAF1|69|K|1,0.67,,
Q09472|1560|K|1,Q9NV56|200|K|1,0.69,,
Q09472|1560|K|1,Q8N257|24|K|1,0.69,,
P48735|106|K|1,Q09472|1546|K|1,0.66,,
P48735|106|K|1,Q9BQ61|146|K|1,0.68,,
P43487|150|K|1,Q13177|62|K|1,0.7,,
P47756|199|K|1,P53999|68|K|1,0.67,,
P49756|135|K|1,Q13418|426|K|1,0.69,,
P49756|135|K|1,P62826|60|K|1,0.7,,
P49756|135|K|1,Q14151|225|K|1,0.74,,
P49327|1582|K|1,Q9H0E9|85|K|1,0.7,,
P49327|1582|K|1,Q9UQE7|105|K|1,0.71,,
P49327|1582|K|1,Q9UQE7|106|K|1,0.77,,
P49327|1582|K|1,Q9Y2W2|13|K|1,0.68,,
P49327|1582|K|1,P48735|48|K|64,0.66,,
P49327|1582|K|1,Q15596|780|K|1,0.69,,
P49327|1582|K|1,P52272|698|K|1,0.7,,
P49368|248|K|1,Q13951|177|K|1,0.75,,
P49368|248|K|1,P49756|135|K|1,0.67,,
P49327|1704|K|1,Q15181|57|K|1,0.66,,
P38646|610|K|1,Q09472|1560|K|1,0.77,,
P38646|600|K|1,Q9UJU6|131|K|1,0.68,,
P38646|600|K|1,Q9UNL4|127|K|1,0.66,,
P38646|600|K|1,Q14315|35|K|1,0.66,,
P38646|600|K|1,Q8NE86|332|K|1,0.74,,
P38646|600|K|1,Q16181|208|K|1,0.74,,
P38646|600|K|1,Q5JRX3|946|K|1,0.71,,
P62424|20|K|1,Q5T8P6|709|K|1,0.66,,
P36578|14|K|1,P36578|327|K|1,0.67,,
P36578|14|K|1,Q9HAF1|69|K|1,0.74,,
P36578|14|K|1,Q9NV56|200|K|1,0.67,,
P36578|14|K|1,Q13111|467|K|1,0.71,,
P36578|14|K|1,Q13177|62|K|1,0.66,,
P36578|14|K|1,Q14315|1994|K|1,0.76,,
P38646|567|K|1,Q92945|109|K|1,0.72,,
P38646|567|K|1,Q3SY69|681|K|1,0.66,,
P38646|567|K|1,Q09472|1546|K|535,0.67,,
P38646|567|K|1,P53396|538|K|1,0.68,,
P38646|567|K|1,P40926|324|K|1,0.68,,
P53396|538|K|1,Q92945|109|K|1,0.66,,
P53396|538|K|1,Q16836|185|K|1,0.66,,
P40926|301|K|1,Q96A08|48|K|1,0.66,,
P40926|301|K|1,Q15233|371|K|1,0.68,,
P40926|301|K|1,Q09666|942|K|1,0.69,,
P62424|150|K|1,Q96KR1|495|K|1,0.68,,
P62280|45|K|1,Q92793|1595|K|1,0.69,,
P53621|271|K|1,Q15287|218|K|1,0.66,,
P51826|538|K|1,P62424|20|K|1,0.68,,
P60660|26|K|1,Q15493|244|K|1,0.67,,
P60660|26|K|1,Q14151|225|K|1,0.7,,
P60866|4|K|1,P60866|8|K|1,0.74,,
Q07955|157|T|23,P35579|1322|R|7,0.68,,
Q07955|157|T|23,P0DMV8|561|K|37,0.66,,
Q07955|157|T|23,P61978|268|R|36,0.66,,
Q07955|157|T|23,Q16543|248|Y|23,0.67,,
Q08945|399|T|23,P35606|824|Y|23,0.68,,
P35606|824|Y|23,P08670|321|R|7,0.76,,
Q14157|322|T|23,O75533|614|R|7,0.69,,
Q14157|322|T|23,O43169|94|Y|23,0.71,,
Q14157|322|T|23,P36578|52|Y|23,0.72,,
Q14157|322|T|23,Q15287|244|R|7,0.66,,
O43169|94|Y|23,O75533|614|R|7,0.7,,
O43169|94|Y|23,P14136|390|R|7,0.66,,
O43169|94|Y|23,P60033|127|Y|23,0.72,,
O43169|94|Y|23,Q8WWM7|3|K|1,0.66,,
P36578|52|Y|23,P60033|127|Y|23,0.67,,
P36578|52|Y|23,Q08211|251|Y|23,0.71,,
P36578|52|Y|23,P61978|191|R|7,0.71,,
P36578|52|Y|23,O75533|614|R|7,0.67,,
Q07065|431|T|23,Q86V81|4|K|1,0.67,,
Q07065|431|T|23,Q15149|1412|Y|23,0.66,,
Q07065|431|T|23,Q01844|506|R|36,0.66,,
Q07065|431|T|23,P51610|504|R|34,0.68,,
Q07065|431|T|23,Q9BUL8|95|R|7,0.66,,
Q15149|1412|Y|23,P57737|51|R|7,0.73,,
Q15149|1412|Y|23,P43243|146|K|53,0.66,,
Q15149|1412|Y|23,Q15149|992|C|53,0.68,,
Q15149|1412|Y|23,P51991|286|R|34,0.66,,
P35579|1361|T|23,P62979|27|K|535,0.71,,
P35579|1361|T|23,Q07065|431|T|23,0.7,,
P35579|1361|T|23,P62899|25|Y|23,0.67,,
P35579|1361|T|23,Q13315|2973|R|7,0.66,,
P35579|1361|T|23,Q9NUK0|85|R|7,0.71,,
P62899|25|Y|23,Q00839|739|R|36,0.66,,
P42765|216|T|23,P08195|313|R|7,0.67,,
P42765|216|T|23,P35606|824|Y|23,0.68,,
P21333|2409|T|23,Q8WWM7|3|K|1,0.66,,
P60201|106|T|23,P05023|173|R|7,0.67,,
P60201|106|T|23,A6NHL2|327|R|7,0.7,,
P60201|106|T|23,P02686|177|R|7,0.69,,
P60201|106|T|23,P02686|183|R|7,0.73,,
P60201|106|T|23,P02686|199|R|7,0.7,,
P60201|106|T|23,P14136|376|R|7,0.76,,
P49327|1829|T|23,P15531|105|R|7,0.66,,
P49327|1829|T|23,Q9BVP2|91|K|53,0.69,,
P49327|1829|T|23,Q9NUU7|81|R|7,0.66,,
P49327|1829|T|23,P07737|129|Y|23,0.79,,
P07737|129|Y|23,Q9NUU7|81|R|7,0.67,,
P07737|129|Y|23,Q14195|227|R|7,0.68,,
P07737|129|Y|23,Q9BVP2|91|K|53,0.7,,
P07737|129|Y|23,Q13509|156|R|34,0.67,,
P07737|129|Y|23,P08865|205|R|7,0.68,,
P53597|69|T|23,P00558|66|R|7,0.73,,
P53597|69|T|23,P02686|159|R|7,0.66,,
P53597|69|T|23,P06576|241|R|7,0.66,,
Q14697|379|Y|23,P62241|178|R|7,0.66,,
Q08211|251|Y|23,P11021|49|R|7,0.68,,
E9PAV3|2005|K|1,Q9H0E9|85|K|1,0.66,,
E9PAV3|2005|K|1,Q05639|255|K|1,0.7,,
E9PAV3|2005|K|1,O95696|519|K|1,0.67,,
E9PAV3|2005|K|1,P04406|219|K|1,0.69,,
A6NHL2|408|K|1,Q00839|635|K|1,0.69,,
A6NHL2|408|K|1,P62826|60|K|1,0.66,,
A6NHL2|408|K|1,Q16658|41|K|1,0.7,,
A6NHL2|408|K|1,Q16630|79|K|1,0.71,,
A6NHL2|408|K|1,Q96A08|48|K|1,0.67,,
A6NHL2|408|K|1,Q15233|198|K|1,0.71,,
A6NHL2|408|K|1,P11142|71|K|1,0.66,,
A6NHL2|408|K|1,P08865|89|K|1,0.72,,
O95696|519|K|1,P09972|111|K|1,0.76,,
O95696|519|K|1,P07900|558|K|1,0.66,,
O95696|519|K|1,P23246|271|K|1,0.71,,
O95696|519|K|1,Q92793|1586|K|1,0.72,,
O95696|519|K|1,Q96AE4|44|K|1,0.66,,
O95696|519|K|1,Q15651|13|K|1,0.69,,
O95696|519|K|1,Q86V81|235|K|1,0.66,,
O95696|519|K|1,Q9UJU6|131|K|1,0.68,,
O95696|519|K|1,P62241|128|K|1,0.71,,
P04406|219|K|1,P68133|63|K|1,0.67,,
P04406|219|K|1,P27797|64|K|34,0.66,,
O00193|174|K|1,Q9NQC1|32|K|1,0.71,,
O00193|174|K|1,P22626|82|R|7,0.66,,
O00193|174|K|1,Q14847|42|K|1,0.78,,
O00193|174|K|1,P47756|199|K|1,0.68,,
O00193|174|K|1,P62805|92|K|1,0.74,,
O00193|174|K|1,P12004|80|K|1,0.66,,
P13796|28|Y|23,P35579|1226|R|7,0.66,,
P13796|28|Y|23,P78527|2485|R|7,0.67,,
P23246|251|Y|23,P35579|1322|R|7,0.66,,
P61158|256|Y|23,Q13315|2973|R|7,0.66,,
P61158|256|Y|23,P43243|146|K|53,0.67,,
P04179|99|S|23,P68133|86|K|53,0.67,,
P04179|99|S|23,P31942|323|R|34,0.67,,
P04179|99|S|23,Q5VTE0|165|K|34,0.69,,
P24539|142|S|23,O43707|839|T|23,0.67,,
P24539|142|S|23,P21333|2016|T|23,0.66,,
P24539|142|S|23,P53597|69|T|23,0.68,,
P24539|142|S|23,Q9BUJ2|151|T|23,0.66,,
P24539|142|S|23,P60033|127|Y|23,0.69,,
P24539|142|S|23,Q15365|95|R|7,0.69,,
P24539|142|S|23,P06576|241|R|7,0.66,,
O43670|288|S|23,P62979|11|K|535,0.76,,
O43670|288|S|23,O43670|289|T|23,0.82,,
O43670|288|S|23,P21333|2103|R|7,0.68,,
O43175|37|S|23,Q13813|538|H|53,0.69,,
O43175|37|S|23,Q96I24|123|R|7,0.67,,
O43175|37|S|23,Q99832|313|R|7,0.66,,
O43175|37|S|23,Q7Z4S6|1072|T|23,0.68,,
O43670|289|T|23,P21333|2103|R|7,0.68,,
O43707|839|T|23,Q15365|95|R|7,0.74,,
O43707|839|T|23,P35579|1322|R|7,0.72,,
O43707|839|T|23,P60033|127|Y|23,0.66,,
O43707|839|T|23,Q07955|157|T|23,0.69,,
P08865|43|S|23,P13796|28|Y|23,0.66,,
O00231|408|S|23,P40926|324|K|1,0.7,,
O00231|408|S|23,P25705|230|K|1,0.7,,
O00231|408|S|23,Q13177|62|K|1,0.68,,
O00231|408|S|23,Q92945|266|K|1,0.67,,
O15212|101|S|23,P08195|603|R|7,0.67,,
O15212|101|S|23,Q6IS14|3|D|299,0.67,,
O15212|101|S|23,P39019|84|R|7,0.66,,
Q9UNL2|11|S|23,P55072|599|R|7,0.66,,
Q9UNL2|11|S|23,Q08945|399|T|23,0.69,,
P18859|56|T|23,P38646|567|K|1,0.66,,
P18859|56|T|23,Q8WWM7|3|K|1,0.71,,
P18859|56|T|23,P21333|2484|R|7,0.66,,
P18859|56|T|23,O43169|94|Y|23,0.66,,
P18859|56|T|23,P36578|52|Y|23,0.69,,
P18859|56|T|23,P60033|127|Y|23,0.67,,
P18859|56|T|23,Q7Z4S6|1072|T|23,0.71,,
P18859|56|T|23,Q9NUU7|81|R|7,0.67,,
P20290|144|T|23,Q05639|55|K|34,0.68,,
P20290|144|T|23,P49327|1829|T|23,0.67,,
P20290|144|T|23,P53597|69|T|23,0.67,,
P11021|156|T|23,P14618|129|T|23,0.76,,
P11021|156|T|23,Q07955|157|T|23,0.67,,
P11021|156|T|23,P0DMV8|561|K|37,0.72,,
P11021|156|T|23,P11142|524|K|535,0.67,,
P08670|20|T|23,P22626|168|K|53,0.66,,
P51148|124|S|23,P22626|228|R|34,0.69,,
P51148|124|S|23,Q9BPX5|102|R|7,0.68,,
P51148|124|S|23,P43243|146|K|53,0.68,,
P35579|1195|S|23,Q15149|2859|S|23,0.67,,
P35579|1195|S|23,Q9UNL2|11|S|23,0.69,,
P35579|1195|S|23,Q15149|1412|Y|23,0.71,,
P35579|1195|S|23,P16070|694|R|7,0.67,,
P35579|1195|S|23,P55072|599|R|7,0.66,,
P35579|1195|S|23,P57737|51|R|7,0.68,,
Q15149|2859|S|23,Q08211|251|Y|23,0.67,,
Q15149|2859|S|23,Q15149|1412|Y|23,0.7,,
P62979|123|S|23,P23246|251|Y|23,0.68,,
P62979|123|S|23,O43707|839|T|23,0.68,,
P62979|123|S|23,P08238|526|K|53,0.67,,
P62979|123|S|23,P68133|86|K|53,0.67,,
P06748|154|K|1,P22087|121|K|1,0.66,,
P06748|248|K|1,P38117|248|K|1,0.7,,
P06748|248|K|1,P40926|239|K|1,0.67,,
P06733|406|K|1,P08238|438|K|1,0.72,,
P08238|438|K|1,P54577|146|K|1,0.68,,
P08238|438|K|1,P21333|700|K|1,0.66,,
P06733|335|K|1,P12956|461|K|1,0.71,,
P06733|335|K|1,P11142|126|K|1,0.72,,
P06733|335|K|1,P30101|94|K|1,0.66,,
P06733|335|K|1,P07108|55|K|1,0.66,,
P06733|80|K|1,P07237|69|K|34,0.66,,
P06733|80|K|1,P25705|427|K|1,0.68,,
P06733|80|K|1,P07237|65|K|1,0.69,,
P07237|65|K|1,P62424|20|K|1,0.66,,
P07237|65|K|1,Q09666|497|K|1,0.67,,
P07237|65|K|1,P07237|69|K|34,0.82,,
P06753|153|K|1,P35914|48|K|1,0.66,,
P06753|150|K|1,Q15233|371|K|1,0.7,,
P06753|150|K|1,Q15459|486|K|1,0.66,,
P07237|436|K|1,P14618|206|K|1,0.66,,
P07237|436|K|1,P10809|96|K|1,0.69,,
P07237|436|K|1,P25705|434|K|1,0.66,,
P07237|436|K|1,P62913|52|K|1,0.67,,
P06748|267|K|1,P49327|1582|K|1,0.68,,
P06748|267|K|1,P35637|332|K|1,0.72,,
P06748|267|K|1,Q02539|88|K|1,0.66,,
P06748|267|K|1,P62805|17|K|1,0.74,,
P06748|267|K|1,P16401|109|K|1,0.7,,
P06748|267|K|1,Q9Y2W2|13|K|1,0.72,,
P06748|267|K|1,Q5HYC2|745|K|1,0.72,,
P06748|267|K|1,Q9H0E9|85|K|1,0.73,,
P06748|267|K|1,Q9UQE7|105|K|1,0.69,,
P06748|267|K|1,Q9UQE7|106|K|1,0.73,,
P06748|267|K|1,P68366|105|R|7,0.66,,
P06748|257|K|1,Q01196|43|K|1,0.69,,
P06748|257|K|1,P62851|52|K|1,0.72,,
P06748|32|K|1,P17987|400|K|1,0.68,,
P06748|32|K|1,P09651|166|K|1,0.66,,
P05091|368|K|1,Q9BQ61|146|K|1,0.67,,
P05091|368|K|1,P48735|48|K|64,0.67,,
P05091|368|K|1,P48735|106|K|1,0.67,,
P05091|368|K|1,P62269|94|K|1,0.66,,
P05091|368|K|1,P11142|601|K|1,0.69,,
P05387|21|K|1,P08133|442|K|1,0.69,,
P05387|21|K|1,P23368|156|K|1,0.69,,
P05387|21|K|1,P31947|122|K|1,0.69,,
P08133|442|K|1,Q562R1|192|K|1,0.72,,
P08133|442|K|1,P31947|122|K|1,0.68,,
P05141|23|K|1,P12236|23|K|1,0.77,,
P05141|23|K|1,Q9H0C2|104|K|1,0.68,,
P05141|23|K|1,Q92945|87|K|1,0.72,,
P04406|66|K|1,P04406|84|K|1,0.67,,
P04406|66|K|1,P10809|96|K|1,0.69,,
P04406|66|K|1,Q96AE4|44|K|1,0.67,,
P04406|66|K|1,P31943|167|K|1,0.69,,
P04406|84|K|1,P23368|156|K|1,0.67,,
P04406|84|K|1,P06576|133|K|1,0.68,,
P04406|84|K|1,P08133|442|K|1,0.68,,
P04406|84|K|1,P07108|55|K|1,0.67,,
P04406|84|K|1,P12956|461|K|1,0.73,,
P04406|84|K|1,P14618|206|K|1,0.69,,
P04406|84|K|1,P21796|224|K|1,0.69,,
P04406|84|K|1,P11021|96|K|1,0.76,,
P04406|84|K|1,P20908|1433|K|34,0.66,,
P04406|84|K|1,Q92793|1741|K|1,0.69,,
P04406|84|K|1,Q562R1|192|K|1,0.71,,
P06576|133|K|1,P11142|187|K|1,0.69,,
P06576|133|K|1,P17987|400|K|1,0.67,,
P06576|133|K|1,P07355|152|K|1,0.66,,
P06576|133|K|1,Q15287|218|K|1,0.67,,
P06576|133|K|1,Q06830|27|K|1,0.67,,
P06576|133|K|1,P62913|52|K|1,0.66,,
P06733|126|K|1,P07355|302|K|1,0.67,,
P06733|126|K|1,P07900|112|K|1,0.67,,
P06733|126|K|1,P25705|427|K|1,0.67,,
P06733|126|K|1,Q16695|80|K|1,0.67,,
P06733|126|K|1,Q13825|204|K|1,0.67,,
P07355|302|K|1,Q9H0E9|481|K|1,0.7,,
P07900|112|K|1,P09493|48|K|1,0.71,,
P07900|112|K|1,P11021|96|K|1,0.67,,
P07900|112|K|1,P11142|126|K|1,0.7,,
P06703|47|K|1,P24534|176|K|1,0.67,,
P06454|15|K|1,Q92793|1762|K|1,0.71,,
P06454|15|K|1,P25705|539|K|1,0.66,,
P06454|15|K|1,P16401|17|K|1,0.66,,
P06454|15|K|1,P04075|246|H|53,0.67,,
P06703|40|K|1,P07237|65|K|1,0.68,,
P06703|40|K|1,P21333|569|K|1,0.71,,
P07355|152|K|1,P48735|48|K|64,0.7,,
P07355|152|K|1,P58876|6|K|1,0.66,,
P07355|152|K|1,P26639|660|K|1,0.67,,
P07355|152|K|1,P07814|300|K|1,0.69,,
P07355|152|K|1,Q9HB71|178|K|1,0.66,,
P07355|152|K|1,P62269|94|K|1,0.67,,
P07355|152|K|1,P62280|58|K|1,0.66,,
P07355|152|K|1,Q8N257|6|K|1,0.66,,
P07355|152|K|1,Q8NE86|332|K|1,0.66,,
P07355|152|K|1,Q16181|208|K|1,0.7,,
P08559|321|K|1,P35579|74|K|1,0.71,,
P08559|321|K|1,P42568|254|K|1,0.72,,
P08559|321|K|1,P16949|119|K|1,0.71,,
P08559|321|K|1,P12270|748|K|1,0.7,,
P08559|321|K|1,Q9H0E9|481|K|1,0.66,,
P08559|321|K|1,P62861|51|K|1,0.67,,
P08238|623|K|1,P10412|17|K|1,0.68,,
P08670|104|K|1,Q14980|2070|K|1,0.74,,
P08670|104|K|1,Q14980|2071|K|1,0.69,,
P08670|104|K|1,Q92793|1583|K|1,0.67,,
P08670|104|K|1,Q04917|77|K|1,0.7,,
P08133|299|K|1,P42766|43|K|1,0.7,,
P08670|294|K|1,P49368|248|K|1,0.66,,
P08670|294|K|1,P55201|896|K|1,0.69,,
P08670|294|K|1,P36578|14|K|1,0.66,,
P08670|294|K|1,P40939|406|K|1,0.68,,
P08670|294|K|1,P42568|254|K|1,0.71,,
P08670|294|K|1,P62805|92|K|1,0.66,,
P08670|294|K|1,P62805|9|K|1,0.69,,
P08670|294|K|1,P23528|44|K|1,0.67,,
P08670|294|K|1,Q9HAF1|74|K|1,0.71,,
P08670|294|K|1,Q9HAF1|69|K|1,0.69,,
P08670|294|K|1,Q5TEC6|19|K|1,0.67,,
P08670|294|K|1,Q13111|467|K|1,0.66,,
P08670|294|K|1,Q14204|4283|K|1,0.7,,
P08670|373|K|1,Q92793|1744|K|1,0.67,,
P08670|373|K|1,Q92793|1762|K|1,0.7,,
P08670|373|K|1,Q96EZ8|130|K|1,0.66,,
P08670|373|K|1,P33991|858|K|1,0.68,,
P08670|373|K|1,P53999|68|K|1,0.66,,
P08670|188|K|1,P21333|569|K|1,0.72,,
P08670|188|K|1,Q05639|44|K|1,0.71,,
P08670|168|K|1,P58876|6|K|1,0.69,,
P08670|168|K|1,Q12888|1626|K|1,0.69,,
P08670|168|K|1,Q8NE86|332|K|1,0.68,,
P08670|235|K|1,P12235|23|K|1,0.67,,
P08670|235|K|1,P20962|4|K|1,0.66,,
P08670|235|K|1,P61353|93|K|1,0.68,,
P07355|115|K|1,P07355|152|K|1,0.67,,
P07355|115|K|1,P09493|48|K|1,0.67,,
P07355|115|K|1,Q01196|43|K|1,0.66,,
P07900|407|K|1,Q15233|198|K|1,0.7,,
P07900|407|K|1,P33778|6|K|1,0.68,,
P07900|407|K|1,P42568|254|K|1,0.7,,
P07900|407|K|1,P08559|321|K|1,0.72,,
P07900|407|K|1,P08670|439|K|1,0.73,,
P07900|558|K|1,P23246|271|K|1,0.73,,
P07900|558|K|1,P11142|601|K|1,0.74,,
P07900|558|K|1,P48735|48|K|64,0.73,,
P07900|558|K|1,Q15651|13|K|1,0.72,,
P07900|558|K|1,Q14980|2070|K|1,0.66,,
P07900|631|K|1,P08238|623|K|1,0.7,,
P07900|631|K|1,Q9NSE4|74|K|1,0.7,,
P07900|362|K|1,P49207|36|K|1,0.73,,
P07900|362|K|1,P35637|332|K|1,0.67,,
P07900|362|K|1,P62861|51|K|1,0.68,,
P07900|362|K|1,P10412|17|K|1,0.75,,
P07900|362|K|1,P23528|44|K|1,0.68,,
P07900|362|K|1,P24534|185|K|1,0.66,,
P07900|362|K|1,P13639|498|K|1,0.66,,
P07900|362|K|1,Q02539|88|K|1,0.67,,
P07900|362|K|1,Q9GZZ1|34|K|1,0.7,,
P07900|292|K|1,P53621|271|K|1,0.67,,
O75530|19|K|1,P40926|241|K|34,0.69,,
O75530|19|K|1,P58876|6|K|1,0.68,,
O75530|19|K|1,P02545|32|K|1,0.66,,
O75822|210|K|1,P11413|497|K|1,0.73,,
O75822|210|K|1,P31948|364|K|1,0.66,,
O75822|210|K|1,P02545|155|K|1,0.66,,
O75822|210|K|1,P38646|567|K|1,0.69,,
O75822|210|K|1,Q6UB35|189|K|1,0.66,,
O75822|210|K|1,Q14151|225|K|1,0.66,,
O75822|210|K|1,Q13418|426|K|1,0.71,,
P02545|155|K|1,Q14980|2070|K|1,0.7,,
P02545|155|K|1,Q14980|2071|K|1,0.71,,
P02545|155|K|1,P11413|497|K|1,0.66,,
P02545|155|K|1,P33778|12|K|1,0.68,,
P02545|155|K|1,Q16658|41|K|1,0.67,,
P02545|32|K|1,Q9BQ61|146|K|1,0.67,,
P02545|32|K|1,Q92793|1762|K|1,0.67,,
P02545|32|K|1,Q16181|208|K|1,0.66,,
P02545|32|K|1,P16401|17|K|1,0.66,,
P02545|32|K|1,P07814|300|K|1,0.69,,
P02545|32|K|1,P07355|152|K|1,0.67,,
O75940|219|K|1,P62979|27|K|1,0.68,,
O75940|219|K|1,P30101|94|K|1,0.77,,
O75940|219|K|1,Q9NR45|290|K|1,0.7,,
O75368|17|K|1,P00387|42|K|1,0.74,,
O75368|17|K|1,P21333|569|K|1,0.7,,
O75368|17|K|1,P62280|45|K|1,0.68,,
P00387|42|K|1,Q15493|244|K|1,0.68,,
P00387|42|K|1,Q14151|225|K|1,0.73,,
P00387|42|K|1,Q8N257|13|K|1,0.67,,
P00387|42|K|1,P49368|248|K|1,0.66,,
O75150|20|K|1,Q9UBE0|195|K|1,0.67,,
O75150|20|K|1,P63279|65|K|1,0.68,,
O75150|20|K|1,Q92793|1586|K|1,0.7,,
O75390|393|K|1,P42568|254|K|1,0.72,,
O75390|393|K|1,P60981|44|K|1,0.74,,
O75390|393|K|1,P62280|45|K|1,0.68,,
O75390|393|K|1,P08559|321|K|1,0.7,,
O75390|393|K|1,P16949|119|K|1,0.72,,
O75390|393|K|1,Q16658|41|K|1,0.68,,
O95619|131|K|1,Q9H0C2|104|K|1,0.69,,
O95619|131|K|1,Q92945|266|K|1,0.67,,
O95619|131|K|1,Q9NV56|200|K|1,0.7,,
O95619|131|K|1,P62805|9|K|1,0.67,,
O95619|131|K|1,P31947|122|K|1,0.66,,
O95696|516|K|1,Q15651|13|K|1,0.79,,
O95696|516|K|1,Q15459|486|K|1,0.7,,
O95696|516|K|1,Q9UJU6|131|K|1,0.67,,
O95696|516|K|1,Q92793|1586|K|1,0.66,,
O95696|516|K|1,P52272|698|K|1,0.66,,
O95696|516|K|1,P62241|128|K|1,0.7,,
O95696|516|K|1,O95696|519|K|1,0.83,,
O95696|516|K|1,P07900|558|K|1,0.74,,
O95696|516|K|1,P09972|111|K|1,0.72,,
O95347|1158|K|1,Q9UF56|211|K|1,0.69,,
O95347|1158|K|1,Q02539|78|K|1,0.71,,
O95347|1158|K|1,Q3SY69|681|K|1,0.71,,
O95347|1158|K|1,P11413|497|K|1,0.66,,
O95347|1158|K|1,P40939|406|K|1,0.66,,
O95347|320|K|1,P13639|272|K|1,0.8,,
O95347|320|K|1,P40939|406|K|1,0.67,,
O95347|320|K|1,P49368|248|K|1,0.68,,
O95347|320|K|1,P08670|168|K|1,0.66,,
O95347|320|K|1,Q8IY81|233|K|1,0.66,,
O14979|180|K|1,P38117|248|K|1,0.66,,
O14979|180|K|1,P06733|92|K|1,0.66,,
O14979|180|K|1,Q86V81|235|K|1,0.69,,
O14979|180|K|1,Q9HB71|178|K|1,0.68,,
O43143|17|K|1,P26639|636|K|1,0.66,,
O43143|17|K|1,P52565|141|K|1,0.74,,
O43143|17|K|1,P09493|48|K|1,0.74,,
O43143|17|K|1,Q9UJU6|131|K|1,0.72,,
O43143|17|K|1,P14136|390|R|7,0.66,,
O15042|88|K|1,P23528|44|K|1,0.66,,
O15042|88|K|1,P62826|60|K|1,0.67,,
O00512|94|K|1,P46783|138|K|1,0.68,,
O00512|94|K|1,P62241|128|K|1,0.67,,
O00512|94|K|1,P62280|58|K|1,0.66,,
O00512|94|K|1,O43143|17|K|1,0.73,,
O00512|94|K|1,Q5QNW6|24|K|1,0.69,,
O00512|94|K|1,Q9UJU6|131|K|1,0.74,,
O00512|86|K|1,P33992|396|K|1,0.67,,
O00512|86|K|1,P51826|538|K|1,0.74,,
O00512|86|K|1,P00387|42|K|1,0.72,,
O00512|86|K|1,P63279|65|K|1,0.66,,
O00512|86|K|1,P78371|248|K|1,0.68,,
O14686|3079|K|1,P08670|168|K|1,0.71,,
O14686|3079|K|1,O95347|320|K|1,0.7,,
O14686|3079|K|1,O95696|516|K|1,0.66,,
O14686|3079|K|1,O95696|519|K|1,0.67,,
O14686|3079|K|1,Q92793|1586|K|1,0.66,,
O14686|3079|K|1,Q9UBE0|195|K|1,0.67,,
O43809|23|K|1,P07900|362|K|1,0.7,,
O43809|23|K|1,P07900|407|K|1,0.67,,
O43809|23|K|1,P04406|194|K|1,0.71,,
O43809|23|K|1,P12004|80|K|1,0.69,,
O43809|23|K|1,P10412|17|K|1,0.73,,
O43809|23|K|1,P35637|332|K|1,0.67,,
O43809|23|K|1,P23528|44|K|1,0.67,,
O43809|23|K|1,P24752|174|K|1,0.67,,
O43809|23|K|1,P62805|13|K|1,0.66,,
O43809|23|K|1,P62805|17|K|1,0.66,,
O43809|23|K|1,P49327|1582|K|1,0.71,,
O43809|23|K|1,P52272|698|K|1,0.67,,
O43809|23|K|1,Q9GZZ1|34|K|1,0.66,,
O43809|23|K|1,Q9GZZ1|37|K|1,0.69,,
O43809|23|K|1,Q9H0C2|104|K|1,0.68,,
P04406|194|K|1,P62861|51|K|1,0.68,,
P04406|194|K|1,P62805|13|K|1,0.77,,
P04406|194|K|1,P62805|17|K|1,0.7,,
P04406|194|K|1,P10412|17|K|1,0.67,,
P04406|194|K|1,P06748|267|K|1,0.72,,
P04406|194|K|1,Q9UQE7|105|K|1,0.68,,
P04406|194|K|1,Q15596|780|K|1,0.66,,
P04406|194|K|1,Q5HYC2|745|K|1,0.7,,
P04406|194|K|1,Q5TEC6|19|K|1,0.69,,
P04406|194|K|1,Q8N257|6|K|1,0.68,,
O43707|417|K|1,Q00839|635|K|1,0.69,,
O43707|417|K|1,P22626|173|K|1,0.71,,
O43707|417|K|1,P52272|716|K|1,0.74,,
O43707|417|K|1,P07900|631|K|1,0.72,,
O43707|417|K|1,P11142|71|K|1,0.67,,
O60264|440|K|1,P06733|126|K|1,0.67,,
O60264|440|K|1,P07900|112|K|1,0.7,,
O43707|323|K|1,P08670|188|K|1,0.7,,
O43707|323|K|1,P21333|569|K|1,0.68,,
P04083|312|K|1,P52272|698|K|1,0.69,,
P04083|312|K|1,P09622|420|K|1,0.72,,
P04083|312|K|1,Q96A08|122|K|1,0.71,,
P04083|312|K|1,Q9GZZ1|34|K|1,0.66,,
P04083|312|K|1,Q5TEC6|19|K|1,0.68,,
P04083|312|K|1,P62280|45|K|1,0.66,,
P04179|68|K|1,P06733|335|K|1,0.69,,
P04179|68|K|1,P10809|96|K|1,0.67,,
P04179|68|K|1,P12956|461|K|1,0.68,,
P02545|270|K|1,Q9BQ61|146|K|1,0.68,,
P02545|270|K|1,P07237|436|K|1,0.68,,
P02545|270|K|1,Q16576|4|K|1,0.69,,
P02545|270|K|1,P14618|206|K|1,0.66,,
P02545|270|K|1,P10809|96|K|1,0.68,,
P04406|251|K|1,P08238|438|K|1,0.72,,
P04406|251|K|1,P60953|153|K|1,0.66,,
P04406|251|K|1,P11142|71|K|1,0.68,,
P04406|251|K|1,P10412|17|K|1,0.74,,
P04406|227|K|1,Q9Y262|465|K|1,0.67,,
P04406|227|K|1,Q9H0C2|104|K|1,0.73,,
P04406|227|K|1,P62906|91|K|1,0.71,,
P04406|227|K|1,P23368|156|K|1,0.66,,
P04406|227|K|1,P53396|538|K|1,0.66,,
P04406|227|K|1,P62256|64|K|1,0.69,,
P04406|254|K|1,P35637|332|K|1,0.69,,
P04406|254|K|1,Q9Y262|465|K|1,0.68,,
P04406|215|K|1,P27797|64|K|1,0.66,,
P00505|122|K|1,P07355|115|K|1,0.67,,
O95696|903|K|1,P30566|295|K|1,0.68,,
O95696|903|K|1,P26447|35|K|1,0.76,,
O95696|903|K|1,P62256|64|K|1,0.71,,
O95696|903|K|1,P49207|36|K|1,0.66,,
O95696|903|K|1,P04083|312|K|1,0.72,,
O95696|903|K|1,Q9GZZ1|34|K|1,0.69,,
O95696|903|K|1,Q13951|177|K|1,0.69,,
O95696|903|K|1,P82979|119|K|1,0.68,,
O95696|903|K|1,Q6IN85|655|K|1,0.75,,
P00558|361|K|1,Q13177|62|K|1,0.74,,
P00558|361|K|1,Q96KR1|509|K|1,0.74,,
P00558|361|K|1,Q99525|9|K|1,0.66,,
P00558|361|K|1,Q9GZZ1|37|K|1,0.67,,
P00558|361|K|1,Q9BR39|651|K|1,0.69,,
P00558|30|K|1,P16401|78|K|1,0.67,,
P00558|30|K|1,P20700|483|K|1,0.69,,
P00558|30|K|1,Q92793|1762|K|1,0.66,,
P01857|173|K|1,O76021|276|K|34,0.66,,
P01106|148|K|1,P07900|362|K|1,0.68,,
P01106|148|K|1,P62805|92|K|1,0.66,,
P01106|148|K|1,Q16630|79|K|1,0.69,,
P01106|148|K|1,Q3SY69|681|K|1,0.67,,
P00558|220|K|1,P25705|230|K|1,0.69,,
P00558|220|K|1,P16401|78|K|1,0.66,,
P00558|220|K|1,P50990|400|K|1,0.66,,
P00558|220|K|1,P36578|14|K|1,0.66,,
P00558|220|K|1,P40926|324|K|1,0.67,,
P00558|220|K|1,P00558|30|K|1,0.7,,
P00558|220|K|1,Q15185|35|K|1,0.68,,
P00505|363|K|1,P36578|14|K|1,0.68,,
P00505|363|K|1,P42568|254|K|1,0.7,,
P00505|363|K|1,Q14315|1994|K|1,0.67,,
P00558|291|K|1,P09651|166|K|1,0.66,,
P00558|291|K|1,P11142|126|K|1,0.66,,
P00558|291|K|1,P40926|324|K|1,0.67,,
P00558|291|K|1,P26639|636|K|1,0.71,,
P00558|291|K|1,P26639|660|K|1,0.68,,
Q7Z434|253|S|21,Q7Z434|258|S|21,0.84,,
Q7Z460|598|S|21,Q9C0B5|398|S|21,0.66,,
Q7Z422|37|S|21,Q9NRL2|1413|S|21,0.66,,
Q7Z422|107|S|21,P33992|396|K|1,0.67,,
Q7Z422|107|S|21,P07355|24|Y|21,0.69,,
Q7Z422|39|S|21,Q9NQW6|182|S|21,0.67,,
Q7Z422|39|S|21,Q9Y520|878|S|21,0.67,,
Q7Z422|51|S|21,Q9BQG0|1259|S|21,0.67,,
Q7Z4S6|854|S|21,Q7Z4S6|855|S|21,0.68,,
Q7Z4V5|232|S|21,Q7Z4V5|234|S|21,0.66,,
Q7Z4V5|232|S|21,Q8WXF7|23|S|21,0.66,,
Q7Z4V5|234|S|21,P35232|186|K|34,0.66,,
Q7Z4V5|230|S|21,Q7Z4V5|234|S|21,0.75,,
Q7Z460|600|S|21,P49841|216|Y|21,0.69,,
Q7Z460|600|S|21,Q96JC9|165|S|21,0.66,,
Q7Z3C6|735|S|21,Q7Z3C6|741|S|21,0.66,,
Q7Z3B3|827|S|21,Q9ULJ3|343|S|21,0.67,,
Q7Z3B3|830|S|21,Q9ULJ3|343|S|21,0.66,,
Q7Z2Z1|838|S|21,Q8IWI9|1414|S|21,0.68,,
Q7Z333|1017|S|21,Q7Z333|1019|S|21,0.68,,
Q7Z417|230|S|21,Q86WB0|387|T|21,0.66,,
Q7Z417|374|S|21,Q9H1E3|12|D|299,0.67,,
Q7Z417|572|S|21,P82970|31|T|21,0.72,,
Q96J02|240|S|21,Q9Y6W5|308|S|21,0.73,,
Q96J02|240|S|21,Q9NQW6|54|S|21,0.7,,
Q86SQ0|384|S|21,Q96D71|475|S|21,0.66,,
Q86SQ0|384|S|21,Q96J02|240|S|21,0.66,,
Q7Z7F0|571|S|21,Q86SQ0|415|S|21,0.66,,
Q86TB9|179|S|21,Q86WB0|395|S|21,0.72,,
Q86SQ0|418|S|21,Q9BTA9|96|S|21,0.66,,
Q7Z5J4|921|S|21,Q96I24|539|S|21,0.69,,
Q7Z5K2|77|S|21,Q9H6F5|47|S|21,0.68,,
Q7Z5L9|175|S|21,Q9Y6G9|207|S|21,0.67,,
Q7Z5L9|175|S|21,Q9UBF8|428|S|21,0.66,,
Q7Z4V5|454|S|21,Q9BSJ8|820|S|21,0.68,,
Q7Z4V5|608|S|21,Q99536|18|S|21,0.67,,
Q7Z6E9|1179|S|21,P06744|109|T|21,0.69,,
Q7Z6Z7|2362|S|21,Q96BY6|1292|S|21,0.67,,
Q7Z6Z7|2362|S|21,Q7Z6Z7|2365|S|21,0.8,,
Q7Z5Q1|89|S|21,Q9NRL3|53|S|21,0.72,,
Q7Z5Q1|92|S|21,Q9NQS7|899|S|21,0.66,,
Q6ZRV2|523|S|21,P49023|118|Y|21,0.67,,
Q6ZRV2|523|S|21,Q8TDB6|532|S|21,0.66,,
Q6ZRV2|523|S|21,Q9UBW7|838|S|21,0.69,,
Q6ZRV2|523|S|21,Q9P206|669|S|21,0.7,,
Q6ZRV2|523|S|21,Q9P206|673|S|21,0.74,,
Q6ZRV2|523|S|21,Q9C0C2|893|S|21,0.66,,
Q8TDB6|532|S|21,Q8WWI1|1425|T|21,0.7,,
Q8TDB6|532|S|21,P49023|118|Y|21,0.68,,
Q8TDB6|532|S|21,Q9UN86|227|T|21,0.66,,
Q8TDB6|532|S|21,Q8WWI1|1510|S|21,0.76,,
Q8TDB6|532|S|21,Q8WWI1|1593|S|21,0.66,,
Q6ZRV2|924|S|21,Q6ZRV2|925|S|21,0.83,,
Q6ZNB6|106|S|21,Q92508|1395|S|21,0.67,,
Q6ZNB6|107|S|21,Q9P2Y5|571|S|21,0.71,,
Q6ZNB6|107|S|21,Q96AY2|84|S|21,0.67,,
Q6ZNB6|107|S|21,Q8IZ21|270|S|21,0.69,,
Q70CQ2|3384|S|21,Q70CQ2|3386|S|21,0.72,,
Q70CQ2|3384|S|21,Q9UK58|372|S|21,0.73,,
Q70CQ2|3384|S|21,Q9NYV4|333|S|21,0.69,,
Q70CQ2|3384|S|21,Q70CQ2|3381|T|21,0.78,,
Q70CQ2|3386|S|21,Q9Y3X0|390|S|21,0.68,,
Q70CQ2|3386|S|21,Q70CQ2|3381|T|21,0.74,,
Q70E73|17|S|21,Q70E73|5|S|21,0.95,,
Q6WKZ4|190|S|21,Q9Y2W1|190|S|21,0.66,,
Q6WCQ1|289|S|21,Q6WCQ1|292|S|21,0.86,,
Q8TEW0|695|S|21,Q9NVF7|344|S|21,0.66,,
Q6Y7W6|26|S|21,Q9Y618|2054|S|21,0.67,,
Q6ZN18|18|S|21,Q6ZN18|24|S|21,0.81,,
Q6ZN18|18|S|21,Q9NYV4|681|S|21,0.7,,
Q8TAP6|82|S|21,Q9P1Y6|936|S|21,0.67,,
Q96GX5|370|S|21,Q9NPI6|353|S|21,0.67,,
Q6WKZ4|356|S|21,Q07065|431|T|23,0.67,,
Q6Y7W6|20|S|21,Q96RE7|145|S|21,0.66,,
Q7L4I2|17|S|21,Q9UQ35|1731|S|21,0.66,,
Q7L4I2|17|S|21,Q9UQ35|1501|S|21,0.72,,
Q7L2J0|57|S|21,Q9NPR2|791|S|21,0.67,,
Q7L4I2|222|S|21,Q9UBI9|268|S|21,0.68,,
Q7L4I2|222|S|21,Q7L4I2|220|T|21,0.81,,
Q7L2J0|254|S|21,Q9UBB9|210|S|21,0.68,,
Q7Z2W4|257|S|21,Q9UH62|61|S|21,0.66,,
Q7Z2W4|335|S|21,Q9H5Y7|652|S|21,0.68,,
Q9BST9|520|S|21,Q9UHB6|132|S|21,0.69,,
Q9BST9|520|S|21,O00192|642|T|21,0.67,,
Q9BST9|520|S|21,Q9Y6D6|1569|S|21,0.69,,
Q7Z2W4|386|S|21,Q13177|143|T|21,0.72,,
Q7Z2W4|386|S|21,Q7Z2W4|387|S|21,0.8,,
Q96D09|512|S|21,Q9H8Y8|415|T|21,0.67,,
Q96D09|512|S|21,Q9H0C8|13|S|21,0.67,,
Q7L7X3|965|S|21,Q8N7R7|124|S|21,0.67,,
Q7L7X3|965|S|21,Q96EV2|973|S|21,0.68,,
Q96EV2|973|S|21,Q9H0B6|589|S|21,0.7,,
Q765P7|264|S|21,Q9BYW2|614|S|21,0.68,,
Q765P7|257|S|21,Q765P7|264|S|21,0.79,,
Q765P7|257|S|21,Q86V48|570|S|21,0.67,,
Q765P7|257|S|21,Q86U86|14|S|21,0.66,,
Q765P7|257|S|21,Q8N392|66|S|21,0.66,,
Q765P7|257|S|21,Q9UL46|10|S|21,0.69,,
Q86V48|570|S|21,Q9NZJ0|425|S|21,0.68,,
Q86V48|570|S|21,Q9BYW2|905|S|21,0.69,,
Q86V48|570|S|21,Q8TDY2|624|S|21,0.69,,
Q71RC2|722|S|21,Q16181|426|T|21,0.69,,
Q71F23|108|S|21,Q8TEK3|899|S|21,0.68,,
Q719H9|12|S|21,Q719H9|9|S|21,0.66,,
Q719H9|12|S|21,Q9UPQ0|204|S|21,0.72,,
Q7KZ85|73|S|21,Q8NE00|91|S|21,0.7,,
Q7KZF4|426|S|21,Q8NBN3|540|S|21,0.68,,
Q76FK4|304|S|21,Q76FK4|302|T|21,0.67,,
Q76FK4|304|S|21,Q96T23|1223|S|21,0.66,,
Q76L83|139|S|21,Q76L83|146|S|21,0.68,,
Q76L83|146|S|21,Q8WYP5|1160|S|21,0.7,,
Q96T23|1223|S|21,Q9UGU0|574|S|21,0.66,,
Q96T23|1223|S|21,Q96T23|1226|S|21,0.72,,
Q8WYP5|1160|S|21,Q96KB5|32|S|21,0.67,,
Q76FK4|298|S|21,Q76FK4|304|S|21,0.74,,
Q76FK4|298|S|21,Q76FK4|302|T|21,0.68,,
Q76L83|834|S|21,Q76L83|845|S|21,0.92,,
Q96JY6|124|S|21,P16401|11|T|21,0.74,,
Q8IVT2|395|S|21,Q9Y618|2223|S|21,0.66,,
Q8IVT2|395|S|21,Q96PU5|448|S|21,0.7,,
Q8IVT2|394|S|21,Q14980|2000|T|21,0.67,,
Q8IVT2|394|S|21,Q8IVT2|395|S|21,0.76,,
Q8IWS0|154|S|21,Q8IWS0|155|S|21,0.79,,
Q8IWS0|154|S|21,Q9NYF8|385|S|21,0.67,,
Q8IWI9|1422|S|21,Q9Y2G1|720|S|21,0.67,,
Q8IWI9|1422|S|21,Q9UMZ2|756|S|21,0.72,,
Q8IWW6|103|S|21,Q9Y2H2|942|S|21,0.69,,
Q8IWW6|103|S|21,Q9UPQ0|973|S|21,0.66,,
Q8IWT6|199|S|21,Q8N4C8|782|S|21,0.68,,
Q8IWB9|265|S|21,Q8IWB9|269|T|21,0.69,,
Q86YV5|800|S|21,Q9UGP4|323|S|21,0.69,,
Q86YV5|800|S|21,Q9UGP4|327|S|21,0.8,,
Q86YS7|260|S|21,Q9UPT8|1110|S|21,0.66,,
Q8IVF2|294|S|21,Q9NQW6|562|S|21,0.66,,
Q8IVF2|294|S|21,Q9UDY2|966|S|21,0.66,,
Q8IV63|59|S|21,Q9UNN5|320|S|21,0.68,,
Q8IV63|59|S|21,Q9HAW4|1156|S|21,0.66,,
Q8IV63|59|S|21,Q8NDX1|143|S|21,0.68,,
Q8IV63|59|S|21,Q96P11|327|S|21,0.71,,
Q8IV63|59|S|21,Q9H1A4|686|S|21,0.66,,
Q8NDX1|143|S|21,Q96P11|327|S|21,0.69,,
Q8NDX1|143|S|21,P06239|192|Y|21,0.7,,
Q96P11|327|S|21,Q9H1A4|686|S|21,0.68,,
Q96N67|964|S|21,Q9NRL3|53|S|21,0.66,,
Q96N67|964|S|21,Q9Y679|288|S|21,0.68,,
Q8IVF2|842|S|21,Q8IVT2|471|S|21,0.69,,
Q8IU81|66|S|21,Q9Y4E6|935|S|21,0.66,,
Q8IUD2|21|S|21,P67936|132|K|34,0.67,,
Q8IYB3|402|S|21,Q9UQ35|295|S|21,0.72,,
Q8IYB3|402|S|21,Q8IYB3|406|T|21,0.89,,
Q8IYB3|402|S|21,Q9BQG0|1267|S|21,0.67,,
Q8IYB3|402|S|21,Q92922|330|S|21,0.72,,
Q8IYB3|402|S|21,Q92922|328|S|21,0.66,,
Q9BQG0|1267|S|21,Q9NQW6|182|S|21,0.66,,
Q9BQG0|1267|S|21,Q8IYB3|406|T|21,0.67,,
Q92922|330|S|21,P38159|206|Y|21,0.66,,
Q92922|330|S|21,Q8IYB3|406|T|21,0.72,,
Q92922|330|S|21,Q9UQ35|994|S|21,0.75,,
Q92922|330|S|21,Q9UQ35|295|S|21,0.72,,
Q92922|330|S|21,Q9UQ35|297|S|21,0.68,,
Q92922|328|S|21,Q92922|330|S|21,0.88,,
Q92922|328|S|21,Q9UQ35|295|S|21,0.67,,
Q8IYB3|452|S|21,Q9UQ35|2398|S|21,0.67,,
Q8IYB3|452|S|21,Q8TB72|136|S|21,0.66,,
Q8IYB3|463|S|21,Q8IYB3|465|S|21,0.67,,
Q8IYB3|209|S|21,Q8IYB3|211|S|21,0.87,,
Q8IYB3|616|S|21,Q8IYB3|614|T|21,0.68,,
Q8IYB3|562|S|21,P18206|720|K|34,0.66,,
Q8IYB3|549|S|21,Q8IYB3|551|S|21,0.79,,
Q8IYB3|605|S|21,P11137|1605|T|21,0.69,,
Q8IYB3|605|S|21,Q8IYB3|607|S|21,0.84,,
Q8IYB3|583|S|21,Q8IYB3|581|T|21,0.82,,
Q8IYB3|583|S|21,Q8IYB3|607|S|21,0.68,,
Q8IX07|668|S|21,Q9NZ63|261|S|21,0.7,,
Q8IX12|697|S|21,Q14195|522|S|23,0.75,,
Q8IWW6|213|S|21,Q8IWW6|215|S|21,0.75,,
Q8IWX8|830|S|21,Q9BXY0|202|T|21,0.74,,
Q8IY67|14|S|21,Q8IY67|17|S|21,0.74,,
Q8IXJ9|503|S|21,Q9BPX3|1015|S|21,0.67,,
Q8IXJ6|368|S|21,P14136|416|R|7,0.68,,
Q8IXJ6|368|S|21,P02686|232|T|21,0.66,,
Q86UV5|888|S|21,P23588|444|K|53,0.67,,
Q86UV5|888|S|21,Q9Y6R1|1029|S|21,0.66,,
Q86UU1|520|S|21,Q9BUL9|162|S|21,0.68,,
Q86UU1|518|S|21,Q86UU1|520|S|21,0.72,,
Q86VM9|24|S|21,Q96HI0|293|S|21,0.71,,
Q86VI3|1424|S|21,Q9P0K8|8|S|21,0.68,,
Q86VI3|1424|S|21,P82970|31|T|21,0.66,,
Q86VI3|1424|S|21,Q9H2P0|709|S|21,0.68,,
Q86UE4|568|S|21,Q86W92|579|S|21,0.66,,
Q86UE8|41|S|21,Q86UE8|44|S|21,0.91,,
Q86UE4|415|S|21,Q9ULI0|83|S|21,0.69,,
Q86U86|1119|S|21,Q96BT3|400|S|21,0.67,,
Q96BT3|400|S|21,Q96BT3|403|S|21,0.9,,
Q96BT3|400|S|21,Q9Y6D6|397|S|21,0.69,,
Q86UU0|934|S|21,Q86UU0|947|S|21,0.69,,
Q86UU0|987|S|21,Q86UU0|991|S|21,0.7,,
Q86WB0|359|S|21,Q86WB0|363|R|7,0.66,,
Q86WB0|62|S|21,Q9H9E3|6|S|21,0.68,,
Q86WB0|411|S|21,Q9UPQ0|204|S|21,0.71,,
Q86YD1|53|S|21,Q96T37|127|S|21,0.66,,
Q96T37|127|S|21,Q9H2P0|921|S|21,0.7,,
Q86YP4|100|S|21,Q86YP4|107|S|21,0.73,,
Q86X29|436|S|21,Q96T23|1345|S|21,0.66,,
Q86X27|329|S|21,Q86X27|326|T|21,0.74,,
Q86X29|646|S|21,P05114|81|T|21,0.66,,
Q86VX9|188|S|21,Q86XP3|96|S|21,0.67,,
Q86W56|286|S|21,Q9HC52|311|S|21,0.66,,
Q86W92|1001|S|21,Q86W92|1009|S|21,0.67,,
Q86W56|261|S|21,Q9GZR1|362|S|21,0.66,,
Q86W56|261|S|21,Q9NYD6|210|S|21,0.72,,
Q86VQ1|405|S|21,Q86VQ1|406|S|21,0.68,,
Q86VQ1|405|S|21,Q9Y385|268|S|21,0.66,,
Q86VQ1|405|S|21,Q9Y385|267|T|21,0.67,,
Q86VR2|313|S|21,Q8WXI9|122|S|21,0.67,,
Q8WXI9|122|S|21,P07900|112|K|34,0.66,,
Q86W92|999|S|21,Q96N67|900|S|21,0.66,,
Q86WB0|358|S|21,Q9UQ35|2102|S|21,0.72,,
Q86WB0|358|S|21,Q86WB0|359|S|21,0.7,,
Q86W92|361|S|21,Q96CW1|156|T|21,0.69,,
Q86W92|361|S|21,Q86W92|364|S|21,0.88,,
Q5THK1|1029|S|21,Q9UKV3|400|S|21,0.74,,
Q5THK1|1029|S|21,Q9UEY8|423|S|21,0.69,,
Q5TGY3|1064|S|21,Q9C0C2|1158|S|21,0.72,,
Q5TGY3|1399|S|21,Q5TGY3|1403|S|21,0.85,,
Q5UIP0|2157|S|21,Q8WV99|185|T|21,0.67,,
Q5UIP0|2161|S|21,Q9UKI8|77|S|21,0.66,,
Q5UIP0|2172|S|21,Q5UIP0|2176|S|21,0.89,,
Q5UIP0|2393|S|21,Q9H6S0|1202|S|21,0.68,,
Q5UIP0|1547|S|21,Q8N108|160|S|21,0.67,,
Q8N108|160|S|21,Q92974|940|S|21,0.69,,
Q5UIP0|1873|S|21,Q14004|351|Y|21,0.67,,
Q5T5C0|781|S|21,Q5T5C0|784|T|21,0.79,,
Q5T4S7|619|S|21,Q9Y2K5|855|S|21,0.66,,
Q5T4S7|619|S|21,Q5T4S7|620|S|21,0.66,,
Q5T4S7|2718|S|21,Q5T4S7|2719|S|21,0.88,,
Q5T8P6|127|S|21,Q9NR30|89|S|21,0.66,,
Q5T8D3|200|S|21,Q92504|276|S|21,0.66,,
Q5TCQ9|697|S|21,Q86UU1|443|S|21,0.66,,
Q5TEC6|11|S|21,Q9C0B5|694|S|21,0.68,,
Q5T8D3|196|S|21,Q5T8D3|200|S|21,0.72,,
Q5T8D3|196|S|21,Q9P2F8|1652|S|21,0.67,,
Q5VWG9|243|S|21,P82970|31|T|21,0.72,,
Q5VZ89|1125|S|21,Q92934|75|S|21,0.68,,
Q5VV41|107|S|21,Q9BST9|520|S|21,0.68,,
Q5VUA4|2189|S|21,Q5VUA4|2192|S|21,0.84,,
Q5VV41|6|S|21,Q8N8S7|508|S|21,0.69,,
Q5VV41|6|S|21,Q9UQB8|365|S|21,0.68,,
Q5VV41|6|S|21,Q9UEY8|461|S|21,0.69,,
Q8N8S7|508|S|21,Q9UEY8|461|S|21,0.73,,
Q5VZ89|741|S|21,Q92540|781|S|21,0.66,,
Q5VZ89|741|S|21,Q5SW79|840|T|21,0.74,,
Q5VZ89|968|S|21,Q5VZ89|973|S|21,0.71,,
Q5VZK9|1094|S|21,Q9NZT2|378|S|21,0.68,,
Q5VZK9|1094|S|21,Q9BW04|532|S|21,0.71,,
Q5VZK9|1094|S|21,Q5VZK9|968|S|21,0.7,,
Q5VZK9|1094|S|21,Q9BW04|456|T|21,0.66,,
Q5VT52|730|S|21,Q9H9E3|6|S|21,0.67,,
Q5VSL9|335|S|21,Q96T23|604|S|21,0.68,,
Q5VSL9|335|S|21,Q9UDY2|1067|S|21,0.68,,
Q96T23|604|S|21,Q9UHR4|331|S|21,0.68,,
Q5VTR2|136|S|21,P49841|216|Y|21,0.66,,
Q5VT52|769|S|21,O75781|145|T|21,0.67,,
Q5VT52|765|S|21,Q5VT52|766|S|21,0.7,,
Q8TAQ2|302|S|21,Q8TAQ2|304|S|21,0.89,,
Q8TAQ2|302|S|21,Q9GZY8|157|S|21,0.68,,
Q8TAQ2|302|S|21,Q9NTI5|1358|S|21,0.66,,
Q5VTL8|527|S|21,Q8IYB3|740|S|21,0.66,,
Q5VTL8|527|S|21,Q5VTL8|529|S|21,0.71,,
Q5VTL8|527|S|21,Q6VN20|369|S|21,0.66,,
Q5VTL8|527|S|21,Q96ST2|398|S|21,0.66,,
Q5VTL8|527|S|21,P43243|597|Y|21,0.69,,
Q5VTL8|527|S|21,Q9UBB9|98|S|21,0.67,,
Q96ST2|398|S|21,Q9UQ35|952|S|21,0.72,,
Q96ST2|398|S|21,Q96ST2|400|S|21,0.83,,
Q96ST2|398|S|21,Q96ST2|440|S|21,0.69,,
Q96JM3|311|S|21,Q96JM3|319|S|21,0.82,,
Q96JM3|311|S|21,Q9ULU4|751|T|21,0.69,,
Q5PRF9|238|S|21,Q5SY16|487|S|21,0.69,,
Q5M775|361|S|21,Q5M775|364|S|21,0.8,,
Q5SW79|1162|S|21,Q6UUV9|64|S|21,0.66,,
Q5SW79|1112|S|21,Q8NFC6|3029|S|21,0.66,,
Q5SSJ5|441|S|21,P41162|414|T|21,0.68,,
Q5JSZ5|1489|S|21,Q76L83|139|S|21,0.66,,
Q5JSH3|582|S|21,Q9HCG8|61|S|21,0.7,,
Q5JSH3|582|S|21,Q96T37|127|S|21,0.7,,
Q5JTV8|143|S|21,Q5T200|265|S|21,0.67,,
Q5JTV8|143|S|21,Q9NPI6|525|S|21,0.72,,
Q5T200|265|S|21,Q9UQ35|994|S|21,0.66,,
Q5T200|265|S|21,Q92922|328|S|21,0.68,,
Q5T200|265|S|21,Q92922|330|S|21,0.75,,
Q5M775|131|S|21,Q9NPH3|556|S|21,0.7,,
Q5M775|344|S|21,Q5M775|347|S|21,0.8,,
Q5T200|207|S|21,Q5T200|209|S|21,0.71,,
Q5T200|316|S|21,Q5T200|318|S|21,0.72,,
Q5T200|316|S|21,Q9NQS7|219|T|21,0.67,,
Q5T200|241|S|21,Q9UKV3|386|S|21,0.67,,
Q5T200|1014|S|21,Q5T200|1017|S|21,0.89,,
Q5T200|1404|S|21,Q5T200|1409|S|21,0.66,,
Q5T200|1406|S|21,Q5T200|1409|S|21,0.69,,
Q5T200|848|S|21,Q8IYB3|793|T|21,0.66,,
Q5T200|848|S|21,Q5T200|851|Y|21,0.79,,
Q5T200|845|S|21,Q9BRD0|201|S|21,0.66,,
Q5T200|845|S|21,Q5T200|848|S|21,0.68,,
Q5T200|845|S|21,Q5T200|853|S|21,0.81,,
Q5T200|845|S|21,Q9HDC5|465|S|21,0.7,,
Q69YH5|936|S|21,Q9BTC8|457|S|21,0.71,,
Q5T200|356|S|21,Q5T200|354|T|21,0.72,,
Q5SYE7|1386|S|21,Q9GZT3|101|T|21,0.67,,
Q5T0N5|488|S|21,Q5T0N5|489|S|21,0.72,,
Q92609|554|S|21,Q9NSK0|593|Y|21,0.75,,
Q5T1V6|64|S|21,Q5T1V6|76|S|21,0.86,,
Q5T1M5|960|S|21,P17096|18|K|1,0.66,,
Q5T0W9|869|S|21,Q9UKE5|680|S|21,0.66,,
Q5T0W9|869|S|21,Q8TE68|187|T|21,0.66,,
Q5T0W9|869|S|21,Q6ZRV2|914|S|21,0.68,,
Q5T0W9|809|S|21,Q5JSH3|559|R|7,0.66,,
Q5T1M5|1162|S|21,Q5T1M5|1164|S|21,0.74,,
Q6P3S6|545|S|21,Q6P3S6|552|S|21,0.86,,
Q6PD62|941|S|21,Q6PD62|943|S|21,0.79,,
Q6PD62|1017|S|21,Q96BT3|403|S|21,0.68,,
Q6PD74|310|S|21,Q6PD74|311|S|21,0.88,,
Q6P6C2|64|S|21,Q6P6C2|69|S|21,0.81,,
Q6PCB5|6|S|21,Q9UMZ2|752|S|21,0.66,,
Q6NZI2|365|S|21,Q86U86|343|S|21,0.69,,
Q6KC79|306|S|21,Q9UHB6|366|R|7,0.67,,
Q6L8Q7|214|S|21,Q6L8Q7|215|S|21,0.72,,
Q6KC79|349|S|21,Q6KC79|350|S|21,0.75,,
Q6P1M3|965|S|21,Q6WKZ4|190|S|21,0.67,,
Q6P1L5|449|S|21,Q9UIF9|1397|S|21,0.66,,
Q6P1X6|16|S|21,Q09666|5729|T|21,0.69,,
Q6P0N0|1008|S|21,Q9UK61|972|S|21,0.66,,
Q6P0N0|1008|S|21,Q86V48|570|S|21,0.68,,
Q6UN15|259|S|21,Q9Y2U8|140|S|21,0.68,,
Q8N3V7|758|S|21,Q96RK0|301|S|21,0.69,,
Q6UUV9|151|S|21,Q8NI08|183|S|21,0.66,,
Q6UUV7|410|S|21,Q7Z3B3|830|S|21,0.68,,
Q6UUV7|410|S|21,Q8WW12|142|S|21,0.68,,
Q6UWZ7|386|S|21,Q96G46|277|S|21,0.68,,
Q6UWZ7|386|S|21,Q6UWZ7|387|S|21,0.96,,
Q6PJG2|700|S|21,P01106|58|T|21,0.66,,
Q92604|233|S|21,Q15149|115|H|53,0.66,,
Q6PKG0|521|S|21,Q8IYB3|628|S|21,0.68,,
Q6PKG0|143|S|21,Q9H1E3|19|S|21,0.66,,
Q6PKG0|517|S|21,Q9C0E8|177|S|21,0.67,,
Q6PKG0|517|S|21,Q8IYB3|628|S|21,0.68,,
Q6PKG0|517|S|21,Q8IYB3|740|S|21,0.66,,
Q6PKG0|517|S|21,Q6PKG0|521|S|21,0.81,,
Q6PKG0|517|S|21,Q8TE77|16|S|21,0.66,,
Q6PKG0|627|S|21,Q6PKG0|631|S|21,0.78,,
Q6PKG0|554|S|21,P04406|184|T|21,0.72,,
Q68DQ2|2086|S|21,Q68DQ2|2104|S|21,0.7,,
Q68E01|537|S|21,Q9Y2W1|252|K|34,0.67,,
Q68E01|537|S|21,Q9BTA9|96|S|21,0.7,,
Q68E01|537|S|21,Q7KZI7|390|S|21,0.67,,
Q63ZY6|260|S|21,Q9Y6X9|777|S|21,0.67,,
Q641Q2|284|S|21,Q92766|1175|S|21,0.67,,
Q92667|151|S|21,Q9UKA4|1100|T|21,0.66,,
Q96N16|382|S|21,Q9H0C8|13|S|21,0.71,,
Q96N16|382|S|21,Q9BWH6|72|S|21,0.66,,
Q5XUX1|18|S|21,Q9NZL4|350|S|21,0.66,,
Q66K74|741|S|21,Q5SW79|840|T|21,0.67,,
Q641Q2|802|S|21,Q6UWZ7|406|S|21,0.72,,
Q658Y4|686|S|21,Q96NM4|207|S|21,0.66,,
Q658Y4|686|S|21,Q9Y3R5|1193|S|21,0.66,,
Q658Y4|686|S|21,Q6KC79|2490|S|21,0.73,,
Q96NM4|207|S|21,Q9NZ56|396|S|21,0.66,,
Q96NM4|207|S|21,Q9NZ56|400|S|21,0.67,,
Q6KC79|2490|S|21,Q96T23|227|S|21,0.67,,
Q6KC79|2490|S|21,Q9Y3R5|1193|S|21,0.68,,
Q6KC79|2490|S|21,Q96NM4|207|S|21,0.68,,
Q6IQ23|903|S|21,Q9Y2G1|720|S|21,0.66,,
Q6IQ23|903|S|21,Q8TDJ6|1143|S|21,0.69,,
Q6JBY9|105|S|21,Q6JBY9|108|S|21,0.72,,
Q6JBY9|108|S|21,Q8N3X1|113|Y|21,0.66,,
Q6IQ49|278|S|21,Q15047|1063|Y|21,0.69,,
Q6ISB3|210|S|21,Q8N684|205|S|21,0.67,,
Q6ISB3|210|S|21,Q8WXI9|333|S|21,0.72,,
Q6IN85|758|S|21,Q6IN85|771|S|21,0.73,,
Q96T23|227|S|21,Q9UGU0|574|S|21,0.68,,
Q6JBY9|216|S|21,Q8WWQ0|1778|Y|21,0.66,,
Q6JBY9|216|S|21,Q9NSK0|593|Y|21,0.67,,
Q6JBY9|216|S|21,P18669|119|Y|21,0.66,,
Q6JBY9|216|S|21,P06239|192|Y|21,0.75,,
Q6JBY9|216|S|21,Q92608|1706|S|21,0.67,,
Q6JBY9|216|S|21,Q92934|99|S|21,0.66,,
Q6JBY9|120|S|21,Q8TAD8|49|S|21,0.67,,
Q8TAD8|49|S|21,Q9UQ35|2436|S|21,0.67,,
Q6JBY9|268|S|21,Q9BXP5|4|S|21,0.68,,
Q69YQ0|384|S|21,Q9BWW4|347|S|21,0.66,,
Q6BDS2|1103|S|21,Q6BDS2|1106|S|21,0.75,,
Q69YQ0|868|S|21,P12109|148|K|34,0.67,,
Q6GYQ0|860|S|21,Q6GYQ0|861|S|21,0.73,,
Q6IAA8|27|S|21,Q96JM3|416|S|21,0.7,,
Q6GQQ9|471|S|21,Q86UU0|984|S|21,0.69,,
Q6GYQ0|797|S|21,Q86VQ1|172|S|21,0.69,,
Q6GYQ0|796|S|21,Q9H5Y7|743|S|21,0.7,,
Q96ER3|6|S|21,Q9ULU4|547|S|21,0.67,,
Q96EV2|765|S|21,Q9UKE5|680|S|21,0.67,,
Q96EY5|170|S|21,Q96S94|369|S|21,0.69,,
Q96EY5|170|S|21,Q9H4G0|784|S|21,0.66,,
Q96RT1|1158|S|21,Q9H201|448|S|21,0.72,,
Q96G46|272|S|21,Q96G46|277|S|21,0.79,,
Q96F24|113|S|21,Q9ULT8|632|S|21,0.67,,
Q96F63|257|S|21,Q99638|272|S|21,0.68,,
Q96CP6|16|S|21,P04792|79|R|7,0.68,,
Q96D71|537|S|21,Q96D71|540|S|21,0.72,,
Q96CX2|200|S|21,Q96CX2|196|T|21,0.71,,
Q96CX2|200|S|21,Q9ULD2|1203|S|21,0.66,,
Q96CX2|185|S|21,P08670|458|T|21,0.68,,
Q96JM3|204|S|21,Q96JM3|214|S|21,0.77,,
Q96JM3|214|S|21,Q9UNE7|23|S|21,0.73,,
Q96JM3|145|S|21,Q96SU4|329|S|21,0.75,,
Q96JM3|145|S|21,Q9BW71|332|S|21,0.66,,
Q96SU4|329|S|21,Q9Y618|922|S|21,0.66,,
Q96JK2|632|S|21,Q9UDY2|431|S|21,0.66,,
Q96JM3|142|S|21,Q96SU4|329|S|21,0.69,,
Q96JM3|142|S|21,Q9BW71|332|S|21,0.66,,
Q96JM3|142|S|21,Q96JM3|145|S|21,0.83,,
Q96JM3|297|S|21,Q9ULU4|432|S|21,0.67,,
Q96JH7|749|S|21,Q96JH7|761|T|21,0.69,,
Q96JH7|997|S|21,Q96JH7|998|S|21,0.72,,
Q96JM3|459|S|21,Q9UKV3|838|S|21,0.67,,
Q96JM3|459|S|21,Q9NTJ3|41|S|21,0.66,,
Q96JM3|386|S|21,Q12906|592|T|21,0.66,,
Q96JM3|405|S|21,Q8IY67|463|T|21,0.68,,
Q96JM3|445|S|21,Q96JM3|452|S|21,0.82,,
Q96JM3|432|S|21,Q9NPI6|522|S|21,0.66,,
Q96HC4|111|S|21,Q96PU5|342|S|21,0.68,,
Q96HC4|111|S|21,Q9Y6Y0|338|S|21,0.66,,
Q96HC4|111|S|21,P19338|121|T|21,0.72,,
Q96HC4|111|S|21,P36507|394|T|21,0.67,,
Q96HC4|309|S|21,Q96HC4|313|S|21,0.71,,
Q96GP6|687|S|21,Q9ULD9|627|S|21,0.66,,
Q96GP6|687|S|21,Q9UIG0|708|S|21,0.68,,
Q96GP6|687|S|21,Q9Y608|320|S|21,0.68,,
Q96GP6|687|S|21,Q9H1E5|251|S|21,0.66,,
Q96H79|257|S|21,Q9Y2I7|475|S|21,0.66,,
Q96HA1|345|S|21,Q9H2K8|331|S|21,0.66,,
Q96JG6|494|S|21,Q96JG6|498|S|21,0.71,,
Q96JG6|498|S|21,Q9HAU0|933|S|21,0.67,,
Q92870|336|S|21,Q92870|341|S|21,0.73,,
Q92870|334|S|21,Q9H2G2|341|S|21,0.66,,
Q92870|334|S|21,Q92870|336|S|21,0.71,,
Q92870|334|S|21,Q92870|341|S|21,0.73,,
Q92844|225|S|21,Q9H5Y7|728|S|21,0.66,,
Q92844|225|S|21,Q9C0C2|1158|S|21,0.71,,
Q92769|422|S|21,Q92769|424|S|21,0.83,,
Q92766|42|S|21,Q9HDC5|465|S|21,0.67,,
Q92917|471|S|21,Q9UER7|688|S|21,0.68,,
Q92917|471|S|21,Q9H201|448|S|21,0.69,,
Q92917|471|S|21,Q96FZ2|293|T|21,0.66,,
Q92917|471|S|21,Q9BW71|370|S|21,0.68,,
Q92890|247|S|21,Q9H6Z4|126|S|21,0.67,,
Q92903|37|S|21,Q9Y520|2693|T|21,0.67,,
Q92903|35|S|21,P40123|299|T|21,0.7,,
Q92903|35|S|21,Q9Y520|2693|T|21,0.68,,
Q92903|35|S|21,Q92903|37|S|21,0.88,,
Q92614|94|S|21,Q92614|98|S|21,0.69,,
Q92614|2041|S|21,Q9Y6D5|227|S|21,0.71,,
Q92614|2007|S|21,Q13428|914|T|21,0.66,,
Q92614|2020|S|21,Q9UKK3|101|T|21,0.66,,
Q92733|157|S|21,Q92733|159|S|21,0.76,,
Q96AQ6|70|S|21,Q96AQ6|72|S|21,0.96,,
Q96AP0|339|S|21,Q9ULJ3|435|S|21,0.66,,
Q96AP0|339|S|21,Q96AP0|349|S|21,0.66,,
Q96B01|19|S|21,Q96B01|21|S|21,0.84,,
Q96B01|21|S|21,Q7Z309|121|T|21,0.67,,
Q96AT1|50|S|21,Q9NPI6|522|S|21,0.67,,
Q96AC1|159|S|21,Q96AC1|181|S|21,0.73,,
Q96R06|135|S|21,Q9UGP4|323|S|21,0.66,,
Q96BD5|447|S|21,Q96BD5|455|S|21,0.8,,
Q96B23|69|S|21,Q96I25|155|S|21,0.67,,
Q96B23|67|S|21,Q96B23|69|S|21,0.69,,
Q96B36|88|S|21,Q96B36|92|S|21,0.77,,
Q92974|956|S|21,Q92974|960|S|21,0.66,,
Q969R5|689|S|21,Q76FK4|302|T|21,0.66,,
Q96A00|128|S|21,O15075|336|T|21,0.68,,
Q96A00|128|S|21,Q96A00|130|S|21,0.67,,
Q96A00|130|S|21,P62851|52|K|1,0.67,,
Q96A00|130|S|21,Q96A00|136|S|21,0.75,,
Q96A00|130|S|21,Q96A00|134|S|21,0.67,,
Q93074|635|S|21,P13639|57|T|21,0.66,,
Q93052|609|S|21,Q9ULD2|1203|S|21,0.66,,
Q99549|400|S|21,P78559|1653|T|21,0.66,,
Q99549|136|S|21,Q99549|138|S|21,0.89,,
Q96TC7|50|S|21,Q9UHF7|178|S|21,0.66,,
Q99081|559|S|21,Q99081|560|T|21,0.73,,
Q99442|356|S|21,Q99442|357|S|21,0.79,,
Q99590|344|S|21,Q5VZL5|107|T|21,0.66,,
Q99575|367|S|21,Q86WB0|387|T|21,0.68,,
Q99590|413|S|21,Q9ULC3|186|S|21,0.68,,
Q99567|44|S|21,Q99567|45|S|21,0.75,,
Q96T23|1221|S|21,Q96T23|1223|S|21,0.68,,
Q96SW2|25|S|21,Q9UQB8|311|S|21,0.68,,
Q96T23|1359|S|21,Q96T23|1375|S|21,0.76,,
Q96T23|1277|S|21,Q96T23|1282|S|21,0.86,,
Q96T58|2120|S|21,Q8WXI9|120|T|21,0.67,,
Q96T58|2120|S|21,P52948|616|R|7,0.66,,
Q96T58|1380|S|21,Q9BZF1|328|S|21,0.69,,
Q96T58|1380|S|21,Q96T58|1382|S|21,0.8,,
Q9BRD0|197|S|21,Q9Y6X9|777|S|21,0.66,,
Q9BRD0|197|S|21,Q9Y6X9|779|S|21,0.74,,
Q9BRD0|197|S|21,Q66K74|638|T|21,0.71,,
Q9BRD0|197|S|21,Q9BRD0|201|S|21,0.82,,
Q9BRD0|185|S|21,Q86VM9|44|R|7,0.68,,
Q9BRD0|184|S|21,Q9BRD0|185|S|21,0.77,,
Q9BRD0|325|S|21,Q8IY67|463|T|21,0.72,,
Q9BQG0|1163|S|21,Q9UQ35|1444|S|21,0.67,,
Q9BRR8|6|S|21,Q9BRR8|8|S|21,0.96,,
Q9BSQ5|384|S|21,Q9ULT8|1772|S|21,0.68,,
Q9BRK4|102|S|21,Q9UQ35|1582|S|21,0.79,,
Q99700|861|S|21,Q99700|863|S|21,0.72,,
Q99700|861|S|21,Q99700|865|S|21,0.9,,
Q99700|863|S|21,Q99700|865|S|21,0.78,,
Q99683|986|S|21,Q9BWG6|219|S|21,0.66,,
Q99683|977|S|21,Q99683|986|S|21,0.67,,
Q99683|977|S|21,Q9H5I1|384|S|21,0.68,,
Q99717|463|S|21,Q99717|465|S|21,0.93,,
Q99717|462|S|21,Q99717|463|S|21,0.85,,
Q99717|462|S|21,Q99717|465|S|21,0.88,,
Q99618|199|S|21,Q99618|209|S|21,0.67,,
Q99590|798|S|21,Q9UPN9|862|S|21,0.68,,
Q99638|380|S|21,Q5JSH3|4|E|299,0.7,,
Q99959|151|S|21,Q9BYG3|238|T|21,0.66,,
Q9BQE3|439|S|21,Q9UGV2|352|S|21,0.7,,
Q99759|175|S|21,Q99759|176|S|21,0.67,,
Q96N67|1434|S|21,Q96FZ2|293|T|21,0.66,,
Q96PK6|582|S|21,E9PAV3|2020|T|21,0.69,,
Q96PC5|1202|S|21,Q96PC5|1204|S|21,0.67,,
Q96P47|538|S|21,Q9BUH6|148|S|21,0.73,,
Q96K76|1013|S|21,Q9ULH0|1682|T|21,0.67,,
Q96K76|1013|S|21,P06239|192|Y|21,0.66,,
Q96LR5|19|S|21,Q9HA82|342|S|21,0.67,,
Q96LR5|18|S|21,Q9Y3R5|556|S|21,0.66,,
Q96L91|315|S|21,Q96L91|321|S|21,0.7,,
Q96MU7|146|S|21,Q96MU7|148|T|21,0.67,,
Q96KC8|479|S|21,Q9NQZ2|365|S|21,0.74,,
Q96RL1|677|S|21,Q9BTX1|500|S|21,0.67,,
Q96KR1|1054|S|21,Q96Q42|1464|S|21,0.68,,
Q96Q42|1464|S|21,Q9NR09|480|S|21,0.68,,
Q96RU3|296|S|21,Q9Y6X9|779|S|21,0.66,,
Q96RU3|296|S|21,Q9Y2D5|152|S|21,0.7,,
Q96RU3|296|S|21,Q96RU3|299|S|21,0.7,,
Q96S94|330|S|21,Q05655|507|T|21,0.66,,
Q96S90|3|S|21,Q9UBW7|624|S|21,0.66,,
Q96S90|3|S|21,Q9H7D0|1805|S|21,0.68,,
Q96RT1|714|S|21,Q96RT1|715|S|21,0.77,,
Q96ST2|420|S|21,Q9BW71|333|S|21,0.68,,
Q96ST2|407|S|21,Q9BYW2|461|S|21,0.67,,
Q96ST2|407|S|21,Q9BYW2|458|S|21,0.66,,
Q96ST2|415|S|21,Q96ST2|420|S|21,0.88,,
Q96SU4|324|S|21,Q96SU4|326|S|21,0.69,,
Q96SU4|325|S|21,Q96SU4|326|S|21,0.76,,
Q96ST2|511|S|21,Q66K74|638|T|21,0.68,,
Q96SB3|192|S|21,Q9UNN5|320|S|21,0.7,,
Q96SI1|35|S|21,Q96SI1|38|S|21,0.78,,
Q96ST2|400|S|21,Q96ST2|440|S|21,0.66,,
Q96Q15|3556|S|21,Q9Y4H2|731|S|21,0.69,,
Q96RL1|44|S|21,Q96RL1|46|S|21,0.88,,
Q96RS0|405|S|21,Q96RS0|412|S|21,0.66,,
Q96RK0|1382|S|21,Q96RK0|1366|R|7,0.68,,
Q96RK0|1245|S|21,Q9ULT0|647|S|21,0.67,,
Q96RK0|301|S|21,Q96E09|149|T|21,0.67,,
Q8NC56|138|S|21,Q8NC56|139|S|21,0.78,,
Q8NC51|247|S|21,Q8NC51|252|S|21,0.88,,
Q8NC51|247|S|21,Q96HJ3|52|S|21,0.68,,
Q8NCF5|204|S|21,Q9H4L5|304|S|21,0.66,,
Q8NCF5|204|S|21,Q8WXI9|334|S|21,0.68,,
Q8NCF5|204|S|21,Q15233|450|T|21,0.67,,
Q8NBU5|319|S|21,Q8NBU5|329|R|7,0.69,,
Q8NBN3|475|S|21,Q9Y618|2223|S|21,0.68,,
Q8NBN3|527|S|21,Q969R5|689|S|21,0.7,,
Q8ND56|192|S|21,Q9H6F5|91|S|21,0.7,,
Q8WWM7|111|S|21,Q9UNZ2|114|S|21,0.69,,
Q8NCP5|161|S|21,Q13017|1217|T|21,0.7,,
Q8NCP5|161|S|21,Q16181|228|T|21,0.66,,
Q8NCY6|100|S|21,Q8NCY6|101|S|21,0.72,,
Q8N6T3|361|S|21,P06400|805|Y|21,0.66,,
Q8N6T3|361|S|21,Q68EM7|682|T|21,0.66,,
Q8N7R7|342|S|21,Q13177|139|Y|21,0.69,,
Q8N9U0|156|S|21,Q96MH2|76|S|21,0.72,,
Q8N9T8|171|S|21,Q9NYF8|397|S|21,0.68,,
Q8N8A6|83|S|21,Q9UKV3|838|S|21,0.66,,
Q8N8A6|83|S|21,Q96T37|294|S|21,0.66,,
Q8N9M1|151|S|21,Q9NWH9|551|S|21,0.72,,
Q8N8S7|488|S|21,Q8N8S7|489|T|21,0.68,,
Q8NFD5|1559|S|21,Q9H410|57|S|21,0.67,,
Q8NFD5|1555|S|21,P02545|404|S|23,0.68,,
Q8NFA0|1422|S|21,Q9H1E3|12|D|299,0.74,,
Q8NFA0|1422|S|21,Q8NFA0|1423|S|21,0.97,,
Q8NFA0|1587|S|21,Q8NFA0|1588|S|21,0.79,,
Q8NFA0|1423|S|21,Q9H1E3|12|D|299,0.72,,
Q8NFA0|1423|S|21,Q05519|325|T|21,0.67,,
Q8NHG8|19|S|21,Q9Y485|574|S|21,0.67,,
Q8NHG8|113|S|21,Q9ULJ3|418|R|7,0.66,,
Q8NHG8|113|S|21,Q8WVK2|60|T|21,0.67,,
Q8NHQ9|594|S|21,Q9Y2U8|140|S|21,0.66,,
Q8NFH5|279|S|21,Q9BZL4|399|S|21,0.69,,
Q8NFH5|73|S|21,Q9H2Y7|1370|S|21,0.66,,
Q8NFJ5|345|S|21,Q86WR7|45|T|21,0.69,,
Q8NFQ8|158|S|21,Q8NFQ8|163|S|21,0.78,,
Q8NE00|90|S|21,Q9BYW2|2082|S|21,0.66,,
Q8NE00|90|S|21,Q8WU17|625|S|21,0.68,,
Q8NDC0|6|S|21,P49736|137|Y|21,0.66,,
Q8NEL9|723|S|21,Q8NEL9|727|S|21,0.84,,
Q8WUY3|595|S|21,Q8WUY3|597|S|21,0.67,,
Q8IZP0|319|S|21,Q8IZP0|323|S|21,0.73,,
Q8N108|488|S|21,Q8WYP5|1297|S|21,0.67,,
Q8IZL8|477|S|21,Q8N3F8|640|S|21,0.7,,
Q8N3F8|640|S|21,Q9ULT8|632|S|21,0.66,,
Q8N3F8|640|S|21,Q96CV9|526|S|21,0.67,,
Q8N3F8|640|S|21,Q8N3F8|644|S|21,0.72,,
Q8N3F8|640|S|21,Q8N8S7|488|S|21,0.67,,
Q8IZP0|216|S|21,P10644|78|R|7,0.71,,
Q8IZP0|183|S|21,Q9UQ35|1320|S|21,0.67,,
Q8N1G0|266|S|21,Q9UGU0|559|S|21,0.66,,
Q8N122|881|S|21,P49756|578|K|53,0.66,,
Q8IYB3|754|S|21,Q8IYB3|756|S|21,0.7,,
Q8IYB3|756|S|21,Q8TAQ2|304|S|21,0.67,,
Q8IYB3|694|S|21,P49736|25|T|21,0.69,,
Q8IYB3|694|S|21,Q8IYB3|693|T|21,0.67,,
Q8IYB3|725|S|21,Q8IYB3|727|T|21,0.84,,
Q8IYB3|725|S|21,P13639|57|T|21,0.67,,
Q8IZ21|344|S|21,Q9Y618|2054|S|21,0.68,,
Q8IYH5|130|S|21,Q8IYH5|135|S|21,0.78,,
Q8IYH5|135|S|21,Q9GZR1|362|S|21,0.66,,
Q8IYD8|1673|S|21,Q8IYD8|1674|S|21,0.88,,
Q8IYB7|875|S|21,Q9NZT2|378|S|21,0.67,,
Q8IYW5|411|S|21,Q9NRL2|1417|S|21,0.69,,
Q8IYL3|182|S|21,Q96KB5|24|T|21,0.7,,
Q8IYL3|182|S|21,Q96CW1|153|S|21,0.66,,
Q8N3X1|499|S|21,Q8N9U0|156|S|21,0.68,,
Q8N3V7|754|S|21,Q8N3V7|758|S|21,0.85,,
Q8N3X1|18|S|21,Q9H7N4|239|S|21,0.66,,
Q8N3X1|18|S|21,Q9UMZ2|1075|S|21,0.66,,
Q8N5Y2|400|S|21,Q9P289|4|S|21,0.71,,
Q8N5Y2|367|S|21,Q9UBL6|632|T|21,0.69,,
Q8N5Y2|367|S|21,Q9HC35|138|S|21,0.66,,
Q8N556|283|S|21,Q14195|514|T|21,0.71,,
Q8N556|264|S|21,Q8N556|265|S|21,0.78,,
Q8TEA8|196|S|21,Q8TEA8|197|S|21,0.71,,
Q8N302|11|S|21,Q8N302|17|S|21,0.66,,
Q8N1G2|29|S|21,Q9UPP1|852|Y|21,0.68,,
Q8N1G2|66|S|21,Q9NQW6|54|S|21,0.66,,
Q8N3U4|1058|S|21,Q8N3U4|1064|S|21,0.67,,
Q8N3F8|486|S|21,Q9Y2D5|399|T|21,0.67,,
Q8N3U4|1061|S|21,Q8N3U4|1064|S|21,0.73,,
Q8N3D4|191|S|21,Q96JG6|559|S|21,0.7,,
Q8N3D4|1257|S|21,Q9Y385|268|S|21,0.7,,
Q8N3F8|470|S|21,Q8N3F8|467|T|21,0.78,,
Q8N3F8|470|S|21,O75533|227|T|21,0.67,,
Q8N3F8|470|S|21,Q8N3F8|471|S|21,0.7,,
Q8WWM7|680|S|21,P52594|177|T|21,0.69,,
Q8WWQ0|880|S|21,Q9BRD0|184|S|21,0.7,,
Q8WWQ0|880|S|21,Q9BRD0|185|S|21,0.74,,
Q8WWQ0|880|S|21,Q9HCE3|298|S|21,0.7,,
Q8WWQ0|1281|S|21,Q8WWQ0|1283|S|21,0.78,,
Q8WWM7|339|S|21,Q9Y6D5|227|S|21,0.68,,
Q8WXF7|22|S|21,Q8WXF7|23|S|21,0.76,,
Q8WX93|984|S|21,Q96KB5|32|S|21,0.7,,
Q8WX93|1118|S|21,Q8WX93|1121|S|21,0.8,,
Q8WX93|1121|S|21,P00338|118|K|1,0.67,,
Q8WX93|1121|S|21,Q9UQ35|1880|T|21,0.72,,
Q8WVJ9|55|S|21,Q8WVJ9|57|S|21,0.73,,
Q8WVJ9|55|S|21,Q9HCD6|1530|S|21,0.69,,
Q8WVC0|212|S|21,Q8WVC0|220|S|21,0.66,,
Q8WVC0|220|S|21,Q99536|2|S|21,0.66,,
Q8WVC0|220|S|21,Q9NZ63|17|S|21,0.7,,
Q8WVC0|277|S|21,Q8WVC0|279|S|21,0.7,,
Q8WVC0|607|S|21,Q8WVC0|608|S|21,0.71,,
Q8WWI1|865|S|21,Q8WWI1|867|S|21,0.66,,
Q8WWA1|137|S|21,P16401|11|T|21,0.69,,
Q8WWA1|137|S|21,Q9C0J8|1219|S|21,0.68,,
Q92560|595|S|21,Q92560|596|S|21,0.74,,
Q92538|1784|S|21,Q9BRD0|151|S|21,0.69,,
Q92538|1784|S|21,Q9Y3Q8|62|S|21,0.72,,
Q92552|301|S|21,Q99590|413|S|21,0.68,,
Q92609|538|S|21,Q9ULH0|1682|T|21,0.66,,
Q92609|538|S|21,P06239|192|Y|21,0.68,,
Q92598|809|S|21,P23396|221|T|21,0.7,,
Q8WYP5|1214|S|21,Q8WYP5|1222|S|21,0.69,,
Q8WYP5|1214|S|21,Q9BW71|333|S|21,0.69,,
Q8WXI9|135|S|21,Q9C0I1|564|S|21,0.67,,
Q92508|1391|S|21,Q92508|1395|S|21,0.76,,
Q92508|1646|S|21,Q92508|1644|T|21,0.68,,
Q8WZ73|226|S|21,Q8WZ73|229|S|21,0.73,,
Q8WZ73|229|S|21,Q9NTJ3|28|S|21,0.67,,
Q8WYQ5|95|S|21,Q9NSY1|689|S|21,0.68,,
Q8TD16|331|S|21,Q93008|1609|S|21,0.72,,
Q8TD16|582|S|21,Q9H7D0|1803|S|21,0.66,,
Q8TD19|331|S|21,Q9Y4E6|1153|S|21,0.7,,
Q8TBF4|216|S|21,Q9NPG3|175|S|21,0.66,,
Q8TDW0|212|S|21,Q8TDW0|215|S|21,0.86,,
Q8TDW0|210|S|21,Q8TDW0|212|S|21,0.66,,
Q8TDW0|210|S|21,Q8TDW0|215|S|21,0.68,,
Q8TDY2|647|S|21,Q9NW07|487|S|21,0.67,,
Q8TDB6|9|S|21,P49756|578|K|53,0.66,,
Q8TDB6|9|S|21,Q9BQG0|1267|S|21,0.68,,
Q8NI08|502|S|21,Q13247|314|S|23,0.66,,
Q8NI08|208|S|21,Q8WX93|1118|S|21,0.66,,
Q8NI08|208|S|21,Q8NI08|211|S|21,0.67,,
Q8TAQ2|813|S|21,Q9UQ35|1925|S|21,0.67,,
Q8TAQ2|347|S|21,Q9H6Z4|126|S|21,0.7,,
Q8TAQ2|347|S|21,Q9UK76|87|S|21,0.75,,
Q8TB72|178|S|21,Q96D71|540|S|21,0.66,,
Q8TB45|265|S|21,Q9Y520|2680|S|21,0.66,,
Q8TAQ2|283|S|21,Q9NR09|480|S|21,0.69,,
Q8WUA4|892|S|21,Q8WUA4|893|S|21,0.67,,
Q8WUA4|893|S|21,Q9NPI6|353|S|21,0.66,,
Q8TF40|760|S|21,Q8TF40|763|S|21,0.66,,
Q8WVB6|73|S|21,Q96LR5|11|S|21,0.71,,
Q8WVB6|64|S|21,Q9P1Y6|1360|S|21,0.66,,
Q8WVC0|10|S|21,Q8WVC0|14|S|21,0.77,,
Q8WUM9|269|S|21,Q96PE2|461|S|21,0.67,,
Q8WUM9|265|S|21,Q8WUM9|269|S|21,0.9,,
Q8WUM9|417|S|21,Q9UBP0|268|S|21,0.67,,
Q8TEK3|902|S|21,Q8TEK3|900|T|21,0.71,,
Q8TE77|70|S|21,Q96JQ2|635|S|21,0.69,,
Q8TEW0|807|S|21,Q8TEW0|809|S|21,0.98,,
Q8TEW0|220|S|21,Q9H3Q1|64|S|21,0.67,,
Q8TEQ6|757|S|21,Q9BRP8|6|S|21,0.66,,
Q8TEV9|521|S|21,Q9NSI6|2020|S|21,0.67,,
Q8TEV9|513|S|21,Q8TEV9|516|S|21,0.78,,
Q8TEV9|516|S|21,Q8TEV9|521|S|21,0.68,,
O14936|589|S|21,P17600|679|R|7,0.69,,
O14936|589|S|21,Q9P0K7|297|T|21,0.7,,
O60716|252|S|21,P35611|586|S|21,0.71,,
O60716|252|S|21,Q15678|312|S|21,0.69,,
O60716|252|S|21,P55317|307|S|21,0.67,,
O14828|32|S|21,Q86UU0|959|S|21,0.66,,
O14745|290|S|21,Q04726|285|T|21,0.69,,
O60716|288|S|21,Q92974|151|S|21,0.68,,
O60716|288|S|21,Q12979|53|S|21,0.71,,
O75381|271|S|21,Q02952|388|S|21,0.66,,
O75381|271|S|21,Q8N108|52|S|21,0.7,,
O75381|271|S|21,Q8N108|53|S|21,0.68,,
O14874|31|S|21,O14874|32|T|21,0.77,,
O14920|672|S|21,Q3KQU3|544|S|21,0.67,,
O14976|780|S|21,P46013|127|S|21,0.68,,
O14976|770|S|21,O14976|778|S|21,0.66,,
O14974|472|S|21,Q9BXB4|181|S|21,0.7,,
O14974|472|S|21,O75385|758|S|21,0.66,,
O14974|445|S|21,Q9H6Z4|126|S|21,0.67,,
O75381|260|S|21,O75381|275|S|21,0.86,,
O75385|758|S|21,Q00587|77|S|21,0.68,,
O75385|758|S|21,Q9BXB4|181|S|21,0.67,,
O75385|758|S|21,O75385|763|S|21,0.81,,
O14974|507|S|21,Q9Y6X9|779|S|21,0.68,,
O14647|207|S|21,Q96GP6|653|S|21,0.67,,
O14647|207|S|21,Q9NQS7|478|T|21,0.66,,
O14647|207|S|21,O14647|208|S|21,0.89,,
O14647|1801|S|21,P37275|31|S|21,0.66,,
O14647|208|S|21,Q8WU17|625|S|21,0.68,,
O14681|326|S|21,O15075|354|T|21,0.71,,
O60716|4|S|21,Q9Y4E6|1154|S|21,0.66,,
O60716|4|S|21,Q96P16|156|S|21,0.68,,
O60716|4|S|21,Q14558|215|S|21,0.67,,
O14646|1699|S|21,P43243|4|S|21,0.67,,
O14646|1699|S|21,P33991|131|S|21,0.66,,
O14646|1699|S|21,Q86U86|343|S|21,0.67,,
O14646|1699|S|21,Q6UWZ7|406|S|21,0.72,,
O14646|1699|S|21,O75962|2417|S|21,0.67,,
O14646|1699|S|21,O14974|298|K|53,0.66,,
O14646|1699|S|21,Q96JS3|363|S|21,0.66,,
O14646|1699|S|21,P29401|287|T|21,0.66,,
O60716|920|S|21,Q07157|617|S|21,0.68,,
O60716|920|S|21,P48634|1089|S|21,0.66,,
O60716|920|S|21,P55196|1173|S|21,0.71,,
O14646|215|S|21,O14646|216|S|21,0.89,,
O14647|1369|S|21,P13807|653|S|21,0.69,,
O14647|1369|S|21,O14647|1373|S|21,0.81,,
O14647|1369|S|21,O60551|68|S|21,0.72,,
O14647|1369|S|21,Q8TEA8|196|S|21,0.67,,
O75167|16|S|21,Q9P0K8|7|S|21,0.66,,
O60716|346|S|21,Q9BWG6|219|S|21,0.68,,
O14683|14|S|21,Q9UKV3|838|S|21,0.66,,
O14713|11|S|21,O60240|126|S|21,0.68,,
O14713|11|S|21,Q8N5C8|383|S|21,0.67,,
O14713|11|S|21,P07305|5|S|21,0.69,,
O14713|11|S|21,Q53ET0|613|S|21,0.66,,
O60240|126|S|21,O60240|382|S|21,0.71,,
O60240|126|S|21,P35712|439|S|21,0.68,,
O60240|126|S|21,P53396|663|S|21,0.77,,
O60240|126|S|21,Q01995|78|K|34,0.68,,
O60240|126|S|21,Q8N5C8|383|S|21,0.7,,
O14686|3620|S|21,Q86W92|364|S|21,0.72,,
O14686|3620|S|21,Q01167|424|S|21,0.67,,
O15061|1044|S|21,O15061|1049|S|21,0.76,,
O15061|1044|S|21,Q9H1E5|251|S|21,0.67,,
O15061|1044|S|21,P46821|25|S|21,0.69,,
O15061|1049|S|21,P51153|178|S|21,0.66,,
O60551|7|S|21,Q8N5C8|383|S|21,0.7,,
O60551|7|S|21,P53396|663|S|21,0.69,,
O60551|7|S|21,P62753|240|S|23,0.71,,
O60551|7|S|21,O60315|782|T|21,0.68,,
O15047|508|S|21,Q13247|45|S|21,0.7,,
O15047|508|S|21,O60307|711|S|21,0.66,,
O15042|67|S|21,P46013|1861|S|21,0.67,,
O15042|67|S|21,Q14684|245|S|21,0.66,,
O15037|10|S|21,O15164|811|S|21,0.66,,
O15164|811|S|21,Q9UPQ0|973|S|21,0.68,,
O15047|468|S|21,O15047|470|S|21,0.74,,
O15075|337|S|21,O15075|336|T|21,0.66,,
O15075|346|S|21,O15075|353|S|21,0.78,,
O75376|2187|S|21,Q6JBY9|219|S|21,0.67,,
O75376|2187|S|21,Q86VQ1|172|S|21,0.73,,
O75376|2187|S|21,P35236|44|S|21,0.66,,
O75376|2187|S|21,P06733|44|Y|21,0.66,,
O75376|2187|S|21,Q9Y2X3|350|T|21,0.67,,
O15075|332|S|21,O15075|336|T|21,0.69,,
O15075|332|S|21,O15075|337|S|21,0.71,,
O15075|720|S|21,P46108|43|S|21,0.69,,
O15075|720|S|21,P78559|896|S|21,0.7,,
O60504|530|S|21,P24941|15|Y|21,0.66,,
O15075|313|S|21,P13591|784|S|21,0.68,,
O15075|313|S|21,P11137|1649|T|21,0.7,,
O15075|313|S|21,O15075|336|T|21,0.66,,
O60551|66|S|21,Q15652|320|S|21,0.66,,
O60551|66|S|21,O60551|68|S|21,0.7,,
O15075|307|S|21,O15075|313|S|21,0.71,,
O15075|307|S|21,O15075|330|S|21,0.67,,
O15075|330|S|21,O15075|337|S|21,0.67,,
O15075|330|S|21,O15075|332|S|21,0.77,,
O60711|23|S|21,P51610|1497|S|21,0.68,,
O60711|23|S|21,P13612|1021|S|21,0.68,,
O75379|90|S|21,Q9NZ56|396|S|21,0.66,,
O75379|90|S|21,P78559|1146|S|21,0.66,,
O15014|467|S|21,Q8IVT2|376|S|21,0.67,,
O75170|770|S|21,Q8IX12|626|S|21,0.68,,
O15014|842|S|21,O15014|846|S|21,0.73,,
O15014|842|S|21,O95208|182|S|21,0.67,,
O15014|846|S|21,O15014|845|Y|21,0.86,,
O14980|391|S|21,Q6PCE3|173|T|21,0.66,,
O14980|391|S|21,Q9Y3L3|262|S|21,0.69,,
O14979|116|S|21,Q16513|952|S|21,0.67,,
O60716|168|S|21,O75909|8|S|21,0.66,,
O60716|168|S|21,Q9H5Y7|743|S|21,0.68,,
O15014|1055|S|21,Q9UHR4|414|S|21,0.66,,
O15027|1398|S|21,Q9BSW2|473|S|21,0.66,,
O15027|1398|S|21,Q9HCN4|314|S|21,0.66,,
O15027|1398|S|21,Q12769|1147|S|21,0.66,,
O15027|1398|S|21,Q86YV0|51|S|21,0.66,,
O15027|1398|S|21,O95466|184|S|21,0.69,,
O15027|1398|S|21,P35236|44|S|21,0.66,,
O60641|300|S|21,Q8IVF5|1583|S|21,0.7,,
O60641|300|S|21,P14136|13|S|21,0.68,,
O15027|1371|S|21,Q01130|208|S|21,0.71,,
O15027|74|S|21,P53396|446|S|21,0.66,,
O15027|74|S|21,P22681|486|S|21,0.66,,
O15027|74|S|21,P18669|21|R|7,0.68,,
O75379|88|S|21,O75379|90|S|21,0.85,,
O75379|88|S|21,Q9NZ56|396|S|21,0.72,,
O15027|2083|S|21,Q8TB72|136|S|21,0.69,,
O15027|1069|S|21,P18615|51|S|21,0.67,,
O15027|1069|S|21,P04049|259|S|21,0.66,,
O15027|1069|S|21,P49916|241|S|21,0.66,,
O15027|1069|S|21,Q8TDD1|75|S|21,0.66,,
O15027|1069|S|21,P06493|15|Y|21,0.66,,
O60711|19|S|21,O60711|23|S|21,0.66,,
O60711|19|S|21,O75995|27|S|21,0.67,,
O60664|130|S|21,Q8NHG8|19|S|21,0.66,,
O60885|469|S|21,Q12888|830|S|21,0.66,,
O75387|267|S|21,P28290|1175|S|21,0.69,,
O00567|520|S|21,Q9H1E3|19|S|21,0.66,,
O00566|242|S|21,Q8N5F7|149|S|21,0.67,,
O00566|242|S|21,Q8N3U4|1161|S|21,0.69,,
O00566|242|S|21,P18615|113|S|21,0.71,,
O00566|242|S|21,Q14839|1308|S|21,0.69,,
O00566|242|S|21,Q02880|1375|S|21,0.74,,
O00515|356|S|21,O95361|60|S|21,0.66,,
O00515|356|S|21,Q8WWI1|1424|T|21,0.69,,
O00515|356|S|21,Q8WWI1|1423|S|21,0.69,,
O00515|356|S|21,Q9UEY8|681|S|21,0.69,,
O00515|38|S|21,O00515|39|S|21,0.66,,
O00515|39|S|21,P35568|636|S|21,0.66,,
O00515|355|S|21,O00515|356|S|21,0.77,,
O00515|355|S|21,Q8TDB6|532|S|21,0.68,,
O00515|355|S|21,P29966|145|S|21,0.66,,
O60885|601|S|21,P55884|119|S|21,0.68,,
O00515|394|S|21,Q6ZRV2|1003|S|21,0.66,,
O00515|394|S|21,Q6WCQ1|993|S|21,0.69,,
O00515|394|S|21,Q6ZRV2|936|S|21,0.68,,
O00712|265|S|21,P20020|1182|S|21,0.66,,
O00629|60|S|21,Q9H4L7|212|S|21,0.66,,
O00629|60|S|21,Q8WU90|381|S|21,0.7,,
O00629|60|S|21,O15355|183|S|21,0.7,,
O00567|569|S|21,O00567|570|S|21,0.71,,
O00567|563|S|21,Q9BVP2|504|S|21,0.66,,
O00592|519|S|21,Q9UP95|967|S|21,0.71,,
O60841|222|S|21,Q9UBS0|417|S|21,0.66,,
O00571|23|S|21,Q15424|11|S|21,0.66,,
O00571|23|S|21,O43491|598|S|21,0.66,,
O75385|763|S|21,Q00587|77|S|21,0.71,,
O00472|305|S|21,Q7Z6B7|1029|S|21,0.66,,
O75152|758|S|21,P17275|255|T|21,0.66,,
O75152|758|S|21,O75152|759|S|21,0.68,,
O00499|296|S|21,Q5T4S7|2719|S|21,0.66,,
O00499|298|S|21,P08651|323|S|21,0.67,,
O00499|298|S|21,P27816|521|T|21,0.69,,
O00499|298|S|21,Q9Y5K6|458|S|21,0.68,,
O00499|298|S|21,Q9H307|347|S|21,0.7,,
O00488|133|S|21,O14497|607|S|21,0.67,,
O00488|133|S|21,Q15398|689|S|21,0.68,,
O14497|607|S|21,Q14573|937|S|21,0.68,,
O00472|503|S|21,Q15583|142|S|21,0.67,,
O75052|374|S|21,Q92576|680|S|21,0.7,,
O75052|374|S|21,Q05655|307|S|21,0.67,,
O75069|438|S|21,P08708|113|S|21,0.66,,
O00425|184|S|21,Q7Z422|37|S|21,0.66,,
O00425|180|S|21,O15047|508|S|21,0.66,,
O60930|76|S|21,Q13017|1173|S|21,0.67,,
O60930|76|S|21,Q9NR30|89|S|21,0.68,,
O00512|153|S|21,P15336|136|S|21,0.66,,
O60888|54|S|21,P07197|628|S|21,0.69,,
O60888|54|S|21,P23634|328|S|21,0.66,,
O00515|177|S|21,Q8TDB6|532|S|21,0.69,,
O00515|177|S|21,Q9H7D0|1766|S|21,0.67,,
O00515|177|S|21,P35611|586|S|21,0.67,,
O00515|177|S|21,P55317|307|S|21,0.66,,
O00515|177|S|21,Q8TE68|187|T|21,0.66,,
O00515|177|S|21,P49023|118|Y|21,0.75,,
O00515|177|S|21,Q9Y5K6|458|S|21,0.69,,
O00512|687|S|21,Q9H7D0|1805|S|21,0.7,,
O00512|687|S|21,Q96S90|3|S|21,0.75,,
O75396|137|S|21,P15924|2209|S|21,0.67,,
O75396|137|S|21,O94888|280|S|21,0.66,,
O75152|759|S|21,O75152|761|S|21,0.76,,
O00512|104|S|21,O00512|107|S|21,0.69,,
O00505|60|S|21,Q9Y6D5|227|S|21,0.66,,
O00505|60|S|21,Q00613|363|S|21,0.66,,
O00505|60|S|21,Q7Z460|600|S|21,0.7,,
O00505|60|S|21,Q86UE4|426|S|21,0.67,,
O60934|432|S|21,Q14980|2047|S|21,0.67,,
O14617|688|S|21,P38432|218|S|21,0.67,,
O14617|686|S|21,O14617|688|S|21,0.71,,
O60825|466|S|21,O95782|655|S|21,0.73,,
O60825|466|S|21,Q9Y3L3|550|S|21,0.68,,
O14639|362|S|21,O60565|76|S|21,0.67,,
O14639|362|S|21,O14639|363|S|21,0.77,,
O14639|355|S|21,O14639|359|R|7,0.79,,
O14639|352|S|21,Q6UUV7|394|T|21,0.66,,
O14545|409|S|21,Q8NFI4|75|S|21,0.66,,
O14545|415|S|21,P55327|176|S|21,0.66,,
O14545|415|S|21,Q7Z6Z7|1907|S|21,0.66,,
O75153|664|S|21,Q99618|94|S|21,0.68,,
O14617|685|S|21,Q96CX2|200|S|21,0.66,,
O14617|685|S|21,O14617|688|S|21,0.84,,
O60749|119|S|21,P06239|192|Y|21,0.69,,
O60749|119|S|21,P06733|44|Y|21,0.7,,
O60749|119|S|21,Q6JBY9|219|S|21,0.68,,
O60749|119|S|21,P78559|1761|S|21,0.66,,
O14639|455|S|21,P04049|296|S|21,0.66,,
O14639|367|S|21,Q6UUV7|391|S|21,0.66,,
O60763|942|S|21,Q9UHB6|686|S|21,0.68,,
O60763|942|S|21,P35659|32|S|21,0.74,,
O75382|7|S|21,Q9Y2H5|777|S|21,0.66,,
O14639|431|S|21,Q96B36|212|S|21,0.66,,
O14639|431|S|21,P51610|598|S|21,0.67,,
O14639|431|S|21,Q13033|229|S|21,0.66,,
O14639|426|S|21,O14639|428|R|7,0.79,,
O75385|719|S|21,Q0VF96|198|S|21,0.7,,
O75385|719|S|21,Q99590|413|S|21,0.68,,
O60841|107|S|21,Q96ST2|398|S|21,0.67,,
O60841|107|S|21,Q9BW71|199|S|21,0.68,,
O60841|107|S|21,Q6P6C2|69|S|21,0.66,,
O60841|107|S|21,P49450|19|S|21,0.69,,
O14497|381|S|21,O94804|951|S|21,0.66,,
O14497|1755|S|21,Q13330|386|S|21,0.67,,
O14497|363|S|21,P35222|552|S|21,0.66,,
O14497|696|S|21,Q96MU7|146|S|21,0.67,,
O60841|164|S|21,Q9C0C2|1666|S|21,0.67,,
O14495|19|S|21,Q96BY7|1743|S|21,0.66,,
O00712|333|S|21,P28290|641|S|21,0.72,,
O14497|1600|S|21,Q9UBW5|461|T|21,0.66,,
O14523|662|S|21,Q9Y2U5|239|S|21,0.67,,
O60832|21|S|21,Q01831|94|S|21,0.66,,
O14523|468|S|21,Q6ZRS2|274|S|21,0.66,,
O75385|716|S|21,O75385|719|S|21,0.66,,
O60828|247|S|21,Q2KHR2|1128|S|21,0.69,,
O60828|247|S|21,Q9UQL6|498|S|21,0.71,,
O14545|325|S|21,O14545|326|S|21,0.66,,
O60832|494|S|21,Q9NR30|121|S|21,0.72,,
O14497|698|S|21,P54578|143|S|21,0.66,,
O43524|7|S|21,Q14151|343|S|21,0.69,,
O43524|7|S|21,P49792|788|S|21,0.66,,
O43524|12|S|21,Q14151|343|S|21,0.67,,
O43524|12|S|21,O43524|7|S|21,0.92,,
O75179|2045|S|21,Q13033|229|S|21,0.71,,
O75179|2045|S|21,Q7Z309|119|S|21,0.7,,
O43583|73|S|21,Q13435|307|S|21,0.66,,
O43493|298|S|21,Q641Q2|1075|S|21,0.66,,
O43493|351|S|21,P46821|1252|S|21,0.67,,
O43491|683|S|21,O43491|684|H|53,0.69,,
O43491|683|S|21,Q09666|559|S|21,0.68,,
O43491|683|S|21,P61073|325|S|21,0.7,,
O43491|683|S|21,Q5JTV8|143|S|21,0.66,,
O43491|683|S|21,Q69YH5|936|S|21,0.66,,
O43491|683|S|21,P21127|589|S|21,0.66,,
O43491|683|S|21,P11388|1393|S|21,0.7,,
O43491|683|S|21,P11388|1392|S|21,0.66,,
O43491|683|S|21,Q9NS91|99|S|21,0.68,,
O43491|683|S|21,Q8WX93|1101|S|21,0.67,,
O43491|683|S|21,Q8WUM0|50|S|21,0.66,,
O43491|683|S|21,Q9NPI6|525|S|21,0.67,,
O43491|683|S|21,Q969S3|143|S|21,0.72,,
O43491|87|S|21,Q9Y6R9|376|S|21,0.66,,
O60293|1304|S|21,Q8N1G2|31|S|21,0.67,,
O75367|166|S|21,O75381|271|S|21,0.67,,
O60292|171|S|21,Q5JSP0|128|S|21,0.67,,
O60292|171|S|21,Q9ULL5|332|S|21,0.66,,
O60292|171|S|21,Q8N9U0|156|S|21,0.71,,
O43719|498|S|21,Q12802|650|S|21,0.68,,
O43639|90|S|21,O43639|94|S|21,0.66,,
O43639|90|S|21,Q9NR09|480|S|21,0.67,,
O43639|94|S|21,Q86YS7|295|S|21,0.67,,
O60292|177|S|21,O94763|451|T|21,0.67,,
O43602|306|S|21,Q9HCM3|1388|S|21,0.74,,
O60293|1301|S|21,P49674|363|S|21,0.67,,
O43663|466|S|21,Q12923|936|S|21,0.67,,
O43395|619|S|21,Q9UKY7|106|S|21,0.66,,
O43395|619|S|21,P57081|391|S|21,0.68,,
O43399|12|S|21,Q12888|1028|S|21,0.68,,
O43399|12|S|21,Q16204|240|S|21,0.66,,
O43399|3|S|21,Q12888|1028|S|21,0.67,,
O43399|3|S|21,Q99590|771|S|21,0.66,,
O43314|1172|S|21,Q8IU85|180|T|21,0.82,,
O43314|1172|S|21,Q9Y613|498|S|21,0.69,,
O43314|1172|S|21,Q9BZ29|443|S|21,0.72,,
O43314|1172|S|21,P08670|83|S|21,0.67,,
O43314|1172|S|21,Q17R98|760|S|21,0.68,,
O43314|1172|S|21,Q5PRF9|252|S|21,0.72,,
O75179|1700|S|21,P52594|177|T|21,0.72,,
O60293|949|S|21,O60293|953|S|21,0.7,,
O43379|1232|S|21,Q96MU7|308|S|21,0.66,,
O43379|1232|S|21,P52948|839|S|21,0.75,,
O60293|717|S|21,Q03164|2391|S|21,0.68,,
O60293|717|S|21,Q03164|2392|S|21,0.71,,
O60293|717|S|21,Q96GP6|651|S|21,0.66,,
O60293|717|S|21,Q92766|42|S|21,0.75,,
O60293|714|S|21,O60293|717|S|21,0.81,,
O60293|714|S|21,Q96GP6|651|S|21,0.71,,
O43491|676|S|21,Q5PRF9|252|S|21,0.66,,
O43426|1391|S|21,Q53QZ3|43|S|21,0.68,,
O43426|1391|S|21,Q8N3X1|113|Y|21,0.69,,
O43463|391|S|21,Q13303|9|S|21,0.68,,
O43432|230|S|21,Q9BRK4|102|S|21,0.66,,
O43432|230|S|21,Q9UQ35|1582|S|21,0.68,,
O43432|232|S|21,Q8NFG4|73|S|21,0.68,,
O60271|329|S|21,P61006|185|S|21,0.66,,
O60271|329|S|21,Q9H2G2|571|S|21,0.68,,
O60271|329|S|21,Q96JG6|561|S|21,0.72,,
O60231|106|S|21,Q9NQZ2|365|S|21,0.69,,
O43896|674|S|21,Q03111|361|S|21,0.66,,
O43896|674|S|21,O43896|676|S|21,0.78,,
O43896|674|S|21,O60293|1304|S|21,0.66,,
O60271|183|S|21,Q96CP6|267|S|21,0.67,,
O60245|1011|S|21,Q9H063|60|S|21,0.66,,
O60264|116|S|21,Q4KMP7|658|S|21,0.73,,
O75179|2059|S|21,Q8WXE0|697|S|21,0.71,,
O75179|2059|S|21,P13807|645|S|21,0.69,,
O60256|219|S|21,P49327|2156|S|21,0.66,,
O60240|382|S|21,Q8N5C8|383|S|21,0.66,,
O60240|382|S|21,P53396|663|S|21,0.71,,
O60240|382|S|21,Q5U651|331|S|21,0.68,,
O75179|2065|S|21,P49023|98|S|21,0.7,,
O75351|102|S|21,Q9Y4W2|560|S|21,0.71,,
O75351|102|S|21,Q96JP5|83|S|21,0.69,,
O75351|102|S|21,Q9BW61|95|S|21,0.73,,
O75351|102|S|21,P49407|412|S|21,0.67,,
O43719|713|S|21,Q13586|618|S|21,0.67,,
O43719|713|S|21,Q4G0J3|337|S|21,0.71,,
O43719|713|S|21,O43719|714|S|21,0.79,,
O43719|713|S|21,Q99590|776|S|21,0.69,,
O43719|713|S|21,Q99543|47|S|21,0.69,,
O43719|702|S|21,Q9UQB8|452|S|21,0.67,,
O60292|1364|S|21,Q6UN15|304|S|21,0.68,,
O60292|1364|S|21,P51531|1377|S|21,0.67,,
O43719|714|S|21,Q13586|618|S|21,0.67,,
O43719|676|S|21,O43719|702|S|21,0.66,,
O43719|676|S|21,Q9H307|347|S|21,0.66,,
O43719|721|S|21,Q16512|914|T|21,0.73,,
O60292|1544|S|21,Q3MII6|506|S|21,0.68,,
O43719|616|S|21,O43719|624|S|21,0.76,,
O43719|616|S|21,Q9UKV3|240|S|21,0.67,,
O43719|529|S|21,P17480|484|S|21,0.66,,
O43719|642|S|21,P11717|2409|S|21,0.67,,
O43719|642|S|21,O60832|494|S|21,0.7,,
O43719|642|S|21,Q8WWI1|1510|S|21,0.66,,
O43815|239|S|21,O14974|443|T|21,0.68,,
O43815|239|S|21,Q14978|693|S|21,0.66,,
O43815|239|S|21,Q13177|139|Y|21,0.67,,
O60279|241|S|21,P46821|541|S|21,0.68,,
O43815|245|S|21,Q53SF7|256|S|21,0.66,,
O43815|245|S|21,Q53T59|249|S|21,0.67,,
O43815|245|S|21,Q8ND30|363|S|21,0.67,,
O43768|67|S|21,P36871|117|S|21,0.67,,
O43823|339|S|21,Q92619|25|S|21,0.66,,
O60271|730|S|21,Q8IYB3|465|S|21,0.72,,
O43741|182|S|21,Q9BUT9|86|T|21,0.66,,
O43741|182|S|21,Q14CZ8|278|S|21,0.69,,
O43741|182|S|21,P51674|267|S|21,0.69,,
O43741|182|S|21,P02686|249|S|21,0.68,,
O43741|108|S|21,Q9Y3L3|550|S|21,0.66,,
O43765|77|S|21,Q7Z4V5|454|S|21,0.68,,
O43765|77|S|21,Q12789|1868|S|21,0.66,,
O43765|305|S|21,Q5VZK9|1314|S|21,0.66,,
O43765|305|S|21,Q63ZY6|260|S|21,0.66,,
O43765|305|S|21,Q8WVV4|98|S|21,0.69,,
O43765|305|S|21,P78312|1128|T|21,0.68,,
O60341|849|S|21,Q9BXS9|752|S|21,0.69,,
O60341|849|S|21,Q8TDJ6|1143|S|21,0.69,,
O15234|148|S|21,Q9UQ35|1064|S|21,0.67,,
O15258|90|S|21,Q9H165|446|S|21,0.7,,
O15258|90|S|21,Q2KHR2|1083|S|21,0.68,,
O15258|90|S|21,Q15424|11|S|21,0.68,,
O15258|90|S|21,P17542|122|S|21,0.72,,
O15258|90|S|21,P42768|484|S|21,0.67,,
O15258|90|S|21,Q15398|661|T|21,0.67,,
O15258|90|S|21,Q9Y2D5|146|S|21,0.7,,
O15258|90|S|21,Q9Y4W2|612|S|21,0.7,,
O15234|363|S|21,Q12888|294|S|21,0.68,,
O15231|465|S|21,P49023|303|S|21,0.68,,
O15231|465|S|21,P49023|106|S|21,0.68,,
O15231|465|S|21,Q5VT52|593|S|21,0.66,,
O60343|341|S|21,Q5JTV8|315|S|21,0.66,,
O75179|1696|S|21,O75179|1700|S|21,0.91,,
O75179|1696|S|21,P52594|177|T|21,0.72,,
O15231|446|S|21,Q09666|115|S|21,0.69,,
O15231|512|S|21,O15231|519|S|21,0.8,,
O60341|131|S|21,O60341|137|S|21,0.78,,
O60341|137|S|21,Q15154|68|S|21,0.69,,
O15400|129|S|21,Q14C86|466|S|21,0.69,,
O15417|995|S|21,Q15672|68|S|21,0.74,,
O15417|995|S|21,Q8IY18|12|S|21,0.67,,
O15417|995|S|21,Q8IWE2|200|S|21,0.68,,
O15438|908|S|21,P29692|118|S|21,0.69,,
O15438|908|S|21,O15438|911|S|21,0.85,,
O15438|908|S|21,Q9NQW6|295|S|21,0.68,,
O15438|908|S|21,Q13443|758|S|21,0.66,,
O15438|911|S|21,Q9NQW6|295|S|21,0.68,,
O15438|911|S|21,P29692|118|S|21,0.69,,
O15417|991|S|21,Q9UK61|636|S|21,0.66,,
O75376|158|S|21,Q01082|2138|S|21,0.72,,
O75376|2184|S|21,P35658|1023|S|21,0.72,,
O75376|2184|S|21,P52272|633|S|21,0.7,,
O75376|2184|S|21,Q9P289|4|S|21,0.67,,
O75376|2184|S|21,Q9UQ88|583|T|21,0.66,,
O75376|2184|S|21,Q96E09|189|S|21,0.71,,
O60353|624|S|21,P42892|36|S|21,0.66,,
O60353|624|S|21,Q9H814|368|S|21,0.67,,
O60353|624|S|21,Q9Y653|690|S|21,0.66,,
O60353|624|S|21,Q9Y6W5|296|S|21,0.69,,
O15085|655|S|21,O15085|656|T|21,0.66,,
O15085|35|S|21,Q8WXH0|166|S|21,0.7,,
O15085|35|S|21,Q5UIP0|2172|S|21,0.67,,
O60343|597|S|21,O95425|238|S|21,0.68,,
O60343|597|S|21,Q96I25|169|S|21,0.7,,
O60343|597|S|21,Q96LR5|11|S|21,0.67,,
O60343|597|S|21,Q9NYV4|249|S|21,0.66,,
O60343|597|S|21,Q8IWI9|1422|S|21,0.66,,
O15119|435|S|21,Q9HCM3|1395|S|21,0.67,,
O15119|435|S|21,P35612|600|S|21,0.71,,
O15119|707|S|21,P17029|13|S|21,0.68,,
O15119|432|S|21,Q96RK0|1409|S|21,0.72,,
O75179|1693|S|21,Q6PFW1|944|S|21,0.67,,
O15085|251|S|21,O15085|255|S|21,0.73,,
O15085|255|S|21,O15085|253|R|7,0.67,,
O15085|1295|S|21,Q96N16|382|S|21,0.66,,
O15085|1295|S|21,Q8NEY1|648|S|21,0.71,,
O15173|208|S|21,Q8IWS0|154|S|21,0.7,,
O15231|153|S|21,O15231|155|S|21,0.74,,
O15231|153|S|21,Q96Q15|3573|T|21,0.67,,
O15231|155|S|21,Q70E73|5|S|21,0.66,,
O15143|310|S|21,Q9BXY0|202|T|21,0.67,,
O15143|311|S|21,Q13315|2973|R|7,0.66,,
O15164|1025|S|21,Q9Y2X7|385|S|21,0.66,,
O15164|1025|S|21,Q9H7N4|500|S|21,0.66,,
O15164|1025|S|21,P35251|69|S|21,0.68,,
O15155|50|S|21,Q86VQ1|303|S|21,0.67,,
O60343|588|S|21,Q9C0C2|691|S|21,0.66,,
O43237|443|S|21,Q96HA1|345|S|21,0.68,,
O43237|443|S|21,O43237|446|S|21,0.69,,
O75369|2478|S|21,P20042|2|S|21,0.7,,
O75369|2478|S|21,Q15149|4408|S|21,0.66,,
O75369|2478|S|21,P28482|187|Y|21,0.71,,
O75369|2478|S|21,P41212|18|T|21,0.66,,
O60315|1122|S|21,P28347|7|S|21,0.67,,
O60315|1122|S|21,Q96II8|324|S|21,0.68,,
O43166|210|S|21,Q9H4L7|152|S|21,0.7,,
O75369|2107|S|21,Q9Y446|314|S|21,0.67,,
O60307|709|S|21,Q96P11|327|S|21,0.68,,
O60307|709|S|21,O60307|711|S|21,0.77,,
O43290|448|S|21,O43765|77|S|21,0.66,,
O43166|1588|S|21,P78559|1203|S|21,0.66,,
O75369|2481|S|21,Q12830|2060|S|21,0.66,,
O75369|2481|S|21,P33991|77|S|21,0.69,,
O75369|2481|S|21,P33991|78|S|21,0.68,,
O75369|2481|S|21,P23381|4|S|21,0.71,,
O75369|2481|S|21,Q9NYV4|393|S|21,0.69,,
O75369|2481|S|21,Q9UKD2|80|S|21,0.69,,
O43166|1572|S|21,Q12797|29|S|21,0.66,,
O60315|353|S|21,Q9Y2J2|469|T|21,0.68,,
O43166|176|S|21,Q9Y580|136|S|21,0.68,,
O43166|176|S|21,O95835|464|S|21,0.68,,
O43294|192|S|21,Q6ZRS2|3161|S|21,0.66,,
O43294|192|S|21,O43294|194|S|21,0.79,,
O43294|187|S|21,Q9NQS7|478|T|21,0.68,,
O43294|187|S|21,Q96T23|1226|S|21,0.68,,
O43294|187|S|21,O43294|194|S|21,0.71,,
O43294|187|S|21,O43294|192|S|21,0.75,,
O60296|775|S|21,O60296|780|S|21,0.82,,
O60296|780|S|21,Q9UN79|335|S|21,0.66,,
O43295|837|S|21,Q14938|280|S|21,0.7,,
O43293|311|S|21,P27816|585|T|21,0.67,,
O43293|311|S|21,O43293|312|S|21,0.69,,
O43293|311|S|21,Q96KQ7|173|S|21,0.69,,
O43293|312|S|21,Q9Y2D5|393|S|21,0.67,,
O43293|312|S|21,Q16537|33|S|21,0.68,,
O43294|141|S|21,Q03001|7420|S|21,0.7,,
O43294|141|S|21,Q7Z4S6|1225|S|21,0.72,,
O43294|141|S|21,Q8WWI1|956|T|21,0.67,,
O43294|141|S|21,P28290|318|S|21,0.66,,
O15541|6|S|21,Q96E09|189|S|21,0.72,,
O15541|6|S|21,Q9P289|4|S|21,0.66,,
O15541|6|S|21,Q9Y2X3|350|T|21,0.72,,
O15541|6|S|21,P06400|37|S|21,0.67,,
O15541|6|S|21,O75376|2184|S|21,0.69,,
O15541|6|S|21,Q05519|207|S|21,0.68,,
O15541|85|S|21,P0C1Z6|252|S|21,0.68,,
O15541|85|S|21,O60231|106|S|21,0.68,,
O15541|85|S|21,Q99549|136|S|21,0.68,,
O15541|85|S|21,Q96Q15|3570|S|21,0.67,,
O15541|85|S|21,Q99549|138|S|21,0.69,,
O15440|509|S|21,Q13523|852|S|21,0.7,,
O75179|1699|S|21,O75179|1700|S|21,0.67,,
O60315|780|S|21,P35712|439|S|21,0.72,,
O60315|780|S|21,P53396|663|S|21,0.66,,
O43156|828|S|21,O95425|238|S|21,0.71,,
O43156|828|S|21,Q16181|334|S|21,0.67,,
O43156|828|S|21,Q12830|2370|S|21,0.66,,
O43156|828|S|21,Q9Y2G1|720|S|21,0.67,,
O43156|828|S|21,Q8TDJ6|1140|S|21,0.68,,
O43156|828|S|21,Q96LR5|11|S|21,0.66,,
O43166|1568|S|21,Q14151|444|S|21,0.67,,
O43166|1568|S|21,P49790|334|S|21,0.69,,
O43166|1568|S|21,Q9Y6G9|32|S|21,0.68,,
O43166|1565|S|21,O43166|1568|S|21,0.87,,
O43166|1565|S|21,Q8N1G0|519|S|21,0.69,,
O43166|1565|S|21,Q969S3|143|S|21,0.74,,
O43166|1565|S|21,Q9Y6G9|32|S|21,0.72,,
O43166|1565|S|21,Q9Y679|288|S|21,0.7,,
O43166|1565|S|21,Q9NRL3|53|S|21,0.67,,
O43166|1565|S|21,Q9NYL2|633|S|21,0.67,,
O43166|1565|S|21,Q14151|444|S|21,0.7,,
O43166|1565|S|21,Q13523|852|S|21,0.68,,
O43166|1565|S|21,P49790|334|S|21,0.72,,
O60315|356|S|21,O15530|245|T|21,0.68,,
O60315|784|S|21,O60315|782|T|21,0.79,,
O43149|1518|S|21,P56524|467|S|21,0.7,,
O15551|199|S|21,O15551|203|S|21,0.71,,
O43150|701|S|21,Q8WWI1|1423|S|21,0.66,,
O43150|701|S|21,Q8WWM7|594|S|21,0.75,,
O43150|701|S|21,Q9NW82|638|S|21,0.7,,
O43150|701|S|21,P23497|362|S|21,0.66,,
O00151|130|S|21,Q9BUL9|162|S|21,0.67,,
O00267|670|S|21,Q9BXY0|202|T|21,0.8,,
O00267|670|S|21,Q9H7D0|1785|S|21,0.73,,
O00267|670|S|21,P26006|1042|S|21,0.67,,
O00267|670|S|21,P18206|345|S|21,0.74,,
O00267|670|S|21,P31321|77|S|21,0.7,,
O00267|670|S|21,P01893|359|S|21,0.68,,
O00267|670|S|21,P01893|356|S|21,0.67,,
O00267|670|S|21,Q5VZK9|1094|S|21,0.66,,
O00267|670|S|21,Q3V6T2|1700|S|21,0.67,,
O75122|955|S|21,Q92667|151|S|21,0.66,,
O75122|955|S|21,P78559|1675|S|21,0.67,,
O00178|25|S|21,Q8WWI1|1026|S|21,0.66,,
A1A4S6|591|S|21,Q9Y385|267|T|21,0.66,,
A1A4S6|591|S|21,Q14573|937|S|21,0.67,,
O75151|879|S|21,Q9NU22|4538|S|21,0.71,,
O75151|879|S|21,Q01581|516|S|21,0.69,,
O75122|461|S|21,P18669|21|R|7,0.66,,
O75122|461|S|21,O75122|463|S|21,0.71,,
A2RRP1|473|S|21,Q9HAJ7|99|S|21,0.7,,
A2RRP1|473|S|21,Q8NFG4|73|S|21,0.69,,
E9PAV3|2029|S|21,P50548|21|S|21,0.66,,
O75151|882|S|21,Q14008|832|T|21,0.66,,
O75151|882|S|21,P18583|152|S|21,0.67,,
A6NNZ2|126|S|21,Q14558|215|S|21,0.68,,
A6NNZ2|126|S|21,Q14004|358|S|21,0.72,,
A6NNZ2|126|S|21,Q12979|53|S|21,0.69,,
A6NNZ2|126|S|21,Q6KC79|150|S|21,0.66,,
O00178|580|S|21,Q5JTV8|315|S|21,0.72,,
A6NKD9|246|S|21,Q02952|381|S|21,0.66,,
A6NKD9|246|S|21,O14681|326|S|21,0.73,,
O75122|596|S|21,P35236|44|S|21,0.7,,
O75122|596|S|21,O75376|2187|S|21,0.71,,
O75122|596|S|21,O96013|478|T|21,0.66,,
O75122|596|S|21,Q9BWU0|464|Y|21,0.69,,
O75122|596|S|21,P06733|44|Y|21,0.72,,
O75122|596|S|21,P06239|192|Y|21,0.73,,
A1L390|1081|S|21,Q147X3|199|S|21,0.68,,
A1L390|1081|S|21,O75151|882|S|21,0.68,,
A3KN83|693|S|21,O95425|238|S|21,0.68,,
A3KN83|693|S|21,O43156|828|S|21,0.66,,
A3KN83|693|S|21,Q96LR5|11|S|21,0.68,,
A1L170|222|S|21,A1L170|223|S|21,0.8,,
A1L170|223|S|21,P78312|1128|T|21,0.68,,
A1L170|223|S|21,Q3V6T2|1700|S|21,0.7,,
O00264|181|S|21,P05455|366|S|21,0.72,,
O00264|181|S|21,O60841|113|S|21,0.72,,
A0MZ66|506|S|21,Q5T0N5|295|S|21,0.69,,
O75128|269|S|21,Q765P7|257|S|21,0.68,,
O75128|269|S|21,P49674|363|S|21,0.7,,
A1X283|291|S|21,O15085|253|R|7,0.7,,
O75122|327|S|21,Q92608|1706|S|21,0.66,,
A0MZ66|532|S|21,A0MZ66|534|S|21,0.78,,
A7E2V4|1153|S|21,P21127|763|S|21,0.69,,
A7E2V4|1153|S|21,P55201|460|S|21,0.68,,
O75152|290|S|21,Q68EM7|162|S|21,0.71,,
O75152|290|S|21,Q13206|539|S|21,0.71,,
A5YM69|184|S|21,Q9P206|669|S|21,0.67,,
A7E2V4|53|S|21,P08670|188|K|34,0.67,,
O75410|55|S|21,O75569|20|T|21,0.67,,
O75410|55|S|21,P82094|328|S|21,0.7,,
O75410|55|S|21,P57768|108|S|21,0.68,,
A7E2V4|1092|S|21,P53999|13|S|21,0.71,,
O00161|5|S|21,Q5VT52|592|Y|21,0.67,,
A0MZ66|494|S|21,Q9UPN3|4496|S|21,0.68,,
O00161|161|S|21,Q8NBN3|527|S|21,0.69,,
A1L390|76|S|21,Q86WR7|45|T|21,0.66,,
O75448|862|S|21,Q5SY16|487|S|21,0.66,,
O75427|21|S|21,O75427|25|S|21,0.68,,
O75122|370|S|21,P53396|455|S|21,0.67,,
O75122|370|S|21,Q7Z460|600|S|21,0.69,,
A6NKT7|782|S|21,A6NKT7|789|S|21,0.88,,
A2RUB6|258|S|21,A2RUB6|259|S|21,0.96,,
A2RUB6|258|S|21,Q15047|1063|Y|21,0.68,,
A2RUB6|259|S|21,Q96JM3|458|T|21,0.67,,
A2RUB6|259|S|21,P46821|1016|S|21,0.66,,
B2RUZ4|22|S|21,Q9Y2G1|720|S|21,0.69,,
B2RUZ4|22|S|21,O43156|828|S|21,0.7,,
B2RUZ4|22|S|21,Q15811|315|S|21,0.69,,
O75140|496|S|21,Q92614|94|S|21,0.67,,
O75140|496|S|21,O75140|503|S|21,0.7,,
O00161|110|S|21,P42566|814|S|21,0.69,,
O00410|827|S|21,O95466|184|S|21,0.67,,
O00410|827|S|21,O60711|19|S|21,0.67,,
B5ME19|39|S|21,P46821|937|S|21,0.67,,
O75122|326|S|21,Q9H165|446|S|21,0.72,,
O00264|57|S|21,Q9NYF8|397|S|21,0.68,,
O75400|888|S|21,Q13427|745|S|21,0.67,,
A6NKF1|402|S|21,Q96GM8|5|S|21,0.66,,
