PTM_ID,Gene,POS,RES,MOD,res_mod
ORF3456478|6|S|21,ORF3456478,6,S,21,S-21
Q14568|112|K|1,Q14568,112,K,1,K-1
Q96HC4|111|S|21,Q96HC4,111,S,21,S-21
P21333|891|K|34,P21333,891,K,34,K-34
ORF3426592|87|E|35,ORF3426592,87,E,35,E-35
ORF3304471|648|S|21,ORF3304471,648,S,21,S-21
ORF3423106|273|T|21,ORF3423106,273,T,21,T-21
ORF3467224|49|K|34,ORF3467224,49,K,34,K-34
ORF3413575|348|K|1,ORF3413575,348,K,1,K-1
Q14204|3602|N|35,Q14204,3602,N,35,N-35
ORF3429097|67|S|21,ORF3429097,67,S,21,S-21
ORF3353737|1179|S|21,ORF3353737,1179,S,21,S-21
ORF3332647|120|S|21,ORF3332647,120,S,21,S-21
ORF3498247|17|S|21,ORF3498247,17,S,21,S-21
ORF3298216|45|T|21,ORF3298216,45,T,21,T-21
O75369|2107|S|21,O75369,2107,S,21,S-21
ORF3490831|309|N|35,ORF3490831,309,N,35,N-35
ORF3394498|302|K|53,ORF3394498,302,K,53,K-53
ORF3482368|284|N|35,ORF3482368,284,N,35,N-35
ORF3311965|366|C|53,ORF3311965,366,C,53,C-53
Q9NYI0|1011|S|21,Q9NYI0,1011,S,21,S-21
ORF3352342|2397|T|21,ORF3352342,2397,T,21,T-21
ORF3377338|78|S|21,ORF3377338,78,S,21,S-21
ORF3328219|687|S|21,ORF3328219,687,S,21,S-21
ORF3339631|38|S|21,ORF3339631,38,S,21,S-21
ORF3418759|32|K|34,ORF3418759,32,K,34,K-34
ORF3377656|21|R|34,ORF3377656,21,R,34,R-34
ORF3504253|749|S|21,ORF3504253,749,S,21,S-21
ORF3314734|5677|E|35,ORF3314734,5677,E,35,E-35
ORF3354460|20|K|1,ORF3354460,20,K,1,K-1
ORF3492661|611|S|21,ORF3492661,611,S,21,S-21
ORF3418474|1401|S|21,ORF3418474,1401,S,21,S-21
ORF3511198|184|N|35,ORF3511198,184,N,35,N-35
ORF3305464|387|S|21,ORF3305464,387,S,21,S-21
Q13459|1405|S|21,Q13459,1405,S,21,S-21
ORF3506275|187|Y|21,ORF3506275,187,Y,21,Y-21
ORF3468853|427|S|21,ORF3468853,427,S,21,S-21
ORF3458080|241|Y|21,ORF3458080,241,Y,21,Y-21
ORF3445723|362|H|53,ORF3445723,362,H,53,H-53
P11388|1393|S|21,P11388,1393,S,21,S-21
ORF3504148|832|S|21,ORF3504148,832,S,21,S-21
ORF3405682|1108|E|35,ORF3405682,1108,E,35,E-35
ORF3441595|31|S|21,ORF3441595,31,S,21,S-21
ORF3458080|192|K|1,ORF3458080,192,K,1,K-1
ORF3510535|50|S|21,ORF3510535,50,S,21,S-21
ORF3509665|450|Q|35,ORF3509665,450,Q,35,Q-35
ORF3400030|11|K|34,ORF3400030,11,K,34,K-34
ORF3505429|455|T|21,ORF3505429,455,T,21,T-21
ORF3445165|856|S|21,ORF3445165,856,S,21,S-21
ORF3431923|52|K|34,ORF3431923,52,K,34,K-34
ORF3448453|752|S|21,ORF3448453,752,S,21,S-21
ORF3314734|884|K|1,ORF3314734,884,K,1,K-1
ORF3318553|892|S|21,ORF3318553,892,S,21,S-21
ORF3400759|287|K|34,ORF3400759,287,K,34,K-34
ORF3372166|856|S|21,ORF3372166,856,S,21,S-21
ORF3420682|166|N|35,ORF3420682,166,N,35,N-35
ORF3395590|113|S|21,ORF3395590,113,S,21,S-21
ORF3454369|402|Y|21,ORF3454369,402,Y,21,Y-21
Q14160|1486|S|21,Q14160,1486,S,21,S-21
ORF949918|3|K|53,ORF949918,3,K,53,K-53
ORF3483376|13|S|21,ORF3483376,13,S,21,S-21
ORF3413332|486|S|21,ORF3413332,486,S,21,S-21
ORF3402490|72|D|35,ORF3402490,72,D,35,D-35
Q9NZN5|341|S|21,Q9NZN5,341,S,21,S-21
ORF3505069|640|S|21,ORF3505069,640,S,21,S-21
ORF3298402|83|S|21,ORF3298402,83,S,21,S-21
ORF3513175|127|S|21,ORF3513175,127,S,21,S-21
ORF3317869|212|R|7,ORF3317869,212,R,7,R-7
ORF3501292|48|E|35,ORF3501292,48,E,35,E-35
ORF3344452|354|S|21,ORF3344452,354,S,21,S-21
ORF3306232|60|E|35,ORF3306232,60,E,35,E-35
ORF3400426|921|S|21,ORF3400426,921,S,21,S-21
ORF3344782|1234|S|21,ORF3344782,1234,S,21,S-21
ORF3415654|36|E|35,ORF3415654,36,E,35,E-35
ORF3382417|183|S|21,ORF3382417,183,S,21,S-21
ORF3383332|59|S|21,ORF3383332,59,S,21,S-21
Q9Y490|1207|R|7,Q9Y490,1207,R,7,R-7
ORF3300991|2317|S|21,ORF3300991,2317,S,21,S-21
ORF3334222|187|S|21,ORF3334222,187,S,21,S-21
O75376|158|S|21,O75376,158,S,21,S-21
Q58FF6|458|K|34,Q58FF6,458,K,34,K-34
ORF3328435|60|S|21,ORF3328435,60,S,21,S-21
ORF3442909|61|D|35,ORF3442909,61,D,35,D-35
ORF3409993|54|S|21,ORF3409993,54,S,21,S-21
Q8NFC6|2973|S|21,Q8NFC6,2973,S,21,S-21
P51532|188|K|1,P51532,188,K,1,K-1
Q13813|2274|E|35,Q13813,2274,E,35,E-35
ORF3331282|192|K|1848,ORF3331282,192,K,1848,K-1848
P0C0L5|728|C|53,P0C0L5,728,C,53,C-53
ORF3413176|55|K|34,ORF3413176,55,K,34,K-34
ORF3315751|829|E|35,ORF3315751,829,E,35,E-35
ORF3459751|460|S|21,ORF3459751,460,S,21,S-21
ORF3472936|1166|S|21,ORF3472936,1166,S,21,S-21
ORF3514162|666|S|21,ORF3514162,666,S,21,S-21
ORF3400003|1184|S|21,ORF3400003,1184,S,21,S-21
ORF3305161|519|S|21,ORF3305161,519,S,21,S-21
Q14160|1309|S|21,Q14160,1309,S,21,S-21
ORF3368563|216|S|21,ORF3368563,216,S,21,S-21
Q6R327|1286|S|21,Q6R327,1286,S,21,S-21
P35580|1543|E|35,P35580,1543,E,35,E-35
ORF3395590|395|S|21,ORF3395590,395,S,21,S-21
ORF3474556|840|R|36,ORF3474556,840,R,36,R-36
ORF3319084|75|T|21,ORF3319084,75,T,21,T-21
ORF3300211|462|S|21,ORF3300211,462,S,21,S-21
ORF3336853|270|S|21,ORF3336853,270,S,21,S-21
ORF3369466|85|S|21,ORF3369466,85,S,21,S-21
ORF3316687|1345|S|21,ORF3316687,1345,S,21,S-21
ORF3312181|595|S|21,ORF3312181,595,S,21,S-21
ORF3308482|448|S|21,ORF3308482,448,S,21,S-21
ORF3458080|297|N|35,ORF3458080,297,N,35,N-35
ORF3395986|908|S|21,ORF3395986,908,S,21,S-21
ORF3381637|264|R|7,ORF3381637,264,R,7,R-7
ORF3395899|285|S|21,ORF3395899,285,S,21,S-21
Q58FF7|64|K|1848,Q58FF7,64,K,1848,K-1848
ORF3322153|181|K|1,ORF3322153,181,K,1,K-1
ORF3418516|413|E|35,ORF3418516,413,E,35,E-35
ORF3418222|25|R|7,ORF3418222,25,R,7,R-7
ORF3325927|819|S|21,ORF3325927,819,S,21,S-21
ORF3392983|1017|S|21,ORF3392983,1017,S,21,S-21
ORF3317866|323|E|35,ORF3317866,323,E,35,E-35
ORF3344380|465|E|35,ORF3344380,465,E,35,E-35
ORF3410302|243|E|35,ORF3410302,243,E,35,E-35
ORF3331627|204|S|21,ORF3331627,204,S,21,S-21
ORF3382417|889|S|21,ORF3382417,889,S,21,S-21
Q01082|2138|S|21,Q01082,2138,S,21,S-21
ORF3419566|976|S|21,ORF3419566,976,S,21,S-21
ORF3470767|183|S|21,ORF3470767,183,S,21,S-21
ORF3415801|52|K|1,ORF3415801,52,K,1,K-1
P61353|93|K|1,P61353,93,K,1,K-1
ORF3452494|87|D|35,ORF3452494,87,D,35,D-35
Q15154|412|K|121,Q15154,412,K,121,K-121
ORF3513595|188|S|21,ORF3513595,188,S,21,S-21
ORF3314734|3426|S|21,ORF3314734,3426,S,21,S-21
ORF3468769|2101|S|21,ORF3468769,2101,S,21,S-21
ORF3373408|752|S|21,ORF3373408,752,S,21,S-21
ORF3346171|130|D|35,ORF3346171,130,D,35,D-35
ORF3506677|82|D|35,ORF3506677,82,D,35,D-35
ORF3408322|335|K|121,ORF3408322,335,K,121,K-121
ORF3472369|82|S|21,ORF3472369,82,S,21,S-21
Q6WCQ1|977|S|21,Q6WCQ1,977,S,21,S-21
ORF3352342|1387|S|21,ORF3352342,1387,S,21,S-21
P16144|1469|Y|21,P16144,1469,Y,21,Y-21
ORF3459634|129|T|21,ORF3459634,129,T,21,T-21
Q8WYP5|1160|S|21,Q8WYP5,1160,S,21,S-21
ORF3300661|681|S|21,ORF3300661,681,S,21,S-21
ORF3317575|1753|S|21,ORF3317575,1753,S,21,S-21
Q86YV5|696|S|21,Q86YV5,696,S,21,S-21
ORF3409234|53|S|21,ORF3409234,53,S,21,S-21
ORF3402994|517|N|35,ORF3402994,517,N,35,N-35
ORF3299332|306|R|7,ORF3299332,306,R,7,R-7
ORF3392950|339|S|21,ORF3392950,339,S,21,S-21
Q14669|1427|S|21,Q14669,1427,S,21,S-21
ORF3336475|64|E|35,ORF3336475,64,E,35,E-35
P07203|146|D|35,P07203,146,D,35,D-35
ORF3314734|2805|E|35,ORF3314734,2805,E,35,E-35
ORF3509959|171|R|7,ORF3509959,171,R,7,R-7
ORF3433477|313|Y|21,ORF3433477,313,Y,21,Y-21
ORF3502492|386|D|35,ORF3502492,386,D,35,D-35
ORF3298402|424|R|7,ORF3298402,424,R,7,R-7
ORF3347017|568|Y|21,ORF3347017,568,Y,21,Y-21
Q15149|343|D|35,Q15149,343,D,35,D-35
ORF3373810|15|R|7,ORF3373810,15,R,7,R-7
ORF3415951|296|S|21,ORF3415951,296,S,21,S-21
ORF3468769|136|S|21,ORF3468769,136,S,21,S-21
ORF3418516|226|E|35,ORF3418516,226,E,35,E-35
A0A2R8Y4L2|149|R|36,A0A2R8Y4L2,149,R,36,R-36
ORF3365662|206|R|36,ORF3365662,206,R,36,R-36
ORF3451657|304|S|21,ORF3451657,304,S,21,S-21
ORF3500986|407|S|21,ORF3500986,407,S,21,S-21
ORF3445723|460|K|747,ORF3445723,460,K,747,K-747
ORF3403642|119|K|121,ORF3403642,119,K,121,K-121
ORF3370453|864|S|21,ORF3370453,864,S,21,S-21
P46100|889|S|21,P46100,889,S,21,S-21
ORF3314734|3285|D|35,ORF3314734,3285,D,35,D-35
ORF3455908|153|S|21,ORF3455908,153,S,21,S-21
ORF3419281|164|S|21,ORF3419281,164,S,21,S-21
ORF3418759|26|K|34,ORF3418759,26,K,34,K-34
ORF3327511|796|S|21,ORF3327511,796,S,21,S-21
ORF3458080|355|Q|35,ORF3458080,355,Q,35,Q-35
ORF3473476|45|K|34,ORF3473476,45,K,34,K-34
ORF3412750|59|T|23,ORF3412750,59,T,23,T-23
ORF3414493|273|K|53,ORF3414493,273,K,53,K-53
ORF3463993|224|S|21,ORF3463993,224,S,21,S-21
ORF3421660|70|K|34,ORF3421660,70,K,34,K-34
Q6SPF0|157|T|21,Q6SPF0,157,T,21,T-21
ORF3429079|621|D|35,ORF3429079,621,D,35,D-35
ORF3508438|313|S|21,ORF3508438,313,S,21,S-21
ORF67915|4|H|53,ORF67915,4,H,53,H-53
ORF3434761|33|S|21,ORF3434761,33,S,21,S-21
ORF3507877|127|S|21,ORF3507877,127,S,21,S-21
ORF3322576|140|S|21,ORF3322576,140,S,21,S-21
ORF3384427|759|S|21,ORF3384427,759,S,21,S-21
O43795|796|R|36,O43795,796,R,36,R-36
ORF3491674|232|R|7,ORF3491674,232,R,7,R-7
Q5TH69|1991|S|21,Q5TH69,1991,S,21,S-21
ORF3320578|184|D|35,ORF3320578,184,D,35,D-35
ORF3400030|140|K|34,ORF3400030,140,K,34,K-34
ORF3314932|492|Q|35,ORF3314932,492,Q,35,Q-35
ORF3460057|200|S|21,ORF3460057,200,S,21,S-21
ORF3350074|207|K|121,ORF3350074,207,K,121,K-121
ORF3464152|108|K|34,ORF3464152,108,K,34,K-34
ORF3342850|1891|S|21,ORF3342850,1891,S,21,S-21
ORF3325141|162|S|21,ORF3325141,162,S,21,S-21
P21333|2475|D|35,P21333,2475,D,35,D-35
ORF3473476|239|K|1,ORF3473476,239,K,1,K-1
P49327|1582|K|1,P49327,1582,K,1,K-1
P15531|125|S|21,P15531,125,S,21,S-21
ORF3411640|208|S|21,ORF3411640,208,S,21,S-21
ORF3382633|86|K|53,ORF3382633,86,K,53,K-53
ORF3439888|1042|S|21,ORF3439888,1042,S,21,S-21
ORF3400576|813|T|21,ORF3400576,813,T,21,T-21
ORF3304033|219|K|1,ORF3304033,219,K,1,K-1
ORF3475699|138|Q|35,ORF3475699,138,Q,35,Q-35
ORF3367918|561|Q|35,ORF3367918,561,Q,35,Q-35
ORF3329020|459|K|1,ORF3329020,459,K,1,K-1
ORF3454441|744|S|21,ORF3454441,744,S,21,S-21
ORF3508510|32|K|34,ORF3508510,32,K,34,K-34
ORF3309106|272|K|1,ORF3309106,272,K,1,K-1
ORF3395986|159|S|21,ORF3395986,159,S,21,S-21
ORF3455908|1387|S|21,ORF3455908,1387,S,21,S-21
ORF3358516|1620|K|1,ORF3358516,1620,K,1,K-1
ORF3321964|107|K|34,ORF3321964,107,K,34,K-34
ORF3315781|195|E|35,ORF3315781,195,E,35,E-35
Q9ULX6|473|E|35,Q9ULX6,473,E,35,E-35
ORF3405148|219|S|21,ORF3405148,219,S,21,S-21
ORF3381649|50|R|36,ORF3381649,50,R,36,R-36
ORF3466033|612|S|21,ORF3466033,612,S,21,S-21
ORF3356659|707|Q|35,ORF3356659,707,Q,35,Q-35
ORF3352342|1857|S|21,ORF3352342,1857,S,21,S-21
ORF3328474|215|Q|35,ORF3328474,215,Q,35,Q-35
P05155|414|E|35,P05155,414,E,35,E-35
ORF3390079|500|D|35,ORF3390079,500,D,35,D-35
P35568|636|S|21,P35568,636,S,21,S-21
ORF3506530|388|Q|35,ORF3506530,388,Q,35,Q-35
ORF3395590|357|S|21,ORF3395590,357,S,21,S-21
ORF3490540|529|S|21,ORF3490540,529,S,21,S-21
ORF3446920|104|K|1,ORF3446920,104,K,1,K-1
ORF3329176|72|K|1,ORF3329176,72,K,1,K-1
Q15751|2747|S|21,Q15751,2747,S,21,S-21
ORF3298402|23|R|7,ORF3298402,23,R,7,R-7
ORF3467413|313|S|21,ORF3467413,313,S,21,S-21
ORF3299581|170|K|1,ORF3299581,170,K,1,K-1
P35579|870|E|35,P35579,870,E,35,E-35
ORF3410794|108|S|21,ORF3410794,108,S,21,S-21
ORF3505069|486|S|21,ORF3505069,486,S,21,S-21
ORF3333025|284|R|34,ORF3333025,284,R,34,R-34
ORF3352342|1101|S|21,ORF3352342,1101,S,21,S-21
ORF3438874|2073|S|21,ORF3438874,2073,S,21,S-21
ORF3493345|106|S|21,ORF3493345,106,S,21,S-21
ORF3404113|609|S|21,ORF3404113,609,S,21,S-21
ORF3328477|82|R|34,ORF3328477,82,R,34,R-34
ORF3351562|4|S|21,ORF3351562,4,S,21,S-21
ORF3341950|659|E|35,ORF3341950,659,E,35,E-35
ORF3498154|133|R|7,ORF3498154,133,R,7,R-7
P26368|79|S|21,P26368,79,S,21,S-21
ORF3508510|26|K|121,ORF3508510,26,K,121,K-121
Q14568|291|K|34,Q14568,291,K,34,K-34
ORF3496246|1368|S|21,ORF3496246,1368,S,21,S-21
ORF3466996|32|S|21,ORF3466996,32,S,21,S-21
ORF3407887|583|T|21,ORF3407887,583,T,21,T-21
ORF3427507|331|S|21,ORF3427507,331,S,21,S-21
P35658|678|S|21,P35658,678,S,21,S-21
Q8IYB3|431|S|21,Q8IYB3,431,S,21,S-21
ORF3383050|60|R|7,ORF3383050,60,R,7,R-7
ORF3328477|616|R|34,ORF3328477,616,R,34,R-34
ORF3456484|199|T|21,ORF3456484,199,T,21,T-21
ORF3417928|2|Q|35,ORF3417928,2,Q,35,Q-35
ORF3298402|192|E|35,ORF3298402,192,E,35,E-35
Q8WWQ0|1778|Y|21,Q8WWQ0,1778,Y,21,Y-21
ORF3342343|28|S|21,ORF3342343,28,S,21,S-21
Q12802|2563|S|21,Q12802,2563,S,21,S-21
O14686|2274|S|21,O14686,2274,S,21,S-21
ORF3298402|439|K|121,ORF3298402,439,K,121,K-121
P02751|86|N|35,P02751,86,N,35,N-35
ORF3375460|100|S|21,ORF3375460,100,S,21,S-21
ORF276082|8|K|37,ORF276082,8,K,37,K-37
ORF3317842|325|S|21,ORF3317842,325,S,21,S-21
P02461|502|E|35,P02461,502,E,35,E-35
ORF3456118|146|S|21,ORF3456118,146,S,21,S-21
A6NMY6|109|Y|21,A6NMY6,109,Y,21,Y-21
ORF3352342|2104|T|21,ORF3352342,2104,T,21,T-21
ORF3352342|2702|S|21,ORF3352342,2702,S,21,S-21
Q14135|52|S|21,Q14135,52,S,21,S-21
ORF3510310|111|K|1848,ORF3510310,111,K,1848,K-1848
Q01082|1123|D|35,Q01082,1123,D,35,D-35
Q8IZ21|464|S|21,Q8IZ21,464,S,21,S-21
ORF3401344|900|S|21,ORF3401344,900,S,21,S-21
ORF3434500|609|Q|35,ORF3434500,609,Q,35,Q-35
Q6P2Q9|737|N|35,Q6P2Q9,737,N,35,N-35
P11310|325|E|35,P11310,325,E,35,E-35
ORF3421165|246|R|36,ORF3421165,246,R,36,R-36
ORF3333700|459|S|21,ORF3333700,459,S,21,S-21
P49327|207|S|21,P49327,207,S,21,S-21
ORF3488872|839|S|21,ORF3488872,839,S,21,S-21
P35579|1798|E|35,P35579,1798,E,35,E-35
ORF3454708|23|S|21,ORF3454708,23,S,21,S-21
ORF3459751|264|T|21,ORF3459751,264,T,21,T-21
ORF3311908|171|Q|35,ORF3311908,171,Q,35,Q-35
ORF3495670|192|R|7,ORF3495670,192,R,7,R-7
P21333|2180|S|21,P21333,2180,S,21,S-21
ORF3304471|1071|S|21,ORF3304471,1071,S,21,S-21
ORF3509959|216|K|34,ORF3509959,216,K,34,K-34
O14686|1671|S|21,O14686,1671,S,21,S-21
ORF3490831|312|K|1,ORF3490831,312,K,1,K-1
ORF3457219|119|T|21,ORF3457219,119,T,21,T-21
ORF3315139|75|S|21,ORF3315139,75,S,21,S-21
ORF3352342|1003|T|21,ORF3352342,1003,T,21,T-21
ORF3445165|908|S|21,ORF3445165,908,S,21,S-21
ORF3456484|150|K|34,ORF3456484,150,K,34,K-34
ORF3373996|459|K|34,ORF3373996,459,K,34,K-34
ORF3447310|202|Q|35,ORF3447310,202,Q,35,Q-35
ORF3404395|497|S|21,ORF3404395,497,S,21,S-21
ORF3392965|66|D|35,ORF3392965,66,D,35,D-35
ORF3440851|34|K|1,ORF3440851,34,K,1,K-1
ORF3493834|609|D|35,ORF3493834,609,D,35,D-35
ORF3493072|55|E|35,ORF3493072,55,E,35,E-35
ORF3383539|167|Q|35,ORF3383539,167,Q,35,Q-35
ORF3298795|327|S|21,ORF3298795,327,S,21,S-21
ORF3480538|370|S|21,ORF3480538,370,S,21,S-21
P35749|595|N|35,P35749,595,N,35,N-35
ORF3445723|214|K|1,ORF3445723,214,K,1,K-1
ORF3427615|971|S|23,ORF3427615,971,S,23,S-23
ORF3473533|360|S|21,ORF3473533,360,S,21,S-21
ORF3367117|565|E|35,ORF3367117,565,E,35,E-35
ORF3326932|308|K|121,ORF3326932,308,K,121,K-121
ORF3460921|868|D|35,ORF3460921,868,D,35,D-35
ORF3473476|239|K|121,ORF3473476,239,K,121,K-121
O14686|3079|K|1,O14686,3079,K,1,K-1
ORF3509959|184|K|34,ORF3509959,184,K,34,K-34
ORF3387037|159|S|21,ORF3387037,159,S,21,S-21
ORF3506941|725|S|21,ORF3506941,725,S,21,S-21
ORF3323866|657|N|35,ORF3323866,657,N,35,N-35
ORF3405682|1028|N|35,ORF3405682,1028,N,35,N-35
ORF3361927|3432|S|21,ORF3361927,3432,S,21,S-21
ORF3400621|215|S|21,ORF3400621,215,S,21,S-21
ORF3487171|847|T|23,ORF3487171,847,T,23,T-23
ORF3458080|40|R|7,ORF3458080,40,R,7,R-7
ORF3453652|1653|S|21,ORF3453652,1653,S,21,S-21
ORF3430021|422|R|7,ORF3430021,422,R,7,R-7
ORF3323866|114|K|121,ORF3323866,114,K,121,K-121
ORF3336634|388|D|35,ORF3336634,388,D,35,D-35
P21359|864|S|21,P21359,864,S,21,S-21
ORF3339646|68|R|36,ORF3339646,68,R,36,R-36
ORF3327358|251|S|21,ORF3327358,251,S,21,S-21
ORF3438874|294|D|35,ORF3438874,294,D,35,D-35
ORF3406408|466|S|21,ORF3406408,466,S,21,S-21
ORF3316147|1853|S|21,ORF3316147,1853,S,21,S-21
ORF3344836|494|K|34,ORF3344836,494,K,34,K-34
ORF3500167|378|E|35,ORF3500167,378,E,35,E-35
ORF3503380|527|S|21,ORF3503380,527,S,21,S-21
Q8IYB3|614|T|21,Q8IYB3,614,T,21,T-21
Q7Z6Z7|1368|S|21,Q7Z6Z7,1368,S,21,S-21
Q8IWS0|155|S|21,Q8IWS0,155,S,21,S-21
ORF3383050|368|N|35,ORF3383050,368,N,35,N-35
ORF3415603|154|S|21,ORF3415603,154,S,21,S-21
ORF3471847|112|S|21,ORF3471847,112,S,21,S-21
ORF3319918|206|S|21,ORF3319918,206,S,21,S-21
ORF3348421|861|S|21,ORF3348421,861,S,21,S-21
ORF3456058|435|R|36,ORF3456058,435,R,36,R-36
O95071|1549|S|21,O95071,1549,S,21,S-21
ORF3421660|66|K|34,ORF3421660,66,K,34,K-34
ORF3383050|337|E|35,ORF3383050,337,E,35,E-35
ORF3445723|310|K|34,ORF3445723,310,K,34,K-34
ORF3333517|431|S|21,ORF3333517,431,S,21,S-21
ORF3388309|108|N|35,ORF3388309,108,N,35,N-35
ORF3314734|1670|D|35,ORF3314734,1670,D,35,D-35
ORF3372829|129|S|21,ORF3372829,129,S,21,S-21
ORF3456484|257|K|1,ORF3456484,257,K,1,K-1
ORF3316687|1305|T|21,ORF3316687,1305,T,21,T-21
ORF3390520|405|S|21,ORF3390520,405,S,21,S-21
ORF3510859|453|S|21,ORF3510859,453,S,21,S-21
ORF3332458|203|D|35,ORF3332458,203,D,35,D-35
P07900|585|K|1,P07900,585,K,1,K-1
ORF3449773|137|D|35,ORF3449773,137,D,35,D-35
Q5JSZ5|765|S|21,Q5JSZ5,765,S,21,S-21
Q15149|1435|S|21,Q15149,1435,S,21,S-21
ORF3456484|257|K|34,ORF3456484,257,K,34,K-34
ORF3400762|632|S|21,ORF3400762,632,S,21,S-21
ORF3514306|449|K|1,ORF3514306,449,K,1,K-1
ORF3476566|205|S|21,ORF3476566,205,S,21,S-21
P08195|313|R|7,P08195,313,R,7,R-7
ORF3421165|118|K|34,ORF3421165,118,K,34,K-34
ORF3477460|16|S|21,ORF3477460,16,S,21,S-21
ORF3304471|2466|S|21,ORF3304471,2466,S,21,S-21
ORF3400576|116|S|21,ORF3400576,116,S,21,S-21
ORF3463108|236|R|7,ORF3463108,236,R,7,R-7
ORF3387898|468|S|21,ORF3387898,468,S,21,S-21
P21333|1459|S|21,P21333,1459,S,21,S-21
ORF3390520|368|Q|35,ORF3390520,368,Q,35,Q-35
ORF3490135|1402|S|21,ORF3490135,1402,S,21,S-21
ORF3400345|77|R|7,ORF3400345,77,R,7,R-7
Q96T88|91|S|21,Q96T88,91,S,21,S-21
O14578|480|S|21,O14578,480,S,21,S-21
A2A3N6|405|S|21,A2A3N6,405,S,21,S-21
ORF3319084|139|K|34,ORF3319084,139,K,34,K-34
ORF3493096|153|K|37,ORF3493096,153,K,37,K-37
ORF3481153|375|D|35,ORF3481153,375,D,35,D-35
ORF3471703|101|S|21,ORF3471703,101,S,21,S-21
ORF3314038|499|S|21,ORF3314038,499,S,21,S-21
ORF3344782|1456|S|21,ORF3344782,1456,S,21,S-21
ORF3491695|943|S|21,ORF3491695,943,S,21,S-21
ORF3328513|438|S|21,ORF3328513,438,S,21,S-21
Q12888|552|S|21,Q12888,552,S,21,S-21
ORF3411205|341|D|35,ORF3411205,341,D,35,D-35
ORF3466033|501|E|35,ORF3466033,501,E,35,E-35
ORF3312280|60|K|1,ORF3312280,60,K,1,K-1
ORF3495562|190|E|35,ORF3495562,190,E,35,E-35
ORF3438874|375|S|21,ORF3438874,375,S,21,S-21
ORF3470767|177|S|21,ORF3470767,177,S,21,S-21
ORF3416134|314|E|35,ORF3416134,314,E,35,E-35
ORF3394087|21|N|35,ORF3394087,21,N,35,N-35
ORF3400576|273|S|21,ORF3400576,273,S,21,S-21
ORF3429079|194|S|21,ORF3429079,194,S,21,S-21
ORF3298402|53|Y|21,ORF3298402,53,Y,21,Y-21
ORF3364489|354|E|35,ORF3364489,354,E,35,E-35
ORF3376228|327|E|35,ORF3376228,327,E,35,E-35
ORF3445417|304|S|21,ORF3445417,304,S,21,S-21
Q13459|1346|T|21,Q13459,1346,T,21,T-21
ORF3464227|458|S|21,ORF3464227,458,S,21,S-21
ORF3464374|466|S|21,ORF3464374,466,S,21,S-21
ORF3457285|471|S|21,ORF3457285,471,S,21,S-21
Q01082|1928|E|35,Q01082,1928,E,35,E-35
Q9Y618|1479|S|21,Q9Y618,1479,S,21,S-21
ORF3456058|435|R|34,ORF3456058,435,R,34,R-34
ORF3299647|22|Q|35,ORF3299647,22,Q,35,Q-35
Q14669|312|S|21,Q14669,312,S,21,S-21
P07814|300|K|1,P07814,300,K,1,K-1
ORF3369670|456|R|7,ORF3369670,456,R,7,R-7
ORF3345559|154|K|34,ORF3345559,154,K,34,K-34
ORF3377296|299|E|35,ORF3377296,299,E,35,E-35
ORF3401227|110|R|7,ORF3401227,110,R,7,R-7
ORF3446110|37|S|21,ORF3446110,37,S,21,S-21
ORF3426520|321|Q|35,ORF3426520,321,Q,35,Q-35
Q9Y6R7|1819|D|35,Q9Y6R7,1819,D,35,D-35
ORF3514306|206|E|35,ORF3514306,206,E,35,E-35
ORF3413242|36|K|34,ORF3413242,36,K,34,K-34
ORF3333025|97|R|7,ORF3333025,97,R,7,R-7
ORF3329122|1173|S|21,ORF3329122,1173,S,21,S-21
ORF3454708|354|Q|35,ORF3454708,354,Q,35,Q-35
ORF3509665|423|E|35,ORF3509665,423,E,35,E-35
ORF3298402|56|S|21,ORF3298402,56,S,21,S-21
P01024|904|K|34,P01024,904,K,34,K-34
ORF3321388|31|S|21,ORF3321388,31,S,21,S-21
P07900|263|S|21,P07900,263,S,21,S-21
P55196|1107|S|21,P55196,1107,S,21,S-21
ORF3415174|19|S|23,ORF3415174,19,S,23,S-23
ORF3304471|2223|S|21,ORF3304471,2223,S,21,S-21
ORF3445723|236|K|121,ORF3445723,236,K,121,K-121
ORF3303448|90|S|21,ORF3303448,90,S,21,S-21
ORF3426475|171|N|35,ORF3426475,171,N,35,N-35
ORF3496381|218|S|21,ORF3496381,218,S,21,S-21
ORF3349969|286|S|21,ORF3349969,286,S,21,S-21
ORF3438874|1679|S|21,ORF3438874,1679,S,21,S-21
ORF3352342|778|S|21,ORF3352342,778,S,21,S-21
ORF3509665|209|K|121,ORF3509665,209,K,121,K-121
ORF3510310|106|T|23,ORF3510310,106,T,23,T-23
ORF3509536|191|S|21,ORF3509536,191,S,21,S-21
ORF3436342|356|S|21,ORF3436342,356,S,21,S-21
ORF3445723|36|K|34,ORF3445723,36,K,34,K-34
ORF3445723|44|K|34,ORF3445723,44,K,34,K-34
ORF3508510|26|K|1848,ORF3508510,26,K,1848,K-1848
ORF3324739|52|S|21,ORF3324739,52,S,21,S-21
ORF3323632|177|T|21,ORF3323632,177,T,21,T-21
ORF3387025|111|K|1,ORF3387025,111,K,1,K-1
ORF3372829|229|S|21,ORF3372829,229,S,21,S-21
Q9UJU6|269|S|21,Q9UJU6,269,S,21,S-21
P78527|2485|R|7,P78527,2485,R,7,R-7
ORF3346138|527|S|21,ORF3346138,527,S,21,S-21
ORF3381892|119|S|21,ORF3381892,119,S,21,S-21
ORF3415801|328|K|121,ORF3415801,328,K,121,K-121
Q86W56|137|S|21,Q86W56,137,S,21,S-21
ORF3415801|317|K|1,ORF3415801,317,K,1,K-1
ORF3408715|214|Q|35,ORF3408715,214,Q,35,Q-35
P05141|52|K|37,P05141,52,K,37,K-37
ORF3438874|2086|S|21,ORF3438874,2086,S,21,S-21
P02461|1295|N|35,P02461,1295,N,35,N-35
ORF3466033|597|T|21,ORF3466033,597,T,21,T-21
P54687|327|E|35,P54687,327,E,35,E-35
ORF3474424|217|S|21,ORF3474424,217,S,21,S-21
Q12888|265|S|21,Q12888,265,S,21,S-21
ORF107547|88|S|21,ORF107547,88,S,21,S-21
ORF3513370|15|S|21,ORF3513370,15,S,21,S-21
ORF3355057|115|E|35,ORF3355057,115,E,35,E-35
ORF3299581|1000|E|35,ORF3299581,1000,E,35,E-35
Q6R327|21|S|21,Q6R327,21,S,21,S-21
ORF3509218|506|S|21,ORF3509218,506,S,21,S-21
Q03164|2958|K|1,Q03164,2958,K,1,K-1
ORF3373732|253|S|21,ORF3373732,253,S,21,S-21
ORF3478195|341|K|1848,ORF3478195,341,K,1848,K-1848
ORF3473491|82|S|23,ORF3473491,82,S,23,S-23
P78347|558|T|21,P78347,558,T,21,T-21
O15061|1049|S|21,O15061,1049,S,21,S-21
ORF3429079|350|T|21,ORF3429079,350,T,21,T-21
ORF3498130|784|S|21,ORF3498130,784,S,21,S-21
Q01082|2102|S|21,Q01082,2102,S,21,S-21
ORF3462730|23|K|34,ORF3462730,23,K,34,K-34
P11182|349|D|35,P11182,349,D,35,D-35
ORF3491320|17|S|21,ORF3491320,17,S,21,S-21
ORF3314443|352|S|747,ORF3314443,352,S,747,S-747
ORF3462793|324|K|34,ORF3462793,324,K,34,K-34
ORF3477460|148|K|1848,ORF3477460,148,K,1848,K-1848
ORF3305893|67|H|53,ORF3305893,67,H,53,H-53
Q9Y618|1971|S|21,Q9Y618,1971,S,21,S-21
ORF3331816|125|N|35,ORF3331816,125,N,35,N-35
ORF3440536|580|E|35,ORF3440536,580,E,35,E-35
Q92538|1780|S|21,Q92538,1780,S,21,S-21
ORF3312289|145|K|1,ORF3312289,145,K,1,K-1
ORF3417913|14|S|21,ORF3417913,14,S,21,S-21
O75962|2455|S|21,O75962,2455,S,21,S-21
ORF3438211|255|S|21,ORF3438211,255,S,21,S-21
ORF3400771|60|D|35,ORF3400771,60,D,35,D-35
ORF3421660|36|K|34,ORF3421660,36,K,34,K-34
ORF3470767|300|S|21,ORF3470767,300,S,21,S-21
ORF3328435|287|K|34,ORF3328435,287,K,34,K-34
ORF3508510|39|K|34,ORF3508510,39,K,34,K-34
ORF3373993|275|E|35,ORF3373993,275,E,35,E-35
ORF3453652|1438|S|21,ORF3453652,1438,S,21,S-21
ORF3445537|1052|K|34,ORF3445537,1052,K,34,K-34
ORF3467224|109|K|34,ORF3467224,109,K,34,K-34
ORF3510286|28|S|21,ORF3510286,28,S,21,S-21
ORF3377338|381|S|21,ORF3377338,381,S,21,S-21
Q14766|1137|N|35,Q14766,1137,N,35,N-35
ORF3328219|132|S|21,ORF3328219,132,S,21,S-21
P35579|1943|S|21,P35579,1943,S,21,S-21
ORF3467155|47|K|1,ORF3467155,47,K,1,K-1
Q9Y490|1287|E|35,Q9Y490,1287,E,35,E-35
ORF3414118|284|S|21,ORF3414118,284,S,21,S-21
ORF3328219|363|S|21,ORF3328219,363,S,21,S-21
ORF3404395|671|S|21,ORF3404395,671,S,21,S-21
ORF3406039|648|S|21,ORF3406039,648,S,21,S-21
P12270|748|K|1,P12270,748,K,1,K-1
ORF3497581|870|R|36,ORF3497581,870,R,36,R-36
ORF3415081|797|S|21,ORF3415081,797,S,21,S-21
ORF3350887|120|T|21,ORF3350887,120,T,21,T-21
ORF3409348|785|S|21,ORF3409348,785,S,21,S-21
O75592|3505|S|21,O75592,3505,S,21,S-21
P35579|1828|K|34,P35579,1828,K,34,K-34
ORF3506062|94|E|35,ORF3506062,94,E,35,E-35
ORF3352342|1657|S|21,ORF3352342,1657,S,21,S-21
ORF3467155|64|K|34,ORF3467155,64,K,34,K-34
ORF3415789|27|R|7,ORF3415789,27,R,7,R-7
ORF3510535|344|S|21,ORF3510535,344,S,21,S-21
Q92621|1165|S|21,Q92621,1165,S,21,S-21
ORF3429079|345|Q|35,ORF3429079,345,Q,35,Q-35
ORF3466237|306|S|21,ORF3466237,306,S,21,S-21
ORF3493345|116|S|21,ORF3493345,116,S,21,S-21
Q15084|428|S|21,Q15084,428,S,21,S-21
ORF3416134|739|R|36,ORF3416134,739,R,36,R-36
ORF3416077|881|S|21,ORF3416077,881,S,21,S-21
Q5T4S7|362|S|21,Q5T4S7,362,S,21,S-21
ORF3417016|336|S|21,ORF3417016,336,S,21,S-21
ORF3383761|377|K|53,ORF3383761,377,K,53,K-53
ORF3422263|1605|T|21,ORF3422263,1605,T,21,T-21
ORF3463453|86|S|21,ORF3463453,86,S,21,S-21
ORF3382369|323|S|21,ORF3382369,323,S,21,S-21
ORF3400576|274|S|21,ORF3400576,274,S,21,S-21
ORF3414493|369|D|35,ORF3414493,369,D,35,D-35
ORF3464227|256|S|21,ORF3464227,256,S,21,S-21
ORF3442774|95|R|7,ORF3442774,95,R,7,R-7
P01024|1140|D|35,P01024,1140,D,35,D-35
Q96T88|93|T|21,Q96T88,93,T,21,T-21
ORF3314734|5780|S|21,ORF3314734,5780,S,21,S-21
ORF3510310|107|T|23,ORF3510310,107,T,23,T-23
ORF3415630|755|S|21,ORF3415630,755,S,21,S-21
ORF3330781|681|K|1,ORF3330781,681,K,1,K-1
ORF3447160|116|S|21,ORF3447160,116,S,21,S-21
ORF3510160|61|S|21,ORF3510160,61,S,21,S-21
ORF3404395|91|S|21,ORF3404395,91,S,21,S-21
ORF3350074|129|T|23,ORF3350074,129,T,23,T-23
ORF3496246|1069|S|21,ORF3496246,1069,S,21,S-21
ORF3314734|106|S|21,ORF3314734,106,S,21,S-21
ORF3400030|200|E|35,ORF3400030,200,E,35,E-35
ORF3398896|215|E|35,ORF3398896,215,E,35,E-35
P10412|168|K|34,P10412,168,K,34,K-34
ORF3349396|235|S|21,ORF3349396,235,S,21,S-21
P35579|1536|E|35,P35579,1536,E,35,E-35
ORF3505153|109|E|35,ORF3505153,109,E,35,E-35
ORF3374239|300|S|21,ORF3374239,300,S,21,S-21
P35579|1014|K|34,P35579,1014,K,34,K-34
ORF3308515|776|D|35,ORF3308515,776,D,35,D-35
ORF3352342|1492|T|21,ORF3352342,1492,T,21,T-21
ORF3367117|805|R|7,ORF3367117,805,R,7,R-7
ORF3441640|382|S|21,ORF3441640,382,S,21,S-21
ORF3318553|706|S|21,ORF3318553,706,S,21,S-21
ORF3509224|105|R|36,ORF3509224,105,R,36,R-36
ORF3314734|1621|D|35,ORF3314734,1621,D,35,D-35
ORF3493543|203|S|21,ORF3493543,203,S,21,S-21
ORF3445723|499|K|53,ORF3445723,499,K,53,K-53
P35579|656|K|1,P35579,656,K,1,K-1
ORF3416134|545|Q|35,ORF3416134,545,Q,35,Q-35
ORF3470845|273|S|21,ORF3470845,273,S,21,S-21
Q5UIP0|1047|T|21,Q5UIP0,1047,T,21,T-21
ORF3415801|317|K|121,ORF3415801,317,K,121,K-121
ORF3459526|125|N|35,ORF3459526,125,N,35,N-35
ORF3477268|297|S|21,ORF3477268,297,S,21,S-21
ORF3391174|266|K|1,ORF3391174,266,K,1,K-1
ORF3453652|2034|T|21,ORF3453652,2034,T,21,T-21
ORF3407290|98|D|35,ORF3407290,98,D,35,D-35
ORF3353176|929|S|21,ORF3353176,929,S,21,S-21
ORF3417187|431|S|21,ORF3417187,431,S,21,S-21
ORF3329176|157|E|35,ORF3329176,157,E,35,E-35
Q9NR09|480|S|21,Q9NR09,480,S,21,S-21
ORF3351238|384|K|1,ORF3351238,384,K,1,K-1
P02452|1292|N|35,P02452,1292,N,35,N-35
ORF3455908|583|S|21,ORF3455908,583,S,21,S-21
ORF3420541|229|N|35,ORF3420541,229,N,35,N-35
ORF3344782|1410|S|21,ORF3344782,1410,S,21,S-21
ORF3348565|944|S|21,ORF3348565,944,S,21,S-21
ORF3299197|161|T|21,ORF3299197,161,T,21,T-21
ORF3314734|115|S|21,ORF3314734,115,S,21,S-21
P49023|118|Y|21,P49023,118,Y,21,Y-21
P21333|226|R|7,P21333,226,R,7,R-7
Q9HB19|184|S|21,Q9HB19,184,S,21,S-21
ORF3298084|116|K|34,ORF3298084,116,K,34,K-34
ORF3348547|124|S|21,ORF3348547,124,S,21,S-21
ORF3425167|89|S|21,ORF3425167,89,S,21,S-21
ORF3409672|104|S|21,ORF3409672,104,S,21,S-21
ORF3440335|940|S|21,ORF3440335,940,S,21,S-21
ORF3402127|113|K|53,ORF3402127,113,K,53,K-53
Q9UHR5|113|S|21,Q9UHR5,113,S,21,S-21
ORF3351634|220|T|23,ORF3351634,220,T,23,T-23
ORF3299248|152|S|21,ORF3299248,152,S,21,S-21
ORF3464227|510|S|21,ORF3464227,510,S,21,S-21
ORF3347848|64|S|21,ORF3347848,64,S,21,S-21
Q9NTI5|1358|S|21,Q9NTI5,1358,S,21,S-21
ORF3314734|3412|S|21,ORF3314734,3412,S,21,S-21
ORF3376228|380|Q|35,ORF3376228,380,Q,35,Q-35
ORF3368098|447|S|21,ORF3368098,447,S,21,S-21
ORF3368239|769|S|21,ORF3368239,769,S,21,S-21
Q58FF7|205|S|21,Q58FF7,205,S,21,S-21
ORF3337903|270|E|35,ORF3337903,270,E,35,E-35
ORF3472936|1172|Y|21,ORF3472936,1172,Y,21,Y-21
ORF3499372|16|R|36,ORF3499372,16,R,36,R-36
ORF3314038|432|S|21,ORF3314038,432,S,21,S-21
ORF3378205|29|S|21,ORF3378205,29,S,21,S-21
ORF3510859|579|S|21,ORF3510859,579,S,21,S-21
ORF3367132|540|E|35,ORF3367132,540,E,35,E-35
ORF3414721|338|S|21,ORF3414721,338,S,21,S-21
ORF3424723|651|D|35,ORF3424723,651,D,35,D-35
Q8WYP5|1232|S|21,Q8WYP5,1232,S,21,S-21
ORF3415927|242|S|21,ORF3415927,242,S,21,S-21
Q96SB3|100|S|21,Q96SB3,100,S,21,S-21
ORF3328012|44|R|7,ORF3328012,44,R,7,R-7
ORF3317866|244|Q|35,ORF3317866,244,Q,35,Q-35
ORF3454708|252|Q|35,ORF3454708,252,Q,35,Q-35
ORF3405493|329|S|21,ORF3405493,329,S,21,S-21
ORF3374095|453|T|21,ORF3374095,453,T,21,T-21
ORF3482443|153|E|35,ORF3482443,153,E,35,E-35
ORF3478813|19|R|7,ORF3478813,19,R,7,R-7
ORF3411211|34|K|121,ORF3411211,34,K,121,K-121
ORF3390757|295|S|21,ORF3390757,295,S,21,S-21
ORF3443689|343|S|21,ORF3443689,343,S,21,S-21
ORF3301525|1088|T|21,ORF3301525,1088,T,21,T-21
ORF3409858|78|E|35,ORF3409858,78,E,35,E-35
ORF3331930|36|E|35,ORF3331930,36,E,35,E-35
ORF3437098|89|K|53,ORF3437098,89,K,53,K-53
ORF3351562|17|K|34,ORF3351562,17,K,34,K-34
ORF3453652|336|S|21,ORF3453652,336,S,21,S-21
ORF3333700|282|S|21,ORF3333700,282,S,21,S-21
ORF3363775|309|K|1,ORF3363775,309,K,1,K-1
ORF3403000|59|S|21,ORF3403000,59,S,21,S-21
ORF3314494|580|E|35,ORF3314494,580,E,35,E-35
ORF3451033|26|S|21,ORF3451033,26,S,21,S-21
ORF3399760|89|T|21,ORF3399760,89,T,21,T-21
ORF3299581|346|S|21,ORF3299581,346,S,21,S-21
ORF3322462|229|S|21,ORF3322462,229,S,21,S-21
ORF3327358|151|S|21,ORF3327358,151,S,21,S-21
ORF3417565|146|S|21,ORF3417565,146,S,21,S-21
ORF3417913|10|S|21,ORF3417913,10,S,21,S-21
ORF3302632|323|S|21,ORF3302632,323,S,21,S-21
ORF3379876|243|S|21,ORF3379876,243,S,21,S-21
ORF3359920|447|E|35,ORF3359920,447,E,35,E-35
Q9UPU5|2561|S|21,Q9UPU5,2561,S,21,S-21
ORF3334090|337|S|21,ORF3334090,337,S,21,S-21
Q96MW1|135|Y|21,Q96MW1,135,Y,21,Y-21
ORF3314038|464|S|21,ORF3314038,464,S,21,S-21
ORF3328477|258|N|35,ORF3328477,258,N,35,N-35
ORF3402412|24|R|7,ORF3402412,24,R,7,R-7
ORF3391174|150|R|7,ORF3391174,150,R,7,R-7
ORF3493345|425|N|35,ORF3493345,425,N,35,N-35
ORF3404395|461|S|21,ORF3404395,461,S,21,S-21
ORF3470767|760|S|21,ORF3470767,760,S,21,S-21
ORF3452236|495|N|35,ORF3452236,495,N,35,N-35
ORF3460552|456|K|34,ORF3460552,456,K,34,K-34
ORF3481153|584|D|35,ORF3481153,584,D,35,D-35
ORF3314734|3901|D|35,ORF3314734,3901,D,35,D-35
ORF3416401|178|K|121,ORF3416401,178,K,121,K-121
ORF3478048|92|Y|21,ORF3478048,92,Y,21,Y-21
ORF3314734|1914|D|35,ORF3314734,1914,D,35,D-35
Q01082|1428|Q|35,Q01082,1428,Q,35,Q-35
ORF3459526|131|T|21,ORF3459526,131,T,21,T-21
ORF3409672|148|T|21,ORF3409672,148,T,21,T-21
P49023|106|S|21,P49023,106,S,21,S-21
ORF3314038|479|T|21,ORF3314038,479,T,21,T-21
ORF3314038|116|S|21,ORF3314038,116,S,21,S-21
ORF3334378|5|S|21,ORF3334378,5,S,21,S-21
ORF3334954|306|S|21,ORF3334954,306,S,21,S-21
ORF3470845|272|S|21,ORF3470845,272,S,21,S-21
ORF3356824|180|K|121,ORF3356824,180,K,121,K-121
ORF3421660|56|K|34,ORF3421660,56,K,34,K-34
ORF3307477|536|N|35,ORF3307477,536,N,35,N-35
ORF3342343|332|S|21,ORF3342343,332,S,21,S-21
ORF3377506|81|K|34,ORF3377506,81,K,34,K-34
ORF3508510|26|K|1,ORF3508510,26,K,1,K-1
ORF3493834|467|T|23,ORF3493834,467,T,23,T-23
ORF3430408|67|S|21,ORF3430408,67,S,21,S-21
ORF3368407|149|E|35,ORF3368407,149,E,35,E-35
ORF3301390|174|E|35,ORF3301390,174,E,35,E-35
Q07002|132|S|21,Q07002,132,S,21,S-21
ORF3328474|603|R|7,ORF3328474,603,R,7,R-7
ORF3451426|121|K|37,ORF3451426,121,K,37,K-37
ORF3478576|361|S|21,ORF3478576,361,S,21,S-21
ORF3490525|242|K|1,ORF3490525,242,K,1,K-1
ORF3394645|37|R|7,ORF3394645,37,R,7,R-7
ORF3493045|58|K|34,ORF3493045,58,K,34,K-34
ORF3372829|646|S|21,ORF3372829,646,S,21,S-21
ORF3423496|246|S|21,ORF3423496,246,S,21,S-21
ORF3396574|266|T|21,ORF3396574,266,T,21,T-21
ORF3319084|334|K|1,ORF3319084,334,K,1,K-1
ORF3420229|933|S|21,ORF3420229,933,S,21,S-21
ORF3303181|1242|K|121,ORF3303181,1242,K,121,K-121
ORF3328435|71|S|21,ORF3328435,71,S,21,S-21
ORF3503452|371|S|21,ORF3503452,371,S,21,S-21
ORF3370948|92|S|21,ORF3370948,92,S,21,S-21
ORF3445723|460|K|1,ORF3445723,460,K,1,K-1
ORF3320251|601|S|21,ORF3320251,601,S,21,S-21
ORF3370948|38|K|34,ORF3370948,38,K,34,K-34
ORF3507637|167|Q|35,ORF3507637,167,Q,35,Q-35
ORF3390520|407|S|21,ORF3390520,407,S,21,S-21
ORF3445723|257|K|34,ORF3445723,257,K,34,K-34
ORF3448936|1305|S|21,ORF3448936,1305,S,21,S-21
ORF3478576|349|S|21,ORF3478576,349,S,21,S-21
ORF3399904|47|R|7,ORF3399904,47,R,7,R-7
ORF3302113|783|Y|21,ORF3302113,783,Y,21,Y-21
ORF3462628|141|E|35,ORF3462628,141,E,35,E-35
Q15149|2452|K|1,Q15149,2452,K,1,K-1
ORF3388147|427|K|121,ORF3388147,427,K,121,K-121
ORF3314734|810|E|35,ORF3314734,810,E,35,E-35
ORF3404014|64|E|35,ORF3404014,64,E,35,E-35
ORF3309796|1493|S|21,ORF3309796,1493,S,21,S-21
ORF3438874|308|D|35,ORF3438874,308,D,35,D-35
ORF3504778|497|S|21,ORF3504778,497,S,21,S-21
ORF3383356|596|T|21,ORF3383356,596,T,21,T-21
ORF3462241|122|K|1,ORF3462241,122,K,1,K-1
ORF3467815|582|D|35,ORF3467815,582,D,35,D-35
ORF3390745|21|N|35,ORF3390745,21,N,35,N-35
ORF3329191|2005|K|1,ORF3329191,2005,K,1,K-1
ORF3298402|235|K|121,ORF3298402,235,K,121,K-121
ORF3380740|230|K|1,ORF3380740,230,K,1,K-1
Q7Z6Z7|1374|Q|35,Q7Z6Z7,1374,Q,35,Q-35
ORF3480925|729|S|21,ORF3480925,729,S,21,S-21
ORF3299332|71|S|21,ORF3299332,71,S,21,S-21
ORF3338602|515|S|21,ORF3338602,515,S,21,S-21
ORF3425011|1278|Y|21,ORF3425011,1278,Y,21,Y-21
Q6KC79|318|S|21,Q6KC79,318,S,21,S-21
Q58FF7|64|K|121,Q58FF7,64,K,121,K-121
ORF3477268|304|S|21,ORF3477268,304,S,21,S-21
ORF3433477|507|T|21,ORF3433477,507,T,21,T-21
ORF3504778|102|S|21,ORF3504778,102,S,21,S-21
Q96RL7|2473|D|35,Q96RL7,2473,D,35,D-35
ORF3499372|16|R|34,ORF3499372,16,R,34,R-34
ORF3390754|337|S|21,ORF3390754,337,S,21,S-21
ORF3332863|356|T|21,ORF3332863,356,T,21,T-21
ORF3500341|136|S|21,ORF3500341,136,S,21,S-21
ORF3436732|536|S|21,ORF3436732,536,S,21,S-21
ORF3463108|524|K|121,ORF3463108,524,K,121,K-121
ORF3408322|80|K|121,ORF3408322,80,K,121,K-121
ORF3383356|202|K|121,ORF3383356,202,K,121,K-121
ORF3333700|344|S|21,ORF3333700,344,S,21,S-21
ORF3327097|626|S|21,ORF3327097,626,S,21,S-21
ORF3510160|110|S|21,ORF3510160,110,S,21,S-21
ORF3331882|648|T|21,ORF3331882,648,T,21,T-21
ORF3499642|80|K|1,ORF3499642,80,K,1,K-1
O15085|1480|S|21,O15085,1480,S,21,S-21
ORF3333700|445|S|21,ORF3333700,445,S,21,S-21
ORF3300661|42|S|21,ORF3300661,42,S,21,S-21
ORF3339646|68|R|34,ORF3339646,68,R,34,R-34
Q86V81|4|K|1,Q86V81,4,K,1,K-1
ORF3498709|214|S|21,ORF3498709,214,S,21,S-21
P67809|314|S|21,P67809,314,S,21,S-21
ORF3404395|498|S|21,ORF3404395,498,S,21,S-21
ORF3509959|225|N|35,ORF3509959,225,N,35,N-35
ORF3306229|649|Q|35,ORF3306229,649,Q,35,Q-35
ORF3465565|63|K|53,ORF3465565,63,K,53,K-53
ORF3464374|869|S|21,ORF3464374,869,S,21,S-21
ORF3489490|647|S|21,ORF3489490,647,S,21,S-21
ORF3353983|369|S|21,ORF3353983,369,S,21,S-21
ORF3305635|970|S|21,ORF3305635,970,S,21,S-21
ORF3320578|676|E|35,ORF3320578,676,E,35,E-35
Q14839|1308|S|21,Q14839,1308,S,21,S-21
ORF3456484|125|S|21,ORF3456484,125,S,21,S-21
ORF3319180|592|E|35,ORF3319180,592,E,35,E-35
ORF3401596|528|N|35,ORF3401596,528,N,35,N-35
ORF3370429|50|K|1,ORF3370429,50,K,1,K-1
ORF3319084|210|S|21,ORF3319084,210,S,21,S-21
ORF3434500|297|E|35,ORF3434500,297,E,35,E-35
Q8NI35|645|S|21,Q8NI35,645,S,21,S-21
ORF3328429|241|N|35,ORF3328429,241,N,35,N-35
ORF3470767|198|S|21,ORF3470767,198,S,21,S-21
ORF3370948|108|K|1,ORF3370948,108,K,1,K-1
Q14315|113|K|1,Q14315,113,K,1,K-1
ORF3445723|28|K|34,ORF3445723,28,K,34,K-34
ORF3377296|134|N|35,ORF3377296,134,N,35,N-35
ORF3501292|30|K|34,ORF3501292,30,K,34,K-34
ORF3453652|1793|S|21,ORF3453652,1793,S,21,S-21
P58107|2718|S|21,P58107,2718,S,21,S-21
ORF3420808|687|S|21,ORF3420808,687,S,21,S-21
ORF3304798|105|S|21,ORF3304798,105,S,21,S-21
ORF3462064|133|S|21,ORF3462064,133,S,21,S-21
ORF3365926|42|K|1,ORF3365926,42,K,1,K-1
ORF3368254|61|S|21,ORF3368254,61,S,21,S-21
ORF3435499|72|D|35,ORF3435499,72,D,35,D-35
Q9Y490|2507|E|35,Q9Y490,2507,E,35,E-35
ORF3407887|740|S|21,ORF3407887,740,S,21,S-21
ORF3438208|1233|S|21,ORF3438208,1233,S,21,S-21
ORF3391060|128|T|21,ORF3391060,128,T,21,T-21
ORF3445723|499|K|34,ORF3445723,499,K,34,K-34
ORF3455908|381|S|21,ORF3455908,381,S,21,S-21
ORF3470767|648|S|21,ORF3470767,648,S,21,S-21
ORF3413251|40|K|34,ORF3413251,40,K,34,K-34
ORF3334378|290|S|21,ORF3334378,290,S,21,S-21
ORF3391174|442|R|34,ORF3391174,442,R,34,R-34
P42704|189|E|35,P42704,189,E,35,E-35
P12270|379|S|21,P12270,379,S,21,S-21
ORF3367918|559|N|35,ORF3367918,559,N,35,N-35
ORF3404539|212|S|21,ORF3404539,212,S,21,S-21
ORF3380740|531|K|34,ORF3380740,531,K,34,K-34
ORF3314734|559|S|21,ORF3314734,559,S,21,S-21
ORF3510127|104|S|21,ORF3510127,104,S,21,S-21
P21333|2003|R|7,P21333,2003,R,7,R-7
ORF3299581|538|R|7,ORF3299581,538,R,7,R-7
ORF3421165|177|H|53,ORF3421165,177,H,53,H-53
ORF3510859|276|D|35,ORF3510859,276,D,35,D-35
P02452|176|S|21,P02452,176,S,21,S-21
ORF3364876|914|S|21,ORF3364876,914,S,21,S-21
ORF3419566|2301|S|21,ORF3419566,2301,S,21,S-21
ORF3299818|124|S|21,ORF3299818,124,S,21,S-21
ORF3445723|290|E|35,ORF3445723,290,E,35,E-35
ORF3496072|111|E|35,ORF3496072,111,E,35,E-35
ORF3334939|76|S|21,ORF3334939,76,S,21,S-21
ORF3374761|36|R|7,ORF3374761,36,R,7,R-7
ORF3374638|67|D|35,ORF3374638,67,D,35,D-35
ORF3415927|240|S|21,ORF3415927,240,S,21,S-21
ORF3299581|800|D|35,ORF3299581,800,D,35,D-35
ORF3403723|730|S|21,ORF3403723,730,S,21,S-21
ORF3377506|323|E|35,ORF3377506,323,E,35,E-35
ORF3462241|110|K|1,ORF3462241,110,K,1,K-1
ORF3513760|352|S|21,ORF3513760,352,S,21,S-21
ORF3374095|554|K|1,ORF3374095,554,K,1,K-1
ORF3477409|304|S|21,ORF3477409,304,S,21,S-21
ORF3402361|816|T|21,ORF3402361,816,T,21,T-21
P21333|2206|E|35,P21333,2206,E,35,E-35
ORF3318757|167|S|21,ORF3318757,167,S,21,S-21
ORF3373810|428|Q|35,ORF3373810,428,Q,35,Q-35
P35555|1088|N|35,P35555,1088,N,35,N-35
ORF3340348|490|S|21,ORF3340348,490,S,21,S-21
ORF3353908|594|S|21,ORF3353908,594,S,21,S-21
ORF3439174|170|D|35,ORF3439174,170,D,35,D-35
ORF3421165|358|S|21,ORF3421165,358,S,21,S-21
ORF3470845|562|S|21,ORF3470845,562,S,21,S-21
ORF3467212|6|K|1,ORF3467212,6,K,1,K-1
ORF3454492|1202|S|21,ORF3454492,1202,S,21,S-21
ORF3382417|379|S|21,ORF3382417,379,S,21,S-21
ORF3509959|361|K|34,ORF3509959,361,K,34,K-34
ORF3319237|645|S|21,ORF3319237,645,S,21,S-21
ORF3482443|521|T|21,ORF3482443,521,T,21,T-21
Q15751|2746|T|21,Q15751,2746,T,21,T-21
ORF3341338|820|N|35,ORF3341338,820,N,35,N-35
ORF3394498|566|Q|35,ORF3394498,566,Q,35,Q-35
Q04637|1209|S|21,Q04637,1209,S,21,S-21
ORF3367132|547|Q|35,ORF3367132,547,Q,35,Q-35
ORF3375466|303|T|21,ORF3375466,303,T,21,T-21
ORF3314734|5830|S|21,ORF3314734,5830,S,21,S-21
ORF3314734|1005|K|378,ORF3314734,1005,K,378,K-378
ORF3501448|552|S|21,ORF3501448,552,S,21,S-21
ORF3429097|387|K|53,ORF3429097,387,K,53,K-53
Q9H4L4|176|T|21,Q9H4L4,176,T,21,T-21
ORF3350074|135|K|34,ORF3350074,135,K,34,K-34
ORF3462793|58|K|34,ORF3462793,58,K,34,K-34
ORF3377506|308|K|34,ORF3377506,308,K,34,K-34
P02787|349|T|23,P02787,349,T,23,T-23
ORF3377548|70|R|36,ORF3377548,70,R,36,R-36
ORF3416134|452|N|35,ORF3416134,452,N,35,N-35
ORF3400189|113|S|21,ORF3400189,113,S,21,S-21
P12109|237|D|35,P12109,237,D,35,D-35
ORF3376681|471|S|21,ORF3376681,471,S,21,S-21
ORF3310213|289|S|21,ORF3310213,289,S,21,S-21
ORF3510730|188|S|21,ORF3510730,188,S,21,S-21
P07814|693|K|53,P07814,693,K,53,K-53
ORF3358498|424|K|1,ORF3358498,424,K,1,K-1
ORF3421165|26|H|53,ORF3421165,26,H,53,H-53
ORF3480538|344|S|21,ORF3480538,344,S,21,S-21
ORF3422263|1155|S|21,ORF3422263,1155,S,21,S-21
Q7KZ85|125|S|21,Q7KZ85,125,S,21,S-21
ORF3342343|29|S|21,ORF3342343,29,S,21,S-21
ORF3398131|78|K|378,ORF3398131,78,K,378,K-378
Q16181|354|E|35,Q16181,354,E,35,E-35
ORF3314734|884|K|378,ORF3314734,884,K,378,K-378
ORF3298135|222|S|21,ORF3298135,222,S,21,S-21
ORF3457093|284|S|21,ORF3457093,284,S,21,S-21
ORF3319084|61|K|34,ORF3319084,61,K,34,K-34
ORF3365932|186|K|1,ORF3365932,186,K,1,K-1
ORF3494278|120|S|21,ORF3494278,120,S,21,S-21
ORF3308689|582|S|21,ORF3308689,582,S,21,S-21
ORF3445723|249|K|747,ORF3445723,249,K,747,K-747
ORF3376930|399|S|21,ORF3376930,399,S,21,S-21
ORF3502264|981|D|35,ORF3502264,981,D,35,D-35
P21333|987|K|34,P21333,987,K,34,K-34
ORF3372046|62|S|21,ORF3372046,62,S,21,S-21
ORF3505417|100|D|35,ORF3505417,100,D,35,D-35
ORF3321541|95|H|53,ORF3321541,95,H,53,H-53
ORF3385411|232|S|21,ORF3385411,232,S,21,S-21
ORF3298297|448|K|121,ORF3298297,448,K,121,K-121
ORF3417073|312|S|21,ORF3417073,312,S,21,S-21
ORF3442540|352|S|21,ORF3442540,352,S,21,S-21
ORF3498214|338|N|35,ORF3498214,338,N,35,N-35
ORF3350074|516|R|7,ORF3350074,516,R,7,R-7
ORF3440596|11|S|21,ORF3440596,11,S,21,S-21
ORF3323698|260|K|1,ORF3323698,260,K,1,K-1
ORF3443299|212|T|21,ORF3443299,212,T,21,T-21
ORF3303448|105|N|35,ORF3303448,105,N,35,N-35
ORF3310396|539|S|21,ORF3310396,539,S,21,S-21
ORF3429097|315|D|35,ORF3429097,315,D,35,D-35
ORF3407290|89|K|34,ORF3407290,89,K,34,K-34
ORF3452236|409|N|35,ORF3452236,409,N,35,N-35
ORF3411310|185|S|21,ORF3411310,185,S,21,S-21
ORF3366577|570|E|35,ORF3366577,570,E,35,E-35
ORF3486484|154|T|21,ORF3486484,154,T,21,T-21
Q92508|1646|S|21,Q92508,1646,S,21,S-21
ORF3342391|658|S|21,ORF3342391,658,S,21,S-21
Q9Y4A5|2077|S|21,Q9Y4A5,2077,S,21,S-21
ORF3334378|321|D|35,ORF3334378,321,D,35,D-35
ORF3475696|196|S|21,ORF3475696,196,S,21,S-21
P35579|1189|E|35,P35579,1189,E,35,E-35
ORF3439996|257|D|35,ORF3439996,257,D,35,D-35
Q13813|538|H|53,Q13813,538,H,53,H-53
ORF3377542|167|K|34,ORF3377542,167,K,34,K-34
ORF3448849|156|S|21,ORF3448849,156,S,21,S-21
Q5VTE0|165|K|37,Q5VTE0,165,K,37,K-37
ORF3416134|565|K|1,ORF3416134,565,K,1,K-1
ORF3439492|329|T|21,ORF3439492,329,T,21,T-21
ORF3351562|57|K|34,ORF3351562,57,K,34,K-34
ORF3415927|360|S|21,ORF3415927,360,S,21,S-21
ORF3459751|283|T|21,ORF3459751,283,T,21,T-21
P35749|78|K|1,P35749,78,K,1,K-1
ORF3315751|74|Q|35,ORF3315751,74,Q,35,Q-35
ORF3512800|1028|S|21,ORF3512800,1028,S,21,S-21
ORF3381844|376|S|21,ORF3381844,376,S,21,S-21
ORF3493834|218|E|35,ORF3493834,218,E,35,E-35
ORF3505027|40|K|34,ORF3505027,40,K,34,K-34
O15126|107|E|35,O15126,107,E,35,E-35
ORF3461872|201|S|21,ORF3461872,201,S,21,S-21
P21333|2484|R|7,P21333,2484,R,7,R-7
P63010|82|D|35,P63010,82,D,35,D-35
ORF3431923|83|K|1,ORF3431923,83,K,1,K-1
ORF3441340|665|S|21,ORF3441340,665,S,21,S-21
ORF3415663|278|S|21,ORF3415663,278,S,21,S-21
ORF3507637|182|E|35,ORF3507637,182,E,35,E-35
ORF3321388|42|S|21,ORF3321388,42,S,21,S-21
ORF3445165|1141|S|21,ORF3445165,1141,S,21,S-21
ORF3498154|56|D|35,ORF3498154,56,D,35,D-35
ORF3326758|659|S|21,ORF3326758,659,S,21,S-21
ORF3314734|5763|S|21,ORF3314734,5763,S,21,S-21
ORF3376663|54|E|35,ORF3376663,54,E,35,E-35
ORF778327|16|D|35,ORF778327,16,D,35,D-35
Q15149|3637|R|7,Q15149,3637,R,7,R-7
ORF3464152|539|K|53,ORF3464152,539,K,53,K-53
ORF3505417|99|Q|35,ORF3505417,99,Q,35,Q-35
ORF3400576|97|T|21,ORF3400576,97,T,21,T-21
ORF3391237|329|Q|35,ORF3391237,329,Q,35,Q-35
ORF3399775|133|R|7,ORF3399775,133,R,7,R-7
Q9Y618|2223|S|21,Q9Y618,2223,S,21,S-21
ORF3365662|326|R|36,ORF3365662,326,R,36,R-36
ORF3503071|345|S|21,ORF3503071,345,S,21,S-21
ORF3467110|88|K|121,ORF3467110,88,K,121,K-121
A6NMY6|239|D|35,A6NMY6,239,D,35,D-35
ORF3400318|515|S|21,ORF3400318,515,S,21,S-21
ORF3445723|383|K|53,ORF3445723,383,K,53,K-53
O75962|1723|S|21,O75962,1723,S,21,S-21
ORF3405805|437|S|21,ORF3405805,437,S,21,S-21
ORF3505975|205|Q|35,ORF3505975,205,Q,35,Q-35
ORF3328435|69|R|7,ORF3328435,69,R,7,R-7
ORF3321388|100|S|21,ORF3321388,100,S,21,S-21
ORF3402490|164|K|34,ORF3402490,164,K,34,K-34
ORF3298402|139|K|34,ORF3298402,139,K,34,K-34
ORF3436732|447|S|21,ORF3436732,447,S,21,S-21
ORF3418372|53|N|35,ORF3418372,53,N,35,N-35
ORF3390079|377|K|1,ORF3390079,377,K,1,K-1
ORF3486736|386|Y|21,ORF3486736,386,Y,21,Y-21
ORF3364933|103|K|121,ORF3364933,103,K,121,K-121
ORF3510898|84|E|35,ORF3510898,84,E,35,E-35
ORF3474556|544|T|21,ORF3474556,544,T,21,T-21
ORF3386380|768|Q|35,ORF3386380,768,Q,35,Q-35
ORF3427687|28|H|53,ORF3427687,28,H,53,H-53
Q86UX6|18|S|21,Q86UX6,18,S,21,S-21
ORF3501292|44|K|34,ORF3501292,44,K,34,K-34
ORF3434749|532|S|21,ORF3434749,532,S,21,S-21
Q14568|291|K|121,Q14568,291,K,121,K-121
ORF3333517|607|S|21,ORF3333517,607,S,21,S-21
P02751|117|D|35,P02751,117,D,35,D-35
ORF3470989|321|K|1,ORF3470989,321,K,1,K-1
ORF3381868|46|Q|35,ORF3381868,46,Q,35,Q-35
ORF3461926|2683|D|35,ORF3461926,2683,D,35,D-35
ORF3456484|239|K|34,ORF3456484,239,K,34,K-34
ORF3314734|5249|E|35,ORF3314734,5249,E,35,E-35
ORF3445723|190|T|21,ORF3445723,190,T,21,T-21
ORF3459517|76|N|35,ORF3459517,76,N,35,N-35
ORF3462118|301|S|21,ORF3462118,301,S,21,S-21
ORF3480538|395|S|21,ORF3480538,395,S,21,S-21
ORF3451420|111|E|35,ORF3451420,111,E,35,E-35
ORF3328435|30|R|7,ORF3328435,30,R,7,R-7
ORF3307390|18|S|21,ORF3307390,18,S,21,S-21
ORF3510859|412|N|35,ORF3510859,412,N,35,N-35
O75369|2161|E|35,O75369,2161,E,35,E-35
ORF3512266|385|K|121,ORF3512266,385,K,121,K-121
Q12888|366|S|21,Q12888,366,S,21,S-21
Q96SN8|1238|S|21,Q96SN8,1238,S,21,S-21
ORF3312886|13|T|21,ORF3312886,13,T,21,T-21
ORF3314734|1068|S|21,ORF3314734,1068,S,21,S-21
ORF3473476|185|K|34,ORF3473476,185,K,34,K-34
ORF3387448|295|Q|35,ORF3387448,295,Q,35,Q-35
ORF3471763|82|R|7,ORF3471763,82,R,7,R-7
ORF3308374|285|S|21,ORF3308374,285,S,21,S-21
ORF3300604|189|S|21,ORF3300604,189,S,21,S-21
ORF3452452|238|Q|35,ORF3452452,238,Q,35,Q-35
ORF3330559|987|S|21,ORF3330559,987,S,21,S-21
ORF3501241|1019|S|21,ORF3501241,1019,S,21,S-21
ORF3331105|18|N|35,ORF3331105,18,N,35,N-35
ORF3458998|211|K|1,ORF3458998,211,K,1,K-1
ORF3510859|702|S|21,ORF3510859,702,S,21,S-21
ORF3320887|288|K|34,ORF3320887,288,K,34,K-34
ORF3332371|838|S|21,ORF3332371,838,S,21,S-21
O94915|1978|S|21,O94915,1978,S,21,S-21
ORF3471703|416|S|21,ORF3471703,416,S,21,S-21
Q9Y618|2054|S|21,Q9Y618,2054,S,21,S-21
ORF3378127|776|S|21,ORF3378127,776,S,21,S-21
ORF3497581|471|S|21,ORF3497581,471,S,21,S-21
ORF3347308|62|S|21,ORF3347308,62,S,21,S-21
Q6SPF0|161|S|21,Q6SPF0,161,S,21,S-21
ORF3333700|108|S|21,ORF3333700,108,S,21,S-21
ORF3325927|228|T|21,ORF3325927,228,T,21,T-21
Q71RC2|597|S|21,Q71RC2,597,S,21,S-21
ORF3381208|274|N|35,ORF3381208,274,N,35,N-35
Q8NI35|522|S|21,Q8NI35,522,S,21,S-21
ORF3327358|82|S|21,ORF3327358,82,S,21,S-21
ORF3304471|357|S|21,ORF3304471,357,S,21,S-21
ORF3357520|158|R|34,ORF3357520,158,R,34,R-34
ORF3466675|249|Q|35,ORF3466675,249,Q,35,Q-35
ORF3333700|204|S|21,ORF3333700,204,S,21,S-21
ORF3441082|287|E|35,ORF3441082,287,E,35,E-35
ORF3459478|180|S|21,ORF3459478,180,S,21,S-21
ORF3454891|379|Q|35,ORF3454891,379,Q,35,Q-35
ORF3333700|405|S|21,ORF3333700,405,S,21,S-21
ORF3419566|3228|S|21,ORF3419566,3228,S,21,S-21
ORF3350887|113|S|21,ORF3350887,113,S,21,S-21
ORF3418372|173|S|21,ORF3418372,173,S,21,S-21
P22694|122|E|35,P22694,122,E,35,E-35
P02452|1125|S|21,P02452,1125,S,21,S-21
ORF3381907|375|R|7,ORF3381907,375,R,7,R-7
ORF3405493|359|S|21,ORF3405493,359,S,21,S-21
Q15149|2767|R|7,Q15149,2767,R,7,R-7
Q9NQT8|1381|S|21,Q9NQT8,1381,S,21,S-21
Q15149|125|S|21,Q15149,125,S,21,S-21
ORF3499135|349|S|21,ORF3499135,349,S,21,S-21
ORF3506149|203|S|21,ORF3506149,203,S,21,S-21
ORF3424477|136|S|21,ORF3424477,136,S,21,S-21
ORF3416077|379|S|21,ORF3416077,379,S,21,S-21
ORF3436342|158|T|21,ORF3436342,158,T,21,T-21
ORF3443569|379|S|21,ORF3443569,379,S,21,S-21
ORF3464488|1614|S|21,ORF3464488,1614,S,21,S-21
ORF3464152|380|D|35,ORF3464152,380,D,35,D-35
ORF3373810|362|K|53,ORF3373810,362,K,53,K-53
ORF3300175|75|D|35,ORF3300175,75,D,35,D-35
ORF3314734|3716|T|21,ORF3314734,3716,T,21,T-21
ORF3456130|705|S|21,ORF3456130,705,S,21,S-21
O95425|852|T|21,O95425,852,T,21,T-21
ORF3391327|180|S|21,ORF3391327,180,S,21,S-21
Q01082|2341|S|21,Q01082,2341,S,21,S-21
ORF3448255|614|Q|35,ORF3448255,614,Q,35,Q-35
ORF3413011|289|S|21,ORF3413011,289,S,21,S-21
ORF3361105|194|S|21,ORF3361105,194,S,21,S-21
ORF3302692|943|S|21,ORF3302692,943,S,21,S-21
Q96B23|66|S|21,Q96B23,66,S,21,S-21
Q9P2J5|1022|E|35,Q9P2J5,1022,E,35,E-35
ORF3399967|82|K|34,ORF3399967,82,K,34,K-34
ORF3415789|123|K|378,ORF3415789,123,K,378,K-378
ORF3509038|244|K|1,ORF3509038,244,K,1,K-1
ORF3495625|92|R|7,ORF3495625,92,R,7,R-7
ORF3391174|411|R|34,ORF3391174,411,R,34,R-34
ORF3429097|396|K|121,ORF3429097,396,K,121,K-121
ORF3367117|500|Q|35,ORF3367117,500,Q,35,Q-35
ORF3398929|86|D|35,ORF3398929,86,D,35,D-35
ORF3381043|311|S|21,ORF3381043,311,S,21,S-21
ORF3445723|347|K|34,ORF3445723,347,K,34,K-34
ORF3475786|811|S|21,ORF3475786,811,S,21,S-21
ORF3509959|106|K|34,ORF3509959,106,K,34,K-34
ORF3400576|399|S|21,ORF3400576,399,S,21,S-21
ORF3298402|430|S|21,ORF3298402,430,S,21,S-21
O75962|1724|S|21,O75962,1724,S,21,S-21
ORF3319084|139|K|1848,ORF3319084,139,K,1848,K-1848
ORF3452452|265|K|121,ORF3452452,265,K,121,K-121
ORF3509959|110|N|35,ORF3509959,110,N,35,N-35
ORF3414370|126|R|7,ORF3414370,126,R,7,R-7
ORF3366139|363|S|21,ORF3366139,363,S,21,S-21
ORF3472936|991|S|21,ORF3472936,991,S,21,S-21
ORF3474556|74|S|21,ORF3474556,74,S,21,S-21
ORF3373591|1051|T|21,ORF3373591,1051,T,21,T-21
ORF3333310|69|Q|35,ORF3333310,69,Q,35,Q-35
ORF3348421|1281|S|21,ORF3348421,1281,S,21,S-21
ORF3468946|175|N|35,ORF3468946,175,N,35,N-35
ORF3345559|255|K|1,ORF3345559,255,K,1,K-1
ORF3459478|487|S|21,ORF3459478,487,S,21,S-21
ORF3409348|599|S|21,ORF3409348,599,S,21,S-21
P40429|159|K|121,P40429,159,K,121,K-121
ORF3374755|376|R|7,ORF3374755,376,R,7,R-7
ORF3419566|1421|S|21,ORF3419566,1421,S,21,S-21
Q8WWQ0|1783|S|21,Q8WWQ0,1783,S,21,S-21
ORF3441370|181|S|21,ORF3441370,181,S,21,S-21
ORF3499408|66|Q|35,ORF3499408,66,Q,35,Q-35
ORF3454441|1438|T|21,ORF3454441,1438,T,21,T-21
Q58FF7|341|K|1,Q58FF7,341,K,1,K-1
P08195|603|R|7,P08195,603,R,7,R-7
Q15149|4214|N|35,Q15149,4214,N,35,N-35
Q58FF7|159|K|121,Q58FF7,159,K,121,K-121
ORF3469954|648|S|21,ORF3469954,648,S,21,S-21
ORF3319699|296|Q|35,ORF3319699,296,Q,35,Q-35
P42858|1199|S|21,P42858,1199,S,21,S-21
ORF3445165|1055|S|21,ORF3445165,1055,S,21,S-21
ORF3509959|250|N|35,ORF3509959,250,N,35,N-35
P51532|695|S|21,P51532,695,S,21,S-21
ORF3430408|333|K|34,ORF3430408,333,K,34,K-34
ORF3349621|71|K|34,ORF3349621,71,K,34,K-34
O75179|2401|S|21,O75179,2401,S,21,S-21
ORF3495562|249|K|121,ORF3495562,249,K,121,K-121
Q16666|224|E|35,Q16666,224,E,35,E-35
ORF3316147|2047|S|21,ORF3316147,2047,S,21,S-21
ORF3471007|613|S|21,ORF3471007,613,S,21,S-21
ORF3315751|899|Q|35,ORF3315751,899,Q,35,Q-35
ORF3377260|311|S|21,ORF3377260,311,S,21,S-21
ORF3350074|270|K|34,ORF3350074,270,K,34,K-34
ORF3507298|215|D|35,ORF3507298,215,D,35,D-35
ORF3491143|541|T|21,ORF3491143,541,T,21,T-21
ORF3417796|227|S|21,ORF3417796,227,S,21,S-21
ORF3467155|64|K|121,ORF3467155,64,K,121,K-121
Q15149|4371|D|35,Q15149,4371,D,35,D-35
ORF3402412|56|S|21,ORF3402412,56,S,21,S-21
ORF3359206|1093|S|21,ORF3359206,1093,S,21,S-21
Q92619|23|S|21,Q92619,23,S,21,S-21
ORF3402127|142|K|34,ORF3402127,142,K,34,K-34
ORF3378277|104|K|1848,ORF3378277,104,K,1848,K-1848
ORF3479602|279|S|21,ORF3479602,279,S,21,S-21
ORF3417073|712|S|21,ORF3417073,712,S,21,S-21
Q15154|93|S|21,Q15154,93,S,21,S-21
ORF3488449|399|S|21,ORF3488449,399,S,21,S-21
ORF3398896|436|E|35,ORF3398896,436,E,35,E-35
ORF3328474|338|D|35,ORF3328474,338,D,35,D-35
ORF3385606|643|S|21,ORF3385606,643,S,21,S-21
ORF3501292|432|T|23,ORF3501292,432,T,23,T-23
ORF3455935|699|S|21,ORF3455935,699,S,21,S-21
ORF3461926|2815|S|21,ORF3461926,2815,S,21,S-21
ORF3388369|874|S|21,ORF3388369,874,S,21,S-21
ORF3352342|1694|S|21,ORF3352342,1694,S,21,S-21
ORF3473356|352|S|21,ORF3473356,352,S,21,S-21
ORF3465415|109|N|35,ORF3465415,109,N,35,N-35
ORF3456829|288|S|21,ORF3456829,288,S,21,S-21
Q12888|1094|S|21,Q12888,1094,S,21,S-21
ORF3302632|257|N|35,ORF3302632,257,N,35,N-35
ORF3457486|564|S|21,ORF3457486,564,S,21,S-21
ORF3345109|11|S|21,ORF3345109,11,S,21,S-21
ORF3343045|334|K|378,ORF3343045,334,K,378,K-378
Q8WXH0|4108|S|21,Q8WXH0,4108,S,21,S-21
ORF3338959|276|Q|35,ORF3338959,276,Q,35,Q-35
ORF3424723|507|Q|35,ORF3424723,507,Q,35,Q-35
ORF3348199|201|S|21,ORF3348199,201,S,21,S-21
ORF3304471|1983|S|21,ORF3304471,1983,S,21,S-21
ORF3350074|150|E|35,ORF3350074,150,E,35,E-35
ORF3461101|104|S|21,ORF3461101,104,S,21,S-21
ORF3330199|332|E|35,ORF3330199,332,E,35,E-35
ORF3470767|512|S|21,ORF3470767,512,S,21,S-21
ORF3418372|115|K|1848,ORF3418372,115,K,1848,K-1848
ORF3329578|124|S|21,ORF3329578,124,S,21,S-21
ORF3403582|687|S|21,ORF3403582,687,S,21,S-21
ORF3321445|44|S|21,ORF3321445,44,S,21,S-21
ORF3448453|632|S|21,ORF3448453,632,S,21,S-21
Q9Y4G6|1509|N|35,Q9Y4G6,1509,N,35,N-35
ORF3386266|29|S|21,ORF3386266,29,S,21,S-21
Q14315|2666|N|35,Q14315,2666,N,35,N-35
Q9NQT8|1379|S|21,Q9NQT8,1379,S,21,S-21
ORF3373732|350|S|21,ORF3373732,350,S,21,S-21
Q15149|345|N|35,Q15149,345,N,35,N-35
Q02880|1522|S|21,Q02880,1522,S,21,S-21
ORF3311797|86|S|21,ORF3311797,86,S,21,S-21
ORF3503452|426|S|21,ORF3503452,426,S,21,S-21
ORF3319084|194|K|1,ORF3319084,194,K,1,K-1
ORF3459823|600|K|1,ORF3459823,600,K,1,K-1
ORF3446101|68|S|21,ORF3446101,68,S,21,S-21
ORF3429097|359|K|1,ORF3429097,359,K,1,K-1
ORF3328012|29|R|7,ORF3328012,29,R,7,R-7
ORF3462241|122|K|535,ORF3462241,122,K,535,K-535
ORF3330598|128|Q|35,ORF3330598,128,Q,35,Q-35
ORF3458080|304|S|747,ORF3458080,304,S,747,S-747
ORF3364933|55|S|747,ORF3364933,55,S,747,S-747
ORF3451420|260|E|35,ORF3451420,260,E,35,E-35
P21333|664|R|7,P21333,664,R,7,R-7
ORF3350695|317|S|21,ORF3350695,317,S,21,S-21
Q5JSZ5|1136|S|21,Q5JSZ5,1136,S,21,S-21
ORF3488734|1152|T|21,ORF3488734,1152,T,21,T-21
ORF3458398|526|S|21,ORF3458398,526,S,21,S-21
P21333|2158|S|21,P21333,2158,S,21,S-21
ORF3315541|82|K|1,ORF3315541,82,K,1,K-1
ORF3318061|43|K|1,ORF3318061,43,K,1,K-1
ORF3352342|1658|S|21,ORF3352342,1658,S,21,S-21
ORF3514162|2065|S|21,ORF3514162,2065,S,21,S-21
ORF3328435|550|K|34,ORF3328435,550,K,34,K-34
ORF3405985|416|S|21,ORF3405985,416,S,21,S-21
ORF3421213|244|S|21,ORF3421213,244,S,21,S-21
ORF3377296|195|K|121,ORF3377296,195,K,121,K-121
ORF3381844|471|S|21,ORF3381844,471,S,21,S-21
ORF3329383|52|E|35,ORF3329383,52,E,35,E-35
ORF3337903|677|S|21,ORF3337903,677,S,21,S-21
ORF3369466|30|S|21,ORF3369466,30,S,21,S-21
ORF3422752|109|K|34,ORF3422752,109,K,34,K-34
ORF3444727|305|D|35,ORF3444727,305,D,35,D-35
ORF3446368|291|S|21,ORF3446368,291,S,21,S-21
ORF3370948|91|K|34,ORF3370948,91,K,34,K-34
ORF3344782|1913|S|21,ORF3344782,1913,S,21,S-21
ORF3390079|501|S|21,ORF3390079,501,S,21,S-21
Q7Z460|600|S|21,Q7Z460,600,S,21,S-21
ORF3405682|1160|R|34,ORF3405682,1160,R,34,R-34
P12111|885|K|34,P12111,885,K,34,K-34
ORF3493345|122|T|21,ORF3493345,122,T,21,T-21
ORF3304798|21|K|1,ORF3304798,21,K,1,K-1
ORF3453652|1915|S|21,ORF3453652,1915,S,21,S-21
P53621|173|S|21,P53621,173,S,21,S-21
ORF3460288|102|S|21,ORF3460288,102,S,21,S-21
ORF3430408|410|K|34,ORF3430408,410,K,34,K-34
ORF3415801|52|K|34,ORF3415801,52,K,34,K-34
P17050|293|N|35,P17050,293,N,35,N-35
ORF3395806|1259|S|21,ORF3395806,1259,S,21,S-21
ORF3506530|98|S|21,ORF3506530,98,S,21,S-21
ORF3450544|128|S|21,ORF3450544,128,S,21,S-21
ORF3457747|401|S|21,ORF3457747,401,S,21,S-21
O00264|57|S|21,O00264,57,S,21,S-21
O95425|221|S|21,O95425,221,S,21,S-21
ORF3489490|938|T|21,ORF3489490,938,T,21,T-21
ORF3436342|357|S|21,ORF3436342,357,S,21,S-21
ORF3480925|365|S|21,ORF3480925,365,S,21,S-21
ORF3422263|1782|S|21,ORF3422263,1782,S,21,S-21
ORF3330361|242|S|21,ORF3330361,242,S,21,S-21
ORF3430408|628|E|35,ORF3430408,628,E,35,E-35
ORF3339967|117|S|21,ORF3339967,117,S,21,S-21
ORF3489490|892|S|21,ORF3489490,892,S,21,S-21
ORF3334954|1174|S|21,ORF3334954,1174,S,21,S-21
ORF3360235|125|S|21,ORF3360235,125,S,21,S-21
ORF3453652|614|S|21,ORF3453652,614,S,21,S-21
ORF3300175|118|S|21,ORF3300175,118,S,21,S-21
ORF3386557|1034|T|21,ORF3386557,1034,T,21,T-21
ORF3472687|269|K|1,ORF3472687,269,K,1,K-1
ORF3491725|170|K|34,ORF3491725,170,K,34,K-34
ORF3304228|98|R|7,ORF3304228,98,R,7,R-7
ORF3383050|575|S|21,ORF3383050,575,S,21,S-21
ORF3445480|470|S|21,ORF3445480,470,S,21,S-21
ORF3509959|30|K|1,ORF3509959,30,K,1,K-1
ORF3383356|613|R|34,ORF3383356,613,R,34,R-34
ORF3505375|1674|K|1,ORF3505375,1674,K,1,K-1
ORF3322627|44|S|21,ORF3322627,44,S,21,S-21
ORF3423568|251|T|21,ORF3423568,251,T,21,T-21
ORF3298402|419|S|21,ORF3298402,419,S,21,S-21
ORF3352342|2123|S|21,ORF3352342,2123,S,21,S-21
ORF3314734|5110|S|21,ORF3314734,5110,S,21,S-21
ORF3447151|419|S|21,ORF3447151,419,S,21,S-21
ORF3512800|1069|S|21,ORF3512800,1069,S,21,S-21
P35580|1956|S|21,P35580,1956,S,21,S-21
ORF3332590|909|S|21,ORF3332590,909,S,21,S-21
ORF3375334|57|E|35,ORF3375334,57,E,35,E-35
ORF3343315|162|S|21,ORF3343315,162,S,21,S-21
ORF3475495|477|N|35,ORF3475495,477,N,35,N-35
ORF3374095|962|K|1,ORF3374095,962,K,1,K-1
ORF3394471|122|D|35,ORF3394471,122,D,35,D-35
ORF3508579|349|S|21,ORF3508579,349,S,21,S-21
ORF3468694|171|E|35,ORF3468694,171,E,35,E-35
ORF3390745|580|R|7,ORF3390745,580,R,7,R-7
ORF3328477|261|D|35,ORF3328477,261,D,35,D-35
ORF3511543|52|K|37,ORF3511543,52,K,37,K-37
ORF3352342|2382|S|21,ORF3352342,2382,S,21,S-21
ORF3417928|63|K|535,ORF3417928,63,K,535,K-535
O60716|268|S|21,O60716,268,S,21,S-21
ORF3444493|333|S|21,ORF3444493,333,S,21,S-21
ORF3370231|50|Q|35,ORF3370231,50,Q,35,Q-35
ORF3376228|17|E|35,ORF3376228,17,E,35,E-35
Q13085|80|S|21,Q13085,80,S,21,S-21
Q9NU22|4538|S|21,Q9NU22,4538,S,21,S-21
Q9H1A4|688|S|21,Q9H1A4,688,S,21,S-21
ORF3372067|423|S|21,ORF3372067,423,S,21,S-21
ORF3511882|46|R|7,ORF3511882,46,R,7,R-7
ORF3470767|385|S|21,ORF3470767,385,S,21,S-21
ORF3319084|148|S|21,ORF3319084,148,S,21,S-21
Q12789|1865|S|21,Q12789,1865,S,21,S-21
ORF3415249|280|D|35,ORF3415249,280,D,35,D-35
ORF3434893|792|N|35,ORF3434893,792,N,35,N-35
ORF3380740|194|K|34,ORF3380740,194,K,34,K-34
ORF3446920|104|K|121,ORF3446920,104,K,121,K-121
ORF3445723|97|K|34,ORF3445723,97,K,34,K-34
ORF3430408|76|T|21,ORF3430408,76,T,21,T-21
ORF3509959|220|K|34,ORF3509959,220,K,34,K-34
ORF3500596|312|K|121,ORF3500596,312,K,121,K-121
ORF3412231|467|S|21,ORF3412231,467,S,21,S-21
ORF3510694|27|S|21,ORF3510694,27,S,21,S-21
ORF3377305|247|D|35,ORF3377305,247,D,35,D-35
Q9UMN6|861|S|21,Q9UMN6,861,S,21,S-21
ORF725815|37|R|7,ORF725815,37,R,7,R-7
P01024|989|Q|35,P01024,989,Q,35,Q-35
ORF3469315|9|S|21,ORF3469315,9,S,21,S-21
ORF3329188|33|K|1,ORF3329188,33,K,1,K-1
ORF3316147|1969|S|21,ORF3316147,1969,S,21,S-21
ORF3445723|117|K|34,ORF3445723,117,K,34,K-34
ORF3302194|873|S|21,ORF3302194,873,S,21,S-21
ORF3383395|331|Q|35,ORF3383395,331,Q,35,Q-35
ORF3318280|113|K|37,ORF3318280,113,K,37,K-37
Q58FF7|450|K|121,Q58FF7,450,K,121,K-121
Q9NQT8|1410|S|21,Q9NQT8,1410,S,21,S-21
ORF3344917|109|T|21,ORF3344917,109,T,21,T-21
ORF3509062|969|E|35,ORF3509062,969,E,35,E-35
ORF3467158|13|K|1,ORF3467158,13,K,1,K-1
ORF3382333|102|K|1848,ORF3382333,102,K,1848,K-1848
ORF3386380|839|T|23,ORF3386380,839,T,23,T-23
ORF3499411|116|S|21,ORF3499411,116,S,21,S-21
P35637|503|R|36,P35637,503,R,36,R-36
ORF3364933|109|K|535,ORF3364933,109,K,535,K-535
ORF3299119|288|S|21,ORF3299119,288,S,21,S-21
ORF3391060|126|S|21,ORF3391060,126,S,21,S-21
ORF3506149|184|S|21,ORF3506149,184,S,21,S-21
ORF3399760|129|S|21,ORF3399760,129,S,21,S-21
Q96PY6|1052|S|21,Q96PY6,1052,S,21,S-21
Q9UKE5|548|S|21,Q9UKE5,548,S,21,S-21
ORF3333025|95|S|21,ORF3333025,95,S,21,S-21
ORF3409234|31|S|21,ORF3409234,31,S,21,S-21
ORF3494446|159|E|35,ORF3494446,159,E,35,E-35
ORF3380740|73|R|7,ORF3380740,73,R,7,R-7
ORF3480538|24|S|21,ORF3480538,24,S,21,S-21
ORF3359146|557|S|21,ORF3359146,557,S,21,S-21
ORF3314734|490|T|21,ORF3314734,490,T,21,T-21
ORF3415927|175|S|21,ORF3415927,175,S,21,S-21
Q14204|4283|K|1,Q14204,4283,K,1,K-1
ORF3508978|594|S|21,ORF3508978,594,S,21,S-21
ORF3411205|330|S|21,ORF3411205,330,S,21,S-21
Q5VTE0|165|K|34,Q5VTE0,165,K,34,K-34
ORF3394498|395|N|35,ORF3394498,395,N,35,N-35
ORF3406039|1181|S|21,ORF3406039,1181,S,21,S-21
P11388|1504|S|21,P11388,1504,S,21,S-21
ORF3343045|149|K|378,ORF3343045,149,K,378,K-378
Q9Y4A5|2543|K|1,Q9Y4A5,2543,K,1,K-1
ORF3393877|654|S|21,ORF3393877,654,S,21,S-21
ORF3403876|25|S|21,ORF3403876,25,S,21,S-21
ORF3446782|902|S|21,ORF3446782,902,S,21,S-21
ORF3350074|106|R|7,ORF3350074,106,R,7,R-7
Q04637|1596|S|21,Q04637,1596,S,21,S-21
ORF3405940|74|K|121,ORF3405940,74,K,121,K-121
ORF3410803|94|S|21,ORF3410803,94,S,21,S-21
ORF3340348|657|S|21,ORF3340348,657,S,21,S-21
ORF3509959|91|K|34,ORF3509959,91,K,34,K-34
ORF3434269|844|S|21,ORF3434269,844,S,21,S-21
ORF3465928|582|S|21,ORF3465928,582,S,21,S-21
ORF3351562|8|K|34,ORF3351562,8,K,34,K-34
ORF3480727|62|N|35,ORF3480727,62,N,35,N-35
ORF3505069|578|S|21,ORF3505069,578,S,21,S-21
ORF3332647|235|S|21,ORF3332647,235,S,21,S-21
ORF3376681|253|Y|21,ORF3376681,253,Y,21,Y-21
ORF3500476|476|R|7,ORF3500476,476,R,7,R-7
Q14669|100|S|21,Q14669,100,S,21,S-21
ORF3492310|7|S|21,ORF3492310,7,S,21,S-21
ORF3406408|483|S|21,ORF3406408,483,S,21,S-21
ORF3459517|104|S|21,ORF3459517,104,S,21,S-21
Q5JSZ5|764|S|21,Q5JSZ5,764,S,21,S-21
P02751|2475|S|21,P02751,2475,S,21,S-21
ORF3390460|658|S|21,ORF3390460,658,S,21,S-21
ORF3344782|850|S|21,ORF3344782,850,S,21,S-21
ORF3342391|547|S|21,ORF3342391,547,S,21,S-21
ORF3415801|317|K|34,ORF3415801,317,K,34,K-34
ORF3411640|130|D|35,ORF3411640,130,D,35,D-35
ORF3369868|502|S|21,ORF3369868,502,S,21,S-21
ORF3395899|284|S|21,ORF3395899,284,S,21,S-21
ORF3350632|1036|S|21,ORF3350632,1036,S,21,S-21
Q9HBL0|1281|S|21,Q9HBL0,1281,S,21,S-21
ORF3300661|357|N|35,ORF3300661,357,N,35,N-35
ORF3463528|143|N|35,ORF3463528,143,N,35,N-35
Q8IYB3|414|S|21,Q8IYB3,414,S,21,S-21
ORF3489490|936|S|21,ORF3489490,936,S,21,S-21
ORF3510202|512|S|21,ORF3510202,512,S,21,S-21
ORF3491143|681|S|21,ORF3491143,681,S,21,S-21
ORF3458638|135|K|1,ORF3458638,135,K,1,K-1
Q5VZK9|1094|S|21,Q5VZK9,1094,S,21,S-21
ORF3375952|584|S|21,ORF3375952,584,S,21,S-21
P21333|569|K|34,P21333,569,K,34,K-34
ORF3334378|10|E|35,ORF3334378,10,E,35,E-35
ORF3513460|253|S|21,ORF3513460,253,S,21,S-21
O75369|2465|S|21,O75369,2465,S,21,S-21
ORF3424468|331|S|21,ORF3424468,331,S,21,S-21
ORF3465889|759|S|21,ORF3465889,759,S,21,S-21
ORF3314734|2488|N|35,ORF3314734,2488,N,35,N-35
ORF3328513|313|K|34,ORF3328513,313,K,34,K-34
ORF3473491|114|K|34,ORF3473491,114,K,34,K-34
ORF3455908|249|T|21,ORF3455908,249,T,21,T-21
ORF3375460|97|S|21,ORF3375460,97,S,21,S-21
ORF3304471|308|S|21,ORF3304471,308,S,21,S-21
ORF3450679|515|E|35,ORF3450679,515,E,35,E-35
ORF3413779|180|S|21,ORF3413779,180,S,21,S-21
Q5T4S7|2724|T|21,Q5T4S7,2724,T,21,T-21
ORF3339634|51|S|21,ORF3339634,51,S,21,S-21
ORF3467131|31|T|21,ORF3467131,31,T,21,T-21
ORF3360439|650|R|7,ORF3360439,650,R,7,R-7
ORF3359920|345|K|53,ORF3359920,345,K,53,K-53
ORF3459781|377|E|35,ORF3459781,377,E,35,E-35
Q12888|784|S|21,Q12888,784,S,21,S-21
ORF3382819|420|S|21,ORF3382819,420,S,21,S-21
ORF3417928|6|K|121,ORF3417928,6,K,121,K-121
ORF3427528|164|S|21,ORF3427528,164,S,21,S-21
ORF3328978|283|S|21,ORF3328978,283,S,21,S-21
ORF3501292|101|N|35,ORF3501292,101,N,35,N-35
ORF3466033|1395|S|21,ORF3466033,1395,S,21,S-21
ORF3314734|93|S|21,ORF3314734,93,S,21,S-21
ORF3391327|147|S|21,ORF3391327,147,S,21,S-21
ORF3404689|669|D|35,ORF3404689,669,D,35,D-35
ORF3422221|124|S|21,ORF3422221,124,S,21,S-21
ORF3321388|420|S|21,ORF3321388,420,S,21,S-21
ORF3453652|1252|S|21,ORF3453652,1252,S,21,S-21
ORF3318274|71|K|34,ORF3318274,71,K,34,K-34
ORF3322834|444|T|21,ORF3322834,444,T,21,T-21
ORF3433270|109|S|21,ORF3433270,109,S,21,S-21
ORF3513751|640|S|21,ORF3513751,640,S,21,S-21
Q13459|1356|S|21,Q13459,1356,S,21,S-21
ORF3510730|272|S|21,ORF3510730,272,S,21,S-21
ORF3487720|432|S|21,ORF3487720,432,S,21,S-21
ORF3449821|1196|T|21,ORF3449821,1196,T,21,T-21
P50991|19|R|34,P50991,19,R,34,R-34
ORF3314734|5493|Q|35,ORF3314734,5493,Q,35,Q-35
ORF3445723|286|K|34,ORF3445723,286,K,34,K-34
ORF3456484|254|S|21,ORF3456484,254,S,21,S-21
Q96N67|1434|S|21,Q96N67,1434,S,21,S-21
ORF3354640|403|S|21,ORF3354640,403,S,21,S-21
ORF3508510|32|K|121,ORF3508510,32,K,121,K-121
ORF3445150|7|E|35,ORF3445150,7,E,35,E-35
Q14839|1014|D|35,Q14839,1014,D,35,D-35
ORF3445723|75|K|34,ORF3445723,75,K,34,K-34
ORF3316147|1757|S|21,ORF3316147,1757,S,21,S-21
ORF3488971|310|Q|35,ORF3488971,310,Q,35,Q-35
ORF3352342|1443|S|21,ORF3352342,1443,S,21,S-21
ORF3334360|877|S|21,ORF3334360,877,S,21,S-21
ORF3486874|624|S|21,ORF3486874,624,S,21,S-21
ORF3500512|946|S|21,ORF3500512,946,S,21,S-21
ORF3298402|325|S|21,ORF3298402,325,S,21,S-21
P07196|218|D|35,P07196,218,D,35,D-35
ORF3376930|896|S|21,ORF3376930,896,S,21,S-21
ORF3298402|55|S|21,ORF3298402,55,S,21,S-21
ORF3488209|138|K|121,ORF3488209,138,K,121,K-121
ORF3344782|1838|S|21,ORF3344782,1838,S,21,S-21
ORF3438874|524|S|21,ORF3438874,524,S,21,S-21
ORF3307807|212|S|21,ORF3307807,212,S,21,S-21
ORF3501241|1040|S|21,ORF3501241,1040,S,21,S-21
ORF3482443|151|E|35,ORF3482443,151,E,35,E-35
ORF3447382|239|K|378,ORF3447382,239,K,378,K-378
P35637|332|K|1,P35637,332,K,1,K-1
ORF3388309|58|K|121,ORF3388309,58,K,121,K-121
ORF3487324|236|R|7,ORF3487324,236,R,7,R-7
ORF3438874|1841|S|21,ORF3438874,1841,S,21,S-21
ORF3513760|185|R|36,ORF3513760,185,R,36,R-36
ORF3426265|1187|E|35,ORF3426265,1187,E,35,E-35
ORF3343195|167|E|35,ORF3343195,167,E,35,E-35
ORF3408322|262|K|34,ORF3408322,262,K,34,K-34
ORF3400003|696|S|21,ORF3400003,696,S,21,S-21
P0DOY3|98|K|34,P0DOY3,98,K,34,K-34
ORF3371089|907|S|21,ORF3371089,907,S,21,S-21
ORF3338971|379|K|378,ORF3338971,379,K,378,K-378
ORF3298402|177|N|35,ORF3298402,177,N,35,N-35
ORF3352342|2664|S|21,ORF3352342,2664,S,21,S-21
ORF3403963|286|R|7,ORF3403963,286,R,7,R-7
ORF3380740|50|E|35,ORF3380740,50,E,35,E-35
ORF3330199|1178|S|21,ORF3330199,1178,S,21,S-21
ORF3363484|96|S|21,ORF3363484,96,S,21,S-21
ORF3400426|988|S|21,ORF3400426,988,S,21,S-21
ORF3498130|544|S|21,ORF3498130,544,S,21,S-21
ORF3321388|15|S|21,ORF3321388,15,S,21,S-21
ORF3406753|515|D|35,ORF3406753,515,D,35,D-35
ORF3340882|92|K|34,ORF3340882,92,K,34,K-34
ORF3323866|168|K|34,ORF3323866,168,K,34,K-34
P35555|625|N|35,P35555,625,N,35,N-35
ORF3395341|241|S|21,ORF3395341,241,S,21,S-21
ORF3379282|342|S|21,ORF3379282,342,S,21,S-21
ORF3402013|207|S|21,ORF3402013,207,S,21,S-21
Q6F5E8|1246|S|21,Q6F5E8,1246,S,21,S-21
ORF3457093|207|S|21,ORF3457093,207,S,21,S-21
ORF3363229|763|S|21,ORF3363229,763,S,21,S-21
ORF3373993|270|E|35,ORF3373993,270,E,35,E-35
ORF3482368|42|R|36,ORF3482368,42,R,36,R-36
ORF3449551|287|T|21,ORF3449551,287,T,21,T-21
P21333|1084|S|21,P21333,1084,S,21,S-21
ORF3513751|488|S|21,ORF3513751,488,S,21,S-21
ORF3384082|185|S|21,ORF3384082,185,S,21,S-21
ORF3324739|49|R|7,ORF3324739,49,R,7,R-7
ORF3410503|178|K|378,ORF3410503,178,K,378,K-378
ORF3445723|375|K|34,ORF3445723,375,K,34,K-34
ORF3463036|761|S|21,ORF3463036,761,S,21,S-21
ORF3402412|235|R|36,ORF3402412,235,R,36,R-36
Q06210|261|S|21,Q06210,261,S,21,S-21
ORF3510859|498|S|21,ORF3510859,498,S,21,S-21
ORF3411106|132|S|21,ORF3411106,132,S,21,S-21
ORF3419770|265|S|21,ORF3419770,265,S,21,S-21
ORF3319084|254|K|1,ORF3319084,254,K,1,K-1
ORF3330559|989|S|21,ORF3330559,989,S,21,S-21
Q01082|876|Q|35,Q01082,876,Q,35,Q-35
Q15149|4389|S|21,Q15149,4389,S,21,S-21
ORF3404395|675|S|21,ORF3404395,675,S,21,S-21
ORF3328219|610|S|21,ORF3328219,610,S,21,S-21
ORF3505429|499|E|35,ORF3505429,499,E,35,E-35
ORF3512728|277|T|21,ORF3512728,277,T,21,T-21
ORF3454708|295|E|35,ORF3454708,295,E,35,E-35
ORF3509959|66|R|7,ORF3509959,66,R,7,R-7
ORF3356878|154|S|21,ORF3356878,154,S,21,S-21
ORF3326932|308|K|34,ORF3326932,308,K,34,K-34
ORF3483553|343|N|35,ORF3483553,343,N,35,N-35
ORF3338470|102|S|21,ORF3338470,102,S,21,S-21
ORF3410119|545|R|36,ORF3410119,545,R,36,R-36
ORF3454441|780|S|21,ORF3454441,780,S,21,S-21
ORF3318061|94|K|1,ORF3318061,94,K,1,K-1
P35579|1226|R|7,P35579,1226,R,7,R-7
P35580|908|E|35,P35580,908,E,35,E-35
ORF3401263|5|S|21,ORF3401263,5,S,21,S-21
P78527|1869|K|121,P78527,1869,K,121,K-121
ORF3491008|82|D|35,ORF3491008,82,D,35,D-35
ORF3366652|460|S|21,ORF3366652,460,S,21,S-21
ORF3319084|184|T|21,ORF3319084,184,T,21,T-21
ORF3350074|125|K|34,ORF3350074,125,K,34,K-34
ORF3433477|511|T|21,ORF3433477,511,T,21,T-21
Q58FF7|296|K|1,Q58FF7,296,K,1,K-1
P09884|186|S|21,P09884,186,S,21,S-21
ORF3365662|367|N|35,ORF3365662,367,N,35,N-35
ORF3462751|290|E|35,ORF3462751,290,E,35,E-35
ORF3355864|173|S|21,ORF3355864,173,S,21,S-21
ORF3407290|103|K|34,ORF3407290,103,K,34,K-34
ORF3373408|473|S|21,ORF3373408,473,S,21,S-21
ORF3482443|38|E|35,ORF3482443,38,E,35,E-35
P01834|42|K|34,P01834,42,K,34,K-34
ORF3387844|298|E|35,ORF3387844,298,E,35,E-35
ORF3328477|616|R|7,ORF3328477,616,R,7,R-7
ORF3400030|161|E|35,ORF3400030,161,E,35,E-35
ORF3364933|109|K|1,ORF3364933,109,K,1,K-1
ORF3423568|242|T|21,ORF3423568,242,T,21,T-21
P08123|978|R|7,P08123,978,R,7,R-7
ORF3303148|102|S|21,ORF3303148,102,S,21,S-21
ORF3470845|709|S|21,ORF3470845,709,S,21,S-21
ORF3323866|633|K|34,ORF3323866,633,K,34,K-34
ORF3358156|58|K|535,ORF3358156,58,K,535,K-535
ORF3328474|549|R|7,ORF3328474,549,R,7,R-7
ORF3401227|128|K|1,ORF3401227,128,K,1,K-1
ORF3501805|810|D|35,ORF3501805,810,D,35,D-35
ORF3484783|829|S|21,ORF3484783,829,S,21,S-21
ORF3411811|521|S|21,ORF3411811,521,S,21,S-21
ORF3441268|109|N|35,ORF3441268,109,N,35,N-35
ORF3403723|732|T|21,ORF3403723,732,T,21,T-21
ORF3509959|48|K|1,ORF3509959,48,K,1,K-1
P35579|74|K|1,P35579,74,K,1,K-1
Q7Z4V5|240|S|21,Q7Z4V5,240,S,21,S-21
ORF3353887|166|S|21,ORF3353887,166,S,21,S-21
P35579|1796|E|35,P35579,1796,E,35,E-35
ORF3325831|740|E|35,ORF3325831,740,E,35,E-35
ORF3407077|21|K|1,ORF3407077,21,K,1,K-1
ORF3469342|1045|S|21,ORF3469342,1045,S,21,S-21
ORF3352342|1028|S|21,ORF3352342,1028,S,21,S-21
ORF3350074|37|S|21,ORF3350074,37,S,21,S-21
ORF3482443|227|R|7,ORF3482443,227,R,7,R-7
ORF3314734|4766|T|21,ORF3314734,4766,T,21,T-21
ORF3445723|28|K|1,ORF3445723,28,K,1,K-1
P46940|992|Q|35,P46940,992,Q,35,Q-35
ORF3422977|155|S|21,ORF3422977,155,S,21,S-21
ORF3506149|642|T|21,ORF3506149,642,T,21,T-21
ORF3304798|16|S|21,ORF3304798,16,S,21,S-21
Q8WWQ0|674|S|21,Q8WWQ0,674,S,21,S-21
Q9HCK8|1995|S|21,Q9HCK8,1995,S,21,S-21
ORF3416134|635|K|1,ORF3416134,635,K,1,K-1
ORF3487324|172|N|35,ORF3487324,172,N,35,N-35
ORF3304471|2828|S|21,ORF3304471,2828,S,21,S-21
ORF3334954|308|S|21,ORF3334954,308,S,21,S-21
ORF3492700|229|R|7,ORF3492700,229,R,7,R-7
ORF3390745|750|Q|35,ORF3390745,750,Q,35,Q-35
ORF3377506|426|D|35,ORF3377506,426,D,35,D-35
ORF3457093|272|S|21,ORF3457093,272,S,21,S-21
ORF3445513|621|S|21,ORF3445513,621,S,21,S-21
ORF3453652|1852|S|21,ORF3453652,1852,S,21,S-21
Q8WYP5|1283|S|21,Q8WYP5,1283,S,21,S-21
ORF3467224|109|K|1,ORF3467224,109,K,1,K-1
Q9UPN3|4521|S|21,Q9UPN3,4521,S,21,S-21
P35579|1188|Q|35,P35579,1188,Q,35,Q-35
ORF3507637|215|E|35,ORF3507637,215,E,35,E-35
ORF3464980|638|S|21,ORF3464980,638,S,21,S-21
ORF3415801|316|Q|35,ORF3415801,316,Q,35,Q-35
P67809|92|K|121,P67809,92,K,121,K-121
ORF3438766|532|S|21,ORF3438766,532,S,21,S-21
ORF3468169|495|S|21,ORF3468169,495,S,21,S-21
ORF3505375|1590|K|1,ORF3505375,1590,K,1,K-1
ORF3415174|179|T|21,ORF3415174,179,T,21,T-21
Q01082|2331|T|21,Q01082,2331,T,21,T-21
ORF3388354|1308|S|21,ORF3388354,1308,S,21,S-21
ORF3456484|70|S|21,ORF3456484,70,S,21,S-21
ORF3496006|872|S|21,ORF3496006,872,S,21,S-21
ORF3463165|576|R|7,ORF3463165,576,R,7,R-7
ORF3479770|67|D|35,ORF3479770,67,D,35,D-35
ORF3438211|258|S|21,ORF3438211,258,S,21,S-21
ORF3502492|152|K|121,ORF3502492,152,K,121,K-121
ORF3474142|310|S|21,ORF3474142,310,S,21,S-21
ORF3336634|450|S|21,ORF3336634,450,S,21,S-21
ORF3489490|925|S|21,ORF3489490,925,S,21,S-21
Q9UHF7|1081|S|21,Q9UHF7,1081,S,21,S-21
ORF3487324|188|E|35,ORF3487324,188,E,35,E-35
ORF3495583|49|K|1,ORF3495583,49,K,1,K-1
ORF549829|16|S|21,ORF549829,16,S,21,S-21
Q14204|1590|D|35,Q14204,1590,D,35,D-35
ORF3467224|93|K|1848,ORF3467224,93,K,1848,K-1848
ORF3497200|323|S|21,ORF3497200,323,S,21,S-21
ORF3509134|582|S|21,ORF3509134,582,S,21,S-21
ORF3447382|221|E|35,ORF3447382,221,E,35,E-35
ORF3424723|442|D|35,ORF3424723,442,D,35,D-35
ORF3419281|113|S|21,ORF3419281,113,S,21,S-21
ORF3375541|621|Q|35,ORF3375541,621,Q,35,Q-35
ORF3462793|58|K|121,ORF3462793,58,K,121,K-121
ORF3488971|189|D|35,ORF3488971,189,D,35,D-35
ORF3304471|859|S|21,ORF3304471,859,S,21,S-21
ORF3333700|286|S|21,ORF3333700,286,S,21,S-21
ORF3496132|263|S|21,ORF3496132,263,S,21,S-21
ORF3330886|906|R|36,ORF3330886,906,R,36,R-36
ORF3488209|95|N|35,ORF3488209,95,N,35,N-35
ORF3413575|348|K|34,ORF3413575,348,K,34,K-34
ORF3378277|104|K|121,ORF3378277,104,K,121,K-121
ORF3351562|12|K|1,ORF3351562,12,K,1,K-1
Q14315|619|D|35,Q14315,619,D,35,D-35
P49327|1752|K|1,P49327,1752,K,1,K-1
ORF3333160|91|S|21,ORF3333160,91,S,21,S-21
ORF3486484|156|S|21,ORF3486484,156,S,21,S-21
ORF3358156|91|S|23,ORF3358156,91,S,23,S-23
ORF3395374|361|S|21,ORF3395374,361,S,21,S-21
ORF3319084|334|K|34,ORF3319084,334,K,34,K-34
ORF3469699|211|S|21,ORF3469699,211,S,21,S-21
ORF3346138|504|S|21,ORF3346138,504,S,21,S-21
ORF3459478|1043|S|21,ORF3459478,1043,S,21,S-21
P29966|46|S|21,P29966,46,S,21,S-21
P24928|1278|K|1848,P24928,1278,K,1848,K-1848
ORF3299197|295|K|121,ORF3299197,295,K,121,K-121
Q9BZK3|141|K|1,Q9BZK3,141,K,1,K-1
ORF3505027|59|K|34,ORF3505027,59,K,34,K-34
ORF3354112|237|S|21,ORF3354112,237,S,21,S-21
ORF3304108|706|S|21,ORF3304108,706,S,21,S-21
ORF3417913|17|Y|21,ORF3417913,17,Y,21,Y-21
P05141|23|K|1,P05141,23,K,1,K-1
ORF3446920|104|K|34,ORF3446920,104,K,34,K-34
P67809|165|S|21,P67809,165,S,21,S-21
ORF3463036|35|K|1,ORF3463036,35,K,1,K-1
ORF3448453|264|S|21,ORF3448453,264,S,21,S-21
ORF3505027|30|D|35,ORF3505027,30,D,35,D-35
ORF3319084|139|K|1,ORF3319084,139,K,1,K-1
ORF3364933|87|K|535,ORF3364933,87,K,535,K-535
ORF3427687|304|K|1848,ORF3427687,304,K,1848,K-1848
ORF3318274|62|N|35,ORF3318274,62,N,35,N-35
ORF3387598|511|S|21,ORF3387598,511,S,21,S-21
ORF3333160|475|S|21,ORF3333160,475,S,21,S-21
ORF3467224|78|K|34,ORF3467224,78,K,34,K-34
ORF3358498|505|R|7,ORF3358498,505,R,7,R-7
ORF3390745|158|N|35,ORF3390745,158,N,35,N-35
ORF3381841|116|S|21,ORF3381841,116,S,21,S-21
P12036|782|S|21,P12036,782,S,21,S-21
ORF3493834|625|R|7,ORF3493834,625,R,7,R-7
ORF3345559|184|E|35,ORF3345559,184,E,35,E-35
ORF3399406|80|S|21,ORF3399406,80,S,21,S-21
ORF3473491|112|K|34,ORF3473491,112,K,34,K-34
ORF3481864|470|S|21,ORF3481864,470,S,21,S-21
ORF3394471|236|E|35,ORF3394471,236,E,35,E-35
ORF3514192|241|S|21,ORF3514192,241,S,21,S-21
ORF3382219|374|S|21,ORF3382219,374,S,21,S-21
ORF3304471|584|S|21,ORF3304471,584,S,21,S-21
O75643|388|D|35,O75643,388,D,35,D-35
ORF3488872|1027|S|21,ORF3488872,1027,S,21,S-21
ORF3482443|509|T|21,ORF3482443,509,T,21,T-21
ORF3447160|115|T|21,ORF3447160,115,T,21,T-21
ORF3445492|965|S|21,ORF3445492,965,S,21,S-21
ORF3322510|940|S|21,ORF3322510,940,S,21,S-21
P22105|2054|N|35,P22105,2054,N,35,N-35
Q58FG1|303|K|34,Q58FG1,303,K,34,K-34
ORF3314734|2773|K|1848,ORF3314734,2773,K,1848,K-1848
ORF3473476|324|K|1,ORF3473476,324,K,1,K-1
ORF3504979|550|S|21,ORF3504979,550,S,21,S-21
ORF3488209|138|K|34,ORF3488209,138,K,34,K-34
Q15149|4386|S|21,Q15149,4386,S,21,S-21
Q14204|4347|Q|35,Q14204,4347,Q,35,Q-35
ORF3405805|729|S|21,ORF3405805,729,S,21,S-21
ORF3505429|475|S|23,ORF3505429,475,S,23,S-23
ORF3513751|684|S|21,ORF3513751,684,S,21,S-21
Q15084|245|K|34,Q15084,245,K,34,K-34
ORF3417073|466|S|21,ORF3417073,466,S,21,S-21
ORF3471703|436|T|21,ORF3471703,436,T,21,T-21
ORF3479602|62|S|21,ORF3479602,62,S,21,S-21
ORF3400030|122|K|121,ORF3400030,122,K,121,K-121
ORF3368485|226|S|21,ORF3368485,226,S,21,S-21
ORF3390745|258|K|1,ORF3390745,258,K,1,K-1
P28290|767|S|21,P28290,767,S,21,S-21
ORF3381844|394|S|21,ORF3381844,394,S,21,S-21
Q8NI27|1417|S|21,Q8NI27,1417,S,21,S-21
ORF3385606|530|S|21,ORF3385606,530,S,21,S-21
ORF3404689|161|N|35,ORF3404689,161,N,35,N-35
ORF3401227|26|K|53,ORF3401227,26,K,53,K-53
ORF3379282|448|S|21,ORF3379282,448,S,21,S-21
ORF3365662|459|R|34,ORF3365662,459,R,34,R-34
ORF3347308|329|S|21,ORF3347308,329,S,21,S-21
ORF3309346|463|S|21,ORF3309346,463,S,21,S-21
P21333|973|K|34,P21333,973,K,34,K-34
Q14573|1832|S|21,Q14573,1832,S,21,S-21
ORF3501292|318|K|37,ORF3501292,318,K,37,K-37
ORF3318274|56|K|1848,ORF3318274,56,K,1848,K-1848
ORF3483526|119|S|21,ORF3483526,119,S,21,S-21
ORF3382129|49|D|35,ORF3382129,49,D,35,D-35
ORF3416134|282|H|53,ORF3416134,282,H,53,H-53
Q96BY7|1743|S|21,Q96BY7,1743,S,21,S-21
ORF3464152|616|E|35,ORF3464152,616,E,35,E-35
ORF3460114|1018|S|21,ORF3460114,1018,S,21,S-21
Q8IYB3|769|S|21,Q8IYB3,769,S,21,S-21
ORF3395899|286|T|21,ORF3395899,286,T,21,T-21
ORF3310792|110|D|35,ORF3310792,110,D,35,D-35
P49815|1132|S|21,P49815,1132,S,21,S-21
P35579|1525|K|1,P35579,1525,K,1,K-1
Q12802|2398|S|21,Q12802,2398,S,21,S-21
ORF3364933|105|K|535,ORF3364933,105,K,535,K-535
ORF3314734|5824|T|21,ORF3314734,5824,T,21,T-21
ORF3323866|702|K|53,ORF3323866,702,K,53,K-53
ORF3452776|518|E|35,ORF3452776,518,E,35,E-35
ORF3492862|146|R|7,ORF3492862,146,R,7,R-7
ORF3380740|161|K|34,ORF3380740,161,K,34,K-34
ORF3302074|176|S|21,ORF3302074,176,S,21,S-21
Q7Z406|1055|D|35,Q7Z406,1055,D,35,D-35
ORF3418516|306|R|7,ORF3418516,306,R,7,R-7
ORF3387805|1179|S|21,ORF3387805,1179,S,21,S-21
ORF3510859|270|N|35,ORF3510859,270,N,35,N-35
Q96N67|180|S|21,Q96N67,180,S,21,S-21
ORF3421990|10|S|21,ORF3421990,10,S,21,S-21
O14646|1689|S|21,O14646,1689,S,21,S-21
ORF3395806|1243|S|21,ORF3395806,1243,S,21,S-21
Q8NEZ4|4267|S|21,Q8NEZ4,4267,S,21,S-21
ORF3344452|463|S|21,ORF3344452,463,S,21,S-21
Q9Y520|2673|T|21,Q9Y520,2673,T,21,T-21
ORF3394471|251|E|35,ORF3394471,251,E,35,E-35
ORF3433822|261|S|21,ORF3433822,261,S,21,S-21
ORF3373999|275|D|35,ORF3373999,275,D,35,D-35
ORF3462241|48|K|1,ORF3462241,48,K,1,K-1
ORF3304411|590|E|35,ORF3304411,590,E,35,E-35
ORF3314734|1097|Q|35,ORF3314734,1097,Q,35,Q-35
ORF3340891|1413|S|21,ORF3340891,1413,S,21,S-21
ORF3507637|286|K|121,ORF3507637,286,K,121,K-121
ORF3404395|101|K|34,ORF3404395,101,K,34,K-34
ORF3319084|200|R|7,ORF3319084,200,R,7,R-7
ORF3363124|147|S|21,ORF3363124,147,S,21,S-21
ORF3333754|521|S|21,ORF3333754,521,S,21,S-21
ORF3479602|229|T|21,ORF3479602,229,T,21,T-21
ORF3374239|302|T|21,ORF3374239,302,T,21,T-21
ORF3336634|54|R|34,ORF3336634,54,R,34,R-34
ORF3328519|79|D|35,ORF3328519,79,D,35,D-35
ORF3464152|451|K|121,ORF3464152,451,K,121,K-121
ORF3388378|273|S|21,ORF3388378,273,S,21,S-21
ORF3438247|507|S|21,ORF3438247,507,S,21,S-21
ORF3402361|958|T|21,ORF3402361,958,T,21,T-21
ORF3314734|570|S|21,ORF3314734,570,S,21,S-21
ORF3419566|2826|S|21,ORF3419566,2826,S,21,S-21
ORF3497974|30|S|21,ORF3497974,30,S,21,S-21
ORF3304471|1764|T|21,ORF3304471,1764,T,21,T-21
ORF3299581|747|Q|35,ORF3299581,747,Q,35,Q-35
ORF3445165|10|S|21,ORF3445165,10,S,21,S-21
ORF3494446|260|S|21,ORF3494446,260,S,21,S-21
ORF3446653|228|T|21,ORF3446653,228,T,21,T-21
ORF3334360|993|S|21,ORF3334360,993,S,21,S-21
ORF3499720|198|S|21,ORF3499720,198,S,21,S-21
ORF3388099|120|D|35,ORF3388099,120,D,35,D-35
ORF3468769|1243|S|21,ORF3468769,1243,S,21,S-21
ORF3409459|59|S|21,ORF3409459,59,S,21,S-21
ORF3351562|4|S|747,ORF3351562,4,S,747,S-747
ORF3495424|229|N|35,ORF3495424,229,N,35,N-35
Q9H4X1|97|S|21,Q9H4X1,97,S,21,S-21
ORF3381844|543|S|21,ORF3381844,543,S,21,S-21
ORF3353737|1468|T|21,ORF3353737,1468,T,21,T-21
ORF3326932|82|K|34,ORF3326932,82,K,34,K-34
ORF3349621|129|K|1,ORF3349621,129,K,1,K-1
ORF3447382|338|T|23,ORF3447382,338,T,23,T-23
ORF3330010|445|S|21,ORF3330010,445,S,21,S-21
ORF3350074|66|K|1848,ORF3350074,66,K,1848,K-1848
ORF3311908|758|Q|35,ORF3311908,758,Q,35,Q-35
ORF3377548|57|R|36,ORF3377548,57,R,36,R-36
P78527|753|Q|35,P78527,753,Q,35,Q-35
O94915|1957|S|21,O94915,1957,S,21,S-21
ORF3324739|174|D|35,ORF3324739,174,D,35,D-35
ORF3458080|255|R|7,ORF3458080,255,R,7,R-7
A0A2R8Y4L2|28|N|35,A0A2R8Y4L2,28,N,35,N-35
ORF3344836|296|K|34,ORF3344836,296,K,34,K-34
ORF3478813|152|K|34,ORF3478813,152,K,34,K-34
Q14568|291|K|1,Q14568,291,K,1,K-1
Q6PCE3|173|T|21,Q6PCE3,173,T,21,T-21
ORF3513679|272|N|35,ORF3513679,272,N,35,N-35
P25205|711|S|21,P25205,711,S,21,S-21
ORF3461851|849|Y|21,ORF3461851,849,Y,21,Y-21
ORF3314734|3411|S|21,ORF3314734,3411,S,21,S-21
ORF3349621|67|K|34,ORF3349621,67,K,34,K-34
ORF3510700|569|S|21,ORF3510700,569,S,21,S-21
ORF3375466|122|T|21,ORF3375466,122,T,21,T-21
ORF3452452|184|Q|35,ORF3452452,184,Q,35,Q-35
ORF3416134|814|K|1,ORF3416134,814,K,1,K-1
ORF3467155|35|K|34,ORF3467155,35,K,34,K-34
Q14315|2282|E|35,Q14315,2282,E,35,E-35
P07900|611|E|35,P07900,611,E,35,E-35
P07093|163|D|35,P07093,163,D,35,D-35
ORF3433180|624|S|21,ORF3433180,624,S,21,S-21
ORF3476104|143|S|21,ORF3476104,143,S,21,S-21
ORF3351562|32|R|7,ORF3351562,32,R,7,R-7
Q9Y490|425|S|21,Q9Y490,425,S,21,S-21
ORF3308689|627|S|21,ORF3308689,627,S,21,S-21
P0DOY3|50|K|34,P0DOY3,50,K,34,K-34
ORF3445723|341|K|34,ORF3445723,341,K,34,K-34
ORF3460921|438|S|21,ORF3460921,438,S,21,S-21
ORF3466306|756|C|53,ORF3466306,756,C,53,C-53
P0DOY3|60|K|34,P0DOY3,60,K,34,K-34
ORF3318061|66|K|1,ORF3318061,66,K,1,K-1
Q8IZ21|118|S|21,Q8IZ21,118,S,21,S-21
ORF3416635|94|N|35,ORF3416635,94,N,35,N-35
ORF3387598|480|S|21,ORF3387598,480,S,21,S-21
P10412|17|K|1,P10412,17,K,1,K-1
ORF3383761|64|K|1,ORF3383761,64,K,1,K-1
ORF3473476|74|K|34,ORF3473476,74,K,34,K-34
Q8IWS0|154|S|21,Q8IWS0,154,S,21,S-21
ORF3300175|119|Y|21,ORF3300175,119,Y,21,Y-21
ORF3350074|224|K|34,ORF3350074,224,K,34,K-34
ORF3387094|472|T|21,ORF3387094,472,T,21,T-21
P42704|249|E|35,P42704,249,E,35,E-35
ORF3351238|48|K|1848,ORF3351238,48,K,1848,K-1848
ORF3458572|311|S|21,ORF3458572,311,S,21,S-21
ORF3499135|378|S|21,ORF3499135,378,S,21,S-21
ORF3298402|20|T|23,ORF3298402,20,T,23,T-23
Q92614|728|S|21,Q92614,728,S,21,S-21
ORF3352342|1179|S|21,ORF3352342,1179,S,21,S-21
ORF3380290|499|S|21,ORF3380290,499,S,21,S-21
ORF3457054|599|S|21,ORF3457054,599,S,21,S-21
ORF3488209|215|S|21,ORF3488209,215,S,21,S-21
ORF3367132|204|Q|35,ORF3367132,204,Q,35,Q-35
ORF3494311|123|S|21,ORF3494311,123,S,21,S-21
ORF60305|27|S|21,ORF60305,27,S,21,S-21
ORF3422752|109|K|1,ORF3422752,109,K,1,K-1
ORF3298603|526|S|21,ORF3298603,526,S,21,S-21
ORF3358825|14|S|21,ORF3358825,14,S,21,S-21
ORF3407290|92|K|1,ORF3407290,92,K,1,K-1
ORF3407290|96|E|35,ORF3407290,96,E,35,E-35
P78527|1999|E|35,P78527,1999,E,35,E-35
ORF3309106|414|R|7,ORF3309106,414,R,7,R-7
Q14160|1220|S|21,Q14160,1220,S,21,S-21
ORF3431923|45|Q|35,ORF3431923,45,Q,35,Q-35
P78527|3372|K|53,P78527,3372,K,53,K-53
ORF3415174|223|S|21,ORF3415174,223,S,21,S-21
ORF3400513|1181|S|21,ORF3400513,1181,S,21,S-21
P49327|1171|R|7,P49327,1171,R,7,R-7
ORF3308689|206|T|21,ORF3308689,206,T,21,T-21
P12270|2155|S|21,P12270,2155,S,21,S-21
ORF3333025|161|K|53,ORF3333025,161,K,53,K-53
ORF3400576|113|S|21,ORF3400576,113,S,21,S-21
ORF3438247|209|S|21,ORF3438247,209,S,21,S-21
ORF3415789|80|K|34,ORF3415789,80,K,34,K-34
ORF3403642|120|K|535,ORF3403642,120,K,535,K-535
ORF921460|24|K|121,ORF921460,24,K,121,K-121
ORF3359725|162|S|21,ORF3359725,162,S,21,S-21
P21333|479|N|35,P21333,479,N,35,N-35
ORF3488449|424|K|1,ORF3488449,424,K,1,K-1
ORF3387094|1405|S|21,ORF3387094,1405,S,21,S-21
ORF3424477|587|S|21,ORF3424477,587,S,21,S-21
ORF3418747|654|S|21,ORF3418747,654,S,21,S-21
P01860|256|K|34,P01860,256,K,34,K-34
ORF3474424|216|S|21,ORF3474424,216,S,21,S-21
ORF3343417|14|R|7,ORF3343417,14,R,7,R-7
ORF3414571|655|S|21,ORF3414571,655,S,21,S-21
ORF3409888|27|Q|35,ORF3409888,27,Q,35,Q-35
ORF3408322|406|K|1,ORF3408322,406,K,1,K-1
ORF3385606|540|S|21,ORF3385606,540,S,21,S-21
ORF3399904|49|E|35,ORF3399904,49,E,35,E-35
ORF3343045|314|K|34,ORF3343045,314,K,34,K-34
ORF3445723|463|K|1,ORF3445723,463,K,1,K-1
ORF3424723|505|K|1,ORF3424723,505,K,1,K-1
ORF3323866|294|E|35,ORF3323866,294,E,35,E-35
ORF3456130|755|S|21,ORF3456130,755,S,21,S-21
ORF3359725|161|S|21,ORF3359725,161,S,21,S-21
ORF3483871|123|N|35,ORF3483871,123,N,35,N-35
ORF3494290|420|R|7,ORF3494290,420,R,7,R-7
ORF3413743|339|R|7,ORF3413743,339,R,7,R-7
ORF3502492|400|K|1,ORF3502492,400,K,1,K-1
ORF3510859|387|S|21,ORF3510859,387,S,21,S-21
Q7Z460|688|S|21,Q7Z460,688,S,21,S-21
ORF3463165|1198|R|7,ORF3463165,1198,R,7,R-7
ORF3395830|97|S|21,ORF3395830,97,S,21,S-21
ORF3449551|528|R|36,ORF3449551,528,R,36,R-36
ORF3501292|428|D|35,ORF3501292,428,D,35,D-35
ORF3299119|802|S|21,ORF3299119,802,S,21,S-21
Q14315|2233|S|21,Q14315,2233,S,21,S-21
ORF3380740|427|K|1,ORF3380740,427,K,1,K-1
Q9Y2A7|879|Q|35,Q9Y2A7,879,Q,35,Q-35
ORF3373993|244|E|35,ORF3373993,244,E,35,E-35
ORF3445723|549|K|747,ORF3445723,549,K,747,K-747
Q15032|973|S|21,Q15032,973,S,21,S-21
ORF3454708|20|T|21,ORF3454708,20,T,21,T-21
ORF3308563|581|S|21,ORF3308563,581,S,21,S-21
ORF3418096|1058|S|21,ORF3418096,1058,S,21,S-21
ORF3365263|275|T|21,ORF3365263,275,T,21,T-21
ORF3308374|310|S|21,ORF3308374,310,S,21,S-21
ORF3333700|184|S|21,ORF3333700,184,S,21,S-21
ORF3511456|21|S|21,ORF3511456,21,S,21,S-21
Q02880|1581|S|21,Q02880,1581,S,21,S-21
ORF3507637|300|K|34,ORF3507637,300,K,34,K-34
ORF3467224|18|S|21,ORF3467224,18,S,21,S-21
Q15149|4212|E|35,Q15149,4212,E,35,E-35
ORF3502687|111|K|1848,ORF3502687,111,K,1848,K-1848
ORF3298216|179|S|21,ORF3298216,179,S,21,S-21
ORF3334954|620|S|21,ORF3334954,620,S,21,S-21
ORF3478813|50|K|1848,ORF3478813,50,K,1848,K-1848
ORF3413743|396|Q|35,ORF3413743,396,Q,35,Q-35
ORF3328429|194|K|34,ORF3328429,194,K,34,K-34
Q2PPJ7|821|S|21,Q2PPJ7,821,S,21,S-21
ORF3340273|137|S|21,ORF3340273,137,S,21,S-21
ORF3433477|304|S|21,ORF3433477,304,S,21,S-21
ORF3472378|224|K|1,ORF3472378,224,K,1,K-1
P49815|1387|S|21,P49815,1387,S,21,S-21
ORF3453652|1758|D|35,ORF3453652,1758,D,35,D-35
ORF3445480|501|S|21,ORF3445480,501,S,21,S-21
P21333|2367|K|34,P21333,2367,K,34,K-34
ORF3403897|137|S|21,ORF3403897,137,S,21,S-21
ORF3455908|1148|S|21,ORF3455908,1148,S,21,S-21
ORF3509665|526|T|21,ORF3509665,526,T,21,T-21
ORF3451426|166|K|34,ORF3451426,166,K,34,K-34
ORF3444139|317|S|21,ORF3444139,317,S,21,S-21
ORF3498130|441|S|21,ORF3498130,441,S,21,S-21
ORF3408382|315|S|21,ORF3408382,315,S,21,S-21
ORF3404395|483|S|21,ORF3404395,483,S,21,S-21
ORF3419872|90|E|35,ORF3419872,90,E,35,E-35
ORF3445723|569|K|34,ORF3445723,569,K,34,K-34
O75122|370|S|21,O75122,370,S,21,S-21
ORF3449821|1194|S|21,ORF3449821,1194,S,21,S-21
ORF3309544|237|T|21,ORF3309544,237,T,21,T-21
ORF3385411|208|S|21,ORF3385411,208,S,21,S-21
ORF3361255|523|S|21,ORF3361255,523,S,21,S-21
P35579|1513|K|535,P35579,1513,K,535,K-535
ORF3370429|19|R|7,ORF3370429,19,R,7,R-7
ORF3304471|1937|S|21,ORF3304471,1937,S,21,S-21
ORF3363229|778|S|21,ORF3363229,778,S,21,S-21
ORF3298402|412|S|21,ORF3298402,412,S,21,S-21
ORF3303412|70|Q|35,ORF3303412,70,Q,35,Q-35
Q14315|2092|E|35,Q14315,2092,E,35,E-35
ORF3389317|553|T|21,ORF3389317,553,T,21,T-21
ORF3314734|4908|S|21,ORF3314734,4908,S,21,S-21
P24928|1913|S|21,P24928,1913,S,21,S-21
ORF809429|9|D|35,ORF809429,9,D,35,D-35
A0A2R8Y4L2|260|Y|21,A0A2R8Y4L2,260,Y,21,Y-21
ORF3319786|477|S|21,ORF3319786,477,S,21,S-21
Q9Y2Q0|29|S|21,Q9Y2Q0,29,S,21,S-21
ORF3352342|536|S|21,ORF3352342,536,S,21,S-21
Q15032|381|S|21,Q15032,381,S,21,S-21
ORF3392983|1134|S|21,ORF3392983,1134,S,21,S-21
Q9H4L4|181|S|21,Q9H4L4,181,S,21,S-21
ORF3386557|666|S|21,ORF3386557,666,S,21,S-21
ORF3332863|821|T|21,ORF3332863,821,T,21,T-21
ORF3490726|76|S|21,ORF3490726,76,S,21,S-21
ORF23440|41|S|21,ORF23440,41,S,21,S-21
ORF3474826|114|S|21,ORF3474826,114,S,21,S-21
ORF3336634|410|R|7,ORF3336634,410,R,7,R-7
P16144|1474|S|21,P16144,1474,S,21,S-21
ORF3373519|27|N|35,ORF3373519,27,N,35,N-35
ORF3462751|22|S|21,ORF3462751,22,S,21,S-21
ORF3338824|322|S|21,ORF3338824,322,S,21,S-21
ORF3316567|412|S|21,ORF3316567,412,S,21,S-21
ORF3463108|524|K|535,ORF3463108,524,K,535,K-535
Q14204|1240|Q|35,Q14204,1240,Q,35,Q-35
ORF3445723|130|K|34,ORF3445723,130,K,34,K-34
ORF3302485|1348|S|21,ORF3302485,1348,S,21,S-21
ORF3404014|50|K|34,ORF3404014,50,K,34,K-34
Q8IYB3|402|S|21,Q8IYB3,402,S,21,S-21
ORF3402589|254|S|21,ORF3402589,254,S,21,S-21
P29966|101|S|21,P29966,101,S,21,S-21
ORF3411205|234|S|21,ORF3411205,234,S,21,S-21
ORF3373810|290|E|35,ORF3373810,290,E,35,E-35
ORF3499756|90|S|21,ORF3499756,90,S,21,S-21
ORF3402361|583|S|21,ORF3402361,583,S,21,S-21
ORF3457054|618|S|21,ORF3457054,618,S,21,S-21
ORF3467155|56|S|21,ORF3467155,56,S,21,S-21
ORF3510535|403|S|21,ORF3510535,403,S,21,S-21
Q14160|1475|S|21,Q14160,1475,S,21,S-21
ORF3369868|557|S|21,ORF3369868,557,S,21,S-21
ORF3439819|280|N|35,ORF3439819,280,N,35,N-35
ORF3487171|747|S|21,ORF3487171,747,S,21,S-21
Q8WXH0|4110|S|21,Q8WXH0,4110,S,21,S-21
ORF3327358|197|S|21,ORF3327358,197,S,21,S-21
ORF3352342|1404|S|21,ORF3352342,1404,S,21,S-21
Q86VP6|272|R|7,Q86VP6,272,R,7,R-7
ORF3325927|58|S|21,ORF3325927,58,S,21,S-21
P05155|369|D|35,P05155,369,D,35,D-35
ORF3432172|79|S|21,ORF3432172,79,S,21,S-21
ORF3308515|259|E|35,ORF3308515,259,E,35,E-35
ORF3453652|1501|S|21,ORF3453652,1501,S,21,S-21
ORF3457093|269|T|21,ORF3457093,269,T,21,T-21
Q96N67|900|S|21,Q96N67,900,S,21,S-21
Q9UKK3|1335|S|21,Q9UKK3,1335,S,21,S-21
ORF3470776|337|S|21,ORF3470776,337,S,21,S-21
P01024|1198|Q|35,P01024,1198,Q,35,Q-35
ORF3344836|82|K|34,ORF3344836,82,K,34,K-34
ORF3456115|234|T|21,ORF3456115,234,T,21,T-21
O75694|992|S|21,O75694,992,S,21,S-21
ORF3492520|226|E|35,ORF3492520,226,E,35,E-35
Q12802|1929|S|21,Q12802,1929,S,21,S-21
P33993|238|Q|35,P33993,238,Q,35,Q-35
ORF3312181|606|S|21,ORF3312181,606,S,21,S-21
ORF3472936|1197|Y|21,ORF3472936,1197,Y,21,Y-21
ORF3425986|606|T|21,ORF3425986,606,T,21,T-21
ORF3304471|1131|S|21,ORF3304471,1131,S,21,S-21
ORF3321475|133|E|35,ORF3321475,133,E,35,E-35
ORF3423568|325|D|35,ORF3423568,325,D,35,D-35
ORF3500476|458|R|7,ORF3500476,458,R,7,R-7
ORF3331627|211|S|21,ORF3331627,211,S,21,S-21
Q8N122|877|S|21,Q8N122,877,S,21,S-21
ORF3400759|404|K|34,ORF3400759,404,K,34,K-34
ORF3336634|381|S|21,ORF3336634,381,S,21,S-21
ORF3370948|93|T|21,ORF3370948,93,T,21,T-21
ORF3341950|747|Q|35,ORF3341950,747,Q,35,Q-35
Q9P2E9|1277|S|21,Q9P2E9,1277,S,21,S-21
ORF3421165|116|S|21,ORF3421165,116,S,21,S-21
P19838|907|S|21,P19838,907,S,21,S-21
O75369|1505|S|21,O75369,1505,S,21,S-21
P46063|589|Q|35,P46063,589,Q,35,Q-35
ORF3424180|1681|S|21,ORF3424180,1681,S,21,S-21
ORF3500905|709|S|21,ORF3500905,709,S,21,S-21
ORF3494188|202|T|21,ORF3494188,202,T,21,T-21
ORF3321388|90|R|7,ORF3321388,90,R,7,R-7
ORF3436012|6|S|21,ORF3436012,6,S,21,S-21
ORF3331282|237|K|121,ORF3331282,237,K,121,K-121
P30740|155|N|35,P30740,155,N,35,N-35
ORF3429097|70|S|21,ORF3429097,70,S,21,S-21
ORF3428749|61|S|21,ORF3428749,61,S,21,S-21
ORF3319084|139|K|53,ORF3319084,139,K,53,K-53
ORF3508510|32|K|1848,ORF3508510,32,K,1848,K-1848
ORF3389317|182|S|21,ORF3389317,182,S,21,S-21
P43307|268|S|21,P43307,268,S,21,S-21
ORF3391174|297|E|35,ORF3391174,297,E,35,E-35
ORF3319237|34|S|21,ORF3319237,34,S,21,S-21
P21359|2543|S|21,P21359,2543,S,21,S-21
ORF3434143|139|T|21,ORF3434143,139,T,21,T-21
ORF3386380|766|Q|35,ORF3386380,766,Q,35,Q-35
ORF3340273|263|S|21,ORF3340273,263,S,21,S-21
ORF3399226|153|K|121,ORF3399226,153,K,121,K-121
ORF3405985|862|S|21,ORF3405985,862,S,21,S-21
ORF3409348|703|S|21,ORF3409348,703,S,21,S-21
P21333|2103|R|7,P21333,2103,R,7,R-7
ORF3392992|841|S|21,ORF3392992,841,S,21,S-21
ORF3493864|188|E|35,ORF3493864,188,E,35,E-35
P02452|751|K|34,P02452,751,K,34,K-34
ORF3497929|119|S|21,ORF3497929,119,S,21,S-21
ORF3333700|308|S|21,ORF3333700,308,S,21,S-21
ORF3304471|2588|S|21,ORF3304471,2588,S,21,S-21
P58107|1529|S|21,P58107,1529,S,21,S-21
ORF3298402|313|K|121,ORF3298402,313,K,121,K-121
ORF3435718|451|N|35,ORF3435718,451,N,35,N-35
ORF3489490|523|S|21,ORF3489490,523,S,21,S-21
ORF3421165|159|E|35,ORF3421165,159,E,35,E-35
ORF3454492|377|E|35,ORF3454492,377,E,35,E-35
ORF3307807|208|T|21,ORF3307807,208,T,21,T-21
ORF3495562|275|D|35,ORF3495562,275,D,35,D-35
ORF3488695|219|S|21,ORF3488695,219,S,21,S-21
ORF3402490|188|K|53,ORF3402490,188,K,53,K-53
ORF3497581|467|Q|35,ORF3497581,467,Q,35,Q-35
ORF3462751|228|S|21,ORF3462751,228,S,21,S-21
P02751|2072|K|34,P02751,2072,K,34,K-34
P35555|1341|N|35,P35555,1341,N,35,N-35
ORF3421165|118|K|53,ORF3421165,118,K,53,K-53
ORF3314734|5731|S|21,ORF3314734,5731,S,21,S-21
ORF3413191|169|R|7,ORF3413191,169,R,7,R-7
ORF3411811|357|S|21,ORF3411811,357,S,21,S-21
ORF3421423|796|S|21,ORF3421423,796,S,21,S-21
ORF3422752|109|K|535,ORF3422752,109,K,535,K-535
ORF3304471|1679|S|21,ORF3304471,1679,S,21,S-21
ORF3364933|103|K|34,ORF3364933,103,K,34,K-34
ORF3445417|492|S|21,ORF3445417,492,S,21,S-21
ORF3344836|288|K|1,ORF3344836,288,K,1,K-1
ORF3493426|46|K|53,ORF3493426,46,K,53,K-53
ORF3450607|522|R|7,ORF3450607,522,R,7,R-7
Q8WWI1|706|S|21,Q8WWI1,706,S,21,S-21
ORF3476104|259|S|21,ORF3476104,259,S,21,S-21
ORF3390745|785|K|53,ORF3390745,785,K,53,K-53
ORF3300166|305|S|21,ORF3300166,305,S,21,S-21
Q9Y618|2258|S|21,Q9Y618,2258,S,21,S-21
Q9H7F0|817|S|21,Q9H7F0,817,S,21,S-21
ORF3493834|315|K|37,ORF3493834,315,K,37,K-37
P49327|257|K|53,P49327,257,K,53,K-53
ORF3359725|676|S|21,ORF3359725,676,S,21,S-21
ORF3298402|459|S|21,ORF3298402,459,S,21,S-21
ORF3352342|876|S|21,ORF3352342,876,S,21,S-21
ORF3298402|168|K|121,ORF3298402,168,K,121,K-121
P07900|620|R|7,P07900,620,R,7,R-7
ORF3454891|374|R|7,ORF3454891,374,R,7,R-7
ORF3375175|204|S|21,ORF3375175,204,S,21,S-21
ORF3463528|86|D|35,ORF3463528,86,D,35,D-35
ORF3463108|579|S|21,ORF3463108,579,S,21,S-21
ORF3347392|722|E|35,ORF3347392,722,E,35,E-35
Q71F56|923|S|21,Q71F56,923,S,21,S-21
ORF3435880|469|N|35,ORF3435880,469,N,35,N-35
O94915|2454|S|21,O94915,2454,S,21,S-21
ORF3376528|63|K|1,ORF3376528,63,K,1,K-1
ORF3310849|188|Y|21,ORF3310849,188,Y,21,Y-21
ORF3313036|324|D|35,ORF3313036,324,D,35,D-35
ORF3416077|359|S|21,ORF3416077,359,S,21,S-21
ORF3369172|461|S|21,ORF3369172,461,S,21,S-21
ORF3354772|195|T|21,ORF3354772,195,T,21,T-21
ORF3329020|66|D|35,ORF3329020,66,D,35,D-35
ORF3299254|47|S|21,ORF3299254,47,S,21,S-21
ORF3312430|7|S|21,ORF3312430,7,S,21,S-21
ORF3390745|493|N|35,ORF3390745,493,N,35,N-35
P35580|89|D|35,P35580,89,D,35,D-35
ORF3419188|700|S|21,ORF3419188,700,S,21,S-21
ORF3382369|339|S|21,ORF3382369,339,S,21,S-21
ORF3328438|50|S|21,ORF3328438,50,S,21,S-21
ORF3373810|272|Q|35,ORF3373810,272,Q,35,Q-35
ORF3450106|856|S|21,ORF3450106,856,S,21,S-21
Q01082|1300|D|35,Q01082,1300,D,35,D-35
ORF3468769|527|S|21,ORF3468769,527,S,21,S-21
ORF3367843|141|D|35,ORF3367843,141,D,35,D-35
ORF3411310|124|S|21,ORF3411310,124,S,21,S-21
ORF3471685|522|S|21,ORF3471685,522,S,21,S-21
O75962|2477|S|21,O75962,2477,S,21,S-21
ORF3460114|996|S|21,ORF3460114,996,S,21,S-21
ORF3334507|60|S|21,ORF3334507,60,S,21,S-21
ORF3407809|330|S|21,ORF3407809,330,S,21,S-21
ORF3510535|162|S|21,ORF3510535,162,S,21,S-21
Q12888|1430|S|21,Q12888,1430,S,21,S-21
ORF3460288|636|S|21,ORF3460288,636,S,21,S-21
ORF3444640|177|S|21,ORF3444640,177,S,21,S-21
P78527|878|E|35,P78527,878,E,35,E-35
Q9Y520|2682|T|21,Q9Y520,2682,T,21,T-21
ORF3319084|251|K|1,ORF3319084,251,K,1,K-1
ORF3352342|1083|S|21,ORF3352342,1083,S,21,S-21
ORF3411523|158|S|21,ORF3411523,158,S,21,S-21
ORF3466528|162|R|7,ORF3466528,162,R,7,R-7
Q6GYQ0|775|S|21,Q6GYQ0,775,S,21,S-21
Q12888|525|S|21,Q12888,525,S,21,S-21
ORF3471463|185|N|35,ORF3471463,185,N,35,N-35
O95819|852|S|21,O95819,852,S,21,S-21
ORF3330361|216|S|21,ORF3330361,216,S,21,S-21
ORF3416077|1529|S|21,ORF3416077,1529,S,21,S-21
ORF3413575|354|K|1,ORF3413575,354,K,1,K-1
ORF3405139|216|S|21,ORF3405139,216,S,21,S-21
P51610|1507|S|21,P51610,1507,S,21,S-21
O95819|631|S|21,O95819,631,S,21,S-21
ORF3321388|417|K|34,ORF3321388,417,K,34,K-34
P21333|476|Q|35,P21333,476,Q,35,Q-35
ORF3427774|181|R|7,ORF3427774,181,R,7,R-7
ORF3341029|237|D|35,ORF3341029,237,D,35,D-35
ORF3437080|219|K|53,ORF3437080,219,K,53,K-53
ORF3304702|238|S|21,ORF3304702,238,S,21,S-21
ORF3317869|20|H|53,ORF3317869,20,H,53,H-53
Q7Z6Z7|2887|S|21,Q7Z6Z7,2887,S,21,S-21
ORF3329881|24|T|21,ORF3329881,24,T,21,T-21
ORF3473491|82|S|21,ORF3473491,82,S,21,S-21
Q16666|153|S|21,Q16666,153,S,21,S-21
Q6GYQ0|861|S|21,Q6GYQ0,861,S,21,S-21
A0A2R8Y4L2|161|R|34,A0A2R8Y4L2,161,R,34,R-34
Q6WCQ1|993|S|21,Q6WCQ1,993,S,21,S-21
ORF3343195|194|Q|35,ORF3343195,194,Q,35,Q-35
Q12789|1068|S|21,Q12789,1068,S,21,S-21
ORF3488167|493|R|36,ORF3488167,493,R,36,R-36
ORF3463708|31|S|21,ORF3463708,31,S,21,S-21
ORF3473476|91|K|34,ORF3473476,91,K,34,K-34
Q13459|1354|S|21,Q13459,1354,S,21,S-21
P01024|1522|K|53,P01024,1522,K,53,K-53
P35580|78|K|1,P35580,78,K,1,K-1
ORF3427528|239|S|21,ORF3427528,239,S,21,S-21
ORF3369868|414|S|21,ORF3369868,414,S,21,S-21
Q9Y5S2|1690|S|21,Q9Y5S2,1690,S,21,S-21
ORF3509959|75|K|1,ORF3509959,75,K,1,K-1
ORF3466033|1328|S|21,ORF3466033,1328,S,21,S-21
ORF3491143|882|S|21,ORF3491143,882,S,21,S-21
ORF3463108|561|K|53,ORF3463108,561,K,53,K-53
ORF3375730|643|S|21,ORF3375730,643,S,21,S-21
ORF3401227|178|R|7,ORF3401227,178,R,7,R-7
ORF3387094|1813|S|21,ORF3387094,1813,S,21,S-21
ORF3441370|189|S|21,ORF3441370,189,S,21,S-21
ORF3491794|370|D|35,ORF3491794,370,D,35,D-35
ORF3465301|166|S|21,ORF3465301,166,S,21,S-21
ORF3460891|207|S|21,ORF3460891,207,S,21,S-21
ORF3426061|45|C|53,ORF3426061,45,C,53,C-53
ORF3452002|263|K|53,ORF3452002,263,K,53,K-53
ORF3404665|34|S|23,ORF3404665,34,S,23,S-23
ORF3494446|292|R|7,ORF3494446,292,R,7,R-7
ORF3348547|146|S|21,ORF3348547,146,S,21,S-21
ORF3477460|256|R|34,ORF3477460,256,R,34,R-34
O14578|1993|S|21,O14578,1993,S,21,S-21
ORF3505975|206|Q|35,ORF3505975,206,Q,35,Q-35
ORF3374239|83|E|35,ORF3374239,83,E,35,E-35
ORF3463036|380|S|21,ORF3463036,380,S,21,S-21
Q8WWI1|704|S|21,Q8WWI1,704,S,21,S-21
P46940|870|R|34,P46940,870,R,34,R-34
Q58FF7|72|K|34,Q58FF7,72,K,34,K-34
Q9UJU6|291|T|21,Q9UJU6,291,T,21,T-21
ORF3441370|174|S|21,ORF3441370,174,S,21,S-21
P02787|225|K|34,P02787,225,K,34,K-34
ORF3437800|180|S|21,ORF3437800,180,S,21,S-21
Q8WYP5|1944|S|21,Q8WYP5,1944,S,21,S-21
ORF3504148|220|S|21,ORF3504148,220,S,21,S-21
ORF3326758|809|S|21,ORF3326758,809,S,21,S-21
ORF3413011|440|S|21,ORF3413011,440,S,21,S-21
ORF3408151|107|K|34,ORF3408151,107,K,34,K-34
ORF3456484|267|K|1,ORF3456484,267,K,1,K-1
Q6GYQ0|797|S|21,Q6GYQ0,797,S,21,S-21
P02751|1623|K|34,P02751,1623,K,34,K-34
ORF3489874|325|S|21,ORF3489874,325,S,21,S-21
ORF3378346|329|Q|35,ORF3378346,329,Q,35,Q-35
Q02880|1466|S|21,Q02880,1466,S,21,S-21
ORF3403582|278|S|21,ORF3403582,278,S,21,S-21
ORF3477373|202|T|21,ORF3477373,202,T,21,T-21
ORF3360187|195|S|21,ORF3360187,195,S,21,S-21
Q5JSZ5|224|S|21,Q5JSZ5,224,S,21,S-21
ORF3400030|156|D|35,ORF3400030,156,D,35,D-35
P07900|546|K|34,P07900,546,K,34,K-34
ORF3437098|332|S|21,ORF3437098,332,S,21,S-21
ORF3449821|799|S|21,ORF3449821,799,S,21,S-21
ORF3491143|539|S|21,ORF3491143,539,S,21,S-21
ORF3384427|731|S|21,ORF3384427,731,S,21,S-21
ORF3383356|342|K|1,ORF3383356,342,K,1,K-1
ORF3419200|292|Y|21,ORF3419200,292,Y,21,Y-21
Q6R327|1284|S|21,Q6R327,1284,S,21,S-21
ORF3313921|258|Q|35,ORF3313921,258,Q,35,Q-35
O15460|403|Q|35,O15460,403,Q,35,Q-35
ORF3373996|243|K|34,ORF3373996,243,K,34,K-34
P35579|1703|R|7,P35579,1703,R,7,R-7
ORF3306229|426|K|1,ORF3306229,426,K,1,K-1
ORF3352342|1601|S|21,ORF3352342,1601,S,21,S-21
ORF3476104|517|R|7,ORF3476104,517,R,7,R-7
ORF3482443|522|S|21,ORF3482443,522,S,21,S-21
ORF3298402|450|R|7,ORF3298402,450,R,7,R-7
ORF3370231|89|E|35,ORF3370231,89,E,35,E-35
ORF3310363|174|K|1,ORF3310363,174,K,1,K-1
ORF3300175|76|Q|35,ORF3300175,76,Q,35,Q-35
ORF3318283|28|K|53,ORF3318283,28,K,53,K-53
Q7KZF4|426|S|21,Q7KZF4,426,S,21,S-21
ORF3459478|814|S|21,ORF3459478,814,S,21,S-21
P35555|2345|Q|35,P35555,2345,Q,35,Q-35
Q12888|522|Y|21,Q12888,522,Y,21,Y-21
Q9Y2K2|626|S|21,Q9Y2K2,626,S,21,S-21
ORF3445021|71|S|21,ORF3445021,71,S,21,S-21
Q8WYP5|1297|S|21,Q8WYP5,1297,S,21,S-21
ORF3444745|1015|S|21,ORF3444745,1015,S,21,S-21
ORF3328513|429|R|7,ORF3328513,429,R,7,R-7
ORF3361573|365|S|21,ORF3361573,365,S,21,S-21
ORF3392689|420|S|21,ORF3392689,420,S,21,S-21
ORF3372829|669|S|21,ORF3372829,669,S,21,S-21
ORF3489091|1051|S|21,ORF3489091,1051,S,21,S-21
ORF3417928|63|K|34,ORF3417928,63,K,34,K-34
ORF3447310|56|K|34,ORF3447310,56,K,34,K-34
ORF3464152|451|K|1,ORF3464152,451,K,1,K-1
ORF3424702|571|S|21,ORF3424702,571,S,21,S-21
ORF3365890|261|S|21,ORF3365890,261,S,21,S-21
ORF3318283|26|D|35,ORF3318283,26,D,35,D-35
ORF3418096|1035|S|21,ORF3418096,1035,S,21,S-21
ORF3386380|323|K|1,ORF3386380,323,K,1,K-1
ORF3298402|188|K|1,ORF3298402,188,K,1,K-1
ORF3460057|201|S|21,ORF3460057,201,S,21,S-21
ORF3511162|471|S|21,ORF3511162,471,S,21,S-21
Q14204|2643|R|7,Q14204,2643,R,7,R-7
ORF3305161|575|S|21,ORF3305161,575,S,21,S-21
ORF3466996|51|S|21,ORF3466996,51,S,21,S-21
Q15154|960|S|21,Q15154,960,S,21,S-21
ORF3395110|346|E|35,ORF3395110,346,E,35,E-35
P35580|984|E|35,P35580,984,E,35,E-35
ORF3319918|141|S|21,ORF3319918,141,S,21,S-21
P35555|1432|D|35,P35555,1432,D,35,D-35
ORF3333421|341|S|21,ORF3333421,341,S,21,S-21
ORF3358015|281|S|21,ORF3358015,281,S,21,S-21
ORF3351562|61|K|1,ORF3351562,61,K,1,K-1
ORF3369670|174|E|35,ORF3369670,174,E,35,E-35
ORF3509665|468|S|747,ORF3509665,468,S,747,S-747
ORF3402589|192|K|1,ORF3402589,192,K,1,K-1
ORF3344452|144|S|21,ORF3344452,144,S,21,S-21
ORF3363775|381|K|121,ORF3363775,381,K,121,K-121
ORF3445723|88|K|53,ORF3445723,88,K,53,K-53
ORF3423106|561|E|35,ORF3423106,561,E,35,E-35
ORF3408295|642|S|21,ORF3408295,642,S,21,S-21
ORF3315751|1097|E|35,ORF3315751,1097,E,35,E-35
ORF3326329|853|R|7,ORF3326329,853,R,7,R-7
Q12888|1101|S|21,Q12888,1101,S,21,S-21
ORF3377395|112|Q|35,ORF3377395,112,Q,35,Q-35
ORF3394471|235|D|35,ORF3394471,235,D,35,D-35
ORF3307999|161|T|23,ORF3307999,161,T,23,T-23
ORF3509044|864|S|21,ORF3509044,864,S,21,S-21
ORF3499135|315|S|21,ORF3499135,315,S,21,S-21
O75694|994|S|21,O75694,994,S,21,S-21
ORF44554|4|K|53,ORF44554,4,K,53,K-53
ORF3499129|195|S|21,ORF3499129,195,S,21,S-21
ORF3331381|707|S|21,ORF3331381,707,S,21,S-21
ORF3488734|342|S|21,ORF3488734,342,S,21,S-21
Q6GYQ0|860|S|21,Q6GYQ0,860,S,21,S-21
ORF3328798|127|S|21,ORF3328798,127,S,21,S-21
ORF3403300|241|S|21,ORF3403300,241,S,21,S-21
ORF3368485|497|T|21,ORF3368485,497,T,21,T-21
ORF3438874|610|E|35,ORF3438874,610,E,35,E-35
ORF3376930|401|S|21,ORF3376930,401,S,21,S-21
ORF1007308|10|S|21,ORF1007308,10,S,21,S-21
ORF3403642|119|K|535,ORF3403642,119,K,535,K-535
ORF3423568|248|S|21,ORF3423568,248,S,21,S-21
Q8IYB3|560|S|21,Q8IYB3,560,S,21,S-21
ORF3408322|358|K|121,ORF3408322,358,K,121,K-121
ORF3299197|72|Q|35,ORF3299197,72,Q,35,Q-35
P07900|609|N|35,P07900,609,N,35,N-35
ORF3413347|613|S|21,ORF3413347,613,S,21,S-21
ORF3330598|129|D|35,ORF3330598,129,D,35,D-35
ORF1306841|23|S|21,ORF1306841,23,S,21,S-21
ORF3505297|262|T|21,ORF3505297,262,T,21,T-21
ORF3473962|559|S|21,ORF3473962,559,S,21,S-21
ORF3310792|75|K|34,ORF3310792,75,K,34,K-34
P08123|381|R|7,P08123,381,R,7,R-7
ORF3373987|117|R|7,ORF3373987,117,R,7,R-7
ORF3399298|2126|S|21,ORF3399298,2126,S,21,S-21
ORF3309466|368|S|21,ORF3309466,368,S,21,S-21
ORF3407290|89|K|1,ORF3407290,89,K,1,K-1
ORF3433462|321|D|35,ORF3433462,321,D,35,D-35
ORF3400003|363|S|21,ORF3400003,363,S,21,S-21
ORF3417913|18|T|21,ORF3417913,18,T,21,T-21
Q7Z4V5|454|S|21,Q7Z4V5,454,S,21,S-21
P00403|155|T|23,P00403,155,T,23,T-23
ORF3377032|61|S|21,ORF3377032,61,S,21,S-21
ORF67515|77|T|21,ORF67515,77,T,21,T-21
ORF3500905|98|S|21,ORF3500905,98,S,21,S-21
ORF3429097|301|K|1,ORF3429097,301,K,1,K-1
O94915|1959|T|21,O94915,1959,T,21,T-21
ORF3403723|593|S|21,ORF3403723,593,S,21,S-21
ORF3477373|260|S|21,ORF3477373,260,S,21,S-21
ORF3344782|2260|S|21,ORF3344782,2260,S,21,S-21
ORF3350074|329|Q|35,ORF3350074,329,Q,35,Q-35
ORF3383356|482|S|21,ORF3383356,482,S,21,S-21
ORF3370225|92|D|35,ORF3370225,92,D,35,D-35
ORF3504979|586|S|21,ORF3504979,586,S,21,S-21
ORF3420256|673|R|7,ORF3420256,673,R,7,R-7
ORF3382045|68|N|35,ORF3382045,68,N,35,N-35
Q9Y618|1383|T|21,Q9Y618,1383,T,21,T-21
P08123|1064|K|34,P08123,1064,K,34,K-34
ORF3429097|130|K|1,ORF3429097,130,K,1,K-1
ORF3419566|2825|S|21,ORF3419566,2825,S,21,S-21
ORF3329881|144|D|35,ORF3329881,144,D,35,D-35
ORF3302632|244|S|21,ORF3302632,244,S,21,S-21
P08123|360|K|34,P08123,360,K,34,K-34
ORF3493834|47|D|35,ORF3493834,47,D,35,D-35
O75369|550|Q|35,O75369,550,Q,35,Q-35
ORF3307807|486|S|21,ORF3307807,486,S,21,S-21
ORF3416077|446|S|21,ORF3416077,446,S,21,S-21
ORF3303223|413|E|35,ORF3303223,413,E,35,E-35
O75592|1624|S|21,O75592,1624,S,21,S-21
ORF3470767|268|S|21,ORF3470767,268,S,21,S-21
ORF3333700|542|S|21,ORF3333700,542,S,21,S-21
ORF3373810|333|R|7,ORF3373810,333,R,7,R-7
ORF3328474|256|N|35,ORF3328474,256,N,35,N-35
ORF3323866|156|R|7,ORF3323866,156,R,7,R-7
ORF3370804|415|S|21,ORF3370804,415,S,21,S-21
ORF3333700|214|S|21,ORF3333700,214,S,21,S-21
ORF3391174|301|D|35,ORF3391174,301,D,35,D-35
ORF3321388|7|S|21,ORF3321388,7,S,21,S-21
ORF3314734|5851|S|21,ORF3314734,5851,S,21,S-21
ORF3382063|133|S|21,ORF3382063,133,S,21,S-21
P35579|317|D|35,P35579,317,D,35,D-35
ORF3299581|721|S|21,ORF3299581,721,S,21,S-21
Q96Q42|466|S|21,Q96Q42,466,S,21,S-21
ORF3308515|502|R|36,ORF3308515,502,R,36,R-36
Q9Y490|1085|E|35,Q9Y490,1085,E,35,E-35
ORF3402490|237|E|35,ORF3402490,237,E,35,E-35
ORF3425770|165|Q|35,ORF3425770,165,Q,35,Q-35
A6NMY6|47|K|34,A6NMY6,47,K,34,K-34
ORF3325192|122|E|35,ORF3325192,122,E,35,E-35
ORF3454708|290|R|7,ORF3454708,290,R,7,R-7
ORF3410524|49|S|21,ORF3410524,49,S,21,S-21
ORF3311458|138|K|1,ORF3311458,138,K,1,K-1
ORF3472255|93|S|21,ORF3472255,93,S,21,S-21
ORF3334378|13|E|35,ORF3334378,13,E,35,E-35
ORF3420991|361|S|21,ORF3420991,361,S,21,S-21
ORF3327511|608|S|21,ORF3327511,608,S,21,S-21
ORF3411106|122|S|21,ORF3411106,122,S,21,S-21
ORF3400030|77|K|34,ORF3400030,77,K,34,K-34
ORF3508978|351|R|7,ORF3508978,351,R,7,R-7
ORF3322153|464|K|1,ORF3322153,464,K,1,K-1
ORF3498709|687|K|1,ORF3498709,687,K,1,K-1
Q86YS7|659|S|21,Q86YS7,659,S,21,S-21
ORF3497785|95|N|35,ORF3497785,95,N,35,N-35
ORF3460921|514|S|21,ORF3460921,514,S,21,S-21
O95425|968|S|21,O95425,968,S,21,S-21
ORF3410803|96|S|21,ORF3410803,96,S,21,S-21
ORF3345559|314|Q|35,ORF3345559,314,Q,35,Q-35
ORF3399322|39|S|21,ORF3399322,39,S,21,S-21
ORF3391156|407|K|1,ORF3391156,407,K,1,K-1
ORF3445723|214|K|34,ORF3445723,214,K,34,K-34
ORF3395341|266|S|21,ORF3395341,266,S,21,S-21
ORF3323866|306|S|21,ORF3323866,306,S,21,S-21
P46100|729|S|21,P46100,729,S,21,S-21
ORF3391138|267|S|21,ORF3391138,267,S,21,S-21
ORF3328522|64|S|21,ORF3328522,64,S,21,S-21
ORF3495250|215|S|23,ORF3495250,215,S,23,S-23
Q12888|500|S|21,Q12888,500,S,21,S-21
ORF3302632|52|S|21,ORF3302632,52,S,21,S-21
ORF3501292|255|K|1,ORF3501292,255,K,1,K-1
ORF3350074|63|E|35,ORF3350074,63,E,35,E-35
ORF3432616|518|S|21,ORF3432616,518,S,21,S-21
P07814|1119|R|7,P07814,1119,R,7,R-7
ORF3503452|303|S|21,ORF3503452,303,S,21,S-21
ORF3298402|139|K|1,ORF3298402,139,K,1,K-1
ORF3391327|123|S|21,ORF3391327,123,S,21,S-21
ORF3318418|377|S|21,ORF3318418,377,S,21,S-21
ORF3482956|758|S|21,ORF3482956,758,S,21,S-21
ORF3463108|330|Q|35,ORF3463108,330,Q,35,Q-35
ORF3381844|156|S|21,ORF3381844,156,S,21,S-21
P31327|1014|N|35,P31327,1014,N,35,N-35
ORF3461101|615|S|21,ORF3461101,615,S,21,S-21
ORF3351196|781|E|35,ORF3351196,781,E,35,E-35
ORF3359920|294|E|35,ORF3359920,294,E,35,E-35
Q9Y520|2105|S|21,Q9Y520,2105,S,21,S-21
ORF3390520|362|E|35,ORF3390520,362,E,35,E-35
Q03164|2098|S|21,Q03164,2098,S,21,S-21
ORF3505168|25|S|21,ORF3505168,25,S,21,S-21
ORF3512803|134|K|1848,ORF3512803,134,K,1848,K-1848
ORF3434893|27|S|21,ORF3434893,27,S,21,S-21
ORF3386911|130|E|35,ORF3386911,130,E,35,E-35
ORF3326758|685|S|21,ORF3326758,685,S,21,S-21
ORF3362185|736|D|35,ORF3362185,736,D,35,D-35
ORF3300931|942|S|21,ORF3300931,942,S,21,S-21
ORF3300151|479|K|121,ORF3300151,479,K,121,K-121
ORF3472978|142|N|35,ORF3472978,142,N,35,N-35
P55196|1779|S|21,P55196,1779,S,21,S-21
ORF3419566|2531|S|21,ORF3419566,2531,S,21,S-21
Q58FF7|438|K|1,Q58FF7,438,K,1,K-1
ORF3429097|58|K|34,ORF3429097,58,K,34,K-34
ORF3445150|2|Q|35,ORF3445150,2,Q,35,Q-35
ORF3392830|45|E|35,ORF3392830,45,E,35,E-35
ORF3319237|632|S|21,ORF3319237,632,S,21,S-21
ORF3390079|473|S|21,ORF3390079,473,S,21,S-21
ORF3418516|313|R|7,ORF3418516,313,R,7,R-7
ORF3466528|292|Q|35,ORF3466528,292,Q,35,Q-35
ORF3441370|15|S|21,ORF3441370,15,S,21,S-21
ORF3310213|109|S|21,ORF3310213,109,S,21,S-21
Q15149|1732|S|21,Q15149,1732,S,21,S-21
ORF3509134|580|S|21,ORF3509134,580,S,21,S-21
ORF3468169|688|S|21,ORF3468169,688,S,21,S-21
ORF3301294|298|N|35,ORF3301294,298,N,35,N-35
ORF3378346|162|R|7,ORF3378346,162,R,7,R-7
ORF3424936|416|Q|35,ORF3424936,416,Q,35,Q-35
ORF3433180|620|Y|21,ORF3433180,620,Y,21,Y-21
Q01082|901|Q|35,Q01082,901,Q,35,Q-35
O00264|54|S|21,O00264,54,S,21,S-21
ORF3407809|348|S|21,ORF3407809,348,S,21,S-21
Q86YV5|694|S|21,Q86YV5,694,S,21,S-21
P49023|85|S|21,P49023,85,S,21,S-21
ORF3455908|1415|S|21,ORF3455908,1415,S,21,S-21
ORF3344836|433|K|34,ORF3344836,433,K,34,K-34
O75694|4|S|21,O75694,4,S,21,S-21
ORF3316147|1769|S|21,ORF3316147,1769,S,21,S-21
ORF3398269|903|E|35,ORF3398269,903,E,35,E-35
ORF3423106|838|K|1,ORF3423106,838,K,1,K-1
ORF3373990|43|R|36,ORF3373990,43,R,36,R-36
ORF3453652|1779|S|21,ORF3453652,1779,S,21,S-21
ORF3352342|2132|S|21,ORF3352342,2132,S,21,S-21
ORF3314734|5448|S|21,ORF3314734,5448,S,21,S-21
ORF3511456|513|S|21,ORF3511456,513,S,21,S-21
ORF3408322|187|E|35,ORF3408322,187,E,35,E-35
Q5UIP0|2161|S|21,Q5UIP0,2161,S,21,S-21
ORF3329176|53|D|35,ORF3329176,53,D,35,D-35
ORF3343528|593|S|21,ORF3343528,593,S,21,S-21
ORF3315139|118|S|21,ORF3315139,118,S,21,S-21
ORF3413242|41|E|35,ORF3413242,41,E,35,E-35
ORF3351562|50|S|747,ORF3351562,50,S,747,S-747
ORF3351196|248|N|35,ORF3351196,248,N,35,N-35
ORF3404395|422|Q|35,ORF3404395,422,Q,35,Q-35
ORF3504979|585|S|21,ORF3504979,585,S,21,S-21
Q13813|2273|E|35,Q13813,2273,E,35,E-35
ORF3431923|52|K|1,ORF3431923,52,K,1,K-1
ORF3468799|185|N|35,ORF3468799,185,N,35,N-35
ORF3299581|896|Q|35,ORF3299581,896,Q,35,Q-35
ORF3305650|832|S|21,ORF3305650,832,S,21,S-21
ORF3314734|216|S|21,ORF3314734,216,S,21,S-21
ORF3316147|1943|R|7,ORF3316147,1943,R,7,R-7
ORF3505990|1310|S|21,ORF3505990,1310,S,21,S-21
ORF3419872|373|Q|35,ORF3419872,373,Q,35,Q-35
ORF3443569|381|S|21,ORF3443569,381,S,21,S-21
ORF3375952|644|S|23,ORF3375952,644,S,23,S-23
Q92608|1706|S|21,Q92608,1706,S,21,S-21
P42704|1202|N|35,P42704,1202,N,35,N-35
P35637|435|N|35,P35637,435,N,35,N-35
ORF3416077|1522|S|21,ORF3416077,1522,S,21,S-21
ORF3459517|20|K|34,ORF3459517,20,K,34,K-34
ORF3300604|779|S|21,ORF3300604,779,S,21,S-21
ORF3373570|48|S|21,ORF3373570,48,S,21,S-21
ORF3468169|671|S|21,ORF3468169,671,S,21,S-21
ORF3445723|186|K|34,ORF3445723,186,K,34,K-34
Q76I76|461|S|21,Q76I76,461,S,21,S-21
ORF3415801|296|Y|21,ORF3415801,296,Y,21,Y-21
ORF3321388|18|S|21,ORF3321388,18,S,21,S-21
ORF3401344|1381|S|21,ORF3401344,1381,S,21,S-21
ORF3308515|519|K|53,ORF3308515,519,K,53,K-53
ORF3438874|653|S|21,ORF3438874,653,S,21,S-21
ORF3490135|1176|S|21,ORF3490135,1176,S,21,S-21
ORF3500476|653|D|35,ORF3500476,653,D,35,D-35
ORF3338971|285|E|35,ORF3338971,285,E,35,E-35
ORF3420682|52|E|35,ORF3420682,52,E,35,E-35
ORF3298402|64|R|34,ORF3298402,64,R,34,R-34
ORF3400576|460|S|21,ORF3400576,460,S,21,S-21
ORF3376228|178|E|35,ORF3376228,178,E,35,E-35
ORF3391174|480|S|21,ORF3391174,480,S,21,S-21
Q9Y5S9|42|S|21,Q9Y5S9,42,S,21,S-21
ORF3323866|95|K|121,ORF3323866,95,K,121,K-121
ORF3330010|910|S|21,ORF3330010,910,S,21,S-21
ORF3501241|1456|S|21,ORF3501241,1456,S,21,S-21
ORF3338602|409|S|21,ORF3338602,409,S,21,S-21
Q5VTE0|172|K|34,Q5VTE0,172,K,34,K-34
ORF3303022|365|N|35,ORF3303022,365,N,35,N-35
ORF3352342|1326|S|21,ORF3352342,1326,S,21,S-21
ORF3445723|558|K|121,ORF3445723,558,K,121,K-121
ORF3512092|253|E|35,ORF3512092,253,E,35,E-35
ORF3298027|386|S|21,ORF3298027,386,S,21,S-21
ORF3332278|662|S|21,ORF3332278,662,S,21,S-21
ORF3510394|221|D|35,ORF3510394,221,D,35,D-35
ORF3376735|28|K|34,ORF3376735,28,K,34,K-34
ORF3416134|535|D|35,ORF3416134,535,D,35,D-35
ORF3445723|417|E|35,ORF3445723,417,E,35,E-35
ORF3471703|445|S|21,ORF3471703,445,S,21,S-21
ORF3314734|1095|E|35,ORF3314734,1095,E,35,E-35
P46940|947|D|35,P46940,947,D,35,D-35
ORF3301696|849|S|21,ORF3301696,849,S,21,S-21
ORF3402490|238|E|35,ORF3402490,238,E,35,E-35
ORF3464374|764|S|21,ORF3464374,764,S,21,S-21
ORF3454441|1360|S|21,ORF3454441,1360,S,21,S-21
ORF3383356|382|S|21,ORF3383356,382,S,21,S-21
Q6P2Q9|1188|N|35,Q6P2Q9,1188,N,35,N-35
ORF3349621|116|K|34,ORF3349621,116,K,34,K-34
ORF3316147|169|S|21,ORF3316147,169,S,21,S-21
ORF3454708|345|E|35,ORF3454708,345,E,35,E-35
ORF3328477|602|R|34,ORF3328477,602,R,34,R-34
ORF3304471|579|S|21,ORF3304471,579,S,21,S-21
Q15149|4288|E|35,Q15149,4288,E,35,E-35
P21333|1477|K|34,P21333,1477,K,34,K-34
ORF3356878|203|S|21,ORF3356878,203,S,21,S-21
ORF3325831|375|D|35,ORF3325831,375,D,35,D-35
ORF3318283|268|K|121,ORF3318283,268,K,121,K-121
ORF3334663|341|S|21,ORF3334663,341,S,21,S-21
ORF3331882|658|S|21,ORF3331882,658,S,21,S-21
ORF3505375|1038|S|21,ORF3505375,1038,S,21,S-21
Q86UP2|153|T|21,Q86UP2,153,T,21,T-21
ORF3396946|130|N|35,ORF3396946,130,N,35,N-35
ORF3310213|367|S|21,ORF3310213,367,S,21,S-21
ORF3512335|42|S|21,ORF3512335,42,S,21,S-21
P01024|1159|E|35,P01024,1159,E,35,E-35
ORF3364933|103|K|1,ORF3364933,103,K,1,K-1
ORF3491293|284|E|35,ORF3491293,284,E,35,E-35
Q5VZK9|1093|S|21,Q5VZK9,1093,S,21,S-21
ORF3394087|22|N|35,ORF3394087,22,N,35,N-35
P48444|294|N|35,P48444,294,N,35,N-35
ORF3328978|139|R|7,ORF3328978,139,R,7,R-7
P08123|738|K|747,P08123,738,K,747,K-747
ORF3340348|365|S|21,ORF3340348,365,S,21,S-21
ORF3314734|942|K|1,ORF3314734,942,K,1,K-1
ORF3439678|10|S|21,ORF3439678,10,S,21,S-21
Q03001|3968|S|21,Q03001,3968,S,21,S-21
ORF3502492|145|N|35,ORF3502492,145,N,35,N-35
ORF3322213|847|D|35,ORF3322213,847,D,35,D-35
ORF3486736|387|T|21,ORF3486736,387,T,21,T-21
ORF3308398|839|S|21,ORF3308398,839,S,21,S-21
ORF3299269|323|R|34,ORF3299269,323,R,34,R-34
Q15154|816|S|21,Q15154,816,S,21,S-21
P42858|1874|S|21,P42858,1874,S,21,S-21
ORF3512497|770|N|35,ORF3512497,770,N,35,N-35
ORF3408322|256|K|1,ORF3408322,256,K,1,K-1
ORF3377548|45|R|36,ORF3377548,45,R,36,R-36
Q92619|569|S|21,Q92619,569,S,21,S-21
ORF3467224|112|K|1,ORF3467224,112,K,1,K-1
ORF3498919|150|T|21,ORF3498919,150,T,21,T-21
ORF3467224|93|K|34,ORF3467224,93,K,34,K-34
ORF3340459|77|E|35,ORF3340459,77,E,35,E-35
ORF3422143|128|S|21,ORF3422143,128,S,21,S-21
ORF3425701|312|E|35,ORF3425701,312,E,35,E-35
Q01082|1951|N|35,Q01082,1951,N,35,N-35
Q6P4R8|1291|S|21,Q6P4R8,1291,S,21,S-21
ORF3462793|297|K|34,ORF3462793,297,K,34,K-34
ORF3373999|273|E|35,ORF3373999,273,E,35,E-35
Q6WCQ1|365|S|21,Q6WCQ1,365,S,21,S-21
ORF3342343|331|S|21,ORF3342343,331,S,21,S-21
ORF3418222|60|N|35,ORF3418222,60,N,35,N-35
ORF3464698|436|S|21,ORF3464698,436,S,21,S-21
ORF3408322|420|K|34,ORF3408322,420,K,34,K-34
ORF3298216|43|S|21,ORF3298216,43,S,21,S-21
ORF3352342|780|S|21,ORF3352342,780,S,21,S-21
P02461|1297|E|35,P02461,1297,E,35,E-35
ORF3413701|260|E|35,ORF3413701,260,E,35,E-35
ORF3342775|655|K|1,ORF3342775,655,K,1,K-1
ORF3383761|258|D|35,ORF3383761,258,D,35,D-35
Q9UPN3|4495|S|21,Q9UPN3,4495,S,21,S-21
P21333|2569|K|1,P21333,2569,K,1,K-1
Q9Y2K2|866|S|21,Q9Y2K2,866,S,21,S-21
P35579|1374|E|35,P35579,1374,E,35,E-35
ORF3415801|227|N|35,ORF3415801,227,N,35,N-35
ORF3413845|200|E|35,ORF3413845,200,E,35,E-35
ORF3338695|91|K|34,ORF3338695,91,K,34,K-34
ORF3378676|680|S|21,ORF3378676,680,S,21,S-21
ORF3337141|57|K|1,ORF3337141,57,K,1,K-1
ORF3412750|37|K|37,ORF3412750,37,K,37,K-37
P02787|315|K|34,P02787,315,K,34,K-34
ORF3445165|33|S|21,ORF3445165,33,S,21,S-21
ORF3425101|245|S|21,ORF3425101,245,S,21,S-21
ORF3375823|890|S|21,ORF3375823,890,S,21,S-21
Q9UJ41|390|S|21,Q9UJ41,390,S,21,S-21
ORF3444745|674|S|21,ORF3444745,674,S,21,S-21
ORF3371785|261|E|35,ORF3371785,261,E,35,E-35
ORF3460288|622|T|21,ORF3460288,622,T,21,T-21
ORF3314734|2580|S|21,ORF3314734,2580,S,21,S-21
ORF3433270|532|T|21,ORF3433270,532,T,21,T-21
ORF3468229|499|S|21,ORF3468229,499,S,21,S-21
ORF3502687|111|K|121,ORF3502687,111,K,121,K-121
Q13813|654|N|35,Q13813,654,N,35,N-35
ORF3478813|50|K|34,ORF3478813,50,K,34,K-34
ORF3333634|360|D|35,ORF3333634,360,D,35,D-35
ORF3452572|17|S|21,ORF3452572,17,S,21,S-21
ORF3390745|337|K|1,ORF3390745,337,K,1,K-1
ORF3493435|254|K|1,ORF3493435,254,K,1,K-1
ORF3461791|116|T|21,ORF3461791,116,T,21,T-21
ORF3331900|32|S|21,ORF3331900,32,S,21,S-21
ORF3341338|1374|R|7,ORF3341338,1374,R,7,R-7
ORF3512371|226|S|21,ORF3512371,226,S,21,S-21
ORF3461926|2209|S|21,ORF3461926,2209,S,21,S-21
ORF3494347|597|S|21,ORF3494347,597,S,21,S-21
ORF3406039|90|S|21,ORF3406039,90,S,21,S-21
ORF3334663|588|S|21,ORF3334663,588,S,21,S-21
ORF3491089|128|S|21,ORF3491089,128,S,21,S-21
ORF3470767|383|Y|21,ORF3470767,383,Y,21,Y-21
ORF3345256|981|E|35,ORF3345256,981,E,35,E-35
ORF3508978|225|Q|35,ORF3508978,225,Q,35,Q-35
ORF3399631|902|S|21,ORF3399631,902,S,21,S-21
ORF3430021|311|K|121,ORF3430021,311,K,121,K-121
ORF3502426|142|D|35,ORF3502426,142,D,35,D-35
ORF3311974|185|Q|35,ORF3311974,185,Q,35,Q-35
Q6KC79|349|S|21,Q6KC79,349,S,21,S-21
ORF3503071|435|S|21,ORF3503071,435,S,21,S-21
Q5UIP0|782|S|21,Q5UIP0,782,S,21,S-21
ORF3417928|123|S|23,ORF3417928,123,S,23,S-23
Q8WWQ0|911|S|21,Q8WWQ0,911,S,21,S-21
ORF3304471|2344|S|21,ORF3304471,2344,S,21,S-21
ORF3511882|104|K|121,ORF3511882,104,K,121,K-121
ORF3460552|442|K|1,ORF3460552,442,K,1,K-1
Q7Z460|651|T|21,Q7Z460,651,T,21,T-21
ORF3390829|247|K|378,ORF3390829,247,K,378,K-378
P10412|146|T|21,P10412,146,T,21,T-21
ORF3343528|4477|S|21,ORF3343528,4477,S,21,S-21
ORF3392569|625|S|21,ORF3392569,625,S,21,S-21
P0C0L5|261|E|35,P0C0L5,261,E,35,E-35
ORF3304798|17|S|21,ORF3304798,17,S,21,S-21
Q15149|992|C|53,Q15149,992,C,53,C-53
ORF3479470|185|E|35,ORF3479470,185,E,35,E-35
ORF3456484|32|K|1,ORF3456484,32,K,1,K-1
ORF3373498|218|S|21,ORF3373498,218,S,21,S-21
ORF3438358|328|S|21,ORF3438358,328,S,21,S-21
ORF3358498|293|N|35,ORF3358498,293,N,35,N-35
ORF3490726|37|S|21,ORF3490726,37,S,21,S-21
ORF3478813|224|Q|35,ORF3478813,224,Q,35,Q-35
ORF3408322|193|K|1,ORF3408322,193,K,1,K-1
ORF3388309|45|K|1,ORF3388309,45,K,1,K-1
ORF3408322|330|K|34,ORF3408322,330,K,34,K-34
Q9NRX5|364|S|21,Q9NRX5,364,S,21,S-21
ORF3315781|184|H|53,ORF3315781,184,H,53,H-53
P0C0L5|1477|K|378,P0C0L5,1477,K,378,K-378
ORF3329176|229|Q|35,ORF3329176,229,Q,35,Q-35
ORF3352342|895|S|21,ORF3352342,895,S,21,S-21
ORF3314734|2708|S|21,ORF3314734,2708,S,21,S-21
P21333|2001|R|7,P21333,2001,R,7,R-7
P35555|2144|N|35,P35555,2144,N,35,N-35
ORF3301294|355|D|35,ORF3301294,355,D,35,D-35
ORF3417796|14|S|21,ORF3417796,14,S,21,S-21
ORF3425689|208|E|35,ORF3425689,208,E,35,E-35
P35579|1593|E|35,P35579,1593,E,35,E-35
ORF3348235|46|S|21,ORF3348235,46,S,21,S-21
ORF3349330|574|S|21,ORF3349330,574,S,21,S-21
ORF3373591|1223|S|21,ORF3373591,1223,S,21,S-21
A6NMY6|19|T|21,A6NMY6,19,T,21,T-21
ORF3412750|37|K|34,ORF3412750,37,K,34,K-34
ORF3315460|524|S|21,ORF3315460,524,S,21,S-21
ORF3422971|17|S|21,ORF3422971,17,S,21,S-21
ORF3467155|37|S|21,ORF3467155,37,S,21,S-21
ORF3453652|1819|S|21,ORF3453652,1819,S,21,S-21
ORF3352342|2426|S|21,ORF3352342,2426,S,21,S-21
ORF3445723|160|K|34,ORF3445723,160,K,34,K-34
P11388|1106|S|21,P11388,1106,S,21,S-21
ORF3467455|376|S|21,ORF3467455,376,S,21,S-21
ORF3401002|106|T|21,ORF3401002,106,T,21,T-21
Q8IYB3|696|S|21,Q8IYB3,696,S,21,S-21
ORF3364933|48|K|378,ORF3364933,48,K,378,K-378
ORF3352342|994|S|21,ORF3352342,994,S,21,S-21
ORF3417796|137|S|21,ORF3417796,137,S,21,S-21
Q9Y618|956|S|21,Q9Y618,956,S,21,S-21
P46100|596|S|21,P46100,596,S,21,S-21
ORF3310792|90|Q|35,ORF3310792,90,Q,35,Q-35
ORF3314734|3289|N|35,ORF3314734,3289,N,35,N-35
P55196|1799|S|21,P55196,1799,S,21,S-21
ORF3299332|89|S|21,ORF3299332,89,S,21,S-21
ORF3317575|1821|S|21,ORF3317575,1821,S,21,S-21
ORF3473491|15|S|21,ORF3473491,15,S,21,S-21
Q13555|395|K|37,Q13555,395,K,37,K-37
ORF3427543|720|S|21,ORF3427543,720,S,21,S-21
ORF3301174|253|K|1,ORF3301174,253,K,1,K-1
ORF3509665|420|E|35,ORF3509665,420,E,35,E-35
ORF3363301|915|S|21,ORF3363301,915,S,21,S-21
ORF3361951|870|E|35,ORF3361951,870,E,35,E-35
P01024|580|Q|35,P01024,580,Q,35,Q-35
ORF3349969|203|S|21,ORF3349969,203,S,21,S-21
ORF3459823|583|N|35,ORF3459823,583,N,35,N-35
ORF3298402|420|S|21,ORF3298402,420,S,21,S-21
ORF3412780|90|N|35,ORF3412780,90,N,35,N-35
ORF3386380|265|Y|21,ORF3386380,265,Y,21,Y-21
ORF3374239|152|K|121,ORF3374239,152,K,121,K-121
ORF3434893|139|S|21,ORF3434893,139,S,21,S-21
ORF3383356|613|R|36,ORF3383356,613,R,36,R-36
ORF3453652|2271|S|21,ORF3453652,2271,S,21,S-21
ORF3367378|126|T|21,ORF3367378,126,T,21,T-21
O14646|1677|S|21,O14646,1677,S,21,S-21
ORF3447160|440|K|1,ORF3447160,440,K,1,K-1
ORF3307843|17|E|35,ORF3307843,17,E,35,E-35
ORF3322213|824|T|21,ORF3322213,824,T,21,T-21
ORF3365284|49|S|21,ORF3365284,49,S,21,S-21
ORF3493834|599|R|7,ORF3493834,599,R,7,R-7
ORF3423052|362|S|21,ORF3423052,362,S,21,S-21
ORF3453652|1016|S|21,ORF3453652,1016,S,21,S-21
ORF3336634|100|S|21,ORF3336634,100,S,21,S-21
ORF3374620|484|S|21,ORF3374620,484,S,21,S-21
ORF3497833|49|D|35,ORF3497833,49,D,35,D-35
ORF3482368|385|Q|35,ORF3482368,385,Q,35,Q-35
P46940|1378|E|35,P46940,1378,E,35,E-35
ORF3298402|100|R|7,ORF3298402,100,R,7,R-7
ORF3402799|591|S|21,ORF3402799,591,S,21,S-21
ORF3425590|181|S|21,ORF3425590,181,S,21,S-21
P35579|846|E|35,P35579,846,E,35,E-35
ORF3373990|32|R|34,ORF3373990,32,R,34,R-34
ORF3380740|498|K|1,ORF3380740,498,K,1,K-1
Q15149|2977|N|35,Q15149,2977,N,35,N-35
ORF3469591|96|S|21,ORF3469591,96,S,21,S-21
P52732|926|T|21,P52732,926,T,21,T-21
ORF3424549|811|Q|35,ORF3424549,811,Q,35,Q-35
ORF3418516|415|E|35,ORF3418516,415,E,35,E-35
ORF3332863|807|S|21,ORF3332863,807,S,21,S-21
ORF3328435|42|R|7,ORF3328435,42,R,7,R-7
ORF3500341|97|S|21,ORF3500341,97,S,21,S-21
ORF3328522|80|R|7,ORF3328522,80,R,7,R-7
ORF3320578|662|N|35,ORF3320578,662,N,35,N-35
A0A2R8Y4L2|180|R|36,A0A2R8Y4L2,180,R,36,R-36
ORF3467224|93|K|121,ORF3467224,93,K,121,K-121
ORF3408322|64|K|34,ORF3408322,64,K,34,K-34
ORF3466033|286|S|21,ORF3466033,286,S,21,S-21
ORF3463108|524|K|1,ORF3463108,524,K,1,K-1
P35555|375|E|35,P35555,375,E,35,E-35
ORF3434500|339|D|35,ORF3434500,339,D,35,D-35
ORF3506275|109|E|35,ORF3506275,109,E,35,E-35
ORF3420256|393|N|35,ORF3420256,393,N,35,N-35
Q5JSZ5|563|S|21,Q5JSZ5,563,S,21,S-21
P78527|1407|K|121,P78527,1407,K,121,K-121
ORF3353983|204|S|21,ORF3353983,204,S,21,S-21
ORF3425701|311|N|35,ORF3425701,311,N,35,N-35
ORF3364933|103|K|535,ORF3364933,103,K,535,K-535
Q92538|1337|T|21,Q92538,1337,T,21,T-21
P18433|798|Y|21,P18433,798,Y,21,Y-21
ORF3430021|96|K|34,ORF3430021,96,K,34,K-34
ORF3303298|84|K|1,ORF3303298,84,K,1,K-1
P02751|2325|Q|35,P02751,2325,Q,35,Q-35
Q92545|1375|S|21,Q92545,1375,S,21,S-21
ORF3496246|2081|S|21,ORF3496246,2081,S,21,S-21
ORF3416449|822|S|21,ORF3416449,822,S,21,S-21
ORF3352342|2269|N|35,ORF3352342,2269,N,35,N-35
P35580|595|N|35,P35580,595,N,35,N-35
ORF3309106|235|K|1,ORF3309106,235,K,1,K-1
ORF3513595|151|S|21,ORF3513595,151,S,21,S-21
ORF3505417|104|Q|35,ORF3505417,104,Q,35,Q-35
ORF3350887|115|S|21,ORF3350887,115,S,21,S-21
ORF3374677|1107|S|21,ORF3374677,1107,S,21,S-21
ORF3443299|250|R|36,ORF3443299,250,R,36,R-36
ORF3421972|444|K|53,ORF3421972,444,K,53,K-53
ORF3454348|38|S|21,ORF3454348,38,S,21,S-21
ORF3509935|217|S|21,ORF3509935,217,S,21,S-21
ORF3421990|273|S|21,ORF3421990,273,S,21,S-21
ORF3467224|57|R|7,ORF3467224,57,R,7,R-7
ORF3421165|182|K|53,ORF3421165,182,K,53,K-53
ORF3447382|410|R|7,ORF3447382,410,R,7,R-7
ORF3320887|288|K|121,ORF3320887,288,K,121,K-121
ORF3383356|337|D|35,ORF3383356,337,D,35,D-35
ORF3386380|417|K|1,ORF3386380,417,K,1,K-1
ORF3313492|691|S|21,ORF3313492,691,S,21,S-21
ORF3350632|281|S|21,ORF3350632,281,S,21,S-21
Q92900|1107|S|21,Q92900,1107,S,21,S-21
ORF3445165|878|S|21,ORF3445165,878,S,21,S-21
ORF3448453|265|S|21,ORF3448453,265,S,21,S-21
ORF3390079|541|T|21,ORF3390079,541,T,21,T-21
ORF3466528|364|S|23,ORF3466528,364,S,23,S-23
ORF3445723|223|K|1,ORF3445723,223,K,1,K-1
ORF3505069|273|S|21,ORF3505069,273,S,21,S-21
P78344|246|D|35,P78344,246,D,35,D-35
ORF3330010|443|T|21,ORF3330010,443,T,21,T-21
ORF3299332|13|S|21,ORF3299332,13,S,21,S-21
ORF3438208|242|S|21,ORF3438208,242,S,21,S-21
ORF3501301|338|S|21,ORF3501301,338,S,21,S-21
ORF3456484|250|K|1,ORF3456484,250,K,1,K-1
ORF3354304|432|R|7,ORF3354304,432,R,7,R-7
ORF3304108|452|S|21,ORF3304108,452,S,21,S-21
ORF3354304|416|R|7,ORF3354304,416,R,7,R-7
ORF3417928|48|K|535,ORF3417928,48,K,535,K-535
P02751|88|E|35,P02751,88,E,35,E-35
ORF3326758|223|T|21,ORF3326758,223,T,21,T-21
ORF3344917|106|K|53,ORF3344917,106,K,53,K-53
Q15149|4215|E|35,Q15149,4215,E,35,E-35
ORF3323866|114|K|34,ORF3323866,114,K,34,K-34
ORF3352342|2409|T|21,ORF3352342,2409,T,21,T-21
ORF3383050|698|K|1,ORF3383050,698,K,1,K-1
ORF3402490|213|E|35,ORF3402490,213,E,35,E-35
ORF3339817|332|S|21,ORF3339817,332,S,21,S-21
ORF3443746|280|S|21,ORF3443746,280,S,21,S-21
ORF3512692|560|S|21,ORF3512692,560,S,21,S-21
P35579|1492|K|34,P35579,1492,K,34,K-34
ORF3403963|211|R|7,ORF3403963,211,R,7,R-7
ORF3366139|265|S|21,ORF3366139,265,S,21,S-21
P35579|1912|R|7,P35579,1912,R,7,R-7
Q7Z4S6|1212|S|21,Q7Z4S6,1212,S,21,S-21
ORF3495670|442|D|35,ORF3495670,442,D,35,D-35
Q13813|204|R|7,Q13813,204,R,7,R-7
O75369|74|Q|35,O75369,74,Q,35,Q-35
ORF3387898|384|E|35,ORF3387898,384,E,35,E-35
ORF3438874|2218|S|21,ORF3438874,2218,S,21,S-21
ORF3508978|354|D|35,ORF3508978,354,D,35,D-35
ORF3415684|209|K|53,ORF3415684,209,K,53,K-53
P16144|1494|S|21,P16144,1494,S,21,S-21
ORF3390754|549|S|21,ORF3390754,549,S,21,S-21
ORF3360457|46|K|121,ORF3360457,46,K,121,K-121
ORF3331900|17|S|21,ORF3331900,17,S,21,S-21
ORF3456058|232|S|21,ORF3456058,232,S,21,S-21
ORF3431971|18|S|21,ORF3431971,18,S,21,S-21
ORF3325927|765|S|21,ORF3325927,765,S,21,S-21
ORF3300175|106|K|34,ORF3300175,106,K,34,K-34
ORF3374239|167|S|21,ORF3374239,167,S,21,S-21
ORF3409888|70|R|7,ORF3409888,70,R,7,R-7
P50991|259|D|35,P50991,259,D,35,D-35
ORF3491143|877|Y|21,ORF3491143,877,Y,21,Y-21
P21333|1081|S|21,P21333,1081,S,21,S-21
ORF3407290|228|K|34,ORF3407290,228,K,34,K-34
ORF3409672|22|S|21,ORF3409672,22,S,21,S-21
ORF3417688|710|T|21,ORF3417688,710,T,21,T-21
ORF3332053|20|S|21,ORF3332053,20,S,21,S-21
ORF3432922|224|S|21,ORF3432922,224,S,21,S-21
ORF3407887|577|S|21,ORF3407887,577,S,21,S-21
ORF3320887|446|R|7,ORF3320887,446,R,7,R-7
ORF3359920|139|N|35,ORF3359920,139,N,35,N-35
ORF3388369|548|S|21,ORF3388369,548,S,21,S-21
ORF3494446|192|S|21,ORF3494446,192,S,21,S-21
Q92508|1644|T|21,Q92508,1644,T,21,T-21
ORF3370429|99|D|35,ORF3370429,99,D,35,D-35
ORF3498154|20|S|21,ORF3498154,20,S,21,S-21
ORF3390745|407|K|1,ORF3390745,407,K,1,K-1
ORF3333247|49|R|7,ORF3333247,49,R,7,R-7
ORF3314734|1351|E|35,ORF3314734,1351,E,35,E-35
ORF3463036|764|S|21,ORF3463036,764,S,21,S-21
ORF3444727|337|N|35,ORF3444727,337,N,35,N-35
ORF3493543|312|S|21,ORF3493543,312,S,21,S-21
ORF3508510|26|K|34,ORF3508510,26,K,34,K-34
ORF3336853|247|S|21,ORF3336853,247,S,21,S-21
Q2TB10|336|S|21,Q2TB10,336,S,21,S-21
ORF3448255|270|E|35,ORF3448255,270,E,35,E-35
P12270|1027|E|35,P12270,1027,E,35,E-35
ORF3321388|353|R|7,ORF3321388,353,R,7,R-7
ORF3514306|543|K|1,ORF3514306,543,K,1,K-1
ORF3419281|1168|S|21,ORF3419281,1168,S,21,S-21
Q7Z6Z7|649|S|21,Q7Z6Z7,649,S,21,S-21
Q15154|1730|S|21,Q15154,1730,S,21,S-21
ORF3498277|242|S|21,ORF3498277,242,S,21,S-21
ORF3345559|112|K|1,ORF3345559,112,K,1,K-1
Q8WXH0|6361|S|21,Q8WXH0,6361,S,21,S-21
ORF3298825|552|S|21,ORF3298825,552,S,21,S-21
ORF3400003|1755|S|21,ORF3400003,1755,S,21,S-21
ORF3411640|206|Y|21,ORF3411640,206,Y,21,Y-21
ORF3511330|171|S|21,ORF3511330,171,S,21,S-21
ORF3360760|183|S|21,ORF3360760,183,S,21,S-21
O75122|327|S|21,O75122,327,S,21,S-21
ORF3455908|1294|S|21,ORF3455908,1294,S,21,S-21
P35555|2414|R|7,P35555,2414,R,7,R-7
ORF3411811|499|S|21,ORF3411811,499,S,21,S-21
Q12959|575|S|21,Q12959,575,S,21,S-21
ORF3346138|403|S|21,ORF3346138,403,S,21,S-21
ORF3354709|6|Q|35,ORF3354709,6,Q,35,Q-35
Q9UJU6|275|S|21,Q9UJU6,275,S,21,S-21
ORF3418516|451|D|35,ORF3418516,451,D,35,D-35
ORF3507244|349|D|35,ORF3507244,349,D,35,D-35
ORF3310213|164|S|21,ORF3310213,164,S,21,S-21
ORF3402412|270|S|21,ORF3402412,270,S,21,S-21
O95819|853|S|21,O95819,853,S,21,S-21
ORF3372067|355|D|35,ORF3372067,355,D,35,D-35
ORF3433444|91|K|53,ORF3433444,91,K,53,K-53
ORF3390745|498|K|1,ORF3390745,498,K,1,K-1
Q7Z460|1091|S|21,Q7Z460,1091,S,21,S-21
ORF3333025|156|H|53,ORF3333025,156,H,53,H-53
ORF3377548|181|R|7,ORF3377548,181,R,7,R-7
ORF3408322|335|K|1848,ORF3408322,335,K,1848,K-1848
Q9P265|100|S|21,Q9P265,100,S,21,S-21
ORF3332782|1242|S|21,ORF3332782,1242,S,21,S-21
ORF3484678|265|S|21,ORF3484678,265,S,21,S-21
ORF3352342|1124|S|21,ORF3352342,1124,S,21,S-21
ORF3511846|230|S|21,ORF3511846,230,S,21,S-21
ORF3300661|461|S|21,ORF3300661,461,S,21,S-21
ORF3506941|615|S|21,ORF3506941,615,S,21,S-21
P10412|2|S|21,P10412,2,S,21,S-21
Q8NFC6|660|T|21,Q8NFC6,660,T,21,T-21
ORF3332455|13|S|21,ORF3332455,13,S,21,S-21
ORF3298402|373|K|1,ORF3298402,373,K,1,K-1
ORF3307807|569|S|21,ORF3307807,569,S,21,S-21
ORF3326032|238|S|21,ORF3326032,238,S,21,S-21
ORF3427687|326|K|535,ORF3427687,326,K,535,K-535
ORF3438874|297|S|21,ORF3438874,297,S,21,S-21
ORF3405682|437|E|35,ORF3405682,437,E,35,E-35
ORF3415801|318|E|35,ORF3415801,318,E,35,E-35
ORF3448495|169|N|35,ORF3448495,169,N,35,N-35
ORF3392983|996|S|21,ORF3392983,996,S,21,S-21
ORF3455062|90|K|34,ORF3455062,90,K,34,K-34
ORF3313270|695|S|21,ORF3313270,695,S,21,S-21
ORF3502987|102|S|21,ORF3502987,102,S,21,S-21
ORF3373810|270|E|35,ORF3373810,270,E,35,E-35
ORF3474424|152|S|21,ORF3474424,152,S,21,S-21
ORF3365140|426|S|21,ORF3365140,426,S,21,S-21
ORF3486736|385|S|21,ORF3486736,385,S,21,S-21
ORF3510898|83|E|35,ORF3510898,83,E,35,E-35
ORF3345559|325|N|35,ORF3345559,325,N,35,N-35
ORF3302995|230|E|35,ORF3302995,230,E,35,E-35
Q96N67|907|T|21,Q96N67,907,T,21,T-21
ORF3488209|68|K|34,ORF3488209,68,K,34,K-34
ORF3314734|511|S|21,ORF3314734,511,S,21,S-21
ORF3506149|915|S|21,ORF3506149,915,S,21,S-21
ORF3408322|37|S|21,ORF3408322,37,S,21,S-21
ORF3455908|1265|S|21,ORF3455908,1265,S,21,S-21
Q9P2E9|1324|R|34,Q9P2E9,1324,R,34,R-34
ORF3302074|201|S|21,ORF3302074,201,S,21,S-21
Q8NHW5|100|D|35,Q8NHW5,100,D,35,D-35
ORF3313921|180|R|7,ORF3313921,180,R,7,R-7
ORF3303652|289|E|35,ORF3303652,289,E,35,E-35
ORF3493834|349|R|7,ORF3493834,349,R,7,R-7
P35579|336|Q|35,P35579,336,Q,35,Q-35
ORF3458080|329|K|1,ORF3458080,329,K,1,K-1
ORF3424723|199|D|35,ORF3424723,199,D,35,D-35
ORF3400426|221|T|21,ORF3400426,221,T,21,T-21
ORF3462268|87|D|35,ORF3462268,87,D,35,D-35
ORF3381649|106|R|7,ORF3381649,106,R,7,R-7
ORF3500134|285|R|7,ORF3500134,285,R,7,R-7
ORF3382369|333|S|21,ORF3382369,333,S,21,S-21
ORF3491473|645|R|7,ORF3491473,645,R,7,R-7
Q58FF6|458|K|1,Q58FF6,458,K,1,K-1
ORF3345244|718|S|21,ORF3345244,718,S,21,S-21
ORF3430408|116|K|1,ORF3430408,116,K,1,K-1
ORF3477460|228|R|7,ORF3477460,228,R,7,R-7
ORF3314494|1121|K|1848,ORF3314494,1121,K,1848,K-1848
ORF3496006|65|S|21,ORF3496006,65,S,21,S-21
ORF3463036|1092|S|21,ORF3463036,1092,S,21,S-21
ORF3315214|112|S|21,ORF3315214,112,S,21,S-21
ORF3373591|1156|S|21,ORF3373591,1156,S,21,S-21
P35580|949|Q|35,P35580,949,Q,35,Q-35
ORF3453652|1932|T|21,ORF3453652,1932,T,21,T-21
ORF3509536|247|S|21,ORF3509536,247,S,21,S-21
ORF3419566|802|S|21,ORF3419566,802,S,21,S-21
ORF3383050|618|S|21,ORF3383050,618,S,21,S-21
ORF3508762|98|R|7,ORF3508762,98,R,7,R-7
ORF3427507|296|S|21,ORF3427507,296,S,21,S-21
ORF3423679|476|S|21,ORF3423679,476,S,21,S-21
ORF3401557|209|S|21,ORF3401557,209,S,21,S-21
ORF3397600|560|T|21,ORF3397600,560,T,21,T-21
ORF3330010|696|T|21,ORF3330010,696,T,21,T-21
ORF3406039|808|S|21,ORF3406039,808,S,21,S-21
ORF3445723|160|K|1,ORF3445723,160,K,1,K-1
Q14160|835|S|21,Q14160,835,S,21,S-21
ORF3314380|179|S|21,ORF3314380,179,S,21,S-21
ORF3462241|118|K|34,ORF3462241,118,K,34,K-34
ORF3436732|575|S|21,ORF3436732,575,S,21,S-21
ORF3302194|852|S|21,ORF3302194,852,S,21,S-21
ORF3328522|83|S|21,ORF3328522,83,S,21,S-21
ORF3413320|311|C|53,ORF3413320,311,C,53,C-53
ORF3476566|741|S|21,ORF3476566,741,S,21,S-21
ORF3326329|665|D|35,ORF3326329,665,D,35,D-35
ORF3418372|115|K|34,ORF3418372,115,K,34,K-34
P02751|100|K|34,P02751,100,K,34,K-34
ORF3299248|201|T|21,ORF3299248,201,T,21,T-21
Q15149|2960|R|7,Q15149,2960,R,7,R-7
ORF3413011|523|S|21,ORF3413011,523,S,21,S-21
ORF3511330|52|S|21,ORF3511330,52,S,21,S-21
ORF3472378|219|K|1,ORF3472378,219,K,1,K-1
ORF3497224|222|S|21,ORF3497224,222,S,21,S-21
ORF3378676|756|D|35,ORF3378676,756,D,35,D-35
ORF3352342|1501|S|21,ORF3352342,1501,S,21,S-21
ORF3319084|215|K|1,ORF3319084,215,K,1,K-1
A3KN83|214|S|21,A3KN83,214,S,21,S-21
ORF3416134|192|S|21,ORF3416134,192,S,21,S-21
Q15149|2489|Q|35,Q15149,2489,Q,35,Q-35
ORF3383761|62|K|1,ORF3383761,62,K,1,K-1
ORF3497122|291|Q|35,ORF3497122,291,Q,35,Q-35
ORF3466033|1331|S|21,ORF3466033,1331,S,21,S-21
ORF3424477|182|S|21,ORF3424477,182,S,21,S-21
ORF3406753|948|E|35,ORF3406753,948,E,35,E-35
ORF3328477|82|R|7,ORF3328477,82,R,7,R-7
ORF3419566|42|S|21,ORF3419566,42,S,21,S-21
ORF3344836|435|D|35,ORF3344836,435,D,35,D-35
ORF3314734|3356|K|378,ORF3314734,3356,K,378,K-378
ORF3427687|326|K|34,ORF3427687,326,K,34,K-34
P21333|2327|S|21,P21333,2327,S,21,S-21
ORF3370948|54|K|34,ORF3370948,54,K,34,K-34
ORF3302044|1044|S|21,ORF3302044,1044,S,21,S-21
ORF3347392|15|T|21,ORF3347392,15,T,21,T-21
Q86VI3|1424|S|21,Q86VI3,1424,S,21,S-21
ORF3355861|177|K|1,ORF3355861,177,K,1,K-1
ORF3487900|575|S|21,ORF3487900,575,S,21,S-21
P35579|1618|D|35,P35579,1618,D,35,D-35
ORF3314734|1452|S|21,ORF3314734,1452,S,21,S-21
O15230|71|R|7,O15230,71,R,7,R-7
ORF3477361|184|S|21,ORF3477361,184,S,21,S-21
ORF3308515|780|T|21,ORF3308515,780,T,21,T-21
ORF3390745|42|K|1,ORF3390745,42,K,1,K-1
Q13576|3|H|53,Q13576,3,H,53,H-53
ORF3304108|431|S|21,ORF3304108,431,S,21,S-21
ORF3477460|256|R|7,ORF3477460,256,R,7,R-7
ORF3377347|333|S|21,ORF3377347,333,S,21,S-21
ORF3338971|360|K|34,ORF3338971,360,K,34,K-34
ORF3302557|563|S|21,ORF3302557,563,S,21,S-21
ORF3386380|296|E|35,ORF3386380,296,E,35,E-35
ORF3314710|110|N|35,ORF3314710,110,N,35,N-35
Q14573|916|S|21,Q14573,916,S,21,S-21
ORF3489490|1003|S|21,ORF3489490,1003,S,21,S-21
Q14573|934|S|21,Q14573,934,S,21,S-21
ORF3298402|97|K|34,ORF3298402,97,K,34,K-34
ORF3509959|30|K|34,ORF3509959,30,K,34,K-34
ORF3328513|353|K|34,ORF3328513,353,K,34,K-34
ORF3302836|174|E|35,ORF3302836,174,E,35,E-35
ORF3437410|197|S|21,ORF3437410,197,S,21,S-21
P21333|2477|Q|35,P21333,2477,Q,35,Q-35
ORF3493864|327|T|21,ORF3493864,327,T,21,T-21
ORF3390754|517|T|21,ORF3390754,517,T,21,T-21
ORF3344782|2344|S|21,ORF3344782,2344,S,21,S-21
P35658|656|S|21,P35658,656,S,21,S-21
ORF3369466|287|Q|35,ORF3369466,287,Q,35,Q-35
Q14568|282|K|34,Q14568,282,K,34,K-34
ORF3378205|62|S|21,ORF3378205,62,S,21,S-21
ORF3463108|561|K|34,ORF3463108,561,K,34,K-34
ORF3464152|609|Y|21,ORF3464152,609,Y,21,Y-21
ORF3416077|1165|S|21,ORF3416077,1165,S,21,S-21
ORF3456058|447|R|36,ORF3456058,447,R,36,R-36
P61353|93|K|34,P61353,93,K,34,K-34
ORF3467155|64|K|1,ORF3467155,64,K,1,K-1
P28290|739|S|21,P28290,739,S,21,S-21
ORF3319180|445|N|35,ORF3319180,445,N,35,N-35
ORF3415801|63|K|1,ORF3415801,63,K,1,K-1
ORF3407023|139|N|35,ORF3407023,139,N,35,N-35
ORF3340348|478|S|21,ORF3340348,478,S,21,S-21
ORF3455908|310|T|21,ORF3455908,310,T,21,T-21
ORF3377296|166|R|7,ORF3377296,166,R,7,R-7
ORF3308863|91|D|35,ORF3308863,91,D,35,D-35
ORF3400762|1628|S|21,ORF3400762,1628,S,21,S-21
ORF3463036|1110|S|21,ORF3463036,1110,S,21,S-21
ORF3394498|425|E|35,ORF3394498,425,E,35,E-35
ORF3326695|237|S|21,ORF3326695,237,S,21,S-21
ORF3421165|226|R|36,ORF3421165,226,R,36,R-36
ORF3496453|353|S|21,ORF3496453,353,S,21,S-21
ORF3498130|648|S|21,ORF3498130,648,S,21,S-21
ORF3381649|44|R|7,ORF3381649,44,R,7,R-7
ORF3328522|65|Y|21,ORF3328522,65,Y,21,Y-21
ORF3392491|26|K|34,ORF3392491,26,K,34,K-34
ORF3468031|247|N|35,ORF3468031,247,N,35,N-35
ORF3414514|819|E|35,ORF3414514,819,E,35,E-35
ORF3316687|604|S|21,ORF3316687,604,S,21,S-21
ORF3495667|38|S|21,ORF3495667,38,S,21,S-21
ORF3461851|636|S|21,ORF3461851,636,S,21,S-21
ORF3486484|234|S|21,ORF3486484,234,S,21,S-21
ORF3509959|131|K|34,ORF3509959,131,K,34,K-34
ORF3391156|446|T|21,ORF3391156,446,T,21,T-21
ORF3444991|165|S|21,ORF3444991,165,S,21,S-21
ORF3364516|363|S|21,ORF3364516,363,S,21,S-21
ORF3352342|1103|S|21,ORF3352342,1103,S,21,S-21
ORF3302194|695|S|21,ORF3302194,695,S,21,S-21
ORF3434500|549|D|35,ORF3434500,549,D,35,D-35
P46100|316|S|21,P46100,316,S,21,S-21
ORF3334954|365|S|21,ORF3334954,365,S,21,S-21
Q8NEZ4|1772|K|1,Q8NEZ4,1772,K,1,K-1
ORF3361105|446|S|21,ORF3361105,446,S,21,S-21
ORF3505027|85|K|34,ORF3505027,85,K,34,K-34
ORF3500134|2|S|21,ORF3500134,2,S,21,S-21
ORF3333700|507|S|21,ORF3333700,507,S,21,S-21
ORF3415174|181|S|21,ORF3415174,181,S,21,S-21
ORF3492310|132|K|34,ORF3492310,132,K,34,K-34
Q15149|3189|D|35,Q15149,3189,D,35,D-35
ORF3314734|1533|N|35,ORF3314734,1533,N,35,N-35
ORF3310213|381|S|21,ORF3310213,381,S,21,S-21
ORF3473491|123|K|34,ORF3473491,123,K,34,K-34
ORF3329176|180|R|7,ORF3329176,180,R,7,R-7
ORF3422977|157|S|21,ORF3422977,157,S,21,S-21
ORF3321811|71|Y|21,ORF3321811,71,Y,21,Y-21
ORF3507058|496|K|1,ORF3507058,496,K,1,K-1
ORF3476566|973|S|21,ORF3476566,973,S,21,S-21
ORF3383761|55|K|34,ORF3383761,55,K,34,K-34
ORF3456484|267|K|121,ORF3456484,267,K,121,K-121
P07814|1431|E|35,P07814,1431,E,35,E-35
ORF3418474|605|S|21,ORF3418474,605,S,21,S-21
ORF3374095|538|K|1,ORF3374095,538,K,1,K-1
P01860|264|K|34,P01860,264,K,34,K-34
ORF3408322|50|R|7,ORF3408322,50,R,7,R-7
O43143|493|E|35,O43143,493,E,35,E-35
P21333|1843|D|35,P21333,1843,D,35,D-35
ORF3499135|537|S|21,ORF3499135,537,S,21,S-21
Q14160|1306|S|21,Q14160,1306,S,21,S-21
ORF3448936|1195|S|21,ORF3448936,1195,S,21,S-21
ORF3463108|561|K|37,ORF3463108,561,K,37,K-37
ORF3333517|710|S|21,ORF3333517,710,S,21,S-21
P35573|765|Q|35,P35573,765,Q,35,Q-35
ORF3334954|1176|S|21,ORF3334954,1176,S,21,S-21
ORF3436417|208|S|21,ORF3436417,208,S,21,S-21
Q9UN81|18|S|21,Q9UN81,18,S,21,S-21
ORF3374677|1035|S|21,ORF3374677,1035,S,21,S-21
ORF3462751|140|S|21,ORF3462751,140,S,21,S-21
ORF3468769|40|S|21,ORF3468769,40,S,21,S-21
P35658|940|S|21,P35658,940,S,21,S-21
ORF3342391|659|S|21,ORF3342391,659,S,21,S-21
O15085|1295|S|21,O15085,1295,S,21,S-21
Q96N67|964|S|21,Q96N67,964,S,21,S-21
ORF3353899|51|S|21,ORF3353899,51,S,21,S-21
Q8NFC6|1531|S|21,Q8NFC6,1531,S,21,S-21
ORF3344782|2035|S|21,ORF3344782,2035,S,21,S-21
O75396|137|S|21,O75396,137,S,21,S-21
ORF3421165|160|D|35,ORF3421165,160,D,35,D-35
ORF3460552|126|Q|35,ORF3460552,126,Q,35,Q-35
ORF3501292|165|K|34,ORF3501292,165,K,34,K-34
ORF3488167|159|N|35,ORF3488167,159,N,35,N-35
P29966|81|S|21,P29966,81,S,21,S-21
ORF3422221|344|S|21,ORF3422221,344,S,21,S-21
ORF3474934|143|K|1,ORF3474934,143,K,1,K-1
ORF3343528|842|S|21,ORF3343528,842,S,21,S-21
ORF3490135|1355|S|21,ORF3490135,1355,S,21,S-21
ORF3424723|653|D|35,ORF3424723,653,D,35,D-35
ORF3501670|989|R|36,ORF3501670,989,R,36,R-36
Q8NFC6|3019|S|21,Q8NFC6,3019,S,21,S-21
P49327|2204|T|21,P49327,2204,T,21,T-21
O75037|1149|S|21,O75037,1149,S,21,S-21
ORF3467086|89|R|7,ORF3467086,89,R,7,R-7
ORF3321628|6|S|21,ORF3321628,6,S,21,S-21
ORF3299581|105|R|7,ORF3299581,105,R,7,R-7
ORF3513370|16|S|21,ORF3513370,16,S,21,S-21
ORF3455245|641|S|21,ORF3455245,641,S,21,S-21
ORF3491278|34|S|21,ORF3491278,34,S,21,S-21
Q8NFC6|3029|S|21,Q8NFC6,3029,S,21,S-21
ORF3415390|314|S|21,ORF3415390,314,S,21,S-21
ORF3479887|47|S|21,ORF3479887,47,S,21,S-21
ORF3338929|775|S|21,ORF3338929,775,S,21,S-21
P35555|2267|N|35,P35555,2267,N,35,N-35
ORF3499597|220|S|21,ORF3499597,220,S,21,S-21
ORF3339310|439|S|21,ORF3339310,439,S,21,S-21
ORF3461110|503|Q|35,ORF3461110,503,Q,35,Q-35
Q14573|2670|S|21,Q14573,2670,S,21,S-21
ORF3457363|68|K|1,ORF3457363,68,K,1,K-1
ORF3425770|47|Q|35,ORF3425770,47,Q,35,Q-35
Q6ZNJ1|2739|S|21,Q6ZNJ1,2739,S,21,S-21
ORF3386440|148|S|21,ORF3386440,148,S,21,S-21
ORF3492514|209|K|34,ORF3492514,209,K,34,K-34
Q04721|1904|N|35,Q04721,1904,N,35,N-35
ORF3312181|989|D|35,ORF3312181,989,D,35,D-35
ORF3318061|52|K|1,ORF3318061,52,K,1,K-1
ORF3504928|192|S|21,ORF3504928,192,S,21,S-21
ORF3351238|292|D|35,ORF3351238,292,D,35,D-35
ORF3400759|307|T|21,ORF3400759,307,T,21,T-21
Q8IYB3|616|S|21,Q8IYB3,616,S,21,S-21
Q15149|4396|S|21,Q15149,4396,S,21,S-21
P21333|662|D|35,P21333,662,D,35,D-35
P35579|1513|K|34,P35579,1513,K,34,K-34
P30085|75|E|35,P30085,75,E,35,E-35
ORF3429097|469|K|1,ORF3429097,469,K,1,K-1
Q14204|3197|Q|35,Q14204,3197,Q,35,Q-35
ORF3299581|646|K|1,ORF3299581,646,K,1,K-1
ORF3321979|27|K|34,ORF3321979,27,K,34,K-34
P05155|387|E|35,P05155,387,E,35,E-35
ORF3453652|1427|S|21,ORF3453652,1427,S,21,S-21
Q58FF7|496|K|1,Q58FF7,496,K,1,K-1
ORF3490726|47|T|21,ORF3490726,47,T,21,T-21
ORF3415174|58|S|21,ORF3415174,58,S,21,S-21
P35556|1826|N|35,P35556,1826,N,35,N-35
ORF3453652|1788|T|21,ORF3453652,1788,T,21,T-21
ORF3352342|2241|N|35,ORF3352342,2241,N,35,N-35
ORF3463759|258|E|35,ORF3463759,258,E,35,E-35
ORF3438262|207|S|21,ORF3438262,207,S,21,S-21
ORF3430249|718|Q|35,ORF3430249,718,Q,35,Q-35
ORF3340348|132|S|21,ORF3340348,132,S,21,S-21
ORF3452452|200|E|35,ORF3452452,200,E,35,E-35
Q8N3U4|1161|S|21,Q8N3U4,1161,S,21,S-21
ORF3395830|484|S|21,ORF3395830,484,S,21,S-21
Q9H1H9|1698|S|21,Q9H1H9,1698,S,21,S-21
ORF3508438|646|S|21,ORF3508438,646,S,21,S-21
ORF3301477|695|S|21,ORF3301477,695,S,21,S-21
ORF3503452|444|S|21,ORF3503452,444,S,21,S-21
ORF3514306|495|Q|35,ORF3514306,495,Q,35,Q-35
Q9NR19|267|S|21,Q9NR19,267,S,21,S-21
Q8IYB3|738|S|21,Q8IYB3,738,S,21,S-21
ORF3400759|29|R|7,ORF3400759,29,R,7,R-7
ORF3463561|182|Y|21,ORF3463561,182,Y,21,Y-21
ORF3440335|1055|S|21,ORF3440335,1055,S,21,S-21
ORF3388378|242|S|21,ORF3388378,242,S,21,S-21
ORF3459811|61|N|35,ORF3459811,61,N,35,N-35
ORF3381820|203|C|53,ORF3381820,203,C,53,C-53
ORF3477460|231|R|34,ORF3477460,231,R,34,R-34
ORF3343528|634|K|53,ORF3343528,634,K,53,K-53
ORF3507496|363|S|21,ORF3507496,363,S,21,S-21
ORF3510535|561|S|21,ORF3510535,561,S,21,S-21
Q8WYP5|1513|S|21,Q8WYP5,1513,S,21,S-21
Q01082|2169|S|21,Q01082,2169,S,21,S-21
ORF3453703|107|N|35,ORF3453703,107,N,35,N-35
ORF3350074|378|Q|35,ORF3350074,378,Q,35,Q-35
ORF3498919|158|S|21,ORF3498919,158,S,21,S-21
O75165|601|Q|35,O75165,601,Q,35,Q-35
ORF3425140|391|S|21,ORF3425140,391,S,21,S-21
ORF3298825|639|S|21,ORF3298825,639,S,21,S-21
P21333|665|D|35,P21333,665,D,35,D-35
ORF3334954|560|S|21,ORF3334954,560,S,21,S-21
ORF3457054|589|S|21,ORF3457054,589,S,21,S-21
ORF3492982|148|S|21,ORF3492982,148,S,21,S-21
ORF3305161|668|S|21,ORF3305161,668,S,21,S-21
ORF3509665|74|S|23,ORF3509665,74,S,23,S-23
ORF3474424|254|S|21,ORF3474424,254,S,21,S-21
ORF3470767|496|S|21,ORF3470767,496,S,21,S-21
ORF3314932|591|E|35,ORF3314932,591,E,35,E-35
ORF3415174|79|S|21,ORF3415174,79,S,21,S-21
ORF3411811|913|S|21,ORF3411811,913,S,21,S-21
P35579|1918|K|34,P35579,1918,K,34,K-34
ORF3495424|236|E|35,ORF3495424,236,E,35,E-35
Q86YS7|260|S|21,Q86YS7,260,S,21,S-21
ORF3502687|219|K|121,ORF3502687,219,K,121,K-121
ORF3453652|1265|S|21,ORF3453652,1265,S,21,S-21
ORF3304162|521|S|21,ORF3304162,521,S,21,S-21
ORF3455245|388|D|35,ORF3455245,388,D,35,D-35
Q9NZN5|1288|S|21,Q9NZN5,1288,S,21,S-21
Q15149|2454|Q|35,Q15149,2454,Q,35,Q-35
P21359|2565|T|21,P21359,2565,T,21,T-21
ORF3415927|460|S|21,ORF3415927,460,S,21,S-21
ORF3374095|455|S|21,ORF3374095,455,S,21,S-21
ORF3462793|162|R|7,ORF3462793,162,R,7,R-7
P12111|573|K|34,P12111,573,K,34,K-34
ORF3302113|171|N|35,ORF3302113,171,N,35,N-35
Q9H7D0|1766|S|21,Q9H7D0,1766,S,21,S-21
ORF3408322|335|K|1,ORF3408322,335,K,1,K-1
ORF3433156|1025|S|21,ORF3433156,1025,S,21,S-21
ORF3301570|243|N|35,ORF3301570,243,N,35,N-35
P35555|2346|N|35,P35555,2346,N,35,N-35
ORF3298216|212|S|21,ORF3298216,212,S,21,S-21
Q5T4S7|620|S|21,Q5T4S7,620,S,21,S-21
Q96Q42|1464|S|21,Q96Q42,1464,S,21,S-21
Q01082|2165|S|21,Q01082,2165,S,21,S-21
ORF3453652|1400|S|21,ORF3453652,1400,S,21,S-21
Q12923|240|S|21,Q12923,240,S,21,S-21
ORF3309001|537|S|21,ORF3309001,537,S,21,S-21
ORF3457093|120|N|35,ORF3457093,120,N,35,N-35
ORF3489352|578|S|21,ORF3489352,578,S,21,S-21
ORF3413251|47|K|34,ORF3413251,47,K,34,K-34
ORF3300175|14|S|21,ORF3300175,14,S,21,S-21
ORF3489490|785|S|21,ORF3489490,785,S,21,S-21
ORF3493711|15|S|21,ORF3493711,15,S,21,S-21
ORF3395590|358|S|21,ORF3395590,358,S,21,S-21
ORF3454990|842|D|35,ORF3454990,842,D,35,D-35
ORF3337492|188|K|1,ORF3337492,188,K,1,K-1
ORF3421366|590|E|35,ORF3421366,590,E,35,E-35
ORF3476104|344|S|21,ORF3476104,344,S,21,S-21
O75592|2789|S|21,O75592,2789,S,21,S-21
ORF3390745|370|E|35,ORF3390745,370,E,35,E-35
ORF3470701|67|S|21,ORF3470701,67,S,21,S-21
ORF3508105|983|S|21,ORF3508105,983,S,21,S-21
ORF3343045|411|K|34,ORF3343045,411,K,34,K-34
ORF3493345|129|S|21,ORF3493345,129,S,21,S-21
Q92538|1318|S|21,Q92538,1318,S,21,S-21
ORF3380740|94|E|35,ORF3380740,94,E,35,E-35
Q8TDJ6|1857|S|21,Q8TDJ6,1857,S,21,S-21
ORF3417928|6|K|1,ORF3417928,6,K,1,K-1
ORF3427774|762|S|21,ORF3427774,762,S,21,S-21
Q8NI27|1516|S|21,Q8NI27,1516,S,21,S-21
P07900|299|R|7,P07900,299,R,7,R-7
ORF3502081|245|S|21,ORF3502081,245,S,21,S-21
P78527|4026|S|21,P78527,4026,S,21,S-21
ORF3376930|515|S|21,ORF3376930,515,S,21,S-21
ORF3377116|682|S|21,ORF3377116,682,S,21,S-21
Q12802|2728|S|21,Q12802,2728,S,21,S-21
ORF3403723|665|S|21,ORF3403723,665,S,21,S-21
ORF3461851|328|S|21,ORF3461851,328,S,21,S-21
ORF3413743|381|K|121,ORF3413743,381,K,121,K-121
ORF3485047|66|N|35,ORF3485047,66,N,35,N-35
Q7Z460|1196|S|21,Q7Z460,1196,S,21,S-21
O15061|429|S|21,O15061,429,S,21,S-21
Q9Y2I7|307|S|21,Q9Y2I7,307,S,21,S-21
Q8NI27|1486|S|21,Q8NI27,1486,S,21,S-21
ORF3483553|200|Q|35,ORF3483553,200,Q,35,Q-35
ORF3373993|246|E|35,ORF3373993,246,E,35,E-35
ORF3470845|143|S|21,ORF3470845,143,S,21,S-21
ORF3350074|238|D|35,ORF3350074,238,D,35,D-35
Q93074|698|S|21,Q93074,698,S,21,S-21
Q92900|578|N|35,Q92900,578,N,35,N-35
O75592|2871|S|21,O75592,2871,S,21,S-21
ORF3305161|620|S|21,ORF3305161,620,S,21,S-21
ORF3441082|275|S|21,ORF3441082,275,S,21,S-21
ORF3373777|482|R|7,ORF3373777,482,R,7,R-7
Q14204|1860|Q|35,Q14204,1860,Q,35,Q-35
Q86UP2|405|Q|35,Q86UP2,405,Q,35,Q-35
ORF3414571|783|S|21,ORF3414571,783,S,21,S-21
ORF3461926|176|S|21,ORF3461926,176,S,21,S-21
Q5SRE5|1709|S|21,Q5SRE5,1709,S,21,S-21
ORF3419200|304|K|121,ORF3419200,304,K,121,K-121
ORF3311077|669|S|21,ORF3311077,669,S,21,S-21
ORF3347017|368|S|21,ORF3347017,368,S,21,S-21
ORF3454891|76|S|21,ORF3454891,76,S,21,S-21
Q58FF7|335|E|35,Q58FF7,335,E,35,E-35
ORF3462793|58|K|1,ORF3462793,58,K,1,K-1
ORF3366139|148|S|21,ORF3366139,148,S,21,S-21
ORF3476104|267|S|21,ORF3476104,267,S,21,S-21
ORF3314734|508|S|21,ORF3314734,508,S,21,S-21
P21333|1824|K|34,P21333,1824,K,34,K-34
ORF3438766|131|S|21,ORF3438766,131,S,21,S-21
ORF3511330|49|S|21,ORF3511330,49,S,21,S-21
P08575|975|S|21,P08575,975,S,21,S-21
Q92900|210|R|7,Q92900,210,R,7,R-7
ORF3312430|437|S|21,ORF3312430,437,S,21,S-21
ORF3373591|1207|S|21,ORF3373591,1207,S,21,S-21
ORF3416134|390|N|35,ORF3416134,390,N,35,N-35
ORF3494446|158|Q|35,ORF3494446,158,Q,35,Q-35
P49023|322|S|21,P49023,322,S,21,S-21
ORF3379249|935|S|21,ORF3379249,935,S,21,S-21
ORF3298402|153|E|35,ORF3298402,153,E,35,E-35
Q02880|1400|S|21,Q02880,1400,S,21,S-21
ORF3477460|241|R|34,ORF3477460,241,R,34,R-34
ORF3477373|262|S|21,ORF3477373,262,S,21,S-21
ORF3358516|1744|K|1,ORF3358516,1744,K,1,K-1
ORF3509665|199|E|35,ORF3509665,199,E,35,E-35
ORF3328219|618|S|21,ORF3328219,618,S,21,S-21
ORF3477460|372|S|21,ORF3477460,372,S,21,S-21
ORF3370948|54|K|121,ORF3370948,54,K,121,K-121
P29966|167|S|21,P29966,167,S,21,S-21
P35658|657|S|21,P35658,657,S,21,S-21
O14686|4849|S|21,O14686,4849,S,21,S-21
ORF3464059|300|S|21,ORF3464059,300,S,21,S-21
ORF3473476|179|T|23,ORF3473476,179,T,23,T-23
ORF3314782|176|S|21,ORF3314782,176,S,21,S-21
ORF3370948|105|K|34,ORF3370948,105,K,34,K-34
ORF3301411|327|R|7,ORF3301411,327,R,7,R-7
ORF3323866|161|K|34,ORF3323866,161,K,34,K-34
ORF3302074|104|T|21,ORF3302074,104,T,21,T-21
ORF3461950|320|S|21,ORF3461950,320,S,21,S-21
P46100|677|S|21,P46100,677,S,21,S-21
ORF3424180|1555|S|21,ORF3424180,1555,S,21,S-21
ORF3499720|153|S|21,ORF3499720,153,S,21,S-21
ORF3405139|177|S|21,ORF3405139,177,S,21,S-21
ORF3333160|389|S|21,ORF3333160,389,S,21,S-21
ORF3306760|26|S|21,ORF3306760,26,S,21,S-21
P46100|1527|S|21,P46100,1527,S,21,S-21
ORF3361105|397|R|34,ORF3361105,397,R,34,R-34
ORF3396334|694|S|21,ORF3396334,694,S,21,S-21
ORF3299581|588|Q|35,ORF3299581,588,Q,35,Q-35
ORF3333421|384|S|21,ORF3333421,384,S,21,S-21
ORF3310396|831|S|21,ORF3310396,831,S,21,S-21
ORF3481105|184|S|21,ORF3481105,184,S,21,S-21
ORF3459823|649|E|35,ORF3459823,649,E,35,E-35
Q12888|1317|S|21,Q12888,1317,S,21,S-21
Q6GYQ0|754|T|21,Q6GYQ0,754,T,21,T-21
ORF3343195|450|K|53,ORF3343195,450,K,53,K-53
ORF3315265|13|K|53,ORF3315265,13,K,53,K-53
ORF3455908|156|S|21,ORF3455908,156,S,21,S-21
ORF3427543|377|S|21,ORF3427543,377,S,21,S-21
ORF3326695|13|K|1,ORF3326695,13,K,1,K-1
ORF3390745|696|N|35,ORF3390745,696,N,35,N-35
ORF3309106|418|S|21,ORF3309106,418,S,21,S-21
ORF3467134|79|K|34,ORF3467134,79,K,34,K-34
ORF3427507|303|S|21,ORF3427507,303,S,21,S-21
ORF3353737|1277|S|21,ORF3353737,1277,S,21,S-21
Q9H4L4|169|S|21,Q9H4L4,169,S,21,S-21
ORF3402412|235|R|34,ORF3402412,235,R,34,R-34
ORF3430021|340|S|21,ORF3430021,340,S,21,S-21
P35580|1520|K|535,P35580,1520,K,535,K-535
ORF3487294|255|E|35,ORF3487294,255,E,35,E-35
Q9UPN3|1377|S|21,Q9UPN3,1377,S,21,S-21
ORF3361414|92|E|35,ORF3361414,92,E,35,E-35
ORF3343045|153|K|34,ORF3343045,153,K,34,K-34
ORF3375952|233|K|1,ORF3375952,233,K,1,K-1
Q9P2J5|58|R|7,Q9P2J5,58,R,7,R-7
ORF3383875|510|S|21,ORF3383875,510,S,21,S-21
Q9H7D0|1756|S|21,Q9H7D0,1756,S,21,S-21
ORF3359296|5|N|35,ORF3359296,5,N,35,N-35
ORF3314734|5339|Q|35,ORF3314734,5339,Q,35,Q-35
ORF3381844|575|S|21,ORF3381844,575,S,21,S-21
ORF3488734|327|S|21,ORF3488734,327,S,21,S-21
ORF3343045|359|K|34,ORF3343045,359,K,34,K-34
ORF3422887|653|E|35,ORF3422887,653,E,35,E-35
ORF3342775|741|S|21,ORF3342775,741,S,21,S-21
ORF3379282|475|S|21,ORF3379282,475,S,21,S-21
ORF3325192|132|E|35,ORF3325192,132,E,35,E-35
ORF3381043|297|S|21,ORF3381043,297,S,21,S-21
ORF3390745|272|K|1,ORF3390745,272,K,1,K-1
ORF3364933|87|K|34,ORF3364933,87,K,34,K-34
ORF3473326|194|N|35,ORF3473326,194,N,35,N-35
ORF3423496|131|S|21,ORF3423496,131,S,21,S-21
ORF3437098|94|C|53,ORF3437098,94,C,53,C-53
Q7Z6Z7|1395|S|21,Q7Z6Z7,1395,S,21,S-21
ORF3308689|149|K|1,ORF3308689,149,K,1,K-1
ORF3487957|1579|S|21,ORF3487957,1579,S,21,S-21
ORF3445723|452|R|7,ORF3445723,452,R,7,R-7
ORF3490840|257|S|21,ORF3490840,257,S,21,S-21
ORF3399298|727|S|21,ORF3399298,727,S,21,S-21
Q5UIP0|2196|S|21,Q5UIP0,2196,S,21,S-21
ORF3422752|109|K|121,ORF3422752,109,K,121,K-121
ORF3409135|133|S|21,ORF3409135,133,S,21,S-21
ORF3505429|461|K|1,ORF3505429,461,K,1,K-1
Q96N67|1432|S|21,Q96N67,1432,S,21,S-21
ORF3472378|238|E|35,ORF3472378,238,E,35,E-35
ORF3382228|215|E|35,ORF3382228,215,E,35,E-35
ORF3320251|540|S|21,ORF3320251,540,S,21,S-21
Q96RL7|2474|D|35,Q96RL7,2474,D,35,D-35
P31327|1016|N|35,P31327,1016,N,35,N-35
ORF3453652|1949|T|21,ORF3453652,1949,T,21,T-21
ORF3420598|1668|S|21,ORF3420598,1668,S,21,S-21
ORF3309466|403|S|21,ORF3309466,403,S,21,S-21
ORF3513970|20|S|21,ORF3513970,20,S,21,S-21
ORF3405139|179|S|21,ORF3405139,179,S,21,S-21
ORF3411310|192|S|21,ORF3411310,192,S,21,S-21
ORF3491293|310|D|35,ORF3491293,310,D,35,D-35
ORF3344836|460|K|34,ORF3344836,460,K,34,K-34
ORF3456484|82|S|23,ORF3456484,82,S,23,S-23
ORF3478576|347|S|21,ORF3478576,347,S,21,S-21
Q15149|4466|R|7,Q15149,4466,R,7,R-7
ORF3364876|847|S|21,ORF3364876,847,S,21,S-21
ORF3461926|2610|S|21,ORF3461926,2610,S,21,S-21
Q9Y6D5|227|S|21,Q9Y6D5,227,S,21,S-21
ORF3429079|793|K|121,ORF3429079,793,K,121,K-121
ORF3381871|144|R|7,ORF3381871,144,R,7,R-7
ORF3481153|234|K|34,ORF3481153,234,K,34,K-34
ORF3504928|101|S|21,ORF3504928,101,S,21,S-21
Q86YS7|295|S|21,Q86YS7,295,S,21,S-21
ORF3455062|507|D|35,ORF3455062,507,D,35,D-35
ORF3446587|36|K|1,ORF3446587,36,K,1,K-1
ORF3374677|740|S|21,ORF3374677,740,S,21,S-21
ORF3399298|190|S|21,ORF3399298,190,S,21,S-21
ORF3422263|833|S|21,ORF3422263,833,S,21,S-21
ORF3467224|105|S|21,ORF3467224,105,S,21,S-21
P21333|296|N|35,P21333,296,N,35,N-35
P35568|1101|S|21,P35568,1101,S,21,S-21
ORF3364516|64|S|21,ORF3364516,64,S,21,S-21
P56211|23|S|21,P56211,23,S,21,S-21
ORF3344572|924|S|21,ORF3344572,924,S,21,S-21
ORF3505912|284|S|21,ORF3505912,284,S,21,S-21
ORF3336103|466|S|21,ORF3336103,466,S,21,S-21
P21359|2515|S|21,P21359,2515,S,21,S-21
ORF3334162|764|R|7,ORF3334162,764,R,7,R-7
ORF3381649|134|R|34,ORF3381649,134,R,34,R-34
ORF3348391|540|S|21,ORF3348391,540,S,21,S-21
ORF3390745|291|Q|35,ORF3390745,291,Q,35,Q-35
ORF3314734|5552|S|21,ORF3314734,5552,S,21,S-21
ORF3427303|596|S|21,ORF3427303,596,S,21,S-21
ORF3493345|177|S|21,ORF3493345,177,S,21,S-21
ORF3419329|56|E|35,ORF3419329,56,E,35,E-35
P56211|62|S|21,P56211,62,S,21,S-21
ORF3364516|361|S|21,ORF3364516,361,S,21,S-21
ORF3381844|377|T|21,ORF3381844,377,T,21,T-21
ORF3395830|467|S|21,ORF3395830,467,S,21,S-21
ORF3498709|857|S|21,ORF3498709,857,S,21,S-21
ORF3502591|656|S|21,ORF3502591,656,S,21,S-21
P55196|1275|S|21,P55196,1275,S,21,S-21
ORF3445723|384|C|53,ORF3445723,384,C,53,C-53
ORF3430021|105|R|7,ORF3430021,105,R,7,R-7
ORF3409117|48|K|1,ORF3409117,48,K,1,K-1
ORF3383050|637|S|21,ORF3383050,637,S,21,S-21
ORF3328522|53|S|21,ORF3328522,53,S,21,S-21
ORF3401227|128|K|121,ORF3401227,128,K,121,K-121
ORF3398872|1141|S|21,ORF3398872,1141,S,21,S-21
ORF3307390|47|S|21,ORF3307390,47,S,21,S-21
ORF3463165|1095|R|7,ORF3463165,1095,R,7,R-7
ORF3511837|7|S|21,ORF3511837,7,S,21,S-21
ORF3310213|61|S|21,ORF3310213,61,S,21,S-21
ORF3427687|48|S|21,ORF3427687,48,S,21,S-21
P12109|669|Q|35,P12109,669,Q,35,Q-35
Q96Q42|492|S|21,Q96Q42,492,S,21,S-21
Q14160|1378|S|21,Q14160,1378,S,21,S-21
ORF3374761|12|R|7,ORF3374761,12,R,7,R-7
Q12802|983|S|21,Q12802,983,S,21,S-21
Q8IVM0|152|K|121,Q8IVM0,152,K,121,K-121
ORF3408322|281|K|34,ORF3408322,281,K,34,K-34
ORF3392983|983|S|21,ORF3392983,983,S,21,S-21
ORF3363193|199|E|35,ORF3363193,199,E,35,E-35
P56211|20|K|1,P56211,20,K,1,K-1
ORF3439375|153|S|21,ORF3439375,153,S,21,S-21
ORF3463108|71|K|34,ORF3463108,71,K,34,K-34
ORF3505315|879|S|21,ORF3505315,879,S,21,S-21
ORF3299119|333|S|21,ORF3299119,333,S,21,S-21
ORF3491320|49|S|21,ORF3491320,49,S,21,S-21
ORF3402412|391|E|35,ORF3402412,391,E,35,E-35
ORF3453703|30|S|21,ORF3453703,30,S,21,S-21
ORF3319084|263|K|34,ORF3319084,263,K,34,K-34
ORF3423106|277|S|21,ORF3423106,277,S,21,S-21
ORF3420598|444|S|21,ORF3420598,444,S,21,S-21
ORF3394051|331|S|21,ORF3394051,331,S,21,S-21
ORF3459823|177|T|23,ORF3459823,177,T,23,T-23
ORF3497581|448|S|21,ORF3497581,448,S,21,S-21
ORF3505375|1583|K|1,ORF3505375,1583,K,1,K-1
Q9Y490|2506|E|35,Q9Y490,2506,E,35,E-35
ORF3400759|428|E|35,ORF3400759,428,E,35,E-35
ORF3456058|460|R|36,ORF3456058,460,R,36,R-36
ORF3334360|198|S|21,ORF3334360,198,S,21,S-21
ORF3453652|1067|T|21,ORF3453652,1067,T,21,T-21
ORF3415801|330|K|1,ORF3415801,330,K,1,K-1
ORF3497122|570|S|21,ORF3497122,570,S,21,S-21
ORF3470767|222|S|21,ORF3470767,222,S,21,S-21
ORF3503626|377|S|21,ORF3503626,377,S,21,S-21
ORF3454348|1172|S|21,ORF3454348,1172,S,21,S-21
ORF3318040|241|Q|35,ORF3318040,241,Q,35,Q-35
ORF3428644|18|S|21,ORF3428644,18,S,21,S-21
ORF3388369|976|T|21,ORF3388369,976,T,21,T-21
Q9Y490|1051|D|35,Q9Y490,1051,D,35,D-35
ORF3370429|69|K|34,ORF3370429,69,K,34,K-34
ORF3305635|925|T|21,ORF3305635,925,T,21,T-21
P10412|4|T|21,P10412,4,T,21,T-21
ORF3301015|332|S|21,ORF3301015,332,S,21,S-21
ORF3463528|91|K|1,ORF3463528,91,K,1,K-1
ORF3298402|235|K|1,ORF3298402,235,K,1,K-1
ORF3426304|520|S|21,ORF3426304,520,S,21,S-21
P11388|1374|S|21,P11388,1374,S,21,S-21
ORF3490540|505|S|21,ORF3490540,505,S,21,S-21
ORF3435880|506|S|21,ORF3435880,506,S,21,S-21
Q14690|1360|S|21,Q14690,1360,S,21,S-21
ORF3453652|1260|S|21,ORF3453652,1260,S,21,S-21
ORF3319084|118|R|7,ORF3319084,118,R,7,R-7
ORF3477460|222|Q|35,ORF3477460,222,Q,35,Q-35
ORF3349030|179|S|21,ORF3349030,179,S,21,S-21
ORF3476104|308|S|21,ORF3476104,308,S,21,S-21
ORF3419281|301|T|21,ORF3419281,301,T,21,T-21
ORF3482368|384|Y|23,ORF3482368,384,Y,23,Y-23
ORF3341980|794|S|21,ORF3341980,794,S,21,S-21
ORF3442294|282|K|378,ORF3442294,282,K,378,K-378
Q9UPU5|2565|T|21,Q9UPU5,2565,T,21,T-21
ORF3446782|226|S|21,ORF3446782,226,S,21,S-21
ORF3427687|215|R|7,ORF3427687,215,R,7,R-7
ORF3466372|170|T|21,ORF3466372,170,T,21,T-21
ORF3314734|4516|S|21,ORF3314734,4516,S,21,S-21
Q12873|1601|S|21,Q12873,1601,S,21,S-21
ORF3353737|516|S|21,ORF3353737,516,S,21,S-21
ORF3459517|224|K|1,ORF3459517,224,K,1,K-1
ORF3445723|588|K|34,ORF3445723,588,K,34,K-34
Q14839|133|K|53,Q14839,133,K,53,K-53
ORF3300682|742|S|21,ORF3300682,742,S,21,S-21
Q8NI35|1212|S|21,Q8NI35,1212,S,21,S-21
ORF3388369|239|S|21,ORF3388369,239,S,21,S-21
P46100|1061|S|21,P46100,1061,S,21,S-21
ORF3478048|244|E|35,ORF3478048,244,E,35,E-35
ORF3504253|1488|S|21,ORF3504253,1488,S,21,S-21
ORF3473962|494|S|21,ORF3473962,494,S,21,S-21
ORF3434500|543|N|35,ORF3434500,543,N,35,N-35
ORF3337492|188|K|121,ORF3337492,188,K,121,K-121
ORF3347245|830|S|21,ORF3347245,830,S,21,S-21
ORF3490135|1302|S|21,ORF3490135,1302,S,21,S-21
Q01082|897|E|35,Q01082,897,E,35,E-35
ORF3505069|471|S|21,ORF3505069,471,S,21,S-21
ORF3346672|47|D|35,ORF3346672,47,D,35,D-35
ORF3476923|1857|S|21,ORF3476923,1857,S,21,S-21
ORF759136|35|S|21,ORF759136,35,S,21,S-21
ORF3408322|80|K|1,ORF3408322,80,K,1,K-1
ORF3319081|1333|S|21,ORF3319081,1333,S,21,S-21
Q9Y4I1|1652|S|21,Q9Y4I1,1652,S,21,S-21
ORF3391777|634|S|21,ORF3391777,634,S,21,S-21
ORF3312289|60|K|34,ORF3312289,60,K,34,K-34
ORF3345559|301|K|34,ORF3345559,301,K,34,K-34
ORF3390745|275|K|121,ORF3390745,275,K,121,K-121
ORF3454891|107|E|35,ORF3454891,107,E,35,E-35
ORF3310594|833|S|21,ORF3310594,833,S,21,S-21
ORF3421660|28|K|34,ORF3421660,28,K,34,K-34
ORF3489490|870|S|21,ORF3489490,870,S,21,S-21
ORF3415927|457|S|21,ORF3415927,457,S,21,S-21
ORF3377548|204|R|36,ORF3377548,204,R,36,R-36
ORF3506275|97|Q|35,ORF3506275,97,Q,35,Q-35
ORF3307807|571|S|21,ORF3307807,571,S,21,S-21
ORF3356659|1057|R|7,ORF3356659,1057,R,7,R-7
ORF3509959|203|S|21,ORF3509959,203,S,21,S-21
ORF3488734|1151|S|21,ORF3488734,1151,S,21,S-21
ORF3309004|116|S|21,ORF3309004,116,S,21,S-21
ORF3312181|917|S|21,ORF3312181,917,S,21,S-21
ORF3338695|176|K|37,ORF3338695,176,K,37,K-37
ORF3504040|459|S|21,ORF3504040,459,S,21,S-21
ORF3409234|40|S|21,ORF3409234,40,S,21,S-21
P02787|587|R|7,P02787,587,R,7,R-7
ORF3314734|572|S|21,ORF3314734,572,S,21,S-21
Q5UIP0|1046|S|21,Q5UIP0,1046,S,21,S-21
ORF3505060|526|D|35,ORF3505060,526,D,35,D-35
ORF3490243|177|C|53,ORF3490243,177,C,53,C-53
ORF3509959|98|D|35,ORF3509959,98,D,35,D-35
ORF3462241|122|K|34,ORF3462241,122,K,34,K-34
ORF3314734|5739|S|21,ORF3314734,5739,S,21,S-21
O60333|1487|S|21,O60333,1487,S,21,S-21
ORF3413248|15|D|35,ORF3413248,15,D,35,D-35
ORF3424264|821|S|21,ORF3424264,821,S,21,S-21
ORF3328438|567|S|21,ORF3328438,567,S,21,S-21
Q9NPI6|523|S|21,Q9NPI6,523,S,21,S-21
ORF3463759|326|S|21,ORF3463759,326,S,21,S-21
ORF3427507|298|S|21,ORF3427507,298,S,21,S-21
ORF3314734|3229|K|1,ORF3314734,3229,K,1,K-1
ORF3352342|2272|S|21,ORF3352342,2272,S,21,S-21
ORF3461851|20|S|21,ORF3461851,20,S,21,S-21
ORF3463036|1004|S|21,ORF3463036,1004,S,21,S-21
ORF3403723|374|S|21,ORF3403723,374,S,21,S-21
ORF3462508|44|K|34,ORF3462508,44,K,34,K-34
ORF3460552|581|E|35,ORF3460552,581,E,35,E-35
ORF3410794|796|S|21,ORF3410794,796,S,21,S-21
ORF3319084|145|K|34,ORF3319084,145,K,34,K-34
ORF3413176|6|S|21,ORF3413176,6,S,21,S-21
ORF3508105|1034|K|1,ORF3508105,1034,K,1,K-1
ORF3489913|1377|S|21,ORF3489913,1377,S,21,S-21
ORF3386380|680|N|35,ORF3386380,680,N,35,N-35
Q14204|4368|S|21,Q14204,4368,S,21,S-21
ORF3445723|305|K|34,ORF3445723,305,K,34,K-34
ORF3350074|115|K|34,ORF3350074,115,K,34,K-34
Q63HN8|2273|S|21,Q63HN8,2273,S,21,S-21
ORF3459823|610|K|1,ORF3459823,610,K,1,K-1
ORF3437410|141|S|21,ORF3437410,141,S,21,S-21
B2RXH8|196|S|23,B2RXH8,196,S,23,S-23
ORF3454708|375|S|21,ORF3454708,375,S,21,S-21
ORF3410503|120|K|34,ORF3410503,120,K,34,K-34
ORF3324118|485|S|21,ORF3324118,485,S,21,S-21
Q9BQE3|439|S|21,Q9BQE3,439,S,21,S-21
ORF3383050|675|E|35,ORF3383050,675,E,35,E-35
P28290|593|S|21,P28290,593,S,21,S-21
Q96S66|509|S|21,Q96S66,509,S,21,S-21
ORF3466033|598|S|21,ORF3466033,598,S,21,S-21
Q12888|1362|S|21,Q12888,1362,S,21,S-21
P01834|76|K|34,P01834,76,K,34,K-34
P49327|688|E|35,P49327,688,E,35,E-35
ORF3401002|41|S|21,ORF3401002,41,S,21,S-21
ORF3346129|583|S|21,ORF3346129,583,S,21,S-21
ORF3329176|72|K|34,ORF3329176,72,K,34,K-34
ORF3343528|294|S|21,ORF3343528,294,S,21,S-21
ORF3485956|152|S|21,ORF3485956,152,S,21,S-21
ORF3328438|399|E|35,ORF3328438,399,E,35,E-35
ORF3353737|1328|S|21,ORF3353737,1328,S,21,S-21
P46940|914|D|35,P46940,914,D,35,D-35
P21333|2152|S|21,P21333,2152,S,21,S-21
ORF3364933|124|K|34,ORF3364933,124,K,34,K-34
ORF3467134|79|K|121,ORF3467134,79,K,121,K-121
ORF3358015|282|S|21,ORF3358015,282,S,21,S-21
ORF3337903|583|S|21,ORF3337903,583,S,21,S-21
ORF3415261|133|S|21,ORF3415261,133,S,21,S-21
P02452|277|K|34,P02452,277,K,34,K-34
ORF3477460|148|K|121,ORF3477460,148,K,121,K-121
Q9Y383|18|S|21,Q9Y383,18,S,21,S-21
P24928|1278|K|121,P24928,1278,K,121,K-121
ORF3424273|159|E|35,ORF3424273,159,E,35,E-35
ORF3460288|623|T|21,ORF3460288,623,T,21,T-21
ORF3496246|569|S|21,ORF3496246,569,S,21,S-21
ORF3500422|640|S|21,ORF3500422,640,S,21,S-21
ORF3403582|155|T|21,ORF3403582,155,T,21,T-21
ORF3497905|114|K|1,ORF3497905,114,K,1,K-1
P02751|265|R|7,P02751,265,R,7,R-7
ORF3430408|589|K|34,ORF3430408,589,K,34,K-34
ORF3317869|157|K|34,ORF3317869,157,K,34,K-34
ORF3429943|807|S|21,ORF3429943,807,S,21,S-21
ORF3429193|226|T|21,ORF3429193,226,T,21,T-21
ORF3467131|168|K|34,ORF3467131,168,K,34,K-34
ORF3364933|124|K|535,ORF3364933,124,K,535,K-535
ORF3454573|203|S|21,ORF3454573,203,S,21,S-21
ORF3438874|1832|T|21,ORF3438874,1832,T,21,T-21
ORF3410503|136|K|34,ORF3410503,136,K,34,K-34
Q8N122|863|S|21,Q8N122,863,S,21,S-21
ORF3302113|172|E|35,ORF3302113,172,E,35,E-35
P21333|484|R|7,P21333,484,R,7,R-7
ORF3387898|360|Q|35,ORF3387898,360,Q,35,Q-35
ORF3405190|120|D|35,ORF3405190,120,D,35,D-35
ORF3312181|653|T|21,ORF3312181,653,T,21,T-21
ORF3441850|447|S|21,ORF3441850,447,S,21,S-21
ORF3482821|65|S|21,ORF3482821,65,S,21,S-21
ORF3483871|119|E|35,ORF3483871,119,E,35,E-35
ORF3460288|341|R|7,ORF3460288,341,R,7,R-7
P49915|332|S|21,P49915,332,S,21,S-21
ORF3322153|469|K|1,ORF3322153,469,K,1,K-1
ORF3329188|113|S|21,ORF3329188,113,S,21,S-21
P49815|1388|S|21,P49815,1388,S,21,S-21
ORF3416389|239|S|21,ORF3416389,239,S,21,S-21
ORF3365662|459|R|36,ORF3365662,459,R,36,R-36
ORF3360457|152|K|121,ORF3360457,152,K,121,K-121
ORF3431923|76|E|35,ORF3431923,76,E,35,E-35
Q9Y520|878|S|21,Q9Y520,878,S,21,S-21
ORF3438874|316|D|35,ORF3438874,316,D,35,D-35
ORF3456484|137|S|21,ORF3456484,137,S,21,S-21
ORF3319084|219|K|1,ORF3319084,219,K,1,K-1
ORF3365263|33|S|21,ORF3365263,33,S,21,S-21
ORF3408274|273|S|21,ORF3408274,273,S,21,S-21
ORF3404044|133|S|21,ORF3404044,133,S,21,S-21
ORF3425986|637|S|21,ORF3425986,637,S,21,S-21
ORF3410503|27|K|34,ORF3410503,27,K,34,K-34
ORF3319084|263|K|1,ORF3319084,263,K,1,K-1
ORF3352342|1132|S|21,ORF3352342,1132,S,21,S-21
ORF3455908|233|S|21,ORF3455908,233,S,21,S-21
ORF3352342|1208|T|21,ORF3352342,1208,T,21,T-21
ORF3497440|145|R|7,ORF3497440,145,R,7,R-7
Q8IYB3|597|S|21,Q8IYB3,597,S,21,S-21
ORF3328978|347|S|21,ORF3328978,347,S,21,S-21
ORF3342343|868|S|21,ORF3342343,868,S,21,S-21
ORF3404014|65|D|35,ORF3404014,65,D,35,D-35
ORF3511489|175|N|35,ORF3511489,175,N,35,N-35
ORF3301411|401|K|121,ORF3301411,401,K,121,K-121
ORF3412750|28|K|37,ORF3412750,28,K,37,K-37
ORF3415390|642|S|21,ORF3415390,642,S,21,S-21
ORF3307807|390|S|21,ORF3307807,390,S,21,S-21
ORF3415306|424|S|21,ORF3415306,424,S,21,S-21
ORF3449821|822|Q|35,ORF3449821,822,Q,35,Q-35
ORF3298402|345|R|7,ORF3298402,345,R,7,R-7
ORF3490018|667|S|21,ORF3490018,667,S,21,S-21
ORF3360433|42|S|21,ORF3360433,42,S,21,S-21
ORF3402931|168|S|21,ORF3402931,168,S,21,S-21
Q7KZF4|602|D|35,Q7KZF4,602,D,35,D-35
ORF3459478|706|S|21,ORF3459478,706,S,21,S-21
ORF3369466|327|S|21,ORF3369466,327,S,21,S-21
ORF444900|29|R|7,ORF444900,29,R,7,R-7
ORF3420808|358|T|21,ORF3420808,358,T,21,T-21
Q13813|2305|Q|35,Q13813,2305,Q,35,Q-35
ORF3427687|60|K|34,ORF3427687,60,K,34,K-34
ORF3391237|162|R|7,ORF3391237,162,R,7,R-7
ORF44554|4|K|37,ORF44554,4,K,37,K-37
ORF3387094|1082|S|21,ORF3387094,1082,S,21,S-21
O14578|440|S|21,O14578,440,S,21,S-21
ORF3445723|426|K|34,ORF3445723,426,K,34,K-34
ORF3501292|44|K|1,ORF3501292,44,K,1,K-1
ORF3490831|166|K|34,ORF3490831,166,K,34,K-34
ORF3495625|628|K|37,ORF3495625,628,K,37,K-37
ORF3437410|62|K|1,ORF3437410,62,K,1,K-1
ORF3326932|82|K|121,ORF3326932,82,K,121,K-121
ORF3351562|140|K|34,ORF3351562,140,K,34,K-34
ORF3304573|190|E|35,ORF3304573,190,E,35,E-35
P36871|115|T|21,P36871,115,T,21,T-21
P53621|1134|K|53,P53621,1134,K,53,K-53
ORF3438874|1970|S|21,ORF3438874,1970,S,21,S-21
ORF3509959|146|K|34,ORF3509959,146,K,34,K-34
ORF3473476|284|E|35,ORF3473476,284,E,35,E-35
P35749|1452|K|1,P35749,1452,K,1,K-1
ORF3503071|1003|S|21,ORF3503071,1003,S,21,S-21
ORF3349891|165|K|121,ORF3349891,165,K,121,K-121
ORF3505429|477|S|21,ORF3505429,477,S,21,S-21
Q6PCE3|175|S|21,Q6PCE3,175,S,21,S-21
ORF3461926|2821|S|21,ORF3461926,2821,S,21,S-21
ORF3352342|323|S|21,ORF3352342,323,S,21,S-21
Q9NPI6|525|S|21,Q9NPI6,525,S,21,S-21
ORF3425386|59|S|21,ORF3425386,59,S,21,S-21
P42704|247|D|35,P42704,247,D,35,D-35
P01860|247|K|34,P01860,247,K,34,K-34
ORF3459823|567|K|1,ORF3459823,567,K,1,K-1
ORF3427687|221|R|7,ORF3427687,221,R,7,R-7
ORF3498709|1330|S|21,ORF3498709,1330,S,21,S-21
ORF3421165|118|K|121,ORF3421165,118,K,121,K-121
ORF3421165|214|R|34,ORF3421165,214,R,34,R-34
ORF3453994|3213|Q|35,ORF3453994,3213,Q,35,Q-35
P02452|759|K|34,P02452,759,K,34,K-34
ORF3472936|693|T|21,ORF3472936,693,T,21,T-21
Q8WYP5|1541|S|21,Q8WYP5,1541,S,21,S-21
ORF3343045|404|K|378,ORF3343045,404,K,378,K-378
ORF3352342|924|S|21,ORF3352342,924,S,21,S-21
ORF3424723|105|N|35,ORF3424723,105,N,35,N-35
ORF3370684|539|R|7,ORF3370684,539,R,7,R-7
ORF3488695|87|S|21,ORF3488695,87,S,21,S-21
ORF3416077|838|S|21,ORF3416077,838,S,21,S-21
ORF3464152|239|S|21,ORF3464152,239,S,21,S-21
ORF3448849|237|K|121,ORF3448849,237,K,121,K-121
ORF3408322|80|K|34,ORF3408322,80,K,34,K-34
ORF3401728|152|N|35,ORF3401728,152,N,35,N-35
ORF3377395|86|R|7,ORF3377395,86,R,7,R-7
ORF3470071|420|Y|21,ORF3470071,420,Y,21,Y-21
ORF3367132|518|E|35,ORF3367132,518,E,35,E-35
ORF3490726|189|S|21,ORF3490726,189,S,21,S-21
ORF3350074|66|K|121,ORF3350074,66,K,121,K-121
ORF3380740|337|Y|23,ORF3380740,337,Y,23,Y-23
ORF3431923|193|K|34,ORF3431923,193,K,34,K-34
ORF3314734|2031|D|35,ORF3314734,2031,D,35,D-35
ORF3429097|269|K|34,ORF3429097,269,K,34,K-34
Q96N67|1962|K|1,Q96N67,1962,K,1,K-1
P01834|83|K|34,P01834,83,K,34,K-34
Q15149|4030|T|21,Q15149,4030,T,21,T-21
ORF3356869|93|Q|35,ORF3356869,93,Q,35,Q-35
ORF3299293|380|E|35,ORF3299293,380,E,35,E-35
P01024|726|D|35,P01024,726,D,35,D-35
Q96B23|145|S|21,Q96B23,145,S,21,S-21
ORF3368239|111|S|21,ORF3368239,111,S,21,S-21
ORF3460699|757|S|21,ORF3460699,757,S,21,S-21
ORF3415789|80|K|1,ORF3415789,80,K,1,K-1
ORF3342493|224|S|21,ORF3342493,224,S,21,S-21
ORF3314494|1106|Q|35,ORF3314494,1106,Q,35,Q-35
A0A2R8Y4L2|161|R|36,A0A2R8Y4L2,161,R,36,R-36
ORF3413332|129|S|21,ORF3413332,129,S,21,S-21
Q9UPN3|3927|S|21,Q9UPN3,3927,S,21,S-21
ORF3457039|108|E|35,ORF3457039,108,E,35,E-35
ORF3464152|478|E|35,ORF3464152,478,E,35,E-35
ORF3467155|47|K|34,ORF3467155,47,K,34,K-34
ORF3501292|261|T|23,ORF3501292,261,T,23,T-23
Q86VI3|1426|T|21,Q86VI3,1426,T,21,T-21
ORF3484372|730|S|21,ORF3484372,730,S,21,S-21
P21333|691|K|34,P21333,691,K,34,K-34
ORF3417073|82|S|21,ORF3417073,82,S,21,S-21
P01024|891|K|378,P01024,891,K,378,K-378
O75369|2478|S|21,O75369,2478,S,21,S-21
ORF3370429|87|Q|35,ORF3370429,87,Q,35,Q-35
ORF3428284|385|S|21,ORF3428284,385,S,21,S-21
ORF3399880|314|S|21,ORF3399880,314,S,21,S-21
ORF3511330|78|K|121,ORF3511330,78,K,121,K-121
Q9Y520|2694|S|21,Q9Y520,2694,S,21,S-21
ORF3341155|53|K|34,ORF3341155,53,K,34,K-34
P11388|1213|S|21,P11388,1213,S,21,S-21
Q9UKE5|640|S|21,Q9UKE5,640,S,21,S-21
ORF3509959|220|K|1,ORF3509959,220,K,1,K-1
ORF3411640|58|S|21,ORF3411640,58,S,21,S-21
ORF3370429|106|K|121,ORF3370429,106,K,121,K-121
ORF3468352|445|S|21,ORF3468352,445,S,21,S-21
P35555|1784|N|35,P35555,1784,N,35,N-35
ORF3492481|373|S|21,ORF3492481,373,S,21,S-21
ORF3298402|168|K|34,ORF3298402,168,K,34,K-34
ORF3313783|58|S|21,ORF3313783,58,S,21,S-21
ORF3451426|300|K|34,ORF3451426,300,K,34,K-34
ORF3370429|210|S|21,ORF3370429,210,S,21,S-21
ORF3334954|577|S|21,ORF3334954,577,S,21,S-21
ORF3476104|371|E|35,ORF3476104,371,E,35,E-35
ORF3390745|318|K|1,ORF3390745,318,K,1,K-1
ORF3418372|171|S|21,ORF3418372,171,S,21,S-21
ORF3480538|321|S|21,ORF3480538,321,S,21,S-21
ORF3356710|615|S|21,ORF3356710,615,S,21,S-21
ORF3312289|145|K|34,ORF3312289,145,K,34,K-34
ORF3510535|262|S|21,ORF3510535,262,S,21,S-21
ORF3511162|468|S|21,ORF3511162,468,S,21,S-21
ORF3300451|548|S|21,ORF3300451,548,S,21,S-21
ORF3399655|85|K|1,ORF3399655,85,K,1,K-1
ORF3498346|112|S|21,ORF3498346,112,S,21,S-21
ORF3435688|460|N|35,ORF3435688,460,N,35,N-35
Q15149|365|R|7,Q15149,365,R,7,R-7
P01834|19|K|53,P01834,19,K,53,K-53
ORF3479389|60|S|21,ORF3479389,60,S,21,S-21
Q14C86|902|S|21,Q14C86,902,S,21,S-21
ORF3367117|567|N|35,ORF3367117,567,N,35,N-35
Q9UJ41|132|S|21,Q9UJ41,132,S,21,S-21
ORF3352342|424|S|21,ORF3352342,424,S,21,S-21
ORF3323866|338|D|35,ORF3323866,338,D,35,D-35
P35579|588|N|35,P35579,588,N,35,N-35
ORF3472378|434|E|35,ORF3472378,434,E,35,E-35
ORF3343528|280|S|21,ORF3343528,280,S,21,S-21
ORF3310480|103|Y|21,ORF3310480,103,Y,21,Y-21
ORF3314734|5857|S|21,ORF3314734,5857,S,21,S-21
ORF3413743|150|D|35,ORF3413743,150,D,35,D-35
ORF3309106|417|S|21,ORF3309106,417,S,21,S-21
ORF3357673|84|R|34,ORF3357673,84,R,34,R-34
P78527|900|E|35,P78527,900,E,35,E-35
ORF3429097|188|D|35,ORF3429097,188,D,35,D-35
P35579|1802|K|1,P35579,1802,K,1,K-1
ORF3445279|391|S|21,ORF3445279,391,S,21,S-21
ORF3467224|100|K|34,ORF3467224,100,K,34,K-34
ORF3501805|825|K|535,ORF3501805,825,K,535,K-535
ORF3319081|1330|S|21,ORF3319081,1330,S,21,S-21
Q9H7D0|1789|S|21,Q9H7D0,1789,S,21,S-21
ORF3330010|507|S|21,ORF3330010,507,S,21,S-21
P16144|1457|S|21,P16144,1457,S,21,S-21
ORF3345910|301|N|35,ORF3345910,301,N,35,N-35
ORF3467224|93|K|1,ORF3467224,93,K,1,K-1
ORF3352342|848|T|21,ORF3352342,848,T,21,T-21
ORF3471769|266|S|21,ORF3471769,266,S,21,S-21
ORF3363775|150|E|35,ORF3363775,150,E,35,E-35
ORF3352342|1621|S|21,ORF3352342,1621,S,21,S-21
ORF3507907|143|S|21,ORF3507907,143,S,21,S-21
ORF3442021|859|S|21,ORF3442021,859,S,21,S-21
ORF3461791|75|S|21,ORF3461791,75,S,21,S-21
ORF3413467|40|S|21,ORF3413467,40,S,21,S-21
O75396|21|Q|35,O75396,21,Q,35,Q-35
ORF3440536|91|S|21,ORF3440536,91,S,21,S-21
ORF3427687|84|R|7,ORF3427687,84,R,7,R-7
ORF3299581|290|S|21,ORF3299581,290,S,21,S-21
ORF3334954|391|S|21,ORF3334954,391,S,21,S-21
ORF3510163|154|K|1848,ORF3510163,154,K,1848,K-1848
P26358|127|S|21,P26358,127,S,21,S-21
ORF3445723|249|K|34,ORF3445723,249,K,34,K-34
ORF3386440|480|Y|21,ORF3386440,480,Y,21,Y-21
ORF3318205|21|S|21,ORF3318205,21,S,21,S-21
ORF3330010|995|S|21,ORF3330010,995,S,21,S-21
ORF3308374|1257|S|21,ORF3308374,1257,S,21,S-21
ORF3350074|24|D|35,ORF3350074,24,D,35,D-35
ORF3408322|126|K|34,ORF3408322,126,K,34,K-34
ORF3460768|62|N|35,ORF3460768,62,N,35,N-35
P07900|631|K|1,P07900,631,K,1,K-1
Q14160|1508|S|21,Q14160,1508,S,21,S-21
ORF3316147|2055|T|21,ORF3316147,2055,T,21,T-21
ORF3470767|884|S|21,ORF3470767,884,S,21,S-21
ORF3401344|148|S|21,ORF3401344,148,S,21,S-21
ORF3305527|175|Q|35,ORF3305527,175,Q,35,Q-35
ORF3404395|527|S|21,ORF3404395,527,S,21,S-21
ORF3407290|89|K|121,ORF3407290,89,K,121,K-121
ORF3487900|280|S|21,ORF3487900,280,S,21,S-21
Q15149|4382|S|21,Q15149,4382,S,21,S-21
ORF3443569|519|S|21,ORF3443569,519,S,21,S-21
P78527|3664|N|35,P78527,3664,N,35,N-35
ORF3341950|300|R|7,ORF3341950,300,R,7,R-7
ORF3400375|412|K|1,ORF3400375,412,K,1,K-1
ORF4994|33|K|1,ORF4994,33,K,1,K-1
ORF3429079|223|T|21,ORF3429079,223,T,21,T-21
ORF3414571|631|S|21,ORF3414571,631,S,21,S-21
ORF3498154|132|D|35,ORF3498154,132,D,35,D-35
ORF3359296|112|D|35,ORF3359296,112,D,35,D-35
ORF3410794|814|S|21,ORF3410794,814,S,21,S-21
ORF3309796|494|S|21,ORF3309796,494,S,21,S-21
ORF3500191|239|S|21,ORF3500191,239,S,21,S-21
ORF3501670|1697|S|21,ORF3501670,1697,S,21,S-21
ORF3404014|38|K|34,ORF3404014,38,K,34,K-34
ORF3385606|646|S|21,ORF3385606,646,S,21,S-21
P28290|737|S|21,P28290,737,S,21,S-21
ORF3492520|123|R|7,ORF3492520,123,R,7,R-7
P07900|375|E|35,P07900,375,E,35,E-35
ORF3464152|405|R|7,ORF3464152,405,R,7,R-7
ORF3512371|625|D|35,ORF3512371,625,D,35,D-35
ORF3429097|82|K|1,ORF3429097,82,K,1,K-1
ORF3395986|165|S|21,ORF3395986,165,S,21,S-21
Q01082|617|E|35,Q01082,617,E,35,E-35
P01701|74|R|7,P01701,74,R,7,R-7
ORF3509536|265|S|21,ORF3509536,265,S,21,S-21
ORF3462286|6|K|1,ORF3462286,6,K,1,K-1
ORF3509665|296|K|53,ORF3509665,296,K,53,K-53
ORF3508579|384|S|21,ORF3508579,384,S,21,S-21
Q8WWQ0|1315|S|21,Q8WWQ0,1315,S,21,S-21
ORF3298402|373|K|34,ORF3298402,373,K,34,K-34
ORF3357412|318|S|21,ORF3357412,318,S,21,S-21
P78527|3174|D|35,P78527,3174,D,35,D-35
O75369|1797|E|35,O75369,1797,E,35,E-35
O14686|3433|K|1,O14686,3433,K,1,K-1
ORF3382711|296|S|21,ORF3382711,296,S,21,S-21
ORF3432922|518|S|21,ORF3432922,518,S,21,S-21
ORF3314734|5752|S|21,ORF3314734,5752,S,21,S-21
ORF3416134|271|S|21,ORF3416134,271,S,21,S-21
ORF3314734|210|S|21,ORF3314734,210,S,21,S-21
ORF3479389|172|K|1,ORF3479389,172,K,1,K-1
ORF3344836|82|K|1,ORF3344836,82,K,1,K-1
ORF3433270|552|S|21,ORF3433270,552,S,21,S-21
ORF3390754|526|S|21,ORF3390754,526,S,21,S-21
ORF3421165|126|K|1,ORF3421165,126,K,1,K-1
ORF3300931|827|S|21,ORF3300931,827,S,21,S-21
Q9Y4A5|2051|S|21,Q9Y4A5,2051,S,21,S-21
ORF3393325|442|S|21,ORF3393325,442,S,21,S-21
ORF3358498|598|K|121,ORF3358498,598,K,121,K-121
ORF3502687|448|N|35,ORF3502687,448,N,35,N-35
ORF3370429|106|K|1848,ORF3370429,106,K,1848,K-1848
ORF3412780|89|R|34,ORF3412780,89,R,34,R-34
ORF3354304|29|R|7,ORF3354304,29,R,7,R-7
ORF3331729|556|Q|35,ORF3331729,556,Q,35,Q-35
ORF3412750|57|K|34,ORF3412750,57,K,34,K-34
ORF3316147|1225|S|21,ORF3316147,1225,S,21,S-21
Q14568|112|K|34,Q14568,112,K,34,K-34
ORF3415789|123|K|34,ORF3415789,123,K,34,K-34
ORF3444877|8|K|1,ORF3444877,8,K,1,K-1
ORF3314734|2397|S|21,ORF3314734,2397,S,21,S-21
ORF3424723|406|K|1,ORF3424723,406,K,1,K-1
ORF3415390|578|S|21,ORF3415390,578,S,21,S-21
ORF3382369|322|S|21,ORF3382369,322,S,21,S-21
ORF3421165|118|K|1848,ORF3421165,118,K,1848,K-1848
Q14204|3435|Q|35,Q14204,3435,Q,35,Q-35
Q9NQ84|324|Y|21,Q9NQ84,324,Y,21,Y-21
ORF3319084|122|S|747,ORF3319084,122,S,747,S-747
ORF3507961|16|S|21,ORF3507961,16,S,21,S-21
ORF3381301|421|Q|35,ORF3381301,421,Q,35,Q-35
ORF3315751|742|D|35,ORF3315751,742,D,35,D-35
ORF3405442|237|S|21,ORF3405442,237,S,21,S-21
ORF3433477|664|S|21,ORF3433477,664,S,21,S-21
ORF3332458|201|D|35,ORF3332458,201,D,35,D-35
ORF3427528|169|Y|21,ORF3427528,169,Y,21,Y-21
ORF3512800|820|S|21,ORF3512800,820,S,21,S-21
ORF3308515|245|R|34,ORF3308515,245,R,34,R-34
ORF3395986|1275|S|21,ORF3395986,1275,S,21,S-21
ORF3465565|112|K|1,ORF3465565,112,K,1,K-1
ORF3347308|162|S|21,ORF3347308,162,S,21,S-21
ORF3319084|227|K|34,ORF3319084,227,K,34,K-34
ORF3392830|38|E|35,ORF3392830,38,E,35,E-35
ORF3418372|264|S|21,ORF3418372,264,S,21,S-21
ORF3480925|446|S|21,ORF3480925,446,S,21,S-21
ORF1304081|9|S|21,ORF1304081,9,S,21,S-21
ORF3410503|109|K|34,ORF3410503,109,K,34,K-34
ORF3376744|80|K|34,ORF3376744,80,K,34,K-34
ORF3381016|202|E|35,ORF3381016,202,E,35,E-35
ORF3316798|140|S|21,ORF3316798,140,S,21,S-21
ORF3314734|5762|S|21,ORF3314734,5762,S,21,S-21
ORF3418759|4|K|1,ORF3418759,4,K,1,K-1
ORF3467224|37|K|34,ORF3467224,37,K,34,K-34
ORF3440833|760|S|21,ORF3440833,760,S,21,S-21
ORF3408322|71|K|1,ORF3408322,71,K,1,K-1
ORF3359725|682|T|21,ORF3359725,682,T,21,T-21
P35579|324|E|35,P35579,324,E,35,E-35
ORF3400576|544|S|21,ORF3400576,544,S,21,S-21
P35749|1093|Q|35,P35749,1093,Q,35,Q-35
ORF3330010|508|T|21,ORF3330010,508,T,21,T-21
P54578|65|N|35,P54578,65,N,35,N-35
ORF3342343|333|T|21,ORF3342343,333,T,21,T-21
ORF3315139|99|S|21,ORF3315139,99,S,21,S-21
ORF3387898|498|D|35,ORF3387898,498,D,35,D-35
ORF3489352|549|S|21,ORF3489352,549,S,21,S-21
Q9Y6D5|277|S|21,Q9Y6D5,277,S,21,S-21
ORF3314932|228|S|21,ORF3314932,228,S,21,S-21
Q7Z460|646|S|21,Q7Z460,646,S,21,S-21
P35580|689|K|1,P35580,689,K,1,K-1
ORF3308398|55|S|21,ORF3308398,55,S,21,S-21
ORF3494188|198|T|21,ORF3494188,198,T,21,T-21
ORF3433270|267|S|21,ORF3433270,267,S,21,S-21
ORF3299119|498|S|21,ORF3299119,498,S,21,S-21
ORF3501292|197|H|53,ORF3501292,197,H,53,H-53
ORF3430408|449|K|34,ORF3430408,449,K,34,K-34
ORF3395986|1114|S|21,ORF3395986,1114,S,21,S-21
ORF3410794|777|T|21,ORF3410794,777,T,21,T-21
ORF3321388|65|T|21,ORF3321388,65,T,21,T-21
ORF3443059|144|K|1,ORF3443059,144,K,1,K-1
ORF3414589|120|S|21,ORF3414589,120,S,21,S-21
ORF3435688|462|N|35,ORF3435688,462,N,35,N-35
ORF3496054|138|S|21,ORF3496054,138,S,21,S-21
ORF3336319|303|S|21,ORF3336319,303,S,21,S-21
Q5T4S7|947|R|7,Q5T4S7,947,R,7,R-7
ORF3399298|1222|S|21,ORF3399298,1222,S,21,S-21
ORF3346597|300|D|35,ORF3346597,300,D,35,D-35
ORF3494446|167|R|7,ORF3494446,167,R,7,R-7
ORF3482821|77|T|21,ORF3482821,77,T,21,T-21
ORF3415801|86|K|53,ORF3415801,86,K,53,K-53
ORF3352342|1463|S|21,ORF3352342,1463,S,21,S-21
ORF3415249|151|N|35,ORF3415249,151,N,35,N-35
Q15121|116|S|21,Q15121,116,S,21,S-21
ORF3493834|333|D|35,ORF3493834,333,D,35,D-35
ORF3316687|473|S|21,ORF3316687,473,S,21,S-21
ORF3319084|254|K|34,ORF3319084,254,K,34,K-34
ORF3403723|1099|S|21,ORF3403723,1099,S,21,S-21
ORF3467434|224|S|21,ORF3467434,224,S,21,S-21
Q9Y6D6|1569|S|21,Q9Y6D6,1569,S,21,S-21
ORF3314494|1121|K|121,ORF3314494,1121,K,121,K-121
ORF3348565|1152|S|21,ORF3348565,1152,S,21,S-21
ORF3338959|90|Q|35,ORF3338959,90,Q,35,Q-35
ORF3509959|249|N|35,ORF3509959,249,N,35,N-35
O95819|855|S|21,O95819,855,S,21,S-21
ORF3365932|38|R|7,ORF3365932,38,R,7,R-7
ORF3482368|672|S|21,ORF3482368,672,S,21,S-21
ORF3461188|142|S|21,ORF3461188,142,S,21,S-21
ORF3300289|199|T|21,ORF3300289,199,T,21,T-21
ORF3320251|579|S|21,ORF3320251,579,S,21,S-21
P49327|2379|E|35,P49327,2379,E,35,E-35
P35579|942|Q|35,P35579,942,Q,35,Q-35
P12268|341|R|7,P12268,341,R,7,R-7
Q12888|580|S|21,Q12888,580,S,21,S-21
Q96JP5|83|S|21,Q96JP5,83,S,21,S-21
ORF3417286|13|K|53,ORF3417286,13,K,53,K-53
ORF3327358|71|S|21,ORF3327358,71,S,21,S-21
ORF3438874|538|T|21,ORF3438874,538,T,21,T-21
ORF3456484|279|T|23,ORF3456484,279,T,23,T-23
ORF3314734|5332|S|21,ORF3314734,5332,S,21,S-21
P35749|83|K|1,P35749,83,K,1,K-1
ORF3435880|129|Q|35,ORF3435880,129,Q,35,Q-35
ORF3330010|299|S|21,ORF3330010,299,S,21,S-21
ORF3437800|512|S|21,ORF3437800,512,S,21,S-21
ORF3459823|234|K|1,ORF3459823,234,K,1,K-1
ORF3348352|320|E|35,ORF3348352,320,E,35,E-35
ORF3424570|690|S|21,ORF3424570,690,S,21,S-21
ORF3304471|2105|S|21,ORF3304471,2105,S,21,S-21
ORF3492310|161|S|21,ORF3492310,161,S,21,S-21
ORF3461872|216|S|21,ORF3461872,216,S,21,S-21
ORF564390|13|D|35,ORF564390,13,D,35,D-35
O75122|596|S|21,O75122,596,S,21,S-21
ORF3438874|1932|S|21,ORF3438874,1932,S,21,S-21
ORF3375460|534|N|35,ORF3375460,534,N,35,N-35
ORF3460552|299|K|1,ORF3460552,299,K,1,K-1
P41252|1047|S|21,P41252,1047,S,21,S-21
ORF3401344|74|S|21,ORF3401344,74,S,21,S-21
ORF3498919|160|S|21,ORF3498919,160,S,21,S-21
ORF3374095|481|S|21,ORF3374095,481,S,21,S-21
Q12756|1370|S|21,Q12756,1370,S,21,S-21
ORF3411640|125|R|34,ORF3411640,125,R,34,R-34
P51610|1497|S|21,P51610,1497,S,21,S-21
ORF3374761|49|R|7,ORF3374761,49,R,7,R-7
P35579|145|E|35,P35579,145,E,35,E-35
Q92608|503|Q|35,Q92608,503,Q,35,Q-35
ORF3421990|105|T|21,ORF3421990,105,T,21,T-21
ORF3480538|335|S|21,ORF3480538,335,S,21,S-21
ORF3365944|455|S|21,ORF3365944,455,S,21,S-21
ORF3323866|51|R|7,ORF3323866,51,R,7,R-7
ORF3415801|63|K|121,ORF3415801,63,K,121,K-121
ORF3412780|119|K|121,ORF3412780,119,K,121,K-121
P53621|246|R|7,P53621,246,R,7,R-7
ORF3467134|79|K|1848,ORF3467134,79,K,1848,K-1848
ORF3403111|703|S|21,ORF3403111,703,S,21,S-21
ORF3406930|16|K|121,ORF3406930,16,K,121,K-121
ORF3312181|871|S|21,ORF3312181,871,S,21,S-21
ORF3364744|192|S|21,ORF3364744,192,S,21,S-21
ORF3331477|324|S|21,ORF3331477,324,S,21,S-21
ORF3489490|914|S|21,ORF3489490,914,S,21,S-21
P42704|929|R|7,P42704,929,R,7,R-7
ORF3438874|1392|S|21,ORF3438874,1392,S,21,S-21
ORF3380740|539|K|1,ORF3380740,539,K,1,K-1
ORF3441340|306|S|21,ORF3441340,306,S,21,S-21
ORF3322213|825|S|21,ORF3322213,825,S,21,S-21
ORF3408322|71|K|34,ORF3408322,71,K,34,K-34
ORF3501292|255|K|34,ORF3501292,255,K,34,K-34
ORF3448849|237|K|1848,ORF3448849,237,K,1848,K-1848
ORF3364933|87|K|121,ORF3364933,87,K,121,K-121
ORF3395830|415|S|21,ORF3395830,415,S,21,S-21
ORF3456640|249|N|35,ORF3456640,249,N,35,N-35
ORF3374095|958|E|35,ORF3374095,958,E,35,E-35
Q15154|65|S|21,Q15154,65,S,21,S-21
ORF3430408|577|K|34,ORF3430408,577,K,34,K-34
ORF3381820|350|K|53,ORF3381820,350,K,53,K-53
Q14669|77|S|21,Q14669,77,S,21,S-21
ORF3456484|252|Q|35,ORF3456484,252,Q,35,Q-35
ORF3402490|234|D|35,ORF3402490,234,D,35,D-35
ORF3373999|245|K|34,ORF3373999,245,K,34,K-34
Q12888|786|S|21,Q12888,786,S,21,S-21
ORF3365944|1276|T|21,ORF3365944,1276,T,21,T-21
P35579|682|K|1,P35579,682,K,1,K-1
ORF3358156|264|S|21,ORF3358156,264,S,21,S-21
ORF3416134|31|K|121,ORF3416134,31,K,121,K-121
ORF3477460|191|H|53,ORF3477460,191,H,53,H-53
ORF3454708|373|E|35,ORF3454708,373,E,35,E-35
ORF3512278|692|S|21,ORF3512278,692,S,21,S-21
ORF3304471|1355|T|21,ORF3304471,1355,T,21,T-21
ORF3333160|347|S|21,ORF3333160,347,S,21,S-21
ORF3352342|2599|T|21,ORF3352342,2599,T,21,T-21
ORF3358195|22|S|21,ORF3358195,22,S,21,S-21
ORF3464488|1133|S|21,ORF3464488,1133,S,21,S-21
ORF3300211|44|S|21,ORF3300211,44,S,21,S-21
ORF3499267|10|S|21,ORF3499267,10,S,21,S-21
ORF3352342|1329|S|21,ORF3352342,1329,S,21,S-21
ORF3454573|264|S|21,ORF3454573,264,S,21,S-21
ORF3445723|469|R|7,ORF3445723,469,R,7,R-7
ORF3501292|55|K|34,ORF3501292,55,K,34,K-34
ORF3455935|914|S|21,ORF3455935,914,S,21,S-21
Q12888|294|S|21,Q12888,294,S,21,S-21
O75962|2631|S|21,O75962,2631,S,21,S-21
ORF3352342|1129|S|21,ORF3352342,1129,S,21,S-21
ORF3348421|1279|S|21,ORF3348421,1279,S,21,S-21
ORF3464173|641|E|35,ORF3464173,641,E,35,E-35
ORF3304471|1861|S|21,ORF3304471,1861,S,21,S-21
ORF3305161|618|S|21,ORF3305161,618,S,21,S-21
ORF3381649|124|R|7,ORF3381649,124,R,7,R-7
ORF3447382|219|Q|35,ORF3447382,219,Q,35,Q-35
ORF3499276|272|T|21,ORF3499276,272,T,21,T-21
ORF3318493|504|E|35,ORF3318493,504,E,35,E-35
ORF3513679|313|D|35,ORF3513679,313,D,35,D-35
ORF3492700|37|K|121,ORF3492700,37,K,121,K-121
P35579|1828|K|1,P35579,1828,K,1,K-1
P58107|34|T|21,P58107,34,T,21,T-21
Q9NVD7|19|S|21,Q9NVD7,19,S,21,S-21
ORF3453652|1965|S|21,ORF3453652,1965,S,21,S-21
ORF3473476|185|K|1,ORF3473476,185,K,1,K-1
ORF3438703|230|R|7,ORF3438703,230,R,7,R-7
ORF3361951|1089|Q|35,ORF3361951,1089,Q,35,Q-35
ORF3500833|562|E|35,ORF3500833,562,E,35,E-35
ORF1039581|24|R|7,ORF1039581,24,R,7,R-7
ORF3400513|122|S|21,ORF3400513,122,S,21,S-21
ORF3323866|424|D|35,ORF3323866,424,D,35,D-35
P12270|713|K|1,P12270,713,K,1,K-1
ORF3438874|522|D|35,ORF3438874,522,D,35,D-35
ORF3439951|138|E|35,ORF3439951,138,E,35,E-35
ORF3300661|677|S|21,ORF3300661,677,S,21,S-21
ORF3505168|24|S|21,ORF3505168,24,S,21,S-21
ORF3398584|107|S|21,ORF3398584,107,S,21,S-21
P29966|27|S|21,P29966,27,S,21,S-21
ORF3345559|301|K|1,ORF3345559,301,K,1,K-1
ORF3415801|54|S|21,ORF3415801,54,S,21,S-21
ORF3480538|62|S|21,ORF3480538,62,S,21,S-21
ORF3400576|86|S|21,ORF3400576,86,S,21,S-21
ORF3470767|397|S|21,ORF3470767,397,S,21,S-21
ORF3334663|570|S|21,ORF3334663,570,S,21,S-21
ORF3497122|423|E|35,ORF3497122,423,E,35,E-35
ORF3341473|383|S|21,ORF3341473,383,S,21,S-21
ORF3413857|215|S|21,ORF3413857,215,S,21,S-21
Q58FF7|64|K|34,Q58FF7,64,K,34,K-34
ORF3501292|79|K|37,ORF3501292,79,K,37,K-37
ORF3417016|409|S|21,ORF3417016,409,S,21,S-21
Q8WUA4|893|S|21,Q8WUA4,893,S,21,S-21
Q9Y4E1|539|S|21,Q9Y4E1,539,S,21,S-21
ORF3412750|64|R|36,ORF3412750,64,R,36,R-36
ORF3500416|592|T|21,ORF3500416,592,T,21,T-21
Q9BQA1|5|T|21,Q9BQA1,5,T,21,T-21
ORF3505417|561|E|35,ORF3505417,561,E,35,E-35
ORF3390079|388|E|35,ORF3390079,388,E,35,E-35
ORF3328522|225|K|53,ORF3328522,225,K,53,K-53
ORF3326932|82|K|1848,ORF3326932,82,K,1848,K-1848
Q9Y4B6|1003|T|21,Q9Y4B6,1003,T,21,T-21
Q13330|576|S|21,Q13330,576,S,21,S-21
P07814|886|S|21,P07814,886,S,21,S-21
ORF3327511|776|S|21,ORF3327511,776,S,21,S-21
ORF3316147|163|T|21,ORF3316147,163,T,21,T-21
ORF3314734|1237|D|35,ORF3314734,1237,D,35,D-35
ORF3443200|509|S|21,ORF3443200,509,S,21,S-21
ORF3463036|383|S|21,ORF3463036,383,S,21,S-21
ORF3333025|139|D|35,ORF3333025,139,D,35,D-35
Q14568|282|K|1,Q14568,282,K,1,K-1
ORF3504928|121|S|21,ORF3504928,121,S,21,S-21
ORF3308563|582|S|21,ORF3308563,582,S,21,S-21
ORF3509767|801|S|21,ORF3509767,801,S,21,S-21
ORF3402829|408|S|21,ORF3402829,408,S,21,S-21
ORF3399511|92|Q|35,ORF3399511,92,Q,35,Q-35
Q6F5E8|991|S|21,Q6F5E8,991,S,21,S-21
ORF3499642|164|K|535,ORF3499642,164,K,535,K-535
P35580|879|E|35,P35580,879,E,35,E-35
ORF3471247|431|E|35,ORF3471247,431,E,35,E-35
ORF3314734|5400|S|21,ORF3314734,5400,S,21,S-21
ORF3331627|189|S|21,ORF3331627,189,S,21,S-21
ORF3409993|52|S|21,ORF3409993,52,S,21,S-21
ORF3401962|430|S|21,ORF3401962,430,S,21,S-21
P47736|484|S|21,P47736,484,S,21,S-21
ORF3509062|835|S|21,ORF3509062,835,S,21,S-21
P35556|2630|N|35,P35556,2630,N,35,N-35
Q92777|257|E|35,Q92777,257,E,35,E-35
ORF3352342|1188|S|21,ORF3352342,1188,S,21,S-21
ORF3461926|2817|Y|21,ORF3461926,2817,Y,21,Y-21
P0C0L5|1340|K|378,P0C0L5,1340,K,378,K-378
ORF3454348|1006|S|21,ORF3454348,1006,S,21,S-21
ORF3513463|149|S|21,ORF3513463,149,S,21,S-21
ORF3400621|219|S|21,ORF3400621,219,S,21,S-21
ORF3508375|168|S|21,ORF3508375,168,S,21,S-21
ORF3510310|114|S|23,ORF3510310,114,S,23,S-23
Q04637|956|D|35,Q04637,956,D,35,D-35
ORF3310792|178|Q|35,ORF3310792,178,Q,35,Q-35
ORF3473476|211|Q|35,ORF3473476,211,Q,35,Q-35
ORF3467128|6|K|1,ORF3467128,6,K,1,K-1
ORF3298402|439|K|34,ORF3298402,439,K,34,K-34
ORF3306316|739|K|121,ORF3306316,739,K,121,K-121
ORF3461851|294|S|21,ORF3461851,294,S,21,S-21
ORF3463108|559|K|53,ORF3463108,559,K,53,K-53
ORF3426592|333|N|35,ORF3426592,333,N,35,N-35
ORF3477460|287|S|21,ORF3477460,287,S,21,S-21
ORF3328438|441|K|34,ORF3328438,441,K,34,K-34
P78347|210|S|21,P78347,210,S,21,S-21
Q04637|1185|S|21,Q04637,1185,S,21,S-21
ORF3334162|474|E|35,ORF3334162,474,E,35,E-35
Q96N67|182|S|21,Q96N67,182,S,21,S-21
ORF3458080|240|S|21,ORF3458080,240,S,21,S-21
A5YKK6|1006|Q|35,A5YKK6,1006,Q,35,Q-35
ORF3349030|630|S|21,ORF3349030,630,S,21,S-21
Q6WCQ1|619|S|21,Q6WCQ1,619,S,21,S-21
ORF3340348|710|S|21,ORF3340348,710,S,21,S-21
ORF3304471|3041|S|21,ORF3304471,3041,S,21,S-21
ORF3505069|391|S|21,ORF3505069,391,S,21,S-21
P35579|872|E|35,P35579,872,E,35,E-35
ORF3459634|116|K|34,ORF3459634,116,K,34,K-34
ORF3460921|454|S|21,ORF3460921,454,S,21,S-21
Q6P2Q9|692|D|35,Q6P2Q9,692,D,35,D-35
ORF3478684|209|S|21,ORF3478684,209,S,21,S-21
ORF3352342|1499|S|21,ORF3352342,1499,S,21,S-21
ORF3319084|106|E|35,ORF3319084,106,E,35,E-35
ORF3443746|288|S|21,ORF3443746,288,S,21,S-21
ORF3373519|91|K|53,ORF3373519,91,K,53,K-53
ORF3314734|41|S|21,ORF3314734,41,S,21,S-21
ORF3413242|18|K|34,ORF3413242,18,K,34,K-34
Q6DD87|372|R|7,Q6DD87,372,R,7,R-7
ORF3317842|271|S|21,ORF3317842,271,S,21,S-21
ORF3383332|30|N|35,ORF3383332,30,N,35,N-35
ORF913850|76|K|34,ORF913850,76,K,34,K-34
ORF3429097|133|K|34,ORF3429097,133,K,34,K-34
ORF3445723|558|K|34,ORF3445723,558,K,34,K-34
ORF3514306|533|R|7,ORF3514306,533,R,7,R-7
ORF3445723|186|K|747,ORF3445723,186,K,747,K-747
ORF3418783|194|E|35,ORF3418783,194,E,35,E-35
A6NMY6|92|S|21,A6NMY6,92,S,21,S-21
O60716|230|S|21,O60716,230,S,21,S-21
ORF3429079|129|S|21,ORF3429079,129,S,21,S-21
ORF3453700|2|K|34,ORF3453700,2,K,34,K-34
ORF3429079|1179|D|35,ORF3429079,1179,D,35,D-35
ORF3361522|17|R|36,ORF3361522,17,R,36,R-36
ORF3404284|123|K|1,ORF3404284,123,K,1,K-1
ORF3304471|2827|S|21,ORF3304471,2827,S,21,S-21
ORF3374263|320|S|21,ORF3374263,320,S,21,S-21
ORF3466507|281|E|35,ORF3466507,281,E,35,E-35
P42858|432|S|21,P42858,432,S,21,S-21
ORF3411310|311|S|21,ORF3411310,311,S,21,S-21
ORF3479152|1211|S|21,ORF3479152,1211,S,21,S-21
P35579|409|Q|35,P35579,409,Q,35,Q-35
P01024|1128|E|35,P01024,1128,E,35,E-35
ORF3318205|166|S|21,ORF3318205,166,S,21,S-21
O60333|1454|S|21,O60333,1454,S,21,S-21
P11717|815|R|7,P11717,815,R,7,R-7
Q93008|1600|S|21,Q93008,1600,S,21,S-21
Q9UPN3|1376|S|21,Q9UPN3,1376,S,21,S-21
Q9HCK8|2046|S|21,Q9HCK8,2046,S,21,S-21
ORF3314734|819|S|21,ORF3314734,819,S,21,S-21
ORF3502492|491|D|35,ORF3502492,491,D,35,D-35
ORF3383761|104|D|35,ORF3383761,104,D,35,D-35
ORF3408844|301|K|34,ORF3408844,301,K,34,K-34
ORF3319084|215|K|121,ORF3319084,215,K,121,K-121
ORF3406699|2998|S|21,ORF3406699,2998,S,21,S-21
ORF3381016|255|D|35,ORF3381016,255,D,35,D-35
ORF3467224|102|T|23,ORF3467224,102,T,23,T-23
Q99715|420|E|35,Q99715,420,E,35,E-35
ORF3322864|131|K|1,ORF3322864,131,K,1,K-1
ORF3319084|84|K|34,ORF3319084,84,K,34,K-34
ORF3454891|33|R|7,ORF3454891,33,R,7,R-7
ORF3446926|374|R|7,ORF3446926,374,R,7,R-7
ORF3315208|764|N|35,ORF3315208,764,N,35,N-35
ORF3509536|72|T|21,ORF3509536,72,T,21,T-21
ORF3359146|619|S|21,ORF3359146,619,S,21,S-21
Q9Y4B6|1000|S|21,Q9Y4B6,1000,S,21,S-21
ORF3474178|202|S|21,ORF3474178,202,S,21,S-21
ORF3352342|914|S|21,ORF3352342,914,S,21,S-21
O75369|456|R|7,O75369,456,R,7,R-7
ORF3411640|131|D|35,ORF3411640,131,D,35,D-35
ORF3352342|866|T|21,ORF3352342,866,T,21,T-21
ORF3330010|472|S|21,ORF3330010,472,S,21,S-21
ORF3373990|10|S|21,ORF3373990,10,S,21,S-21
ORF3341317|764|N|35,ORF3341317,764,N,35,N-35
ORF3466507|193|R|7,ORF3466507,193,R,7,R-7
ORF3299581|589|E|35,ORF3299581,589,E,35,E-35
ORF3465415|37|K|34,ORF3465415,37,K,34,K-34
P49327|1704|K|1,P49327,1704,K,1,K-1
ORF3425140|406|S|21,ORF3425140,406,S,21,S-21
ORF3336634|66|S|21,ORF3336634,66,S,21,S-21
ORF3405493|343|S|21,ORF3405493,343,S,21,S-21
ORF3392491|135|K|34,ORF3392491,135,K,34,K-34
Q6KC79|350|S|21,Q6KC79,350,S,21,S-21
ORF3408322|126|K|1,ORF3408322,126,K,1,K-1
ORF3361951|873|D|35,ORF3361951,873,D,35,D-35
ORF3488971|330|S|21,ORF3488971,330,S,21,S-21
ORF3377548|211|R|36,ORF3377548,211,R,36,R-36
Q9UPU5|2047|S|21,Q9UPU5,2047,S,21,S-21
ORF3419809|1019|S|21,ORF3419809,1019,S,21,S-21
Q96T88|287|S|21,Q96T88,287,S,21,S-21
ORF3505375|1760|K|1,ORF3505375,1760,K,1,K-1
ORF3511543|23|K|1,ORF3511543,23,K,1,K-1
Q15149|720|S|21,Q15149,720,S,21,S-21
ORF3445723|110|E|35,ORF3445723,110,E,35,E-35
ORF3337903|703|S|21,ORF3337903,703,S,21,S-21
ORF3486193|306|R|7,ORF3486193,306,R,7,R-7
ORF3498130|650|S|21,ORF3498130,650,S,21,S-21
ORF3489490|881|S|21,ORF3489490,881,S,21,S-21
ORF3427687|326|K|121,ORF3427687,326,K,121,K-121
ORF3381820|362|S|21,ORF3381820,362,S,21,S-21
ORF3394396|26|S|21,ORF3394396,26,S,21,S-21
ORF3499099|34|K|535,ORF3499099,34,K,535,K-535
ORF3332809|105|S|21,ORF3332809,105,S,21,S-21
ORF3340327|91|K|121,ORF3340327,91,K,121,K-121
ORF3386380|853|K|34,ORF3386380,853,K,34,K-34
ORF3408274|251|S|21,ORF3408274,251,S,21,S-21
P98160|1957|R|7,P98160,1957,R,7,R-7
ORF3463036|456|S|21,ORF3463036,456,S,21,S-21
ORF3338971|340|K|378,ORF3338971,340,K,378,K-378
ORF3391327|125|S|21,ORF3391327,125,S,21,S-21
ORF3328078|477|S|21,ORF3328078,477,S,21,S-21
ORF3365944|1115|S|21,ORF3365944,1115,S,21,S-21
ORF3383050|106|D|35,ORF3383050,106,D,35,D-35
ORF3343315|58|K|34,ORF3343315,58,K,34,K-34
ORF3405985|464|S|21,ORF3405985,464,S,21,S-21
ORF3443569|521|S|21,ORF3443569,521,S,21,S-21
ORF3341245|335|S|21,ORF3341245,335,S,21,S-21
ORF3349330|310|S|21,ORF3349330,310,S,21,S-21
O75962|1779|S|21,O75962,1779,S,21,S-21
ORF3323632|323|S|21,ORF3323632,323,S,21,S-21
ORF3496246|2083|S|21,ORF3496246,2083,S,21,S-21
ORF3482368|736|S|21,ORF3482368,736,S,21,S-21
ORF3380740|230|K|34,ORF3380740,230,K,34,K-34
Q9UPU5|1141|S|21,Q9UPU5,1141,S,21,S-21
Q9Y6D5|279|S|21,Q9Y6D5,279,S,21,S-21
ORF3333634|10|S|21,ORF3333634,10,S,21,S-21
ORF3373990|43|R|34,ORF3373990,43,R,34,R-34
ORF3320251|466|S|21,ORF3320251,466,S,21,S-21
ORF3378001|138|R|7,ORF3378001,138,R,7,R-7
Q12789|1856|S|21,Q12789,1856,S,21,S-21
O75122|1013|S|21,O75122,1013,S,21,S-21
ORF3314170|305|N|35,ORF3314170,305,N,35,N-35
ORF3298402|188|K|121,ORF3298402,188,K,121,K-121
Q9UK61|921|T|21,Q9UK61,921,T,21,T-21
ORF3393091|447|S|21,ORF3393091,447,S,21,S-21
P12883|549|K|37,P12883,549,K,37,K-37
ORF3333700|476|S|21,ORF3333700,476,S,21,S-21
ORF3482443|505|E|35,ORF3482443,505,E,35,E-35
ORF3328477|453|Q|35,ORF3328477,453,Q,35,Q-35
ORF3510859|713|S|21,ORF3510859,713,S,21,S-21
ORF3364933|109|K|34,ORF3364933,109,K,34,K-34
ORF3319084|251|K|34,ORF3319084,251,K,34,K-34
ORF3299197|15|Y|21,ORF3299197,15,Y,21,Y-21
ORF3458524|276|S|21,ORF3458524,276,S,21,S-21
ORF3390841|137|K|34,ORF3390841,137,K,34,K-34
ORF3299581|1089|E|35,ORF3299581,1089,E,35,E-35
P0C0L5|392|E|35,P0C0L5,392,E,35,E-35
ORF3512266|64|S|21,ORF3512266,64,S,21,S-21
ORF3405682|792|E|35,ORF3405682,792,E,35,E-35
ORF3418759|39|K|53,ORF3418759,39,K,53,K-53
A6NMY6|127|S|21,A6NMY6,127,S,21,S-21
ORF3373990|24|R|34,ORF3373990,24,R,34,R-34
ORF3454198|291|S|21,ORF3454198,291,S,21,S-21
ORF3433477|306|S|21,ORF3433477,306,S,21,S-21
ORF3473491|198|K|34,ORF3473491,198,K,34,K-34
ORF3325927|67|S|21,ORF3325927,67,S,21,S-21
O95425|707|S|21,O95425,707,S,21,S-21
ORF3399298|1918|S|21,ORF3399298,1918,S,21,S-21
ORF3414160|48|E|35,ORF3414160,48,E,35,E-35
ORF3383356|404|N|35,ORF3383356,404,N,35,N-35
P07203|60|N|35,P07203,60,N,35,N-35
O95819|639|S|21,O95819,639,S,21,S-21
P35579|1249|K|53,P35579,1249,K,53,K-53
ORF3338971|214|K|53,ORF3338971,214,K,53,K-53
ORF3467470|208|E|35,ORF3467470,208,E,35,E-35
Q14315|2090|D|35,Q14315,2090,D,35,D-35
ORF3388309|58|K|1,ORF3388309,58,K,1,K-1
P21359|2523|S|21,P21359,2523,S,21,S-21
ORF3499720|208|R|7,ORF3499720,208,R,7,R-7
ORF3505633|221|S|21,ORF3505633,221,S,21,S-21
Q6GYQ0|773|S|21,Q6GYQ0,773,S,21,S-21
ORF3378241|110|E|35,ORF3378241,110,E,35,E-35
ORF3460552|145|D|35,ORF3460552,145,D,35,D-35
Q58FF7|485|R|7,Q58FF7,485,R,7,R-7
ORF3504883|15|S|21,ORF3504883,15,S,21,S-21
ORF3455908|906|S|21,ORF3455908,906,S,21,S-21
ORF3456187|1227|S|21,ORF3456187,1227,S,21,S-21
ORF3445165|1103|S|21,ORF3445165,1103,S,21,S-21
P49327|1447|N|35,P49327,1447,N,35,N-35
ORF3314038|113|Y|21,ORF3314038,113,Y,21,Y-21
ORF3381649|50|R|7,ORF3381649,50,R,7,R-7
P46940|124|D|35,P46940,124,D,35,D-35
ORF3314734|5782|S|21,ORF3314734,5782,S,21,S-21
ORF3321895|686|S|21,ORF3321895,686,S,21,S-21
ORF3508354|537|S|21,ORF3508354,537,S,21,S-21
ORF3369466|423|R|7,ORF3369466,423,R,7,R-7
ORF3345370|579|S|21,ORF3345370,579,S,21,S-21
ORF3444991|163|T|21,ORF3444991,163,T,21,T-21
ORF3365662|483|R|36,ORF3365662,483,R,36,R-36
P29966|170|S|21,P29966,170,S,21,S-21
ORF3323866|332|D|35,ORF3323866,332,D,35,D-35
ORF3500341|109|R|36,ORF3500341,109,R,36,R-36
ORF3412750|15|K|1,ORF3412750,15,K,1,K-1
ORF3377296|230|N|35,ORF3377296,230,N,35,N-35
ORF3441340|412|S|21,ORF3441340,412,S,21,S-21
ORF3456400|555|S|21,ORF3456400,555,S,21,S-21
Q7Z6Z7|3757|S|21,Q7Z6Z7,3757,S,21,S-21
ORF3411640|139|N|35,ORF3411640,139,N,35,N-35
ORF3445525|966|S|21,ORF3445525,966,S,21,S-21
ORF3323866|337|N|35,ORF3323866,337,N,35,N-35
P78527|3235|K|121,P78527,3235,K,121,K-121
ORF3358498|393|S|23,ORF3358498,393,S,23,S-23
ORF3303463|368|E|35,ORF3303463,368,E,35,E-35
ORF3440611|131|K|1,ORF3440611,131,K,1,K-1
ORF3368239|110|S|21,ORF3368239,110,S,21,S-21
ORF3479557|517|S|21,ORF3479557,517,S,21,S-21
ORF3417796|830|S|21,ORF3417796,830,S,21,S-21
ORF3439249|109|N|35,ORF3439249,109,N,35,N-35
ORF3504148|384|S|21,ORF3504148,384,S,21,S-21
P02787|127|Q|35,P02787,127,Q,35,Q-35
ORF3419566|1530|S|21,ORF3419566,1530,S,21,S-21
ORF3338602|620|S|21,ORF3338602,620,S,21,S-21
ORF3352342|2171|S|21,ORF3352342,2171,S,21,S-21
ORF3334120|519|K|121,ORF3334120,519,K,121,K-121
ORF3314734|5099|S|21,ORF3314734,5099,S,21,S-21
ORF3307807|456|S|21,ORF3307807,456,S,21,S-21
ORF3304573|249|E|35,ORF3304573,249,E,35,E-35
ORF3390934|513|S|21,ORF3390934,513,S,21,S-21
ORF3352342|954|S|21,ORF3352342,954,S,21,S-21
ORF3300964|209|S|21,ORF3300964,209,S,21,S-21
ORF3401227|130|T|21,ORF3401227,130,T,21,T-21
ORF3307390|91|S|21,ORF3307390,91,S,21,S-21
ORF3333700|416|S|21,ORF3333700,416,S,21,S-21
ORF3408322|335|K|34,ORF3408322,335,K,34,K-34
ORF3399298|1287|S|21,ORF3399298,1287,S,21,S-21
ORF3461926|22|S|21,ORF3461926,22,S,21,S-21
ORF3314734|812|N|35,ORF3314734,812,N,35,N-35
ORF3457495|509|K|1,ORF3457495,509,K,1,K-1
Q14573|937|S|21,Q14573,937,S,21,S-21
ORF3344536|697|S|21,ORF3344536,697,S,21,S-21
ORF3395110|279|Y|21,ORF3395110,279,Y,21,Y-21
ORF3356779|327|K|378,ORF3356779,327,K,378,K-378
ORF3352342|1014|S|21,ORF3352342,1014,S,21,S-21
ORF3362932|269|Q|35,ORF3362932,269,Q,35,Q-35
ORF3353737|137|Q|35,ORF3353737,137,Q,35,Q-35
ORF3466675|122|T|21,ORF3466675,122,T,21,T-21
P35579|1492|K|1,P35579,1492,K,1,K-1
ORF3418516|357|R|7,ORF3418516,357,R,7,R-7
ORF3376513|653|S|21,ORF3376513,653,S,21,S-21
ORF3308563|610|S|21,ORF3308563,610,S,21,S-21
ORF3336412|1202|S|21,ORF3336412,1202,S,21,S-21
ORF3456484|66|N|35,ORF3456484,66,N,35,N-35
ORF3328522|74|S|21,ORF3328522,74,S,21,S-21
ORF3507961|15|S|21,ORF3507961,15,S,21,S-21
ORF3421972|351|S|21,ORF3421972,351,S,21,S-21
Q9Y520|779|S|21,Q9Y520,779,S,21,S-21
ORF3502492|152|K|1848,ORF3502492,152,K,1848,K-1848
ORF3434500|607|D|35,ORF3434500,607,D,35,D-35
ORF3298402|28|R|7,ORF3298402,28,R,7,R-7
ORF3352342|1043|T|21,ORF3352342,1043,T,21,T-21
ORF3471763|74|K|1,ORF3471763,74,K,1,K-1
ORF3464428|58|E|35,ORF3464428,58,E,35,E-35
ORF3510859|642|S|21,ORF3510859,642,S,21,S-21
ORF3406042|644|Q|35,ORF3406042,644,Q,35,Q-35
ORF3492700|97|K|1,ORF3492700,97,K,1,K-1
ORF3352342|1693|S|21,ORF3352342,1693,S,21,S-21
ORF3395986|1269|S|21,ORF3395986,1269,S,21,S-21
P55196|216|S|21,P55196,216,S,21,S-21
ORF3313921|374|N|35,ORF3313921,374,N,35,N-35
ORF3509959|382|K|1848,ORF3509959,382,K,1848,K-1848
P14314|174|E|35,P14314,174,E,35,E-35
ORF3360193|658|S|21,ORF3360193,658,S,21,S-21
Q12769|1157|S|21,Q12769,1157,S,21,S-21
ORF3342343|869|S|21,ORF3342343,869,S,21,S-21
ORF3410503|16|K|34,ORF3410503,16,K,34,K-34
P02787|359|K|34,P02787,359,K,34,K-34
ORF3509767|1181|T|21,ORF3509767,1181,T,21,T-21
ORF3411013|347|S|21,ORF3411013,347,S,21,S-21
O75179|394|N|35,O75179,394,N,35,N-35
ORF3445723|565|K|1,ORF3445723,565,K,1,K-1
P46100|598|S|21,P46100,598,S,21,S-21
P52948|1799|D|35,P52948,1799,D,35,D-35
ORF3381649|26|R|7,ORF3381649,26,R,7,R-7
ORF3411205|203|S|21,ORF3411205,203,S,21,S-21
ORF3374239|79|Q|35,ORF3374239,79,Q,35,Q-35
ORF3510700|453|S|21,ORF3510700,453,S,21,S-21
ORF3462508|6|K|1,ORF3462508,6,K,1,K-1
ORF3314734|756|K|378,ORF3314734,756,K,378,K-378
ORF3502081|513|S|21,ORF3502081,513,S,21,S-21
ORF3409399|1064|S|21,ORF3409399,1064,S,21,S-21
ORF3484372|729|S|21,ORF3484372,729,S,21,S-21
ORF3334663|754|S|21,ORF3334663,754,S,21,S-21
ORF3395116|526|T|21,ORF3395116,526,T,21,T-21
ORF3372829|640|S|21,ORF3372829,640,S,21,S-21
Q5T4S7|1763|S|21,Q5T4S7,1763,S,21,S-21
ORF3508594|272|T|21,ORF3508594,272,T,21,T-21
ORF3390745|407|K|34,ORF3390745,407,K,34,K-34
ORF3428749|829|S|21,ORF3428749,829,S,21,S-21
ORF3474556|67|S|21,ORF3474556,67,S,21,S-21
ORF3352342|857|S|21,ORF3352342,857,S,21,S-21
ORF3419281|214|S|21,ORF3419281,214,S,21,S-21
P17542|122|S|21,P17542,122,S,21,S-21
ORF3340348|1004|S|21,ORF3340348,1004,S,21,S-21
P46940|1101|Q|35,P46940,1101,Q,35,Q-35
ORF3411205|102|K|1,ORF3411205,102,K,1,K-1
ORF3356185|729|S|21,ORF3356185,729,S,21,S-21
ORF3447310|230|E|35,ORF3447310,230,E,35,E-35
ORF3459781|467|K|1,ORF3459781,467,K,1,K-1
ORF3372829|589|S|21,ORF3372829,589,S,21,S-21
ORF3392746|362|D|35,ORF3392746,362,D,35,D-35
ORF3299215|1032|S|21,ORF3299215,1032,S,21,S-21
ORF3456808|2471|S|21,ORF3456808,2471,S,21,S-21
P35658|1023|S|21,P35658,1023,S,21,S-21
ORF3421660|99|K|34,ORF3421660,99,K,34,K-34
P61353|84|R|7,P61353,84,R,7,R-7
Q9Y490|110|D|35,Q9Y490,110,D,35,D-35
ORF3498154|19|T|21,ORF3498154,19,T,21,T-21
ORF3341020|307|S|21,ORF3341020,307,S,21,S-21
ORF3407929|27|D|35,ORF3407929,27,D,35,D-35
ORF3351238|57|E|35,ORF3351238,57,E,35,E-35
P21333|2379|Y|21,P21333,2379,Y,21,Y-21
ORF3455905|1073|S|21,ORF3455905,1073,S,21,S-21
ORF3433270|609|S|21,ORF3433270,609,S,21,S-21
Q0JRZ9|394|S|21,Q0JRZ9,394,S,21,S-21
ORF3369868|500|S|21,ORF3369868,500,S,21,S-21
Q8IWZ3|1679|S|21,Q8IWZ3,1679,S,21,S-21
ORF3461926|203|D|35,ORF3461926,203,D,35,D-35
ORF3503239|174|Y|21,ORF3503239,174,Y,21,Y-21
ORF3309346|420|S|21,ORF3309346,420,S,21,S-21
ORF3451420|591|R|7,ORF3451420,591,R,7,R-7
ORF3467110|88|K|1,ORF3467110,88,K,1,K-1
ORF3464488|283|S|21,ORF3464488,283,S,21,S-21
ORF3416635|481|S|21,ORF3416635,481,S,21,S-21
ORF3343045|324|K|378,ORF3343045,324,K,378,K-378
ORF3412339|1143|S|21,ORF3412339,1143,S,21,S-21
ORF3412060|222|K|34,ORF3412060,222,K,34,K-34
Q58FF6|161|K|34,Q58FF6,161,K,34,K-34
ORF3467134|79|K|1,ORF3467134,79,K,1,K-1
Q9UHF7|892|S|21,Q9UHF7,892,S,21,S-21
ORF3446215|812|S|21,ORF3446215,812,S,21,S-21
ORF3490243|335|S|21,ORF3490243,335,S,21,S-21
ORF3445165|58|S|21,ORF3445165,58,S,21,S-21
ORF3403723|723|T|21,ORF3403723,723,T,21,T-21
ORF3454708|271|K|1,ORF3454708,271,K,1,K-1
P07814|526|E|35,P07814,526,E,35,E-35
ORF3374746|416|R|7,ORF3374746,416,R,7,R-7
ORF3314734|3110|D|35,ORF3314734,3110,D,35,D-35
ORF3459478|1058|S|21,ORF3459478,1058,S,21,S-21
P02751|2363|Q|35,P02751,2363,Q,35,Q-35
ORF3413467|302|T|21,ORF3413467,302,T,21,T-21
ORF3401227|157|K|121,ORF3401227,157,K,121,K-121
ORF3344836|94|K|34,ORF3344836,94,K,34,K-34
ORF3413320|60|R|7,ORF3413320,60,R,7,R-7
P0C0L5|967|N|35,P0C0L5,967,N,35,N-35
Q14160|504|S|21,Q14160,504,S,21,S-21
ORF3386440|474|S|21,ORF3386440,474,S,21,S-21
ORF3480661|285|D|35,ORF3480661,285,D,35,D-35
Q12802|1149|T|21,Q12802,1149,T,21,T-21
ORF3512962|50|D|35,ORF3512962,50,D,35,D-35
ORF3421660|54|K|34,ORF3421660,54,K,34,K-34
ORF3478393|897|S|21,ORF3478393,897,S,21,S-21
ORF3319084|227|K|1,ORF3319084,227,K,1,K-1
ORF3311665|215|N|35,ORF3311665,215,N,35,N-35
Q7Z6Z7|2362|S|21,Q7Z6Z7,2362,S,21,S-21
ORF3472255|95|S|21,ORF3472255,95,S,21,S-21
ORF3499720|694|S|21,ORF3499720,694,S,21,S-21
ORF3328978|342|D|35,ORF3328978,342,D,35,D-35
ORF3352342|1320|S|21,ORF3352342,1320,S,21,S-21
ORF3298402|72|S|21,ORF3298402,72,S,21,S-21
ORF3507244|315|E|35,ORF3507244,315,E,35,E-35
ORF3461926|408|N|35,ORF3461926,408,N,35,N-35
ORF3476104|281|S|21,ORF3476104,281,S,21,S-21
ORF3496246|1964|S|21,ORF3496246,1964,S,21,S-21
P11216|732|Y|23,P11216,732,Y,23,Y-23
ORF3378679|100|K|378,ORF3378679,100,K,378,K-378
ORF3455908|1447|S|21,ORF3455908,1447,S,21,S-21
Q86UP2|75|S|21,Q86UP2,75,S,21,S-21
ORF3343513|124|S|21,ORF3343513,124,S,21,S-21
ORF3481759|330|N|35,ORF3481759,330,N,35,N-35
Q96HC4|362|S|21,Q96HC4,362,S,21,S-21
ORF3407623|672|S|21,ORF3407623,672,S,21,S-21
ORF3386440|478|T|21,ORF3386440,478,T,21,T-21
ORF3390745|512|K|34,ORF3390745,512,K,34,K-34
ORF3510394|220|D|35,ORF3510394,220,D,35,D-35
ORF3358498|302|D|35,ORF3358498,302,D,35,D-35
ORF3318280|64|K|34,ORF3318280,64,K,34,K-34
ORF3309346|914|S|21,ORF3309346,914,S,21,S-21
ORF3337492|188|K|34,ORF3337492,188,K,34,K-34
ORF3509959|226|N|35,ORF3509959,226,N,35,N-35
P28370|118|T|21,P28370,118,T,21,T-21
ORF3412060|110|D|35,ORF3412060,110,D,35,D-35
ORF3309106|401|T|21,ORF3309106,401,T,21,T-21
ORF3323632|225|T|21,ORF3323632,225,T,21,T-21
P68032|298|N|35,P68032,298,N,35,N-35
ORF3495058|359|S|21,ORF3495058,359,S,21,S-21
ORF3503452|370|S|21,ORF3503452,370,S,21,S-21
Q9NZN5|1389|S|21,Q9NZN5,1389,S,21,S-21
Q7Z4S6|853|S|21,Q7Z4S6,853,S,21,S-21
ORF3328429|37|S|21,ORF3328429,37,S,21,S-21
ORF3399193|74|S|21,ORF3399193,74,S,21,S-21
ORF3407809|369|S|21,ORF3407809,369,S,21,S-21
ORF3488971|4|E|35,ORF3488971,4,E,35,E-35
ORF3352342|2694|S|21,ORF3352342,2694,S,21,S-21
ORF3413176|27|K|34,ORF3413176,27,K,34,K-34
ORF3325192|120|D|35,ORF3325192,120,D,35,D-35
ORF3375952|573|T|21,ORF3375952,573,T,21,T-21
ORF3404602|204|R|7,ORF3404602,204,R,7,R-7
ORF3394885|89|E|35,ORF3394885,89,E,35,E-35
ORF3403300|240|S|21,ORF3403300,240,S,21,S-21
ORF3506062|92|N|35,ORF3506062,92,N,35,N-35
ORF3421660|80|K|34,ORF3421660,80,K,34,K-34
ORF3412042|56|S|21,ORF3412042,56,S,21,S-21
ORF3353887|549|E|35,ORF3353887,549,E,35,E-35
ORF3464059|422|T|21,ORF3464059,422,T,21,T-21
ORF3400681|666|S|21,ORF3400681,666,S,21,S-21
ORF3394396|128|S|21,ORF3394396,128,S,21,S-21
ORF3445723|183|K|34,ORF3445723,183,K,34,K-34
ORF3427687|336|K|121,ORF3427687,336,K,121,K-121
ORF3408322|221|K|121,ORF3408322,221,K,121,K-121
ORF3480925|151|S|21,ORF3480925,151,S,21,S-21
ORF3317869|36|K|34,ORF3317869,36,K,34,K-34
ORF3477460|241|R|36,ORF3477460,241,R,36,R-36
ORF3378346|292|Q|35,ORF3378346,292,Q,35,Q-35
ORF3386380|886|Y|23,ORF3386380,886,Y,23,Y-23
ORF3461851|277|S|21,ORF3461851,277,S,21,S-21
ORF3340348|838|S|21,ORF3340348,838,S,21,S-21
ORF3382357|52|Q|35,ORF3382357,52,Q,35,Q-35
Q9Y5S2|441|E|35,Q9Y5S2,441,E,35,E-35
ORF3377116|742|S|21,ORF3377116,742,S,21,S-21
Q9Y485|574|S|21,Q9Y485,574,S,21,S-21
Q14315|621|K|1,Q14315,621,K,1,K-1
P26358|714|S|21,P26358,714,S,21,S-21
ORF3437554|471|S|21,ORF3437554,471,S,21,S-21
ORF3315265|456|S|21,ORF3315265,456,S,21,S-21
ORF3462241|118|K|1,ORF3462241,118,K,1,K-1
ORF3403000|335|S|21,ORF3403000,335,S,21,S-21
ORF3344782|2014|S|21,ORF3344782,2014,S,21,S-21
ORF3479602|165|S|21,ORF3479602,165,S,21,S-21
ORF3487900|638|S|21,ORF3487900,638,S,21,S-21
ORF3381637|296|R|7,ORF3381637,296,R,7,R-7
O75962|1899|T|21,O75962,1899,T,21,T-21
ORF3408295|656|S|21,ORF3408295,656,S,21,S-21
ORF3453652|1785|S|21,ORF3453652,1785,S,21,S-21
ORF3390745|694|E|35,ORF3390745,694,E,35,E-35
ORF3308398|74|S|21,ORF3308398,74,S,21,S-21
ORF3377431|36|S|21,ORF3377431,36,S,21,S-21
ORF3443689|331|S|21,ORF3443689,331,S,21,S-21
ORF3332863|805|Y|21,ORF3332863,805,Y,21,Y-21
ORF3463930|73|S|21,ORF3463930,73,S,21,S-21
O95425|245|S|21,O95425,245,S,21,S-21
ORF3422263|285|S|21,ORF3422263,285,S,21,S-21
Q9UPN3|4496|S|21,Q9UPN3,4496,S,21,S-21
P49327|490|R|7,P49327,490,R,7,R-7
ORF3443299|210|T|21,ORF3443299,210,T,21,T-21
Q92608|1685|S|21,Q92608,1685,S,21,S-21
ORF3412750|28|K|1,ORF3412750,28,K,1,K-1
ORF3344836|366|K|34,ORF3344836,366,K,34,K-34
ORF3298402|78|R|7,ORF3298402,78,R,7,R-7
ORF3409348|693|S|21,ORF3409348,693,S,21,S-21
ORF3348547|94|K|1,ORF3348547,94,K,1,K-1
ORF3402412|388|D|35,ORF3402412,388,D,35,D-35
ORF3485626|273|E|35,ORF3485626,273,E,35,E-35
O75122|594|T|21,O75122,594,T,21,T-21
ORF3302074|103|S|21,ORF3302074,103,S,21,S-21
A6NMY6|157|K|34,A6NMY6,157,K,34,K-34
Q96S66|438|S|21,Q96S66,438,S,21,S-21
ORF3406039|312|S|21,ORF3406039,312,S,21,S-21
Q5VTE0|79|K|37,Q5VTE0,79,K,37,K-37
O75694|1184|D|35,O75694,1184,D,35,D-35
ORF3344911|104|S|21,ORF3344911,104,S,21,S-21
P02452|1084|R|34,P02452,1084,R,34,R-34
ORF3402799|593|S|21,ORF3402799,593,S,21,S-21
ORF3445165|762|S|21,ORF3445165,762,S,21,S-21
ORF3314734|860|D|35,ORF3314734,860,D,35,D-35
ORF3461926|2207|S|21,ORF3461926,2207,S,21,S-21
P41252|826|Q|35,P41252,826,Q,35,Q-35
ORF3409387|308|S|21,ORF3409387,308,S,21,S-21
ORF3503626|95|S|21,ORF3503626,95,S,21,S-21
ORF3303463|150|E|35,ORF3303463,150,E,35,E-35
Q15149|2612|E|35,Q15149,2612,E,35,E-35
ORF3311665|246|E|35,ORF3311665,246,E,35,E-35
ORF3323107|106|S|21,ORF3323107,106,S,21,S-21
ORF2960|12|N|35,ORF2960,12,N,35,N-35
ORF3298402|50|R|7,ORF3298402,50,R,7,R-7
ORF3445723|80|D|35,ORF3445723,80,D,35,D-35
ORF3321388|325|R|7,ORF3321388,325,R,7,R-7
P10412|187|S|21,P10412,187,S,21,S-21
ORF3422143|11|S|21,ORF3422143,11,S,21,S-21
ORF3345559|12|K|1,ORF3345559,12,K,1,K-1
ORF3411811|949|S|21,ORF3411811,949,S,21,S-21
ORF3454708|248|E|35,ORF3454708,248,E,35,E-35
ORF3316678|102|S|21,ORF3316678,102,S,21,S-21
ORF3390745|57|T|21,ORF3390745,57,T,21,T-21
ORF3424552|629|D|35,ORF3424552,629,D,35,D-35
Q5VZK9|1331|S|21,Q5VZK9,1331,S,21,S-21
ORF3416134|442|R|7,ORF3416134,442,R,7,R-7
ORF3314734|177|S|21,ORF3314734,177,S,21,S-21
ORF3453652|1066|T|21,ORF3453652,1066,T,21,T-21
ORF3352342|2581|S|21,ORF3352342,2581,S,21,S-21
P21333|2016|T|23,P21333,2016,T,23,T-23
ORF3364744|173|S|21,ORF3364744,173,S,21,S-21
P11388|1247|S|21,P11388,1247,S,21,S-21
ORF3422752|28|S|21,ORF3422752,28,S,21,S-21
Q12789|739|S|21,Q12789,739,S,21,S-21
Q12802|2385|D|35,Q12802,2385,D,35,D-35
Q12888|1028|S|21,Q12888,1028,S,21,S-21
P05155|166|N|35,P05155,166,N,35,N-35
Q9Y618|1778|S|21,Q9Y618,1778,S,21,S-21
ORF3376735|37|K|34,ORF3376735,37,K,34,K-34
ORF3313036|675|Q|35,ORF3313036,675,Q,35,Q-35
Q68DQ2|931|S|21,Q68DQ2,931,S,21,S-21
ORF3376228|106|Q|35,ORF3376228,106,Q,35,Q-35
ORF3329152|1397|S|21,ORF3329152,1397,S,21,S-21
ORF3422665|385|S|21,ORF3422665,385,S,21,S-21
Q9HBL0|746|S|21,Q9HBL0,746,S,21,S-21
ORF3499114|35|N|35,ORF3499114,35,N,35,N-35
ORF3470845|482|S|21,ORF3470845,482,S,21,S-21
ORF3312289|121|K|34,ORF3312289,121,K,34,K-34
Q5VZK9|968|S|21,Q5VZK9,968,S,21,S-21
Q14839|1535|S|21,Q14839,1535,S,21,S-21
ORF3351562|12|K|34,ORF3351562,12,K,34,K-34
ORF3438874|588|T|21,ORF3438874,588,T,21,T-21
ORF3319084|137|H|53,ORF3319084,137,H,53,H-53
ORF3403168|699|S|21,ORF3403168,699,S,21,S-21
Q13813|1217|S|21,Q13813,1217,S,21,S-21
ORF4994|34|K|1,ORF4994,34,K,1,K-1
ORF3478576|1335|K|1,ORF3478576,1335,K,1,K-1
ORF3334939|77|S|21,ORF3334939,77,S,21,S-21
ORF3439000|411|E|35,ORF3439000,411,E,35,E-35
ORF3509116|648|S|21,ORF3509116,648,S,21,S-21
ORF3447382|264|K|34,ORF3447382,264,K,34,K-34
ORF3373819|42|R|34,ORF3373819,42,R,34,R-34
ORF3400003|1612|K|1,ORF3400003,1612,K,1,K-1
ORF3415801|328|K|1,ORF3415801,328,K,1,K-1
O75376|2184|S|21,O75376,2184,S,21,S-21
ORF3496354|334|D|35,ORF3496354,334,D,35,D-35
ORF3340891|731|T|21,ORF3340891,731,T,21,T-21
ORF3416077|840|T|21,ORF3416077,840,T,21,T-21
ORF3498130|378|S|21,ORF3498130,378,S,21,S-21
ORF3300211|47|S|21,ORF3300211,47,S,21,S-21
ORF3403000|62|Y|21,ORF3403000,62,Y,21,Y-21
ORF3303175|1263|S|21,ORF3303175,1263,S,21,S-21
ORF3433477|334|Y|21,ORF3433477,334,Y,21,Y-21
Q04637|867|E|35,Q04637,867,E,35,E-35
ORF3325927|423|D|35,ORF3325927,423,D,35,D-35
ORF3415789|123|K|121,ORF3415789,123,K,121,K-121
P25205|427|E|35,P25205,427,E,35,E-35
ORF3510895|87|Q|35,ORF3510895,87,Q,35,Q-35
ORF3314734|497|K|1,ORF3314734,497,K,1,K-1
ORF3418687|269|S|21,ORF3418687,269,S,21,S-21
ORF3408322|44|Y|21,ORF3408322,44,Y,21,Y-21
ORF3464374|664|S|21,ORF3464374,664,S,21,S-21
ORF3381649|92|R|7,ORF3381649,92,R,7,R-7
ORF3324460|220|E|35,ORF3324460,220,E,35,E-35
P78527|1178|R|7,P78527,1178,R,7,R-7
Q14204|3198|Q|35,Q14204,3198,Q,35,Q-35
ORF3328438|15|R|7,ORF3328438,15,R,7,R-7
ORF3354037|355|S|21,ORF3354037,355,S,21,S-21
P55196|1182|S|21,P55196,1182,S,21,S-21
ORF3366334|56|R|7,ORF3366334,56,R,7,R-7
ORF3328219|370|S|21,ORF3328219,370,S,21,S-21
Q13085|1020|D|35,Q13085,1020,D,35,D-35
ORF3381400|130|S|21,ORF3381400,130,S,21,S-21
P12109|652|K|34,P12109,652,K,34,K-34
O75369|451|N|35,O75369,451,N,35,N-35
ORF3458080|42|Q|35,ORF3458080,42,Q,35,Q-35
ORF3447382|395|R|7,ORF3447382,395,R,7,R-7
Q03164|3527|S|21,Q03164,3527,S,21,S-21
ORF3467224|138|T|21,ORF3467224,138,T,21,T-21
ORF3478576|1468|S|21,ORF3478576,1468,S,21,S-21
ORF3333700|443|S|21,ORF3333700,443,S,21,S-21
ORF3405985|1148|S|21,ORF3405985,1148,S,21,S-21
ORF3365662|570|R|36,ORF3365662,570,R,36,R-36
ORF3411310|157|S|21,ORF3411310,157,S,21,S-21
ORF3429079|614|R|7,ORF3429079,614,R,7,R-7
ORF3451420|123|R|7,ORF3451420,123,R,7,R-7
ORF3412750|46|T|23,ORF3412750,46,T,23,T-23
ORF3386440|104|S|21,ORF3386440,104,S,21,S-21
Q5JSZ5|226|S|21,Q5JSZ5,226,S,21,S-21
ORF3299119|728|S|21,ORF3299119,728,S,21,S-21
ORF3413575|348|K|121,ORF3413575,348,K,121,K-121
Q6KC79|2658|S|21,Q6KC79,2658,S,21,S-21
ORF3403087|205|N|35,ORF3403087,205,N,35,N-35
ORF3340348|216|S|21,ORF3340348,216,S,21,S-21
ORF3459823|597|E|35,ORF3459823,597,E,35,E-35
ORF3421972|134|E|35,ORF3421972,134,E,35,E-35
ORF3512803|88|D|35,ORF3512803,88,D,35,D-35
ORF3403897|155|S|21,ORF3403897,155,S,21,S-21
ORF3327358|329|S|21,ORF3327358,329,S,21,S-21
ORF3474742|165|Q|35,ORF3474742,165,Q,35,Q-35
ORF3498346|394|S|21,ORF3498346,394,S,21,S-21
ORF3500833|390|S|21,ORF3500833,390,S,21,S-21
O60361|90|R|7,O60361,90,R,7,R-7
ORF3358498|142|E|35,ORF3358498,142,E,35,E-35
ORF3493426|236|S|21,ORF3493426,236,S,21,S-21
ORF3514162|598|S|21,ORF3514162,598,S,21,S-21
ORF3412750|24|K|1,ORF3412750,24,K,1,K-1
P02751|257|Q|35,P02751,257,Q,35,Q-35
ORF3461926|2608|S|21,ORF3461926,2608,S,21,S-21
ORF3304702|314|S|21,ORF3304702,314,S,21,S-21
ORF3458188|146|T|21,ORF3458188,146,T,21,T-21
ORF3425770|1053|Q|35,ORF3425770,1053,Q,35,Q-35
P02452|1294|E|35,P02452,1294,E,35,E-35
ORF3493834|428|D|35,ORF3493834,428,D,35,D-35
P35579|136|E|35,P35579,136,E,35,E-35
ORF3352342|2398|S|21,ORF3352342,2398,S,21,S-21
ORF3317869|171|E|35,ORF3317869,171,E,35,E-35
ORF3388120|151|K|34,ORF3388120,151,K,34,K-34
ORF3381835|143|R|7,ORF3381835,143,R,7,R-7
O43143|329|R|7,O43143,329,R,7,R-7
P35579|1490|E|35,P35579,1490,E,35,E-35
ORF3429097|473|K|34,ORF3429097,473,K,34,K-34
Q01082|2201|E|35,Q01082,2201,E,35,E-35
ORF3418516|47|K|121,ORF3418516,47,K,121,K-121
ORF3308236|413|R|7,ORF3308236,413,R,7,R-7
P00395|498|C|53,P00395,498,C,53,C-53
ORF3475630|32|S|21,ORF3475630,32,S,21,S-21
ORF3509044|790|S|21,ORF3509044,790,S,21,S-21
ORF3473491|199|S|21,ORF3473491,199,S,21,S-21
ORF3400030|221|Q|35,ORF3400030,221,Q,35,Q-35
ORF3505990|685|S|21,ORF3505990,685,S,21,S-21
ORF3498130|475|T|21,ORF3498130,475,T,21,T-21
ORF3308515|159|Q|35,ORF3308515,159,Q,35,Q-35
ORF3445723|88|K|34,ORF3445723,88,K,34,K-34
Q6ZNJ1|1867|T|21,Q6ZNJ1,1867,T,21,T-21
ORF3334162|281|K|34,ORF3334162,281,K,34,K-34
ORF3390934|246|S|21,ORF3390934,246,S,21,S-21
P55196|1330|T|21,P55196,1330,T,21,T-21
ORF3447310|182|K|34,ORF3447310,182,K,34,K-34
ORF3332863|249|S|21,ORF3332863,249,S,21,S-21
ORF3451420|71|K|34,ORF3451420,71,K,34,K-34
Q15149|541|E|35,Q15149,541,E,35,E-35
Q04637|1231|S|21,Q04637,1231,S,21,S-21
ORF3310792|121|K|34,ORF3310792,121,K,34,K-34
ORF3502783|117|R|7,ORF3502783,117,R,7,R-7
ORF3364918|158|N|35,ORF3364918,158,N,35,N-35
ORF3413332|334|S|21,ORF3413332,334,S,21,S-21
ORF3298402|346|E|35,ORF3298402,346,E,35,E-35
ORF3344836|94|K|1,ORF3344836,94,K,1,K-1
ORF3455323|598|S|21,ORF3455323,598,S,21,S-21
ORF3461791|65|S|21,ORF3461791,65,S,21,S-21
ORF3494758|84|N|35,ORF3494758,84,N,35,N-35
ORF3493834|756|E|35,ORF3493834,756,E,35,E-35
ORF3404395|459|S|21,ORF3404395,459,S,21,S-21
ORF3298402|64|R|7,ORF3298402,64,R,7,R-7
ORF3424273|68|K|34,ORF3424273,68,K,34,K-34
ORF3334360|242|S|21,ORF3334360,242,S,21,S-21
ORF3511846|587|S|21,ORF3511846,587,S,21,S-21
ORF3303175|264|S|21,ORF3303175,264,S,21,S-21
ORF3448936|1208|T|21,ORF3448936,1208,T,21,T-21
ORF3459751|284|S|21,ORF3459751,284,S,21,S-21
ORF3298402|304|R|7,ORF3298402,304,R,7,R-7
ORF3482482|311|E|35,ORF3482482,311,E,35,E-35
ORF3403642|120|K|121,ORF3403642,120,K,121,K-121
P21333|795|D|35,P21333,795,D,35,D-35
ORF3489490|1025|S|21,ORF3489490,1025,S,21,S-21
ORF3338695|176|K|1,ORF3338695,176,K,1,K-1
P35579|867|R|7,P35579,867,R,7,R-7
ORF3502081|732|S|21,ORF3502081,732,S,21,S-21
ORF3513016|160|R|7,ORF3513016,160,R,7,R-7
ORF3385483|369|N|35,ORF3385483,369,N,35,N-35
ORF3405358|92|E|35,ORF3405358,92,E,35,E-35
ORF3328513|503|S|21,ORF3328513,503,S,21,S-21
ORF3328219|491|S|21,ORF3328219,491,S,21,S-21
ORF3477460|110|R|7,ORF3477460,110,R,7,R-7
ORF3512497|43|D|35,ORF3512497,43,D,35,D-35
ORF3454891|627|E|35,ORF3454891,627,E,35,E-35
Q8NI27|1393|S|21,Q8NI27,1393,S,21,S-21
ORF3439996|259|E|35,ORF3439996,259,E,35,E-35
ORF3383761|177|R|7,ORF3383761,177,R,7,R-7
ORF3405577|143|S|21,ORF3405577,143,S,21,S-21
ORF3333025|194|R|36,ORF3333025,194,R,36,R-36
ORF3353737|360|S|21,ORF3353737,360,S,21,S-21
O15085|635|S|21,O15085,635,S,21,S-21
ORF3299581|822|Y|21,ORF3299581,822,Y,21,Y-21
ORF3386440|91|N|35,ORF3386440,91,N,35,N-35
ORF3351562|8|K|1,ORF3351562,8,K,1,K-1
P51654|99|E|35,P51654,99,E,35,E-35
ORF3298402|168|K|1,ORF3298402,168,K,1,K-1
ORF3373408|1075|S|21,ORF3373408,1075,S,21,S-21
ORF3352342|2449|S|21,ORF3352342,2449,S,21,S-21
ORF3482956|761|T|21,ORF3482956,761,T,21,T-21
ORF3463036|782|T|21,ORF3463036,782,T,21,T-21
ORF3365188|965|S|21,ORF3365188,965,S,21,S-21
ORF3325144|140|S|21,ORF3325144,140,S,21,S-21
Q92614|2007|S|21,Q92614,2007,S,21,S-21
ORF3408322|245|D|35,ORF3408322,245,D,35,D-35
ORF3505060|465|K|1,ORF3505060,465,K,1,K-1
ORF3439375|154|Y|21,ORF3439375,154,Y,21,Y-21
ORF3429079|619|N|35,ORF3429079,619,N,35,N-35
ORF3363229|701|S|21,ORF3363229,701,S,21,S-21
ORF3390520|365|D|35,ORF3390520,365,D,35,D-35
ORF3459478|694|S|21,ORF3459478,694,S,21,S-21
ORF3481153|541|D|35,ORF3481153,541,D,35,D-35
ORF3478813|142|K|121,ORF3478813,142,K,121,K-121
ORF3398779|16|E|35,ORF3398779,16,E,35,E-35
ORF3415684|285|D|35,ORF3415684,285,D,35,D-35
ORF3352342|37|K|53,ORF3352342,37,K,53,K-53
ORF3372067|168|D|35,ORF3372067,168,D,35,D-35
ORF3488209|21|D|35,ORF3488209,21,D,35,D-35
ORF3501670|2055|K|1,ORF3501670,2055,K,1,K-1
ORF3343528|296|T|21,ORF3343528,296,T,21,T-21
Q01082|2328|T|21,Q01082,2328,T,21,T-21
ORF3453652|1208|S|21,ORF3453652,1208,S,21,S-21
ORF3390757|394|T|21,ORF3390757,394,T,21,T-21
ORF3357613|371|S|21,ORF3357613,371,S,21,S-21
