PTM_ID,Gene,GeneName,POS,RES,MOD,res_mod,mod-label,Entry Name
Q03169|5|S|21,Q03169,TNFAIP2,5,S,21,S-21,Phospho (ST),TNAP2_HUMAN
Q5T0Z8|1011|S|21,Q5T0Z8,C6orf132,1011,S,21,S-21,Phospho (ST),CF132_HUMAN
Q3V6T2|1700|S|21,Q3V6T2,CCDC88A,1700,S,21,S-21,Phospho (ST),GRDN_HUMAN
Q03252|37|S|21,Q03252,LMNB2,37,S,21,S-21,Phospho (ST),LMNB2_HUMAN
Q03252|34|T|21,Q03252,LMNB2,34,T,21,T-21,Phospho (ST),LMNB2_HUMAN
Q03252|405|S|21,Q03252,LMNB2,405,S,21,S-21,Phospho (ST),LMNB2_HUMAN
Q9H6F5|18|S|21,Q9H6F5,CCDC86,18,S,21,S-21,Phospho (ST),CCD86_HUMAN
Q03188|709|S|21,Q03188,CENPC,709,S,21,S-21,Phospho (ST),CENPC_HUMAN
Q9ULC8|682|S|21,Q9ULC8,ZDHHC8,682,S,21,S-21,Phospho (ST),ZDHC8_HUMAN
Q03164|2391|S|21,Q03164,KMT2A,2391,S,21,S-21,Phospho (ST),KMT2A_HUMAN
Q03164|2392|S|21,Q03164,KMT2A,2392,S,21,S-21,Phospho (ST),KMT2A_HUMAN
Q03164|3511|S|21,Q03164,KMT2A,3511,S,21,S-21,Phospho (ST),KMT2A_HUMAN
Q03164|3518|S|21,Q03164,KMT2A,3518,S,21,S-21,Phospho (ST),KMT2A_HUMAN
Q8IYB3|795|S|21,Q8IYB3,SRRM1,795,S,21,S-21,Phospho (ST),SRRM1_HUMAN
Q03468|486|S|21,Q03468,ERCC6,486,S,21,S-21,Phospho (ST),ERCC6_HUMAN
Q9NQW6|192|S|21,Q9NQW6,ANLN,192,S,21,S-21,Phospho (ST),ANLN_HUMAN
Q9NQW6|323|S|21,Q9NQW6,ANLN,323,S,21,S-21,Phospho (ST),ANLN_HUMAN
Q03468|489|S|21,Q03468,ERCC6,489,S,21,S-21,Phospho (ST),ERCC6_HUMAN
Q03468|429|S|21,Q03468,ERCC6,429,S,21,S-21,Phospho (ST),ERCC6_HUMAN
Q03468|430|S|21,Q03468,ERCC6,430,S,21,S-21,Phospho (ST),ERCC6_HUMAN
Q03701|629|S|21,Q03701,CEBPZ,629,S,21,S-21,Phospho (ST),CEBPZ_HUMAN
Q96JG6|559|S|21,Q96JG6,VPS50,559,S,21,S-21,Phospho (ST),VPS50_HUMAN
Q9UJV9|21|S|21,Q9UJV9,DDX41,21,S,21,S-21,Phospho (ST),DDX41_HUMAN
Q03468|1348|S|21,Q03468,ERCC6,1348,S,21,S-21,Phospho (ST),ERCC6_HUMAN
Q8N1G2|31|S|21,Q8N1G2,CMTR1,31,S,21,S-21,Phospho (ST),CMTR1_HUMAN
Q9BTX1|500|S|21,Q9BTX1,NDC1,500,S,21,S-21,Phospho (ST),NDC1_HUMAN
Q8TAP8|87|S|21,Q8TAP8,PPP1R35,87,S,21,S-21,Phospho (ST),PPR35_HUMAN
Q02880|1552|S|21,Q02880,TOP2B,1552,S,21,S-21,Phospho (ST),TOP2B_HUMAN
Q9BXP5|493|S|21,Q9BXP5,SRRT,493,S,21,S-21,Phospho (ST),SRRT_HUMAN
Q5VTL8|529|S|21,Q5VTL8,PRPF38B,529,S,21,S-21,Phospho (ST),PR38B_HUMAN
Q03111|359|S|21,Q03111,MLLT1,359,S,21,S-21,Phospho (ST),ENL_HUMAN
Q03111|361|S|21,Q03111,MLLT1,361,S,21,S-21,Phospho (ST),ENL_HUMAN
Q03001|7420|S|21,Q03001,DST,7420,S,21,S-21,Phospho (ST),DYST_HUMAN
Q03001|7424|S|21,Q03001,DST,7424,S,21,S-21,Phospho (ST),DYST_HUMAN
Q14195|551|S|21,Q14195,DPYSL3,551,S,21,S-21,Phospho (ST),DPYL3_HUMAN
Q05209|606|S|21,Q05209,PTPN12,606,S,21,S-21,Phospho (ST),PTN12_HUMAN
Q96PN7|758|S|21,Q96PN7,TRERF1,758,S,21,S-21,Phospho (ST),TREF1_HUMAN
Q05209|571|S|21,Q05209,PTPN12,571,S,21,S-21,Phospho (ST),PTN12_HUMAN
Q05209|588|S|21,Q05209,PTPN12,588,S,21,S-21,Phospho (ST),PTN12_HUMAN
Q05397|910|S|21,Q05397,PTK2,910,S,21,S-21,Phospho (ST),FAK1_HUMAN
Q9C0C2|1385|S|21,Q9C0C2,TNKS1BP1,1385,S,21,S-21,Phospho (ST),TB182_HUMAN
Q05397|392|S|21,Q05397,PTK2,392,S,21,S-21,Phospho (ST),FAK1_HUMAN
Q3V6T2|1583|S|21,Q3V6T2,CCDC88A,1583,S,21,S-21,Phospho (ST),GRDN_HUMAN
Q05519|483|S|21,Q05519,SRSF11,483,S,21,S-21,Phospho (ST),SRS11_HUMAN
Q9BU76|219|T|21,Q9BU76,MMTAG2,219,T,21,T-21,Phospho (ST),MMTA2_HUMAN
Q05655|299|S|21,Q05655,PRKCD,299,S,21,S-21,Phospho (ST),KPCD_HUMAN
Q13136|693|S|21,Q13136,PPFIA1,693,S,21,S-21,Phospho (ST),LIPA1_HUMAN
Q8NF50|904|S|21,Q8NF50,DOCK8,904,S,21,S-21,Phospho (ST),DOCK8_HUMAN
Q9NZT2|378|S|21,Q9NZT2,OGFR,378,S,21,S-21,Phospho (ST),OGFR_HUMAN
Q9UQ88|577|S|21,Q9UQ88,CDK11A,577,S,21,S-21,Phospho (ST),CD11A_HUMAN
Q53SF7|356|S|21,Q53SF7,COBLL1,356,S,21,S-21,Phospho (ST),COBL1_HUMAN
Q969S3|143|S|21,Q969S3,ZNF622,143,S,21,S-21,Phospho (ST),ZN622_HUMAN
Q05519|456|S|21,Q05519,SRSF11,456,S,21,S-21,Phospho (ST),SRS11_HUMAN
Q8WU90|381|S|21,Q8WU90,ZC3H15,381,S,21,S-21,Phospho (ST),ZC3HF_HUMAN
Q13435|309|S|21,Q13435,SF3B2,309,S,21,S-21,Phospho (ST),SF3B2_HUMAN
O60825|468|T|21,O60825,PFKFB2,468,T,21,T-21,Phospho (ST),F262_HUMAN
Q05519|449|S|21,Q05519,SRSF11,449,S,21,S-21,Phospho (ST),SRS11_HUMAN
Q86VQ1|108|S|21,Q86VQ1,GLCCI1,108,S,21,S-21,Phospho (ST),GLCI1_HUMAN
Q05519|323|S|21,Q05519,SRSF11,323,S,21,S-21,Phospho (ST),SRS11_HUMAN
Q6SPF0|157|T|21,Q6SPF0,SAMD1,157,T,21,T-21,Phospho (ST),SAMD1_HUMAN
Q05519|325|T|21,Q05519,SRSF11,325,T,21,T-21,Phospho (ST),SRS11_HUMAN
Q04721|2081|S|21,Q04721,NOTCH2,2081,S,21,S-21,Phospho (ST),NOTC2_HUMAN
Q86SQ0|934|S|21,Q86SQ0,PHLDB2,934,S,21,S-21,Phospho (ST),PHLB2_HUMAN
Q08357|386|Y|21,Q08357,SLC20A2,386,Y,21,Y-21,Phospho (Y),S20A2_HUMAN
Q04656|1447|S|21,Q04656,ATP7A,1447,S,21,S-21,Phospho (ST),ATP7A_HUMAN
Q96GP6|651|S|21,Q96GP6,SCARF2,651,S,21,S-21,Phospho (ST),SREC2_HUMAN
Q04637|1080|S|21,Q04637,EIF4G1,1080,S,21,S-21,Phospho (ST),IF4G1_HUMAN
Q7KZI7|212|S|21,Q7KZI7,MARK2,212,S,21,S-21,Phospho (ST),MARK2_HUMAN
Q04637|1187|S|21,Q04637,EIF4G1,1187,S,21,S-21,Phospho (ST),IF4G1_HUMAN
Q96PC5|1144|S|21,Q96PC5,MIA2,1144,S,21,S-21,Phospho (ST),MIA2_HUMAN
Q8N3U4|1161|S|21,Q8N3U4,STAG2,1161,S,21,S-21,Phospho (ST),STAG2_HUMAN
Q04637|1185|S|21,Q04637,EIF4G1,1185,S,21,S-21,Phospho (ST),IF4G1_HUMAN
Q9UPU5|2565|T|21,Q9UPU5,USP24,2565,T,21,T-21,Phospho (ST),UBP24_HUMAN
Q14980|2047|S|21,Q14980,NUMA1,2047,S,21,S-21,Phospho (ST),NUMA1_HUMAN
Q9BXW9|9|K|53,Q9BXW9,FANCD2,9,K,53,K-53,HNE,FACD2_HUMAN
Q04727|206|S|21,Q04727,TLE4,206,S,21,S-21,Phospho (ST),TLE4_HUMAN
Q9C0K0|497|S|21,Q9C0K0,BCL11B,497,S,21,S-21,Phospho (ST),BC11B_HUMAN
Q04726|332|S|21,Q04726,TLE3,332,S,21,S-21,Phospho (ST),TLE3_HUMAN
Q9NZJ0|425|S|21,Q9NZJ0,DTL,425,S,21,S-21,Phospho (ST),DTL_HUMAN
Q04726|328|T|21,Q04726,TLE3,328,T,21,T-21,Phospho (ST),TLE3_HUMAN
Q04726|267|S|21,Q04726,TLE3,267,S,21,S-21,Phospho (ST),TLE3_HUMAN
Q86VQ1|398|S|21,Q86VQ1,GLCCI1,398,S,21,S-21,Phospho (ST),GLCI1_HUMAN
Q04726|263|S|21,Q04726,TLE3,263,S,21,S-21,Phospho (ST),TLE3_HUMAN
Q8WXE0|697|S|21,Q8WXE0,CASKIN2,697,S,21,S-21,Phospho (ST),CSKI2_HUMAN
Q01167|424|S|21,Q01167,FOXK2,424,S,21,S-21,Phospho (ST),FOXK2_HUMAN
Q96E09|143|S|21,Q96E09,PABIR1,143,S,21,S-21,Phospho (ST),PBIR1_HUMAN
Q8NC51|234|S|21,Q8NC51,SERBP1,234,S,21,S-21,Phospho (ST),SERB1_HUMAN
Q01130|208|S|21,Q01130,SRSF2,208,S,21,S-21,Phospho (ST),SRSF2_HUMAN
Q01130|221|S|21,Q01130,SRSF2,221,S,21,S-21,Phospho (ST),SRSF2_HUMAN
Q01130|220|S|21,Q01130,SRSF2,220,S,21,S-21,Phospho (ST),SRSF2_HUMAN
Q86UU0|947|S|21,Q86UU0,BCL9L,947,S,21,S-21,Phospho (ST),BCL9L_HUMAN
Q01518|308|S|21,Q01518,CAP1,308,S,21,S-21,Phospho (ST),CAP1_HUMAN
Q01518|307|T|21,Q01518,CAP1,307,T,21,T-21,Phospho (ST),CAP1_HUMAN
Q13283|232|S|21,Q13283,G3BP1,232,S,21,S-21,Phospho (ST),G3BP1_HUMAN
Q01484|1732|S|21,Q01484,ANK2,1732,S,21,S-21,Phospho (ST),ANK2_HUMAN
Q01484|1733|S|21,Q01484,ANK2,1733,S,21,S-21,Phospho (ST),ANK2_HUMAN
Q00839|3|S|21,Q00839,HNRNPU,3,S,21,S-21,Phospho (ST),HNRPU_HUMAN
Q9Y5J1|124|S|21,Q9Y5J1,UTP18,124,S,21,S-21,Phospho (ST),UTP18_HUMAN
Q00839|2|S|21,Q00839,HNRNPU,2,S,21,S-21,Phospho (ST),HNRPU_HUMAN
Q00839|271|S|21,Q00839,HNRNPU,271,S,21,S-21,Phospho (ST),HNRPU_HUMAN
P04075|246|H|53,P04075,ALDOA,246,H,53,H-53,HNE,ALDOA_HUMAN
Q00587|77|S|21,Q00587,CDC42EP1,77,S,21,S-21,Phospho (ST),BORG5_HUMAN
Q96AC1|181|S|21,Q96AC1,FERMT2,181,S,21,S-21,Phospho (ST),FERM2_HUMAN
Q9BTC0|1030|S|21,Q9BTC0,DIDO1,1030,S,21,S-21,Phospho (ST),DIDO1_HUMAN
Q14195|539|S|21,Q14195,DPYSL3,539,S,21,S-21,Phospho (ST),DPYL3_HUMAN
Q00613|363|S|21,Q00613,HSF1,363,S,21,S-21,Phospho (ST),HSF1_HUMAN
Q9Y6D5|227|S|21,Q9Y6D5,ARFGEF2,227,S,21,S-21,Phospho (ST),BIG2_HUMAN
Q9UDY2|244|S|21,Q9UDY2,TJP2,244,S,21,S-21,Phospho (ST),ZO2_HUMAN
Q00613|307|S|21,Q00613,HSF1,307,S,21,S-21,Phospho (ST),HSF1_HUMAN
Q9Y3L3|175|S|21,Q9Y3L3,SH3BP1,175,S,21,S-21,Phospho (ST),3BP1_HUMAN
Q01082|2341|S|21,Q01082,SPTBN1,2341,S,21,S-21,Phospho (ST),SPTB2_HUMAN
Q9NTI5|1166|S|21,Q9NTI5,PDS5B,1166,S,21,S-21,Phospho (ST),PDS5B_HUMAN
Q13098|474|S|21,Q13098,GPS1,474,S,21,S-21,Phospho (ST),CSN1_HUMAN
Q01130|187|S|21,Q01130,SRSF2,187,S,21,S-21,Phospho (ST),SRSF2_HUMAN
Q9NWB6|56|S|21,Q9NWB6,ARGLU1,56,S,21,S-21,Phospho (ST),ARGL1_HUMAN
Q01105|7|S|21,Q01105,SET,7,S,21,S-21,Phospho (ST),SET_HUMAN
Q9Y4F1|427|S|21,Q9Y4F1,FARP1,427,S,21,S-21,Phospho (ST),FARP1_HUMAN
Q01130|189|S|21,Q01130,SRSF2,189,S,21,S-21,Phospho (ST),SRSF2_HUMAN
Q01130|191|S|21,Q01130,SRSF2,191,S,21,S-21,Phospho (ST),SRSF2_HUMAN
Q14498|97|S|21,Q14498,RBM39,97,S,21,S-21,Phospho (ST),RBM39_HUMAN
Q01082|2332|S|21,Q01082,SPTBN1,2332,S,21,S-21,Phospho (ST),SPTB2_HUMAN
Q9UK61|921|T|21,Q9UK61,TASOR,921,T,21,T-21,Phospho (ST),TASOR_HUMAN
Q9H4L4|176|T|21,Q9H4L4,SENP3,176,T,21,T-21,Phospho (ST),SENP3_HUMAN
P09651|357|Y|21,P09651,HNRNPA1,357,Y,21,Y-21,Phospho (Y),ROA1_HUMAN
P52756|620|Y|21,P52756,RBM5,620,Y,21,Y-21,Phospho (Y),RBM5_HUMAN
Q01082|2165|S|21,Q01082,SPTBN1,2165,S,21,S-21,Phospho (ST),SPTB2_HUMAN
Q01082|2169|S|21,Q01082,SPTBN1,2169,S,21,S-21,Phospho (ST),SPTB2_HUMAN
Q02241|911|S|21,Q02241,KIF23,911,S,21,S-21,Phospho (ST),KIF23_HUMAN
Q02241|912|S|21,Q02241,KIF23,912,S,21,S-21,Phospho (ST),KIF23_HUMAN
Q02535|5|S|21,Q02535,ID3,5,S,21,S-21,Phospho (ST),ID3_HUMAN
Q8WWL2|371|S|21,Q8WWL2,SPIRE2,371,S,21,S-21,Phospho (ST),SPIR2_HUMAN
Q02410|263|S|21,Q02410,APBA1,263,S,21,S-21,Phospho (ST),APBA1_HUMAN
Q8IV50|33|S|21,Q8IV50,LYSMD2,33,S,21,S-21,Phospho (ST),LYSM2_HUMAN
Q02410|242|S|21,Q02410,APBA1,242,S,21,S-21,Phospho (ST),APBA1_HUMAN
Q8N4L2|18|S|21,Q8N4L2,PIP4P2,18,S,21,S-21,Phospho (ST),PP4P2_HUMAN
Q9NRF8|563|S|21,Q9NRF8,CTPS2,563,S,21,S-21,Phospho (ST),PYRG2_HUMAN
Q9HAS0|8|S|21,Q9HAS0,C17orf75,8,S,21,S-21,Phospho (ST),NJMU_HUMAN
Q02156|346|S|21,Q02156,PRKCE,346,S,21,S-21,Phospho (ST),KPCE_HUMAN
Q02156|350|S|21,Q02156,PRKCE,350,S,21,S-21,Phospho (ST),KPCE_HUMAN
Q8IWI9|1412|S|21,Q8IWI9,MGA,1412,S,21,S-21,Phospho (ST),MGAP_HUMAN
Q15811|315|S|21,Q15811,ITSN1,315,S,21,S-21,Phospho (ST),ITSN1_HUMAN
Q02078|255|S|21,Q02078,MEF2A,255,S,21,S-21,Phospho (ST),MEF2A_HUMAN
P02545|424|T|21,P02545,LMNA,424,T,21,T-21,Phospho (ST),LMNA_HUMAN
Q02880|1452|S|21,Q02880,TOP2B,1452,S,21,S-21,Phospho (ST),TOP2B_HUMAN
Q13263|501|S|21,Q13263,TRIM28,501,S,21,S-21,Phospho (ST),TIF1B_HUMAN
Q8N392|66|S|21,Q8N392,ARHGAP18,66,S,21,S-21,Phospho (ST),RHG18_HUMAN
Q02880|1466|S|21,Q02880,TOP2B,1466,S,21,S-21,Phospho (ST),TOP2B_HUMAN
Q3KQU3|116|S|21,Q3KQU3,MAP7D1,116,S,21,S-21,Phospho (ST),MA7D1_HUMAN
Q02880|1424|S|21,Q02880,TOP2B,1424,S,21,S-21,Phospho (ST),TOP2B_HUMAN
Q08357|259|S|21,Q08357,SLC20A2,259,S,21,S-21,Phospho (ST),S20A2_HUMAN
Q9Y618|2058|S|21,Q9Y618,NCOR2,2058,S,21,S-21,Phospho (ST),NCOR2_HUMAN
Q02880|1550|S|21,Q02880,TOP2B,1550,S,21,S-21,Phospho (ST),TOP2B_HUMAN
Q8IYB3|414|S|21,Q8IYB3,SRRM1,414,S,21,S-21,Phospho (ST),SRRM1_HUMAN
Q16539|182|Y|21,Q16539,MAPK14,182,Y,21,Y-21,Phospho (Y),MK14_HUMAN
Q02880|1524|S|21,Q02880,TOP2B,1524,S,21,S-21,Phospho (ST),TOP2B_HUMAN
Q1ED39|48|S|21,Q1ED39,KNOP1,48,S,21,S-21,Phospho (ST),KNOP1_HUMAN
Q02880|1375|S|21,Q02880,TOP2B,1375,S,21,S-21,Phospho (ST),TOP2B_HUMAN
Q9H9A7|284|S|21,Q9H9A7,RMI1,284,S,21,S-21,Phospho (ST),RMI1_HUMAN
Q15424|11|S|21,Q15424,SAFB,11,S,21,S-21,Phospho (ST),SAFB1_HUMAN
Q9BWU0|464|Y|21,Q9BWU0,SLC4A1AP,464,Y,21,Y-21,Phospho (Y),NADAP_HUMAN
Q01664|124|S|21,Q01664,TFAP4,124,S,21,S-21,Phospho (ST),TFAP4_HUMAN
Q96A47|157|S|21,Q96A47,ISL2,157,S,21,S-21,Phospho (ST),ISL2_HUMAN
Q01813|386|S|21,Q01813,PFKP,386,S,21,S-21,Phospho (ST),PFKAP_HUMAN
Q8IXQ4|105|S|21,Q8IXQ4,GPALPP1,105,S,21,S-21,Phospho (ST),GPAM1_HUMAN
Q01664|123|S|21,Q01664,TFAP4,123,S,21,S-21,Phospho (ST),TFAP4_HUMAN
Q16512|561|S|21,Q16512,PKN1,561,S,21,S-21,Phospho (ST),PKN1_HUMAN
Q92609|552|T|21,Q92609,TBC1D5,552,T,21,T-21,Phospho (ST),TBCD5_HUMAN
P12270|2137|T|21,P12270,TPR,2137,T,21,T-21,Phospho (ST),TPR_HUMAN
Q01826|637|S|21,Q01826,SATB1,637,S,21,S-21,Phospho (ST),SATB1_HUMAN
Q9HDC5|475|S|21,Q9HDC5,JPH1,475,S,21,S-21,Phospho (ST),JPH1_HUMAN
Q01831|347|S|21,Q01831,XPC,347,S,21,S-21,Phospho (ST),XPC_HUMAN
Q71F23|98|T|21,Q71F23,CENPU,98,T,21,T-21,Phospho (ST),CENPU_HUMAN
Q9UHF7|169|S|21,Q9UHF7,TRPS1,169,S,21,S-21,Phospho (ST),TRPS1_HUMAN
Q01543|37|S|21,Q01543,FLI1,37,S,21,S-21,Phospho (ST),FLI1_HUMAN
Q2M1Z3|346|S|21,Q2M1Z3,ARHGAP31,346,S,21,S-21,Phospho (ST),RHG31_HUMAN
Q01543|241|S|21,Q01543,FLI1,241,S,21,S-21,Phospho (ST),FLI1_HUMAN
Q8IZL8|745|T|21,Q8IZL8,PELP1,745,T,21,T-21,Phospho (ST),PELP1_HUMAN
P17987|33|K|34,P17987,TCP1,33,K,34,K-34,Methylation (K),TCPA_HUMAN
Q01650|35|S|21,Q01650,SLC7A5,35,S,21,S-21,Phospho (ST),LAT1_HUMAN
Q9BXS9|755|S|21,Q9BXS9,SLC26A6,755,S,21,S-21,Phospho (ST),S26A6_HUMAN
Q01581|495|S|21,Q01581,HMGCS1,495,S,21,S-21,Phospho (ST),HMCS1_HUMAN
Q9Y2H2|942|S|21,Q9Y2H2,INPP5F,942,S,21,S-21,Phospho (ST),SAC2_HUMAN
Q01850|311|S|21,Q01850,CDR2,311,S,21,S-21,Phospho (ST),CDR2_HUMAN
O75676|687|T|21,O75676,RPS6KA4,687,T,21,T-21,Phospho (ST),KS6A4_HUMAN
Q02040|548|S|21,Q02040,AKAP17A,548,S,21,S-21,Phospho (ST),AK17A_HUMAN
Q12851|531|S|21,Q12851,MAP4K2,531,S,21,S-21,Phospho (ST),M4K2_HUMAN
Q8WW12|142|S|21,Q8WW12,PCNP,142,S,21,S-21,Phospho (ST),PCNP_HUMAN
Q02040|638|S|21,Q02040,AKAP17A,638,S,21,S-21,Phospho (ST),AK17A_HUMAN
Q02040|639|T|21,Q02040,AKAP17A,639,T,21,T-21,Phospho (ST),AK17A_HUMAN
Q02040|640|S|21,Q02040,AKAP17A,640,S,21,S-21,Phospho (ST),AK17A_HUMAN
Q9NQW6|295|S|21,Q9NQW6,ANLN,295,S,21,S-21,Phospho (ST),ANLN_HUMAN
Q86VM9|34|S|21,Q86VM9,ZC3H18,34,S,21,S-21,Phospho (ST),ZCH18_HUMAN
Q01831|398|S|21,Q01831,XPC,398,S,21,S-21,Phospho (ST),XPC_HUMAN
Q13523|368|S|21,Q13523,PRPF4B,368,S,21,S-21,Phospho (ST),PRP4B_HUMAN
Q9NYV4|238|S|21,Q9NYV4,CDK12,238,S,21,S-21,Phospho (ST),CDK12_HUMAN
Q01831|397|S|21,Q01831,XPC,397,S,21,S-21,Phospho (ST),XPC_HUMAN
Q12797|22|S|21,Q12797,ASPH,22,S,21,S-21,Phospho (ST),ASPH_HUMAN
Q01831|883|S|21,Q01831,XPC,883,S,21,S-21,Phospho (ST),XPC_HUMAN
Q01831|884|S|21,Q01831,XPC,884,S,21,S-21,Phospho (ST),XPC_HUMAN
Q12802|1906|S|21,Q12802,AKAP13,1906,S,21,S-21,Phospho (ST),AKP13_HUMAN
Q9H0B6|581|S|21,Q9H0B6,KLC2,581,S,21,S-21,Phospho (ST),KLC2_HUMAN
Q12802|649|S|21,Q12802,AKAP13,649,S,21,S-21,Phospho (ST),AKP13_HUMAN
Q12802|650|S|21,Q12802,AKAP13,650,S,21,S-21,Phospho (ST),AKP13_HUMAN
Q14160|504|S|21,Q14160,SCRIB,504,S,21,S-21,Phospho (ST),SCRIB_HUMAN
Q9UHB6|617|S|21,Q9UHB6,LIMA1,617,S,21,S-21,Phospho (ST),LIMA1_HUMAN
Q12802|2709|S|21,Q12802,AKAP13,2709,S,21,S-21,Phospho (ST),AKP13_HUMAN
Q93008|2443|S|21,Q93008,USP9X,2443,S,21,S-21,Phospho (ST),USP9X_HUMAN
Q5T5P2|361|S|21,Q5T5P2,KIAA1217,361,S,21,S-21,Phospho (ST),SKT_HUMAN
Q9UBW5|461|T|21,Q9UBW5,BIN2,461,T,21,T-21,Phospho (ST),BIN2_HUMAN
P06400|805|Y|21,P06400,RB1,805,Y,21,Y-21,Phospho (Y),RB_HUMAN
Q12802|1559|S|21,Q12802,AKAP13,1559,S,21,S-21,Phospho (ST),AKP13_HUMAN
Q12802|1565|S|21,Q12802,AKAP13,1565,S,21,S-21,Phospho (ST),AKP13_HUMAN
Q9Y613|498|S|21,Q9Y613,FHOD1,498,S,21,S-21,Phospho (ST),FHOD1_HUMAN
Q9BZ29|443|S|21,Q9BZ29,DOCK9,443,S,21,S-21,Phospho (ST),DOCK9_HUMAN
Q8NI27|1411|K|53,Q8NI27,THOC2,1411,K,53,K-53,HNE,THOC2_HUMAN
Q12802|1645|S|21,Q12802,AKAP13,1645,S,21,S-21,Phospho (ST),AKP13_HUMAN
Q12802|1647|S|21,Q12802,AKAP13,1647,S,21,S-21,Phospho (ST),AKP13_HUMAN
Q12888|1481|S|21,Q12888,TP53BP1,1481,S,21,S-21,Phospho (ST),TP53B_HUMAN
Q5UIP0|2144|S|21,Q5UIP0,RIF1,2144,S,21,S-21,Phospho (ST),RIF1_HUMAN
Q9Y4F5|986|S|21,Q9Y4F5,CEP170B,986,S,21,S-21,Phospho (ST),C170B_HUMAN
Q9Y4F5|988|S|21,Q9Y4F5,CEP170B,988,S,21,S-21,Phospho (ST),C170B_HUMAN
Q5T8P6|518|S|21,Q5T8P6,RBM26,518,S,21,S-21,Phospho (ST),RBM26_HUMAN
Q12830|2370|S|21,Q12830,BPTF,2370,S,21,S-21,Phospho (ST),BPTF_HUMAN
Q96I25|169|S|21,Q96I25,RBM17,169,S,21,S-21,Phospho (ST),SPF45_HUMAN
Q9BY89|1154|S|21,Q9BY89,KIAA1671,1154,S,21,S-21,Phospho (ST),K1671_HUMAN
Q12846|14|S|21,Q12846,STX4,14,S,21,S-21,Phospho (ST),STX4_HUMAN
Q12846|15|S|21,Q12846,STX4,15,S,21,S-21,Phospho (ST),STX4_HUMAN
Q6UN15|304|S|21,Q6UN15,FIP1L1,304,S,21,S-21,Phospho (ST),FIP1_HUMAN
Q32MZ4|714|S|21,Q32MZ4,LRRFIP1,714,S,21,S-21,Phospho (ST),LRRF1_HUMAN
Q8NI27|1516|S|21,Q8NI27,THOC2,1516,S,21,S-21,Phospho (ST),THOC2_HUMAN
Q8NDX5|263|S|21,Q8NDX5,PHC3,263,S,21,S-21,Phospho (ST),PHC3_HUMAN
Q12802|983|S|21,Q12802,AKAP13,983,S,21,S-21,Phospho (ST),AKP13_HUMAN
Q9HCS5|304|S|21,Q9HCS5,EPB41L4A,304,S,21,S-21,Phospho (ST),E41LA_HUMAN
Q9H4X1|97|S|21,Q9H4X1,RGCC,97,S,21,S-21,Phospho (ST),RGCC_HUMAN
Q15648|1023|S|21,Q15648,MED1,1023,S,21,S-21,Phospho (ST),MED1_HUMAN
Q12830|2060|S|21,Q12830,BPTF,2060,S,21,S-21,Phospho (ST),BPTF_HUMAN
Q68CZ2|687|S|21,Q68CZ2,TNS3,687,S,21,S-21,Phospho (ST),TENS3_HUMAN
Q12830|1681|S|21,Q12830,BPTF,1681,S,21,S-21,Phospho (ST),BPTF_HUMAN
Q8IV63|82|S|21,Q8IV63,VRK3,82,S,21,S-21,Phospho (ST),VRK3_HUMAN
Q12830|1677|S|21,Q12830,BPTF,1677,S,21,S-21,Phospho (ST),BPTF_HUMAN
Q9HAW4|225|S|21,Q9HAW4,CLSPN,225,S,21,S-21,Phospho (ST),CLSPN_HUMAN
Q12769|1157|S|21,Q12769,NUP160,1157,S,21,S-21,Phospho (ST),NU160_HUMAN
Q92540|781|S|21,Q92540,SMG7,781,S,21,S-21,Phospho (ST),SMG7_HUMAN
Q12769|1147|S|21,Q12769,NUP160,1147,S,21,S-21,Phospho (ST),NU160_HUMAN
Q8TEM1|1859|S|21,Q8TEM1,NUP210,1859,S,21,S-21,Phospho (ST),PO210_HUMAN
Q7Z5L9|406|S|21,Q7Z5L9,IRF2BP2,406,S,21,S-21,Phospho (ST),I2BP2_HUMAN
Q13541|77|T|21,Q13541,EIF4EBP1,77,T,21,T-21,Phospho (ST),4EBP1_HUMAN
Q12774|184|S|21,Q12774,ARHGEF5,184,S,21,S-21,Phospho (ST),ARHG5_HUMAN
Q96MH2|76|S|21,Q96MH2,HEXIM2,76,S,21,S-21,Phospho (ST),HEXI2_HUMAN
Q12774|1126|S|21,Q12774,ARHGEF5,1126,S,21,S-21,Phospho (ST),ARHG5_HUMAN
Q16584|524|S|21,Q16584,MAP3K11,524,S,21,S-21,Phospho (ST),M3K11_HUMAN
Q8NHG8|21|S|21,Q8NHG8,ZNRF2,21,S,21,S-21,Phospho (ST),ZNRF2_HUMAN
Q0JRZ9|533|S|21,Q0JRZ9,FCHO2,533,S,21,S-21,Phospho (ST),FCHO2_HUMAN
Q9P206|562|S|21,Q9P206,NHSL3,562,S,21,S-21,Phospho (ST),NHSL3_HUMAN
Q12756|1370|S|21,Q12756,KIF1A,1370,S,21,S-21,Phospho (ST),KIF1A_HUMAN
P46821|1066|T|21,P46821,MAP1B,1066,T,21,T-21,Phospho (ST),MAP1B_HUMAN
P46821|1932|T|21,P46821,MAP1B,1932,T,21,T-21,Phospho (ST),MAP1B_HUMAN
Q0VF96|198|S|21,Q0VF96,CGNL1,198,S,21,S-21,Phospho (ST),CGNL1_HUMAN
Q9ULC3|186|S|21,Q9ULC3,RAB23,186,S,21,S-21,Phospho (ST),RAB23_HUMAN
Q12792|143|S|21,Q12792,TWF1,143,S,21,S-21,Phospho (ST),TWF1_HUMAN
Q14789|3010|S|21,Q14789,GOLGB1,3010,S,21,S-21,Phospho (ST),GOGB1_HUMAN
Q12789|739|S|21,Q12789,GTF3C1,739,S,21,S-21,Phospho (ST),TF3C1_HUMAN
Q9C0D5|207|S|21,Q9C0D5,TANC1,207,S,21,S-21,Phospho (ST),TANC1_HUMAN
Q12789|1865|S|21,Q12789,GTF3C1,1865,S,21,S-21,Phospho (ST),TF3C1_HUMAN
Q9Y2W1|928|S|21,Q9Y2W1,THRAP3,928,S,21,S-21,Phospho (ST),TR150_HUMAN
Q92934|75|S|21,Q92934,BAD,75,S,21,S-21,Phospho (ST),BAD_HUMAN
P40123|307|T|21,P40123,CAP2,307,T,21,T-21,Phospho (ST),CAP2_HUMAN
Q13501|277|S|21,Q13501,SQSTM1,277,S,21,S-21,Phospho (ST),SQSTM_HUMAN
Q12797|14|S|21,Q12797,ASPH,14,S,21,S-21,Phospho (ST),ASPH_HUMAN
Q9H7D0|1808|T|21,Q9H7D0,DOCK5,1808,T,21,T-21,Phospho (ST),DOCK5_HUMAN
Q12789|1868|S|21,Q12789,GTF3C1,1868,S,21,S-21,Phospho (ST),TF3C1_HUMAN
Q12888|379|S|21,Q12888,TP53BP1,379,S,21,S-21,Phospho (ST),TP53B_HUMAN
Q96T37|568|T|21,Q96T37,RBM15,568,T,21,T-21,Phospho (ST),RBM15_HUMAN
Q9UKY7|8|S|21,Q9UKY7,CDV3,8,S,21,S-21,Phospho (ST),CDV3_HUMAN
Q12888|380|S|21,Q12888,TP53BP1,380,S,21,S-21,Phospho (ST),TP53B_HUMAN
Q13045|856|S|21,Q13045,FLII,856,S,21,S-21,Phospho (ST),FLII_HUMAN
Q9H8G2|312|S|21,Q9H8G2,CAAP1,312,S,21,S-21,Phospho (ST),CAAP1_HUMAN
O14974|443|T|21,O14974,PPP1R12A,443,T,21,T-21,Phospho (ST),MYPT1_HUMAN
Q12888|294|S|21,Q12888,TP53BP1,294,S,21,S-21,Phospho (ST),TP53B_HUMAN
Q13017|1217|T|21,Q13017,ARHGAP5,1217,T,21,T-21,Phospho (ST),RHG05_HUMAN
P48634|610|T|21,P48634,PRRC2A,610,T,21,T-21,Phospho (ST),PRC2A_HUMAN
Q12888|830|S|21,Q12888,TP53BP1,830,S,21,S-21,Phospho (ST),TP53B_HUMAN
Q86WB0|338|S|21,Q86WB0,ZC3HC1,338,S,21,S-21,Phospho (ST),ZC3C1_HUMAN
Q12888|786|S|21,Q12888,TP53BP1,786,S,21,S-21,Phospho (ST),TP53B_HUMAN
Q8WXH0|4108|S|21,Q8WXH0,SYNE2,4108,S,21,S-21,Phospho (ST),SYNE2_HUMAN
Q12888|999|S|21,Q12888,TP53BP1,999,S,21,S-21,Phospho (ST),TP53B_HUMAN
Q32MZ4|3|S|21,Q32MZ4,LRRFIP1,3,S,21,S-21,Phospho (ST),LRRF1_HUMAN
Q12888|523|S|21,Q12888,TP53BP1,523,S,21,S-21,Phospho (ST),TP53B_HUMAN
Q8IY63|906|S|21,Q8IY63,AMOTL1,906,S,21,S-21,Phospho (ST),AMOL1_HUMAN
Q12873|712|S|21,Q12873,CHD3,712,S,21,S-21,Phospho (ST),CHD3_HUMAN
Q12851|527|S|21,Q12851,MAP4K2,527,S,21,S-21,Phospho (ST),M4K2_HUMAN
Q12857|287|S|21,Q12857,NFIA,287,S,21,S-21,Phospho (ST),NFIA_HUMAN
P00558|406|K|34,P00558,PGK1,406,K,34,K-34,Methylation (K),PGK1_HUMAN
O43399|163|T|21,O43399,TPD52L2,163,T,21,T-21,Phospho (ST),TPD54_HUMAN
Q12888|1426|S|21,Q12888,TP53BP1,1426,S,21,S-21,Phospho (ST),TP53B_HUMAN
Q9NQS7|197|S|21,Q9NQS7,INCENP,197,S,21,S-21,Phospho (ST),INCE_HUMAN
Q9NQS7|214|S|21,Q9NQS7,INCENP,214,S,21,S-21,Phospho (ST),INCE_HUMAN
Q12888|1094|S|21,Q12888,TP53BP1,1094,S,21,S-21,Phospho (ST),TP53B_HUMAN
Q12888|1101|S|21,Q12888,TP53BP1,1101,S,21,S-21,Phospho (ST),TP53B_HUMAN
Q56P03|111|S|21,Q56P03,EAPP,111,S,21,S-21,Phospho (ST),EAPP_HUMAN
Q12888|1430|S|21,Q12888,TP53BP1,1430,S,21,S-21,Phospho (ST),TP53B_HUMAN
Q9Y5J1|206|S|21,Q9Y5J1,UTP18,206,S,21,S-21,Phospho (ST),UTP18_HUMAN
Q08174|962|S|21,Q08174,PCDH1,962,S,21,S-21,Phospho (ST),PCDH1_HUMAN
Q641Q2|1075|S|21,Q641Q2,WASHC2A,1075,S,21,S-21,Phospho (ST),WAC2A_HUMAN
Q08174|973|S|21,Q08174,PCDH1,973,S,21,S-21,Phospho (ST),PCDH1_HUMAN
Q08174|984|S|21,Q08174,PCDH1,984,S,21,S-21,Phospho (ST),PCDH1_HUMAN
Q07960|49|S|21,Q07960,ARHGAP1,49,S,21,S-21,Phospho (ST),RHG01_HUMAN
P56192|824|T|21,P56192,MARS1,824,T,21,T-21,Phospho (ST),SYMC_HUMAN
Q9UKE5|769|S|21,Q9UKE5,TNIK,769,S,21,S-21,Phospho (ST),TNIK_HUMAN
Q7Z4S6|1239|S|21,Q7Z4S6,KIF21A,1239,S,21,S-21,Phospho (ST),KI21A_HUMAN
Q15477|255|S|21,Q15477,SKIC2,255,S,21,S-21,Phospho (ST),SKI2_HUMAN
Q5JSZ5|388|S|21,Q5JSZ5,PRRC2B,388,S,21,S-21,Phospho (ST),PRC2B_HUMAN
Q9H2U2|317|S|21,Q9H2U2,PPA2,317,S,21,S-21,Phospho (ST),IPYR2_HUMAN
Q09666|5851|S|21,Q09666,AHNAK,5851,S,21,S-21,Phospho (ST),AHNK_HUMAN
Q08AD1|416|S|21,Q08AD1,CAMSAP2,416,S,21,S-21,Phospho (ST),CAMP2_HUMAN
Q96RE7|145|S|21,Q96RE7,NACC1,145,S,21,S-21,Phospho (ST),NACC1_HUMAN
Q96KB5|32|S|21,Q96KB5,PBK,32,S,21,S-21,Phospho (ST),TOPK_HUMAN
Q06455|417|S|21,Q06455,RUNX1T1,417,S,21,S-21,Phospho (ST),MTG8_HUMAN
Q9P2B4|560|S|21,Q9P2B4,CTTNBP2NL,560,S,21,S-21,Phospho (ST),CT2NL_HUMAN
Q9BVC5|184|S|21,Q9BVC5,C2orf49,184,S,21,S-21,Phospho (ST),ASHWN_HUMAN
Q07002|134|S|21,Q07002,CDK18,134,S,21,S-21,Phospho (ST),CDK18_HUMAN
Q6ZS17|22|S|21,Q6ZS17,RIPOR1,22,S,21,S-21,Phospho (ST),RIPR1_HUMAN
P62995|203|T|21,P62995,TRA2B,203,T,21,T-21,Phospho (ST),TRA2B_HUMAN
P12270|2116|T|21,P12270,TPR,2116,T,21,T-21,Phospho (ST),TPR_HUMAN
Q05655|654|S|21,Q05655,PRKCD,654,S,21,S-21,Phospho (ST),KPCD_HUMAN
Q96Q42|1462|S|21,Q96Q42,ALS2,1462,S,21,S-21,Phospho (ST),ALS2_HUMAN
Q07343|319|S|21,Q07343,PDE4B,319,S,21,S-21,Phospho (ST),PDE4B_HUMAN
Q96F45|102|S|21,Q96F45,ZNF503,102,S,21,S-21,Phospho (ST),ZN503_HUMAN
Q17R98|760|S|21,Q17R98,ZNF827,760,S,21,S-21,Phospho (ST),ZN827_HUMAN
Q07157|617|S|21,Q07157,TJP1,617,S,21,S-21,Phospho (ST),ZO1_HUMAN
Q8ND56|182|S|21,Q8ND56,LSM14A,182,S,21,S-21,Phospho (ST),LS14A_HUMAN
Q07157|329|S|21,Q07157,TJP1,329,S,21,S-21,Phospho (ST),ZO1_HUMAN
Q07021|201|S|21,Q07021,C1QBP,201,S,21,S-21,Phospho (ST),C1QBP_HUMAN
Q15648|1049|S|21,Q15648,MED1,1049,S,21,S-21,Phospho (ST),MED1_HUMAN
Q07157|175|S|21,Q07157,TJP1,175,S,21,S-21,Phospho (ST),ZO1_HUMAN
Q8IYB3|581|T|21,Q8IYB3,SRRM1,581,T,21,T-21,Phospho (ST),SRRM1_HUMAN
Q07157|297|S|21,Q07157,TJP1,297,S,21,S-21,Phospho (ST),ZO1_HUMAN
Q07157|300|S|21,Q07157,TJP1,300,S,21,S-21,Phospho (ST),ZO1_HUMAN
Q09666|559|S|21,Q09666,AHNAK,559,S,21,S-21,Phospho (ST),AHNK_HUMAN
Q9BTC8|457|S|21,Q9BTC8,MTA3,457,S,21,S-21,Phospho (ST),MTA3_HUMAN
Q09666|5752|S|21,Q09666,AHNAK,5752,S,21,S-21,Phospho (ST),AHNK_HUMAN
Q8IYB3|696|S|21,Q8IYB3,SRRM1,696,S,21,S-21,Phospho (ST),SRRM1_HUMAN
Q13895|98|S|21,Q13895,BYSL,98,S,21,S-21,Phospho (ST),BYST_HUMAN
Q09666|5763|S|21,Q09666,AHNAK,5763,S,21,S-21,Phospho (ST),AHNK_HUMAN
Q09666|5448|S|21,Q09666,AHNAK,5448,S,21,S-21,Phospho (ST),AHNK_HUMAN
Q8WWI1|1493|S|21,Q8WWI1,LMO7,1493,S,21,S-21,Phospho (ST),LMO7_HUMAN
Q09666|5830|S|21,Q09666,AHNAK,5830,S,21,S-21,Phospho (ST),AHNK_HUMAN
Q0JRZ9|493|S|21,Q0JRZ9,FCHO2,493,S,21,S-21,Phospho (ST),FCHO2_HUMAN
Q8N1G0|519|S|21,Q8N1G0,ZNF687,519,S,21,S-21,Phospho (ST),ZN687_HUMAN
Q96JM3|308|S|21,Q96JM3,CHAMP1,308,S,21,S-21,Phospho (ST),CHAP1_HUMAN
Q96JM3|319|S|21,Q96JM3,CHAMP1,319,S,21,S-21,Phospho (ST),CHAP1_HUMAN
Q09666|5780|S|21,Q09666,AHNAK,5780,S,21,S-21,Phospho (ST),AHNK_HUMAN
Q09666|5782|S|21,Q09666,AHNAK,5782,S,21,S-21,Phospho (ST),AHNK_HUMAN
Q09666|5762|S|21,Q09666,AHNAK,5762,S,21,S-21,Phospho (ST),AHNK_HUMAN
Q13442|63|S|21,Q13442,PDAP1,63,S,21,S-21,Phospho (ST),HAP28_HUMAN
Q8WUF5|358|S|21,Q8WUF5,PPP1R13L,358,S,21,S-21,Phospho (ST),IASPP_HUMAN
Q9H7D0|1789|S|21,Q9H7D0,DOCK5,1789,S,21,S-21,Phospho (ST),DOCK5_HUMAN
Q09666|5790|S|21,Q09666,AHNAK,5790,S,21,S-21,Phospho (ST),AHNK_HUMAN
Q96RT1|932|S|21,Q96RT1,ERBIN,932,S,21,S-21,Phospho (ST),ERBIN_HUMAN
Q09666|106|S|21,Q09666,AHNAK,106,S,21,S-21,Phospho (ST),AHNK_HUMAN
Q9H7N4|238|Y|21,Q9H7N4,SCAF1,238,Y,21,Y-21,Phospho (Y),SFR19_HUMAN
Q86W92|1009|S|21,Q86W92,PPFIBP1,1009,S,21,S-21,Phospho (ST),LIPB1_HUMAN
Q08AD1|464|S|21,Q08AD1,CAMSAP2,464,S,21,S-21,Phospho (ST),CAMP2_HUMAN
Q9UPN4|381|S|21,Q9UPN4,CEP131,381,S,21,S-21,Phospho (ST),CP131_HUMAN
Q9Y520|878|S|21,Q9Y520,PRRC2C,878,S,21,S-21,Phospho (ST),PRC2C_HUMAN
Q08J23|456|S|21,Q08J23,NSUN2,456,S,21,S-21,Phospho (ST),NSUN2_HUMAN
Q8NEN9|538|S|21,Q8NEN9,PDZD8,538,S,21,S-21,Phospho (ST),PDZD8_HUMAN
Q09019|495|S|21,Q09019,DMWD,495,S,21,S-21,Phospho (ST),DMWD_HUMAN
Q9Y4F1|23|S|21,Q9Y4F1,FARP1,23,S,21,S-21,Phospho (ST),FARP1_HUMAN
Q09666|3412|S|21,Q09666,AHNAK,3412,S,21,S-21,Phospho (ST),AHNK_HUMAN
Q8IVF2|593|S|21,Q8IVF2,AHNAK2,593,S,21,S-21,Phospho (ST),AHNK2_HUMAN
Q8IVF2|4477|S|21,Q8IVF2,AHNAK2,4477,S,21,S-21,Phospho (ST),AHNK2_HUMAN
Q09666|3411|S|21,Q09666,AHNAK,3411,S,21,S-21,Phospho (ST),AHNK_HUMAN
Q8WVV4|98|S|21,Q8WVV4,POF1B,98,S,21,S-21,Phospho (ST),POF1B_HUMAN
Q09666|4908|S|21,Q09666,AHNAK,4908,S,21,S-21,Phospho (ST),AHNK_HUMAN
Q8WWI1|704|S|21,Q8WWI1,LMO7,704,S,21,S-21,Phospho (ST),LMO7_HUMAN
Q09666|210|S|21,Q09666,AHNAK,210,S,21,S-21,Phospho (ST),AHNK_HUMAN
Q09666|177|S|21,Q09666,AHNAK,177,S,21,S-21,Phospho (ST),AHNK_HUMAN
Q09666|490|T|21,Q09666,AHNAK,490,T,21,T-21,Phospho (ST),AHNK_HUMAN
Q9UMS6|904|T|21,Q9UMS6,SYNPO2,904,T,21,T-21,Phospho (ST),SYNP2_HUMAN
P52756|69|S|21,P52756,RBM5,69,S,21,S-21,Phospho (ST),RBM5_HUMAN
Q9UQ35|1318|S|23,Q9UQ35,SRRM2,1318,S,23,S-23,Phospho (ST),SRRM2_HUMAN
P52756|72|S|21,P52756,RBM5,72,S,21,S-21,Phospho (ST),RBM5_HUMAN
P52756|78|S|21,P52756,RBM5,78,S,21,S-21,Phospho (ST),RBM5_HUMAN
P52888|16|S|21,P52888,THOP1,16,S,21,S-21,Phospho (ST),THOP1_HUMAN
P52701|14|S|21,P52701,MSH6,14,S,21,S-21,Phospho (ST),MSH6_HUMAN
Q2KHR2|1128|S|21,Q2KHR2,RFX7,1128,S,21,S-21,Phospho (ST),RFX7_HUMAN
Q53SF7|1070|S|21,Q53SF7,COBLL1,1070,S,21,S-21,Phospho (ST),COBL1_HUMAN
Q14151|444|S|21,Q14151,SAFB2,444,S,21,S-21,Phospho (ST),SAFB2_HUMAN
Q14684|731|S|21,Q14684,RRP1B,731,S,21,S-21,Phospho (ST),RRP1B_HUMAN
Q8TCJ2|18|S|21,Q8TCJ2,STT3B,18,S,21,S-21,Phospho (ST),STT3B_HUMAN
Q9UQ88|583|T|21,Q9UQ88,CDK11A,583,T,21,T-21,Phospho (ST),CD11A_HUMAN
Q9BPX5|64|S|21,Q9BPX5,ARPC5L,64,S,21,S-21,Phospho (ST),ARP5L_HUMAN
Q9Y2H1|282|S|21,Q9Y2H1,STK38L,282,S,21,S-21,Phospho (ST),ST38L_HUMAN
Q9NYL2|633|S|21,Q9NYL2,MAP3K20,633,S,21,S-21,Phospho (ST),M3K20_HUMAN
P52948|608|S|21,P52948,NUP98,608,S,21,S-21,Phospho (ST),NUP98_HUMAN
Q7Z2W4|387|S|21,Q7Z2W4,ZC3HAV1,387,S,21,S-21,Phospho (ST),ZCCHV_HUMAN
P52948|612|S|21,P52948,NUP98,612,S,21,S-21,Phospho (ST),NUP98_HUMAN
Q56P03|109|S|21,Q56P03,EAPP,109,S,21,S-21,Phospho (ST),EAPP_HUMAN
P52948|623|S|21,P52948,NUP98,623,S,21,S-21,Phospho (ST),NUP98_HUMAN
Q8N5F7|149|S|21,Q8N5F7,NKAP,149,S,21,S-21,Phospho (ST),NKAP_HUMAN
Q9NQ55|359|S|21,Q9NQ55,PPAN,359,S,21,S-21,Phospho (ST),SSF1_HUMAN
Q9H7N4|734|S|21,Q9H7N4,SCAF1,734,S,21,S-21,Phospho (ST),SFR19_HUMAN
P52926|44|S|21,P52926,HMGA2,44,S,21,S-21,Phospho (ST),HMGA2_HUMAN
Q13112|428|S|21,Q13112,CHAF1B,428,S,21,S-21,Phospho (ST),CAF1B_HUMAN
P51858|165|S|21,P51858,HDGF,165,S,21,S-21,Phospho (ST),HDGF_HUMAN
Q9NYF8|512|S|21,Q9NYF8,BCLAF1,512,S,21,S-21,Phospho (ST),BCLF1_HUMAN
Q9UQ35|1003|T|21,Q9UQ35,SRRM2,1003,T,21,T-21,Phospho (ST),SRRM2_HUMAN
Q8IYB3|220|T|21,Q8IYB3,SRRM1,220,T,21,T-21,Phospho (ST),SRRM1_HUMAN
P11142|561|K|37,P11142,HSPA8,561,K,37,K-37,Methylation (K),HSP7C_HUMAN
P51965|2|S|21,P51965,UBE2E1,2,S,21,S-21,Phospho (ST),UB2E1_HUMAN
P82673|295|S|21,P82673,MRPS35,295,S,21,S-21,Phospho (ST),RT35_HUMAN
P51692|128|S|21,P51692,STAT5B,128,S,21,S-21,Phospho (ST),STA5B_HUMAN
Q9UNY4|460|S|21,Q9UNY4,TTF2,460,S,21,S-21,Phospho (ST),TTF2_HUMAN
P51674|270|S|21,P51674,GPM6A,270,S,21,S-21,Phospho (ST),GPM6A_HUMAN
Q14194|63|R|7,Q14194,CRMP1,63,R,7,R-7,Citrulline,DPYL1_HUMAN
P02686|232|T|21,P02686,MBP,232,T,21,T-21,Phospho (ST),MBP_HUMAN
P51812|369|S|21,P51812,RPS6KA3,369,S,21,S-21,Phospho (ST),KS6A3_HUMAN
P62995|201|T|21,P62995,TRA2B,201,T,21,T-21,Phospho (ST),TRA2B_HUMAN
Q9BZL6|199|T|21,Q9BZL6,PRKD2,199,T,21,T-21,Phospho (ST),KPCD2_HUMAN
Q8ND56|183|S|21,Q8ND56,LSM14A,183,S,21,S-21,Phospho (ST),LS14A_HUMAN
P56524|467|S|21,P56524,HDAC4,467,S,21,S-21,Phospho (ST),HDAC4_HUMAN
P52594|167|S|21,P52594,AGFG1,167,S,21,S-21,Phospho (ST),AGFG1_HUMAN
Q7Z6Z7|1903|S|21,Q7Z6Z7,HUWE1,1903,S,21,S-21,Phospho (ST),HUWE1_HUMAN
P52292|62|S|21,P52292,KPNA2,62,S,21,S-21,Phospho (ST),IMA1_HUMAN
Q9NTJ3|41|S|21,Q9NTJ3,SMC4,41,S,21,S-21,Phospho (ST),SMC4_HUMAN
P52272|633|S|21,P52272,HNRNPM,633,S,21,S-21,Phospho (ST),HNRPM_HUMAN
Q96E09|189|S|21,Q96E09,PABIR1,189,S,21,S-21,Phospho (ST),PBIR1_HUMAN
P54259|77|S|21,P54259,ATN1,77,S,21,S-21,Phospho (ST),ATN1_HUMAN
P54259|79|S|21,P54259,ATN1,79,S,21,S-21,Phospho (ST),ATN1_HUMAN
P54259|661|S|21,P54259,ATN1,661,S,21,S-21,Phospho (ST),ATN1_HUMAN
Q04721|1854|S|21,Q04721,NOTCH2,1854,S,21,S-21,Phospho (ST),NOTC2_HUMAN
P54132|147|S|21,P54132,BLM,147,S,21,S-21,Phospho (ST),BLM_HUMAN
Q9H223|459|S|21,Q9H223,EHD4,459,S,21,S-21,Phospho (ST),EHD4_HUMAN
Q68CZ2|850|S|21,Q68CZ2,TNS3,850,S,21,S-21,Phospho (ST),TENS3_HUMAN
P55081|116|S|21,P55081,MFAP1,116,S,21,S-21,Phospho (ST),MFAP1_HUMAN
Q9Y2X7|592|S|21,Q9Y2X7,GIT1,592,S,21,S-21,Phospho (ST),GIT1_HUMAN
P55081|258|S|21,P55081,MFAP1,258,S,21,S-21,Phospho (ST),MFAP1_HUMAN
Q16637|31|S|21,Q16637,SMN1,31,S,21,S-21,Phospho (ST),SMN_HUMAN
P55011|265|S|21,P55011,SLC12A2,265,S,21,S-21,Phospho (ST),S12A2_HUMAN
Q92692|433|S|21,Q92692,NECTIN2,433,S,21,S-21,Phospho (ST),NECT2_HUMAN
Q13283|149|S|21,Q13283,G3BP1,149,S,21,S-21,Phospho (ST),G3BP1_HUMAN
P55196|1173|S|21,P55196,AFDN,1173,S,21,S-21,Phospho (ST),AFAD_HUMAN
P55196|1182|S|21,P55196,AFDN,1182,S,21,S-21,Phospho (ST),AFAD_HUMAN
P61978|284|S|21,P61978,HNRNPK,284,S,21,S-21,Phospho (ST),HNRPK_HUMAN
Q92609|541|S|21,Q92609,TBC1D5,541,S,21,S-21,Phospho (ST),TBCD5_HUMAN
P55011|123|S|21,P55011,SLC12A2,123,S,21,S-21,Phospho (ST),S12A2_HUMAN
Q9UKE5|548|S|21,Q9UKE5,TNIK,548,S,21,S-21,Phospho (ST),TNIK_HUMAN
P54578|143|S|21,P54578,USP14,143,S,21,S-21,Phospho (ST),UBP14_HUMAN
P08238|596|Y|21,P08238,HSP90AB1,596,Y,21,Y-21,Phospho (Y),HS90B_HUMAN
P54727|160|S|21,P54727,RAD23B,160,S,21,S-21,Phospho (ST),RD23B_HUMAN
Q9H019|238|S|21,Q9H019,MTFR1L,238,S,21,S-21,Phospho (ST),MFR1L_HUMAN
P53396|663|S|21,P53396,ACLY,663,S,21,S-21,Phospho (ST),ACLY_HUMAN
Q5U651|331|S|21,Q5U651,RASIP1,331,S,21,S-21,Phospho (ST),RAIN_HUMAN
Q8N5C8|383|S|21,Q8N5C8,TAB3,383,S,21,S-21,Phospho (ST),TAB3_HUMAN
Q01995|78|K|34,Q01995,TAGLN,78,K,34,K-34,Methylation (K),TAGL_HUMAN
P52948|888|S|21,P52948,NUP98,888,S,21,S-21,Phospho (ST),NUP98_HUMAN
Q8ND56|216|S|21,Q8ND56,LSM14A,216,S,21,S-21,Phospho (ST),LS14A_HUMAN
P52948|839|S|21,P52948,NUP98,839,S,21,S-21,Phospho (ST),NUP98_HUMAN
Q7KZ85|1535|S|21,Q7KZ85,SUPT6H,1535,S,21,S-21,Phospho (ST),SPT6H_HUMAN
P53367|79|S|21,P53367,ARFIP1,79,S,21,S-21,Phospho (ST),ARFP1_HUMAN
P55265|614|S|21,P55265,ADAR,614,S,21,S-21,Phospho (ST),DSRAD_HUMAN
Q96F86|161|S|21,Q96F86,EDC3,161,S,21,S-21,Phospho (ST),EDC3_HUMAN
P52948|932|S|21,P52948,NUP98,932,S,21,S-21,Phospho (ST),NUP98_HUMAN
Q9Y2W1|55|S|21,Q9Y2W1,THRAP3,55,S,21,S-21,Phospho (ST),TR150_HUMAN
P53985|467|S|21,P53985,SLC16A1,467,S,21,S-21,Phospho (ST),MOT1_HUMAN
Q86UP2|75|S|21,Q86UP2,KTN1,75,S,21,S-21,Phospho (ST),KTN1_HUMAN
P53985|461|S|21,P53985,SLC16A1,461,S,21,S-21,Phospho (ST),MOT1_HUMAN
Q9UKJ3|740|S|21,Q9UKJ3,GPATCH8,740,S,21,S-21,Phospho (ST),GPTC8_HUMAN
P53814|251|S|21,P53814,SMTN,251,S,21,S-21,Phospho (ST),SMTN_HUMAN
Q8N1G2|63|S|21,Q8N1G2,CMTR1,63,S,21,S-21,Phospho (ST),CMTR1_HUMAN
P49792|788|S|21,P49792,RANBP2,788,S,21,S-21,Phospho (ST),RBP2_HUMAN
Q5T200|66|R|36,Q5T200,ZC3H13,66,R,36,R-36,Methylation (R),ZC3HD_HUMAN
Q9ULJ3|345|S|21,Q9ULJ3,ZBTB21,345,S,21,S-21,Phospho (ST),ZBT21_HUMAN
Q9HCG8|102|S|21,Q9HCG8,CWC22,102,S,21,S-21,Phospho (ST),CWC22_HUMAN
P49815|1132|S|21,P49815,TSC2,1132,S,21,S-21,Phospho (ST),TSC2_HUMAN
Q7Z309|25|S|21,Q7Z309,PABIR2,25,S,21,S-21,Phospho (ST),PBIR2_HUMAN
P49792|2290|S|21,P49792,RANBP2,2290,S,21,S-21,Phospho (ST),RBP2_HUMAN
Q6ZRS2|3161|S|21,Q6ZRS2,SRCAP,3161,S,21,S-21,Phospho (ST),SRCAP_HUMAN
Q8TBE7|4|S|21,Q8TBE7,SLC35G2,4,S,21,S-21,Phospho (ST),S35G2_HUMAN
P49959|649|S|21,P49959,MRE11,649,S,21,S-21,Phospho (ST),MRE11_HUMAN
P50402|171|S|21,P50402,EMD,171,S,21,S-21,Phospho (ST),EMD_HUMAN
Q6P0Q8|148|S|21,Q6P0Q8,MAST2,148,S,21,S-21,Phospho (ST),MAST2_HUMAN
P50402|49|S|21,P50402,EMD,49,S,21,S-21,Phospho (ST),EMD_HUMAN
P50402|52|S|21,P50402,EMD,52,S,21,S-21,Phospho (ST),EMD_HUMAN
P49916|210|S|21,P49916,LIG3,210,S,21,S-21,Phospho (ST),DNLI3_HUMAN
Q03252|418|T|21,Q03252,LMNB2,418,T,21,T-21,Phospho (ST),LMNB2_HUMAN
Q9H307|66|S|21,Q9H307,PNN,66,S,21,S-21,Phospho (ST),PININ_HUMAN
Q9UPY8|162|S|21,Q9UPY8,MAPRE3,162,S,21,S-21,Phospho (ST),MARE3_HUMAN
P49915|332|S|21,P49915,GMPS,332,S,21,S-21,Phospho (ST),GUAA_HUMAN
Q15678|314|S|21,Q15678,PTPN14,314,S,21,S-21,Phospho (ST),PTN14_HUMAN
Q5QJE6|117|S|21,Q5QJE6,DNTTIP2,117,S,21,S-21,Phospho (ST),TDIF2_HUMAN
P49768|366|S|21,P49768,PSEN1,366,S,21,S-21,Phospho (ST),PSN1_HUMAN
P49768|367|S|21,P49768,PSEN1,367,S,21,S-21,Phospho (ST),PSN1_HUMAN
P49761|226|S|21,P49761,CLK3,226,S,21,S-21,Phospho (ST),CLK3_HUMAN
Q8NFC6|2780|S|21,Q8NFC6,BOD1L1,2780,S,21,S-21,Phospho (ST),BD1L1_HUMAN
P49790|334|S|21,P49790,NUP153,334,S,21,S-21,Phospho (ST),NU153_HUMAN
Q13636|35|S|21,Q13636,RAB31,35,S,21,S-21,Phospho (ST),RAB31_HUMAN
P49790|174|S|21,P49790,NUP153,174,S,21,S-21,Phospho (ST),NU153_HUMAN
Q86UU0|88|S|21,Q86UU0,BCL9L,88,S,21,S-21,Phospho (ST),BCL9L_HUMAN
P49757|295|S|21,P49757,NUMB,295,S,21,S-21,Phospho (ST),NUMB_HUMAN
Q15424|580|S|21,Q15424,SAFB,580,S,21,S-21,Phospho (ST),SAFB1_HUMAN
Q7Z5J4|538|S|21,Q7Z5J4,RAI1,538,S,21,S-21,Phospho (ST),RAI1_HUMAN
Q9Y4H2|620|S|21,Q9Y4H2,IRS2,620,S,21,S-21,Phospho (ST),IRS2_HUMAN
P49761|224|S|21,P49761,CLK3,224,S,21,S-21,Phospho (ST),CLK3_HUMAN
P49757|438|S|21,P49757,NUMB,438,S,21,S-21,Phospho (ST),NUMB_HUMAN
Q15059|245|K|53,Q15059,BRD3,245,K,53,K-53,HNE,BRD3_HUMAN
Q6WKZ4|358|T|21,Q6WKZ4,RAB11FIP1,358,T,21,T-21,Phospho (ST),RFIP1_HUMAN
P49792|1509|S|21,P49792,RANBP2,1509,S,21,S-21,Phospho (ST),RBP2_HUMAN
Q14573|937|S|21,Q14573,ITPR3,937,S,21,S-21,Phospho (ST),ITPR3_HUMAN
Q8NC51|202|S|21,Q8NC51,SERBP1,202,S,21,S-21,Phospho (ST),SERB1_HUMAN
Q8WYP5|1232|S|21,Q8WYP5,AHCTF1,1232,S,21,S-21,Phospho (ST),ELYS_HUMAN
P49792|1400|S|21,P49792,RANBP2,1400,S,21,S-21,Phospho (ST),RBP2_HUMAN
Q8IWW6|240|S|21,Q8IWW6,ARHGAP12,240,S,21,S-21,Phospho (ST),RHG12_HUMAN
Q9NQZ2|365|S|21,Q9NQZ2,UTP3,365,S,21,S-21,Phospho (ST),SAS10_HUMAN
Q9Y5J1|210|S|21,Q9Y5J1,UTP18,210,S,21,S-21,Phospho (ST),UTP18_HUMAN
P51532|610|S|21,P51532,SMARCA4,610,S,21,S-21,Phospho (ST),SMCA4_HUMAN
P51532|613|S|21,P51532,SMARCA4,613,S,21,S-21,Phospho (ST),SMCA4_HUMAN
P51532|1452|S|21,P51532,SMARCA4,1452,S,21,S-21,Phospho (ST),SMCA4_HUMAN
Q96G74|64|S|21,Q96G74,OTUD5,64,S,21,S-21,Phospho (ST),OTUD5_HUMAN
P51532|1422|S|21,P51532,SMARCA4,1422,S,21,S-21,Phospho (ST),SMCA4_HUMAN
Q9BYW2|459|S|21,Q9BYW2,SETD2,459,S,21,S-21,Phospho (ST),SETD2_HUMAN
P51532|1627|S|21,P51532,SMARCA4,1627,S,21,S-21,Phospho (ST),SMCA4_HUMAN
P51532|1631|S|21,P51532,SMARCA4,1631,S,21,S-21,Phospho (ST),SMCA4_HUMAN
P51532|1575|S|21,P51532,SMARCA4,1575,S,21,S-21,Phospho (ST),SMCA4_HUMAN
P51532|1586|S|21,P51532,SMARCA4,1586,S,21,S-21,Phospho (ST),SMCA4_HUMAN
Q5SW79|630|S|21,Q5SW79,CEP170,630,S,21,S-21,Phospho (ST),CE170_HUMAN
Q8IX90|119|S|21,Q8IX90,SKA3,119,S,21,S-21,Phospho (ST),SKA3_HUMAN
P51610|411|S|21,P51610,HCFC1,411,S,21,S-21,Phospho (ST),HCFC1_HUMAN
Q8WVC0|151|S|21,Q8WVC0,LEO1,151,S,21,S-21,Phospho (ST),LEO1_HUMAN
P51610|597|S|21,P51610,HCFC1,597,S,21,S-21,Phospho (ST),HCFC1_HUMAN
Q9NRH2|518|S|21,Q9NRH2,SNRK,518,S,21,S-21,Phospho (ST),SNRK_HUMAN
P51674|267|S|21,P51674,GPM6A,267,S,21,S-21,Phospho (ST),GPM6A_HUMAN
P61266|14|S|21,P61266,STX1B,14,S,21,S-21,Phospho (ST),STX1B_HUMAN
P51610|6|S|21,P51610,HCFC1,6,S,21,S-21,Phospho (ST),HCFC1_HUMAN
Q9UKV3|410|S|21,Q9UKV3,ACIN1,410,S,21,S-21,Phospho (ST),ACINU_HUMAN
P07197|142|S|23,P07197,NEFM,142,S,23,S-23,Phospho (ST),NFM_HUMAN
P78559|1653|T|21,P78559,MAP1A,1653,T,21,T-21,Phospho (ST),MAP1A_HUMAN
Q8IXJ6|365|T|21,Q8IXJ6,SIRT2,365,T,21,T-21,Phospho (ST),SIR2_HUMAN
P78559|894|T|21,P78559,MAP1A,894,T,21,T-21,Phospho (ST),MAP1A_HUMAN
Q08495|91|T|21,Q08495,DMTN,91,T,21,T-21,Phospho (ST),DEMA_HUMAN
Q16555|537|S|21,Q16555,DPYSL2,537,S,21,S-21,Phospho (ST),DPYL2_HUMAN
Q14CZ8|278|S|21,Q14CZ8,HEPACAM,278,S,21,S-21,Phospho (ST),HECAM_HUMAN
Q8IVF5|1583|S|21,Q8IVF5,TIAM2,1583,S,21,S-21,Phospho (ST),TIAM2_HUMAN
Q9P289|4|S|21,Q9P289,STK26,4,S,21,S-21,Phospho (ST),STK26_HUMAN
P51608|229|S|21,P51608,MECP2,229,S,21,S-21,Phospho (ST),MECP2_HUMAN
P51610|1497|S|21,P51610,HCFC1,1497,S,21,S-21,Phospho (ST),HCFC1_HUMAN
Q8IXT5|280|S|21,Q8IXT5,RBM12B,280,S,21,S-21,Phospho (ST),RB12B_HUMAN
P62306|2|S|21,P62306,SNRPF,2,S,21,S-21,Phospho (ST),RUXF_HUMAN
Q2TBE0|484|S|21,Q2TBE0,CWF19L2,484,S,21,S-21,Phospho (ST),C19L2_HUMAN
Q9BXS9|752|S|21,Q9BXS9,SLC26A6,752,S,21,S-21,Phospho (ST),S26A6_HUMAN
P51610|3|S|21,P51610,HCFC1,3,S,21,S-21,Phospho (ST),HCFC1_HUMAN
Q9Y3R5|1193|S|21,Q9Y3R5,DOP1B,1193,S,21,S-21,Phospho (ST),DOP2_HUMAN
Q9Y6X4|636|S|21,Q9Y6X4,FAM169A,636,S,21,S-21,Phospho (ST),F169A_HUMAN
Q9NSK0|593|Y|21,Q9NSK0,KLC4,593,Y,21,Y-21,Phospho (Y),KLC4_HUMAN
P50548|20|S|21,P50548,ERF,20,S,21,S-21,Phospho (ST),ERF_HUMAN
Q15262|856|S|21,Q15262,PTPRK,856,S,21,S-21,Phospho (ST),PTPRK_HUMAN
P50548|21|S|21,P50548,ERF,21,S,21,S-21,Phospho (ST),ERF_HUMAN
Q13263|453|S|21,Q13263,TRIM28,453,S,21,S-21,Phospho (ST),TIF1B_HUMAN
O75569|20|T|21,O75569,PRKRA,20,T,21,T-21,Phospho (ST),PRKRA_HUMAN
Q15047|1063|Y|21,Q15047,SETDB1,1063,Y,21,Y-21,Phospho (Y),SETB1_HUMAN
P50479|120|S|21,P50479,PDLIM4,120,S,21,S-21,Phospho (ST),PDLI4_HUMAN
Q9NQC3|107|S|21,Q9NQC3,RTN4,107,S,21,S-21,Phospho (ST),RTN4_HUMAN
Q9Y653|690|S|21,Q9Y653,ADGRG1,690,S,21,S-21,Phospho (ST),AGRG1_HUMAN
P50402|8|S|21,P50402,EMD,8,S,21,S-21,Phospho (ST),EMD_HUMAN
Q8TD55|390|S|21,Q8TD55,PLEKHO2,390,S,21,S-21,Phospho (ST),PKHO2_HUMAN
P51531|1528|S|21,P51531,SMARCA2,1528,S,21,S-21,Phospho (ST),SMCA2_HUMAN
Q9UKV3|388|S|21,Q9UKV3,ACIN1,388,S,21,S-21,Phospho (ST),ACINU_HUMAN
P51531|1377|S|21,P51531,SMARCA2,1377,S,21,S-21,Phospho (ST),SMCA2_HUMAN
Q6ZRV2|914|S|21,Q6ZRV2,FAM83H,914,S,21,S-21,Phospho (ST),FA83H_HUMAN
P50914|139|S|21,P50914,RPL14,139,S,21,S-21,Phospho (ST),RL14_HUMAN
Q9UQ35|2583|T|21,Q9UQ35,SRRM2,2583,T,21,T-21,Phospho (ST),SRRM2_HUMAN
P78559|1675|S|21,P78559,MAP1A,1675,S,21,S-21,Phospho (ST),MAP1A_HUMAN
Q96EB6|47|S|21,Q96EB6,SIRT1,47,S,21,S-21,Phospho (ST),SIR1_HUMAN
P78559|1791|S|21,P78559,MAP1A,1791,S,21,S-21,Phospho (ST),MAP1A_HUMAN
Q8NC56|139|S|21,Q8NC56,LEMD2,139,S,21,S-21,Phospho (ST),LEMD2_HUMAN
Q9UBI9|268|S|21,Q9UBI9,HECA,268,S,21,S-21,Phospho (ST),HDC_HUMAN
P78559|1797|S|21,P78559,MAP1A,1797,S,21,S-21,Phospho (ST),MAP1A_HUMAN
P78559|1801|S|21,P78559,MAP1A,1801,S,21,S-21,Phospho (ST),MAP1A_HUMAN
P78559|1761|S|21,P78559,MAP1A,1761,S,21,S-21,Phospho (ST),MAP1A_HUMAN
P06239|192|Y|21,P06239,LCK,192,Y,21,Y-21,Phospho (Y),LCK_HUMAN
P06733|44|Y|21,P06733,ENO1,44,Y,21,Y-21,Phospho (Y),ENOA_HUMAN
P78559|1674|T|21,P78559,MAP1A,1674,T,21,T-21,Phospho (ST),MAP1A_HUMAN
P78559|1776|S|21,P78559,MAP1A,1776,S,21,S-21,Phospho (ST),MAP1A_HUMAN
Q5T5Y3|563|S|21,Q5T5Y3,CAMSAP1,563,S,21,S-21,Phospho (ST),CAMP1_HUMAN
P78559|2451|S|21,P78559,MAP1A,2451,S,21,S-21,Phospho (ST),MAP1A_HUMAN
P78559|1144|S|21,P78559,MAP1A,1144,S,21,S-21,Phospho (ST),MAP1A_HUMAN
Q9UJ14|75|S|21,Q9UJ14,GGT7,75,S,21,S-21,Phospho (ST),GGT7_HUMAN
Q9ULJ7|1165|S|21,Q9ULJ7,ANKRD50,1165,S,21,S-21,Phospho (ST),ANR50_HUMAN
P78559|1069|S|21,P78559,MAP1A,1069,S,21,S-21,Phospho (ST),MAP1A_HUMAN
Q7Z3B3|1045|S|21,Q7Z3B3,KANSL1,1045,S,21,S-21,Phospho (ST),KANL1_HUMAN
P78559|1172|S|21,P78559,MAP1A,1172,S,21,S-21,Phospho (ST),MAP1A_HUMAN
Q2KJY2|1006|S|21,Q2KJY2,KIF26B,1006,S,21,S-21,Phospho (ST),KI26B_HUMAN
Q9UHD8|41|S|21,Q9UHD8,SEPTIN9,41,S,21,S-21,Phospho (ST),SEPT9_HUMAN
Q9UKA4|1100|T|21,Q9UKA4,AKAP11,1100,T,21,T-21,Phospho (ST),AKA11_HUMAN
Q9H0C8|13|S|21,Q9H0C8,ILKAP,13,S,21,S-21,Phospho (ST),ILKAP_HUMAN
Q14814|231|S|21,Q14814,MEF2D,231,S,21,S-21,Phospho (ST),MEF2D_HUMAN
P78559|891|S|21,P78559,MAP1A,891,S,21,S-21,Phospho (ST),MAP1A_HUMAN
Q86VQ1|172|S|21,Q86VQ1,GLCCI1,172,S,21,S-21,Phospho (ST),GLCI1_HUMAN
P78559|2106|S|21,P78559,MAP1A,2106,S,21,S-21,Phospho (ST),MAP1A_HUMAN
P78559|2105|T|21,P78559,MAP1A,2105,T,21,T-21,Phospho (ST),MAP1A_HUMAN
P78559|2104|S|21,P78559,MAP1A,2104,S,21,S-21,Phospho (ST),MAP1A_HUMAN
Q13542|44|S|21,Q13542,EIF4EBP2,44,S,21,S-21,Phospho (ST),4EBP2_HUMAN
P78317|94|S|21,P78317,RNF4,94,S,21,S-21,Phospho (ST),RNF4_HUMAN
P78317|95|S|21,P78317,RNF4,95,S,21,S-21,Phospho (ST),RNF4_HUMAN
P78316|148|S|21,P78316,NOP14,148,S,21,S-21,Phospho (ST),NOP14_HUMAN
Q9UDY2|431|S|21,Q9UDY2,TJP2,431,S,21,S-21,Phospho (ST),ZO2_HUMAN
Q86X95|305|S|21,Q86X95,CIR1,305,S,21,S-21,Phospho (ST),CIR1_HUMAN
P67870|209|S|21,P67870,CSNK2B,209,S,21,S-21,Phospho (ST),CSK2B_HUMAN
Q13523|849|Y|21,Q13523,PRPF4B,849,Y,21,Y-21,Phospho (Y),PRP4B_HUMAN
P68366|48|S|21,P68366,TUBA4A,48,S,21,S-21,Phospho (ST),TBA4A_HUMAN
Q96KB5|23|S|21,Q96KB5,PBK,23,S,21,S-21,Phospho (ST),TOPK_HUMAN
P78312|293|S|21,P78312,FAM193A,293,S,21,S-21,Phospho (ST),F193A_HUMAN
Q9NRM7|576|S|21,Q9NRM7,LATS2,576,S,21,S-21,Phospho (ST),LATS2_HUMAN
P78524|368|S|21,P78524,DENND2B,368,S,21,S-21,Phospho (ST),DEN2B_HUMAN
Q12830|2465|S|21,Q12830,BPTF,2465,S,21,S-21,Phospho (ST),BPTF_HUMAN
P78545|215|S|21,P78545,ELF3,215,S,21,S-21,Phospho (ST),ELF3_HUMAN
Q13425|222|S|21,Q13425,SNTB2,222,S,21,S-21,Phospho (ST),SNTB2_HUMAN
Q01433|190|S|21,Q01433,AMPD2,190,S,21,S-21,Phospho (ST),AMPD2_HUMAN
Q86WR0|204|S|21,Q86WR0,CCDC25,204,S,21,S-21,Phospho (ST),CCD25_HUMAN
Q92922|822|S|21,Q92922,SMARCC1,822,S,21,S-21,Phospho (ST),SMRC1_HUMAN
P78527|2612|S|21,P78527,PRKDC,2612,S,21,S-21,Phospho (ST),PRKDC_HUMAN
Q9Y6Y0|277|S|21,Q9Y6Y0,IVNS1ABP,277,S,21,S-21,Phospho (ST),NS1BP_HUMAN
P78362|496|S|21,P78362,SRPK2,496,S,21,S-21,Phospho (ST),SRPK2_HUMAN
P78362|497|S|21,P78362,SRPK2,497,S,21,S-21,Phospho (ST),SRPK2_HUMAN
P86791|266|S|21,P86791,CCZ1,266,S,21,S-21,Phospho (ST),CCZ1_HUMAN
Q4LE39|675|S|21,Q4LE39,ARID4B,675,S,21,S-21,Phospho (ST),ARI4B_HUMAN
P98175|60|S|21,P98175,RBM10,60,S,21,S-21,Phospho (ST),RBM10_HUMAN
P98175|65|S|21,P98175,RBM10,65,S,21,S-21,Phospho (ST),RBM10_HUMAN
Q15311|99|S|21,Q15311,RALBP1,99,S,21,S-21,Phospho (ST),RBP1_HUMAN
P98172|281|S|21,P98172,EFNB1,281,S,21,S-21,Phospho (ST),EFNB1_HUMAN
Q9Y6D6|1569|S|21,Q9Y6D6,ARFGEF1,1569,S,21,S-21,Phospho (ST),BIG1_HUMAN
P85037|239|S|21,P85037,FOXK1,239,S,21,S-21,Phospho (ST),FOXK1_HUMAN
P85037|243|S|21,P85037,FOXK1,243,S,21,S-21,Phospho (ST),FOXK1_HUMAN
P85037|420|S|21,P85037,FOXK1,420,S,21,S-21,Phospho (ST),FOXK1_HUMAN
Q16555|522|S|21,Q16555,DPYSL2,522,S,21,S-21,Phospho (ST),DPYL2_HUMAN
Q9H7N4|498|S|21,Q9H7N4,SCAF1,498,S,21,S-21,Phospho (ST),SFR19_HUMAN
P85037|416|S|21,P85037,FOXK1,416,S,21,S-21,Phospho (ST),FOXK1_HUMAN
Q00587|101|S|21,Q00587,CDC42EP1,101,S,21,S-21,Phospho (ST),BORG5_HUMAN
Q96GE4|449|S|21,Q96GE4,CEP95,449,S,21,S-21,Phospho (ST),CEP95_HUMAN
Q00587|121|S|21,Q00587,CDC42EP1,121,S,21,S-21,Phospho (ST),BORG5_HUMAN
Q12959|575|S|21,Q12959,DLG1,575,S,21,S-21,Phospho (ST),DLG1_HUMAN
Q9HAU0|933|S|21,Q9HAU0,PLEKHA5,933,S,21,S-21,Phospho (ST),PKHA5_HUMAN
P98175|736|S|21,P98175,RBM10,736,S,21,S-21,Phospho (ST),RBM10_HUMAN
P98175|738|S|21,P98175,RBM10,738,S,21,S-21,Phospho (ST),RBM10_HUMAN
Q00341|31|S|21,Q00341,HDLBP,31,S,21,S-21,Phospho (ST),VIGLN_HUMAN
Q9P1Y6|1124|S|21,Q9P1Y6,PHRF1,1124,S,21,S-21,Phospho (ST),PHRF1_HUMAN
P98175|89|S|21,P98175,RBM10,89,S,21,S-21,Phospho (ST),RBM10_HUMAN
Q9H0E3|878|K|53,Q9H0E3,SAP130,878,K,53,K-53,HNE,SP130_HUMAN
Q96B36|211|S|21,Q96B36,AKT1S1,211,S,21,S-21,Phospho (ST),AKTS1_HUMAN
Q9NPI6|353|S|21,Q9NPI6,DCP1A,353,S,21,S-21,Phospho (ST),DCP1A_HUMAN
P82094|330|S|21,P82094,TMF1,330,S,21,S-21,Phospho (ST),TMF1_HUMAN
Q14134|12|S|21,Q14134,TRIM29,12,S,21,S-21,Phospho (ST),TRI29_HUMAN
Q14134|13|S|21,Q14134,TRIM29,13,S,21,S-21,Phospho (ST),TRI29_HUMAN
Q9H1P3|19|S|21,Q9H1P3,OSBPL2,19,S,21,S-21,Phospho (ST),OSBL2_HUMAN
P80723|40|S|21,P80723,BASP1,40,S,21,S-21,Phospho (ST),BASP1_HUMAN
Q02952|631|K|53,Q02952,AKAP12,631,K,53,K-53,HNE,AKA12_HUMAN
P82094|328|S|21,P82094,TMF1,328,S,21,S-21,Phospho (ST),TMF1_HUMAN
Q9H3M7|346|S|21,Q9H3M7,TXNIP,346,S,21,S-21,Phospho (ST),TXNIP_HUMAN
P78559|986|S|21,P78559,MAP1A,986,S,21,S-21,Phospho (ST),MAP1A_HUMAN
P78559|996|S|21,P78559,MAP1A,996,S,21,S-21,Phospho (ST),MAP1A_HUMAN
Q02952|629|S|21,Q02952,AKAP12,629,S,21,S-21,Phospho (ST),AKA12_HUMAN
P80723|172|S|21,P80723,BASP1,172,S,21,S-21,Phospho (ST),BASP1_HUMAN
Q9NZN5|1389|S|21,Q9NZN5,ARHGEF12,1389,S,21,S-21,Phospho (ST),ARHGC_HUMAN
P84157|144|S|21,P84157,MXRA7,144,S,21,S-21,Phospho (ST),MXRA7_HUMAN
Q7L1V2|61|S|21,Q7L1V2,MON1B,61,S,21,S-21,Phospho (ST),MON1B_HUMAN
P85037|213|S|21,P85037,FOXK1,213,S,21,S-21,Phospho (ST),FOXK1_HUMAN
P85037|223|S|21,P85037,FOXK1,223,S,21,S-21,Phospho (ST),FOXK1_HUMAN
P57682|101|S|21,P57682,KLF3,101,S,21,S-21,Phospho (ST),KLF3_HUMAN
Q15678|594|S|21,Q15678,PTPN14,594,S,21,S-21,Phospho (ST),PTN14_HUMAN
P57682|71|S|21,P57682,KLF3,71,S,21,S-21,Phospho (ST),KLF3_HUMAN
Q86UU1|443|S|21,Q86UU1,PHLDB1,443,S,21,S-21,Phospho (ST),PHLB1_HUMAN
P57682|92|S|21,P57682,KLF3,92,S,21,S-21,Phospho (ST),KLF3_HUMAN
Q15223|422|S|21,Q15223,NECTIN1,422,S,21,S-21,Phospho (ST),NECT1_HUMAN
P57682|111|S|21,P57682,KLF3,111,S,21,S-21,Phospho (ST),KLF3_HUMAN
Q9Y679|288|S|21,Q9Y679,AUP1,288,S,21,S-21,Phospho (ST),AUP1_HUMAN
Q14161|559|S|21,Q14161,GIT2,559,S,21,S-21,Phospho (ST),GIT2_HUMAN
Q8WX93|641|S|21,Q8WX93,PALLD,641,S,21,S-21,Phospho (ST),PALLD_HUMAN
Q6PK04|19|S|21,Q6PK04,CCDC137,19,S,21,S-21,Phospho (ST),CC137_HUMAN
Q9NYL2|623|K|53,Q9NYL2,MAP3K20,623,K,53,K-53,HNE,M3K20_HUMAN
P57682|250|S|21,P57682,KLF3,250,S,21,S-21,Phospho (ST),KLF3_HUMAN
Q12888|1068|S|21,Q12888,TP53BP1,1068,S,21,S-21,Phospho (ST),TP53B_HUMAN
Q96MU7|424|S|21,Q96MU7,YTHDC1,424,S,21,S-21,Phospho (ST),YTDC1_HUMAN
Q96CX2|187|S|21,Q96CX2,KCTD12,187,S,21,S-21,Phospho (ST),KCD12_HUMAN
Q96PE2|463|S|21,Q96PE2,ARHGEF17,463,S,21,S-21,Phospho (ST),ARHGH_HUMAN
Q9NYV4|385|S|21,Q9NYV4,CDK12,385,S,21,S-21,Phospho (ST),CDK12_HUMAN
Q5SW79|446|S|21,Q5SW79,CEP170,446,S,21,S-21,Phospho (ST),CE170_HUMAN
Q5SW79|838|S|21,Q5SW79,CEP170,838,S,21,S-21,Phospho (ST),CE170_HUMAN
P56524|565|S|21,P56524,HDAC4,565,S,21,S-21,Phospho (ST),HDAC4_HUMAN
Q9UBT2|579|S|21,Q9UBT2,UBA2,579,S,21,S-21,Phospho (ST),SAE2_HUMAN
P60174|21|S|21,P60174,TPI1,21,S,21,S-21,Phospho (ST),TPIS_HUMAN
Q15019|218|S|21,Q15019,SEPTIN2,218,S,21,S-21,Phospho (ST),SEPT2_HUMAN
P60468|17|S|21,P60468,SEC61B,17,S,21,S-21,Phospho (ST),SC61B_HUMAN
Q14157|609|S|21,Q14157,UBAP2L,609,S,21,S-21,Phospho (ST),UBP2L_HUMAN
P60174|80|S|21,P60174,TPI1,80,S,21,S-21,Phospho (ST),TPIS_HUMAN
Q14699|199|S|21,Q14699,RFTN1,199,S,21,S-21,Phospho (ST),RFTN1_HUMAN
Q9P2B4|568|S|21,Q9P2B4,CTTNBP2NL,568,S,21,S-21,Phospho (ST),CT2NL_HUMAN
P57740|86|S|21,P57740,NUP107,86,S,21,S-21,Phospho (ST),NU107_HUMAN
P61073|325|S|21,P61073,CXCR4,325,S,21,S-21,Phospho (ST),CXCR4_HUMAN
P57739|207|S|21,P57739,CLDN2,207,S,21,S-21,Phospho (ST),CLD2_HUMAN
P30626|84|R|7,P30626,SRI,84,R,7,R-7,Citrulline,SORCN_HUMAN
Q8WUM0|50|S|21,Q8WUM0,NUP133,50,S,21,S-21,Phospho (ST),NU133_HUMAN
Q9NRL3|53|S|21,Q9NRL3,STRN4,53,S,21,S-21,Phospho (ST),STRN4_HUMAN
Q8IYB3|683|S|21,Q8IYB3,SRRM1,683,S,21,S-21,Phospho (ST),SRRM1_HUMAN
P55201|1076|S|21,P55201,BRPF1,1076,S,21,S-21,Phospho (ST),BRPF1_HUMAN
Q96TA1|596|S|21,Q96TA1,NIBAN2,596,S,21,S-21,Phospho (ST),NIBA2_HUMAN
P55884|119|S|21,P55884,EIF3B,119,S,21,S-21,Phospho (ST),EIF3B_HUMAN
Q6UUV7|370|S|21,Q6UUV7,CRTC3,370,S,21,S-21,Phospho (ST),CRTC3_HUMAN
P56211|104|S|21,P56211,ARPP19,104,S,21,S-21,Phospho (ST),ARP19_HUMAN
Q96ST2|720|S|21,Q96ST2,IWS1,720,S,21,S-21,Phospho (ST),IWS1_HUMAN
P56192|825|S|21,P56192,MARS1,825,S,21,S-21,Phospho (ST),SYMC_HUMAN
Q9UBF8|428|S|21,Q9UBF8,PI4KB,428,S,21,S-21,Phospho (ST),PI4KB_HUMAN
Q9UK58|352|S|21,Q9UK58,CCNL1,352,S,21,S-21,Phospho (ST),CCNL1_HUMAN
Q96N67|1432|S|21,Q96N67,DOCK7,1432,S,21,S-21,Phospho (ST),DOCK7_HUMAN
P55327|176|S|21,P55327,TPD52,176,S,21,S-21,Phospho (ST),TPD52_HUMAN
Q5T0N5|295|S|21,Q5T0N5,FNBP1L,295,S,21,S-21,Phospho (ST),FBP1L_HUMAN
P55317|307|S|21,P55317,FOXA1,307,S,21,S-21,Phospho (ST),FOXA1_HUMAN
Q9Y5K6|458|S|21,Q9Y5K6,CD2AP,458,S,21,S-21,Phospho (ST),CD2AP_HUMAN
P62820|3|S|21,P62820,RAB1A,3,S,21,S-21,Phospho (ST),RAB1A_HUMAN
Q68CZ2|780|Y|21,Q68CZ2,TNS3,780,Y,21,Y-21,Phospho (Y),TENS3_HUMAN
P62995|264|S|21,P62995,TRA2B,264,S,21,S-21,Phospho (ST),TRA2B_HUMAN
P62995|266|S|21,P62995,TRA2B,266,S,21,S-21,Phospho (ST),TRA2B_HUMAN
P62753|236|S|21,P62753,RPS6,236,S,21,S-21,Phospho (ST),RS6_HUMAN
P62753|240|S|21,P62753,RPS6,240,S,21,S-21,Phospho (ST),RS6_HUMAN
P62753|235|S|21,P62753,RPS6,235,S,21,S-21,Phospho (ST),RS6_HUMAN
Q14684|732|S|21,Q14684,RRP1B,732,S,21,S-21,Phospho (ST),RRP1B_HUMAN
P62805|48|S|21,P62805,H4C1,48,S,21,S-21,Phospho (ST),H4_HUMAN
Q70J99|150|S|21,Q70J99,UNC13D,150,S,21,S-21,Phospho (ST),UN13D_HUMAN
Q9UBW7|624|S|21,Q9UBW7,ZMYM2,624,S,21,S-21,Phospho (ST),ZMYM2_HUMAN
P67809|313|S|21,P67809,YBX1,313,S,21,S-21,Phospho (ST),YBOX1_HUMAN
Q8WWQ0|1778|Y|21,Q8WWQ0,PHIP,1778,Y,21,Y-21,Phospho (Y),PHIP_HUMAN
P67809|174|S|21,P67809,YBX1,174,S,21,S-21,Phospho (ST),YBOX1_HUMAN
Q14195|522|S|23,Q14195,DPYSL3,522,S,23,S-23,Phospho (ST),DPYL3_HUMAN
P67870|205|S|21,P67870,CSNK2B,205,S,21,S-21,Phospho (ST),CSK2B_HUMAN
Q92974|940|S|21,Q92974,ARHGEF2,940,S,21,S-21,Phospho (ST),ARHG2_HUMAN
P63104|145|S|21,P63104,YWHAZ,145,S,21,S-21,Phospho (ST),1433Z_HUMAN
Q12979|53|S|21,Q12979,ABR,53,S,21,S-21,Phospho (ST),ABR_HUMAN
P63165|2|S|21,P63165,SUMO1,2,S,21,S-21,Phospho (ST),SUMO1_HUMAN
Q96B97|230|S|21,Q96B97,SH3KBP1,230,S,21,S-21,Phospho (ST),SH3K1_HUMAN
P61073|324|S|21,P61073,CXCR4,324,S,21,S-21,Phospho (ST),CXCR4_HUMAN
P61073|321|S|21,P61073,CXCR4,321,S,21,S-21,Phospho (ST),CXCR4_HUMAN
Q13523|636|S|21,Q13523,PRPF4B,636,S,21,S-21,Phospho (ST),PRP4B_HUMAN
P02545|404|S|23,P02545,LMNA,404,S,23,S-23,Phospho (ST),LMNA_HUMAN
P61244|138|S|21,P61244,MAX,138,S,21,S-21,Phospho (ST),MAX_HUMAN
Q9C0C2|1558|S|21,Q9C0C2,TNKS1BP1,1558,S,21,S-21,Phospho (ST),TB182_HUMAN
Q2KHR3|1228|S|21,Q2KHR3,QSER1,1228,S,21,S-21,Phospho (ST),QSER1_HUMAN
Q53EL6|93|T|21,Q53EL6,PDCD4,93,T,21,T-21,Phospho (ST),PDCD4_HUMAN
Q8TDN6|261|S|21,Q8TDN6,BRIX1,261,S,21,S-21,Phospho (ST),BRX1_HUMAN
Q9NXV6|268|S|21,Q9NXV6,CDKN2AIP,268,S,21,S-21,Phospho (ST),CARF_HUMAN
P61244|11|S|21,P61244,MAX,11,S,21,S-21,Phospho (ST),MAX_HUMAN
P61244|2|S|21,P61244,MAX,2,S,21,S-21,Phospho (ST),MAX_HUMAN
P61006|181|S|21,P61006,RAB8A,181,S,21,S-21,Phospho (ST),RAB8A_HUMAN
P61006|185|S|21,P61006,RAB8A,185,S,21,S-21,Phospho (ST),RAB8A_HUMAN
P62081|119|S|21,P62081,RPS7,119,S,21,S-21,Phospho (ST),RS7_HUMAN
Q9UGR2|217|S|21,Q9UGR2,ZC3H7B,217,S,21,S-21,Phospho (ST),Z3H7B_HUMAN
Q8WUI4|405|S|21,Q8WUI4,HDAC7,405,S,21,S-21,Phospho (ST),HDAC7_HUMAN
Q13469|757|S|21,Q13469,NFATC2,757,S,21,S-21,Phospho (ST),NFAC2_HUMAN
P62328|31|S|21,P62328,TMSB4X,31,S,21,S-21,Phospho (ST),TYB4_HUMAN
Q15678|591|S|21,Q15678,PTPN14,591,S,21,S-21,Phospho (ST),PTN14_HUMAN
Q96PU5|479|S|21,Q96PU5,NEDD4L,479,S,21,S-21,Phospho (ST),NED4L_HUMAN
Q9UPY8|149|S|21,Q9UPY8,MAPRE3,149,S,21,S-21,Phospho (ST),MARE3_HUMAN
Q16555|540|S|21,Q16555,DPYSL2,540,S,21,S-21,Phospho (ST),DPYL2_HUMAN
P61978|214|S|21,P61978,HNRNPK,214,S,21,S-21,Phospho (ST),HNRPK_HUMAN
Q9NR45|277|T|21,Q9NR45,NANS,277,T,21,T-21,Phospho (ST),SIAS_HUMAN
Q8IYB3|738|S|21,Q8IYB3,SRRM1,738,S,21,S-21,Phospho (ST),SRRM1_HUMAN
Q8TB72|182|S|21,Q8TB72,PUM2,182,S,21,S-21,Phospho (ST),PUM2_HUMAN
Q15052|488|S|21,Q15052,ARHGEF6,488,S,21,S-21,Phospho (ST),ARHG6_HUMAN
Q9NTI5|1358|S|21,Q9NTI5,PDS5B,1358,S,21,S-21,Phospho (ST),PDS5B_HUMAN
Q6UN15|258|T|21,Q6UN15,FIP1L1,258,T,21,T-21,Phospho (ST),FIP1_HUMAN
Q15459|329|S|21,Q15459,SF3A1,329,S,21,S-21,Phospho (ST),SF3A1_HUMAN
Q9H6F5|91|S|21,Q9H6F5,CCDC86,91,S,21,S-21,Phospho (ST),CCD86_HUMAN
Q15477|256|S|21,Q15477,SKIC2,256,S,21,S-21,Phospho (ST),SKI2_HUMAN
P27816|521|T|21,P27816,MAP4,521,T,21,T-21,Phospho (ST),MAP4_HUMAN
Q8WWM7|594|S|21,Q8WWM7,ATXN2L,594,S,21,S-21,Phospho (ST),ATX2L_HUMAN
Q15424|604|S|21,Q15424,SAFB,604,S,21,S-21,Phospho (ST),SAFB1_HUMAN
O75151|877|Y|21,O75151,PHF2,877,Y,21,Y-21,Phospho (Y),PHF2_HUMAN
Q9P275|682|S|21,Q9P275,USP36,682,S,21,S-21,Phospho (ST),UBP36_HUMAN
Q8IU85|180|T|21,Q8IU85,CAMK1D,180,T,21,T-21,Phospho (ST),KCC1D_HUMAN
Q15645|18|S|21,Q15645,TRIP13,18,S,21,S-21,Phospho (ST),PCH2_HUMAN
Q6P0N0|824|S|21,Q6P0N0,MIS18BP1,824,S,21,S-21,Phospho (ST),M18BP_HUMAN
Q7Z5J4|1108|S|21,Q7Z5J4,RAI1,1108,S,21,S-21,Phospho (ST),RAI1_HUMAN
Q15629|360|S|21,Q15629,TRAM1,360,S,21,S-21,Phospho (ST),TRAM1_HUMAN
O95365|517|T|21,O95365,ZBTB7A,517,T,21,T-21,Phospho (ST),ZBT7A_HUMAN
P04637|312|T|21,P04637,TP53,312,T,21,T-21,Phospho (ST),P53_HUMAN
P38159|327|Y|21,P38159,RBMX,327,Y,21,Y-21,Phospho (Y),RBMX_HUMAN
Q15648|1021|S|21,Q15648,MED1,1021,S,21,S-21,Phospho (ST),MED1_HUMAN
Q9NYV4|293|S|21,Q9NYV4,CDK12,293,S,21,S-21,Phospho (ST),CDK12_HUMAN
Q15555|9|S|21,Q15555,MAPRE2,9,S,21,S-21,Phospho (ST),MARE2_HUMAN
Q8TDJ6|1143|S|21,Q8TDJ6,DMXL2,1143,S,21,S-21,Phospho (ST),DMXL2_HUMAN
Q15361|872|S|21,Q15361,TTF1,872,S,21,S-21,Phospho (ST),TTF1_HUMAN
Q9Y2U8|144|S|21,Q9Y2U8,LEMD3,144,S,21,S-21,Phospho (ST),MAN1_HUMAN
Q96AT1|49|H|53,Q96AT1,KIAA1143,49,H,53,H-53,HNE,K1143_HUMAN
Q15361|487|S|21,Q15361,TTF1,487,S,21,S-21,Phospho (ST),TTF1_HUMAN
Q8TF72|439|S|21,Q8TF72,SHROOM3,439,S,21,S-21,Phospho (ST),SHRM3_HUMAN
Q15366|188|S|21,Q15366,PCBP2,188,S,21,S-21,Phospho (ST),PCBP2_HUMAN
Q9NPI6|522|S|21,Q9NPI6,DCP1A,522,S,21,S-21,Phospho (ST),DCP1A_HUMAN
Q9Y2W2|250|S|21,Q9Y2W2,WBP11,250,S,21,S-21,Phospho (ST),WBP11_HUMAN
Q15311|93|S|21,Q15311,RALBP1,93,S,21,S-21,Phospho (ST),RBP1_HUMAN
Q3KQU3|118|T|21,Q3KQU3,MAP7D1,118,T,21,T-21,Phospho (ST),MA7D1_HUMAN
Q8TAD8|52|S|21,Q8TAD8,SNIP1,52,S,21,S-21,Phospho (ST),SNIP1_HUMAN
Q7Z3B3|1021|S|21,Q7Z3B3,KANSL1,1021,S,21,S-21,Phospho (ST),KANL1_HUMAN
Q9ULH0|1682|T|21,Q9ULH0,KIDINS220,1682,T,21,T-21,Phospho (ST),KDIS_HUMAN
Q99081|79|S|21,Q99081,TCF12,79,S,21,S-21,Phospho (ST),HTF4_HUMAN
Q9H165|446|S|21,Q9H165,BCL11A,446,S,21,S-21,Phospho (ST),BC11A_HUMAN
Q9NZJ0|428|S|21,Q9NZJ0,DTL,428,S,21,S-21,Phospho (ST),DTL_HUMAN
Q15418|380|S|21,Q15418,RPS6KA1,380,S,21,S-21,Phospho (ST),KS6A1_HUMAN
Q8IZ21|464|S|21,Q8IZ21,PHACTR4,464,S,21,S-21,Phospho (ST),PHAR4_HUMAN
Q15390|119|S|21,Q15390,MTFR1,119,S,21,S-21,Phospho (ST),MTFR1_HUMAN
Q9NVU7|585|S|21,Q9NVU7,SDAD1,585,S,21,S-21,Phospho (ST),SDA1_HUMAN
Q15418|221|S|21,Q15418,RPS6KA1,221,S,21,S-21,Phospho (ST),KS6A1_HUMAN
Q96BY7|239|S|21,Q96BY7,ATG2B,239,S,21,S-21,Phospho (ST),ATG2B_HUMAN
Q96P16|156|S|21,Q96P16,RPRD1A,156,S,21,S-21,Phospho (ST),RPR1A_HUMAN
Q15398|689|S|21,Q15398,DLGAP5,689,S,21,S-21,Phospho (ST),DLGP5_HUMAN
Q9H3N1|270|S|21,Q9H3N1,TMX1,270,S,21,S-21,Phospho (ST),TMX1_HUMAN
Q9Y2G1|720|S|21,Q9Y2G1,MYRF,720,S,21,S-21,Phospho (ST),MYRF_HUMAN
Q86WR7|18|S|21,Q86WR7,PROSER2,18,S,21,S-21,Phospho (ST),PRSR2_HUMAN
Q15758|503|S|21,Q15758,SLC1A5,503,S,21,S-21,Phospho (ST),AAAT_HUMAN
Q7L9B9|25|S|21,Q7L9B9,EEPD1,25,S,21,S-21,Phospho (ST),EEPD1_HUMAN
Q9UBC2|251|T|21,Q9UBC2,EPS15L1,251,T,21,T-21,Phospho (ST),EP15R_HUMAN
Q15742|171|S|21,Q15742,NAB2,171,S,21,S-21,Phospho (ST),NAB2_HUMAN
Q86UE4|298|S|21,Q86UE4,MTDH,298,S,21,S-21,Phospho (ST),LYRIC_HUMAN
Q15742|159|S|21,Q15742,NAB2,159,S,21,S-21,Phospho (ST),NAB2_HUMAN
Q15742|162|S|21,Q15742,NAB2,162,S,21,S-21,Phospho (ST),NAB2_HUMAN
Q15746|1776|S|21,Q15746,MYLK,1776,S,21,S-21,Phospho (ST),MYLK_HUMAN
Q15746|1779|S|21,Q15746,MYLK,1779,S,21,S-21,Phospho (ST),MYLK_HUMAN
Q15942|267|S|21,Q15942,ZYX,267,S,21,S-21,Phospho (ST),ZYX_HUMAN
Q15942|308|S|21,Q15942,ZYX,308,S,21,S-21,Phospho (ST),ZYX_HUMAN
Q9P2M7|131|S|21,Q9P2M7,CGN,131,S,21,S-21,Phospho (ST),CING_HUMAN
Q9HAU0|855|S|21,Q9HAU0,PLEKHA5,855,S,21,S-21,Phospho (ST),PKHA5_HUMAN
Q8NAF0|483|S|21,Q8NAF0,ZNF579,483,S,21,S-21,Phospho (ST),ZN579_HUMAN
Q15942|202|S|21,Q15942,ZYX,202,S,21,S-21,Phospho (ST),ZYX_HUMAN
Q9NYZ3|705|S|21,Q9NYZ3,GTSE1,705,S,21,S-21,Phospho (ST),GTSE1_HUMAN
Q15652|379|S|21,Q15652,JMJD1C,379,S,21,S-21,Phospho (ST),JHD2C_HUMAN
Q2TB10|462|S|21,Q2TB10,ZNF800,462,S,21,S-21,Phospho (ST),ZN800_HUMAN
Q15648|1433|S|21,Q15648,MED1,1433,S,21,S-21,Phospho (ST),MED1_HUMAN
Q9HCD6|1534|S|21,Q9HCD6,TANC2,1534,S,21,S-21,Phospho (ST),TANC2_HUMAN
Q15648|1463|S|21,Q15648,MED1,1463,S,21,S-21,Phospho (ST),MED1_HUMAN
Q7Z2E3|132|S|21,Q7Z2E3,APTX,132,S,21,S-21,Phospho (ST),APTX_HUMAN
Q15717|202|S|21,Q15717,ELAVL1,202,S,21,S-21,Phospho (ST),ELAV1_HUMAN
Q96B36|183|S|21,Q96B36,AKT1S1,183,S,21,S-21,Phospho (ST),AKTS1_HUMAN
Q9BXB4|189|S|21,Q9BXB4,OSBPL11,189,S,21,S-21,Phospho (ST),OSB11_HUMAN
Q7Z6E9|1277|S|21,Q7Z6E9,RBBP6,1277,S,21,S-21,Phospho (ST),RBBP6_HUMAN
Q9P246|680|S|21,Q9P246,STIM2,680,S,21,S-21,Phospho (ST),STIM2_HUMAN
Q15678|620|S|21,Q15678,PTPN14,620,S,21,S-21,Phospho (ST),PTN14_HUMAN
Q15678|579|T|21,Q15678,PTPN14,579,T,21,T-21,Phospho (ST),PTN14_HUMAN
O60716|228|Y|21,O60716,CTNND1,228,Y,21,Y-21,Phospho (Y),CTND1_HUMAN
Q15678|760|S|21,Q15678,PTPN14,760,S,21,S-21,Phospho (ST),PTN14_HUMAN
Q8WUF5|113|S|21,Q8WUF5,PPP1R13L,113,S,21,S-21,Phospho (ST),IASPP_HUMAN
Q15678|312|S|21,Q15678,PTPN14,312,S,21,S-21,Phospho (ST),PTN14_HUMAN
Q6PJT7|515|S|21,Q6PJT7,ZC3H14,515,S,21,S-21,Phospho (ST),ZC3HE_HUMAN
Q15672|68|S|21,Q15672,TWIST1,68,S,21,S-21,Phospho (ST),TWST1_HUMAN
Q7L0J3|81|S|21,Q7L0J3,SV2A,81,S,21,S-21,Phospho (ST),SV2A_HUMAN
Q96HA1|184|S|21,Q96HA1,POM121,184,S,21,S-21,Phospho (ST),P121A_HUMAN
Q8IWE2|200|S|21,Q8IWE2,FAM114A1,200,S,21,S-21,Phospho (ST),NXP20_HUMAN
Q15652|639|S|21,Q15652,JMJD1C,639,S,21,S-21,Phospho (ST),JHD2C_HUMAN
Q9UQ35|914|S|21,Q9UQ35,SRRM2,914,S,21,S-21,Phospho (ST),SRRM2_HUMAN
Q53SF7|260|T|21,Q53SF7,COBLL1,260,T,21,T-21,Phospho (ST),COBL1_HUMAN
Q15678|593|S|21,Q15678,PTPN14,593,S,21,S-21,Phospho (ST),PTN14_HUMAN
Q9NR09|480|S|21,Q9NR09,BIRC6,480,S,21,S-21,Phospho (ST),BIRC6_HUMAN
Q5SW79|1165|S|21,Q5SW79,CEP170,1165,S,21,S-21,Phospho (ST),CE170_HUMAN
Q99700|772|S|21,Q99700,ATXN2,772,S,21,S-21,Phospho (ST),ATX2_HUMAN
Q15032|142|S|21,Q15032,R3HDM1,142,S,21,S-21,Phospho (ST),R3HD1_HUMAN
Q15032|262|S|21,Q15032,R3HDM1,262,S,21,S-21,Phospho (ST),R3HD1_HUMAN
Q15029|19|S|21,Q15029,EFTUD2,19,S,21,S-21,Phospho (ST),U5S1_HUMAN
Q99543|60|S|21,Q99543,DNAJC2,60,S,21,S-21,Phospho (ST),DNJC2_HUMAN
P36405|39|S|23,P36405,ARL3,39,S,23,S-23,Phospho (ST),ARL3_HUMAN
Q9UPA5|2851|S|21,Q9UPA5,BSN,2851,S,21,S-21,Phospho (ST),BSN_HUMAN
Q15007|305|S|21,Q15007,WTAP,305,S,21,S-21,Phospho (ST),FL2D_HUMAN
Q15007|306|S|21,Q15007,WTAP,306,S,21,S-21,Phospho (ST),FL2D_HUMAN
Q15054|458|S|21,Q15054,POLD3,458,S,21,S-21,Phospho (ST),DPOD3_HUMAN
P49841|216|Y|21,P49841,GSK3B,216,Y,21,Y-21,Phospho (Y),GSK3B_HUMAN
Q9H4Z3|116|S|21,Q9H4Z3,PCIF1,116,S,21,S-21,Phospho (ST),CAPAM_HUMAN
Q9UQ35|2272|S|21,Q9UQ35,SRRM2,2272,S,21,S-21,Phospho (ST),SRRM2_HUMAN
Q15057|521|S|21,Q15057,ACAP2,521,S,21,S-21,Phospho (ST),ACAP2_HUMAN
Q15057|381|S|21,Q15057,ACAP2,381,S,21,S-21,Phospho (ST),ACAP2_HUMAN
Q15057|384|S|21,Q15057,ACAP2,384,S,21,S-21,Phospho (ST),ACAP2_HUMAN
Q15032|973|S|21,Q15032,R3HDM1,973,S,21,S-21,Phospho (ST),R3HD1_HUMAN
Q0JRZ9|495|T|21,Q0JRZ9,FCHO2,495,T,21,T-21,Phospho (ST),FCHO2_HUMAN
Q16204|244|S|21,Q16204,CCDC6,244,S,21,S-21,Phospho (ST),CCDC6_HUMAN
Q15042|5|S|21,Q15042,RAB3GAP1,5,S,21,S-21,Phospho (ST),RB3GP_HUMAN
Q96F45|98|S|21,Q96F45,ZNF503,98,S,21,S-21,Phospho (ST),ZN503_HUMAN
Q14980|1750|S|21,Q14980,NUMA1,1750,S,21,S-21,Phospho (ST),NUMA1_HUMAN
Q14980|1749|T|21,Q14980,NUMA1,1749,T,21,T-21,Phospho (ST),NUMA1_HUMAN
Q14980|1757|S|21,Q14980,NUMA1,1757,S,21,S-21,Phospho (ST),NUMA1_HUMAN
Q8TF01|211|S|21,Q8TF01,PNISR,211,S,21,S-21,Phospho (ST),PNISR_HUMAN
Q14980|169|S|21,Q14980,NUMA1,169,S,21,S-21,Phospho (ST),NUMA1_HUMAN
Q9NWH9|553|S|21,Q9NWH9,SLTM,553,S,21,S-21,Phospho (ST),SLTM_HUMAN
Q14980|1788|S|21,Q14980,NUMA1,1788,S,21,S-21,Phospho (ST),NUMA1_HUMAN
Q14980|1228|S|21,Q14980,NUMA1,1228,S,21,S-21,Phospho (ST),NUMA1_HUMAN
Q96I25|229|S|21,Q96I25,RBM17,229,S,21,S-21,Phospho (ST),SPF45_HUMAN
Q14978|693|S|21,Q14978,NOLC1,693,S,21,S-21,Phospho (ST),NOLC1_HUMAN
P21127|594|Y|21,P21127,CDK11B,594,Y,21,Y-21,Phospho (Y),CD11B_HUMAN
Q14C86|902|S|21,Q14C86,GAPVD1,902,S,21,S-21,Phospho (ST),GAPD1_HUMAN
Q6UUV7|62|S|21,Q6UUV7,CRTC3,62,S,21,S-21,Phospho (ST),CRTC3_HUMAN
Q14C86|948|S|21,Q14C86,GAPVD1,948,S,21,S-21,Phospho (ST),GAPD1_HUMAN
Q9Y2X3|351|S|21,Q9Y2X3,NOP58,351,S,21,S-21,Phospho (ST),NOP58_HUMAN
Q14CS0|234|S|21,Q14CS0,UBXN2B,234,S,21,S-21,Phospho (ST),UBX2B_HUMAN
Q14CS0|235|S|21,Q14CS0,UBXN2B,235,S,21,S-21,Phospho (ST),UBX2B_HUMAN
Q14980|198|S|21,Q14980,NUMA1,198,S,21,S-21,Phospho (ST),NUMA1_HUMAN
Q14980|200|S|21,Q14980,NUMA1,200,S,21,S-21,Phospho (ST),NUMA1_HUMAN
Q14980|203|S|21,Q14980,NUMA1,203,S,21,S-21,Phospho (ST),NUMA1_HUMAN
Q9ULI0|83|S|21,Q9ULI0,ATAD2B,83,S,21,S-21,Phospho (ST),ATD2B_HUMAN
Q14980|1969|S|21,Q14980,NUMA1,1969,S,21,S-21,Phospho (ST),NUMA1_HUMAN
Q9Y3L3|550|S|21,Q9Y3L3,SH3BP1,550,S,21,S-21,Phospho (ST),3BP1_HUMAN
Q15154|93|S|21,Q15154,PCM1,93,S,21,S-21,Phospho (ST),PCM1_HUMAN
Q15154|1765|S|21,Q15154,PCM1,1765,S,21,S-21,Phospho (ST),PCM1_HUMAN
Q15154|1776|S|21,Q15154,PCM1,1776,S,21,S-21,Phospho (ST),PCM1_HUMAN
Q3YEC7|596|S|21,Q3YEC7,RABL6,596,S,21,S-21,Phospho (ST),RABL6_HUMAN
Q9NTJ3|22|S|21,Q9NTJ3,SMC4,22,S,21,S-21,Phospho (ST),SMC4_HUMAN
Q15154|68|S|21,Q15154,PCM1,68,S,21,S-21,Phospho (ST),PCM1_HUMAN
Q96RU3|299|S|21,Q96RU3,FNBP1,299,S,21,S-21,Phospho (ST),FNBP1_HUMAN
Q15276|410|S|21,Q15276,RABEP1,410,S,21,S-21,Phospho (ST),RABE1_HUMAN
Q8N122|859|S|21,Q8N122,RPTOR,859,S,21,S-21,Phospho (ST),RPTOR_HUMAN
Q86VR2|320|S|21,Q86VR2,RETREG3,320,S,21,S-21,Phospho (ST),RETR3_HUMAN
Q15276|377|S|21,Q15276,RABEP1,377,S,21,S-21,Phospho (ST),RABE1_HUMAN
Q9Y6E0|184|T|21,Q9Y6E0,STK24,184,T,21,T-21,Phospho (ST),STK24_HUMAN
Q15276|407|S|21,Q15276,RABEP1,407,S,21,S-21,Phospho (ST),RABE1_HUMAN
Q15311|29|S|21,Q15311,RALBP1,29,S,21,S-21,Phospho (ST),RBP1_HUMAN
Q99543|47|S|21,Q99543,DNAJC2,47,S,21,S-21,Phospho (ST),DNJC2_HUMAN
Q15287|155|S|21,Q15287,RNPS1,155,S,21,S-21,Phospho (ST),RNPS1_HUMAN
Q9P0U4|142|S|21,Q9P0U4,CXXC1,142,S,21,S-21,Phospho (ST),CXXC1_HUMAN
Q15287|157|S|21,Q15287,RNPS1,157,S,21,S-21,Phospho (ST),RNPS1_HUMAN
Q9UIG0|349|S|21,Q9UIG0,BAZ1B,349,S,21,S-21,Phospho (ST),BAZ1B_HUMAN
Q9NZN4|468|S|21,Q9NZN4,EHD2,468,S,21,S-21,Phospho (ST),EHD2_HUMAN
Q15223|434|S|21,Q15223,NECTIN1,434,S,21,S-21,Phospho (ST),NECT1_HUMAN
Q15223|435|S|21,Q15223,NECTIN1,435,S,21,S-21,Phospho (ST),NECT1_HUMAN
Q15149|4382|S|21,Q15149,PLEC,4382,S,21,S-21,Phospho (ST),PLEC_HUMAN
Q5T0N5|489|S|21,Q5T0N5,FNBP1L,489,S,21,S-21,Phospho (ST),FBP1L_HUMAN
Q15059|254|S|21,Q15059,BRD3,254,S,21,S-21,Phospho (ST),BRD3_HUMAN
Q15084|428|S|21,Q15084,PDIA6,428,S,21,S-21,Phospho (ST),PDIA6_HUMAN
Q66PJ3|332|S|21,Q66PJ3,ARL6IP4,332,S,21,S-21,Phospho (ST),AR6P4_HUMAN
Q15154|1185|S|21,Q15154,PCM1,1185,S,21,S-21,Phospho (ST),PCM1_HUMAN
Q15154|1186|S|21,Q15154,PCM1,1186,S,21,S-21,Phospho (ST),PCM1_HUMAN
Q15149|720|S|21,Q15149,PLEC,720,S,21,S-21,Phospho (ST),PLEC_HUMAN
Q9NPR2|793|S|21,Q9NPR2,SEMA4B,793,S,21,S-21,Phospho (ST),SEM4B_HUMAN
Q15154|119|S|21,Q15154,PCM1,119,S,21,S-21,Phospho (ST),PCM1_HUMAN
Q86W92|579|S|21,Q86W92,PPFIBP1,579,S,21,S-21,Phospho (ST),LIPB1_HUMAN
Q15149|4626|S|21,Q15149,PLEC,4626,S,21,S-21,Phospho (ST),PLEC_HUMAN
Q96Q15|3573|T|21,Q96Q15,SMG1,3573,T,21,T-21,Phospho (ST),SMG1_HUMAN
Q15149|4408|S|21,Q15149,PLEC,4408,S,21,S-21,Phospho (ST),PLEC_HUMAN
Q6UUV7|394|T|21,Q6UUV7,CRTC3,394,T,21,T-21,Phospho (ST),CRTC3_HUMAN
Q15149|4648|S|21,Q15149,PLEC,4648,S,21,S-21,Phospho (ST),PLEC_HUMAN
Q6KC79|150|S|21,Q6KC79,NIPBL,150,S,21,S-21,Phospho (ST),NIPBL_HUMAN
Q15149|4642|S|21,Q15149,PLEC,4642,S,21,S-21,Phospho (ST),PLEC_HUMAN
Q92974|886|S|21,Q92974,ARHGEF2,886,S,21,S-21,Phospho (ST),ARHG2_HUMAN
Q15149|4651|S|21,Q15149,PLEC,4651,S,21,S-21,Phospho (ST),PLEC_HUMAN
Q4KMP7|657|S|21,Q4KMP7,TBC1D10B,657,S,21,S-21,Phospho (ST),TB10B_HUMAN
Q9H6S3|466|S|21,Q9H6S3,EPS8L2,466,S,21,S-21,Phospho (ST),ES8L2_HUMAN
Q4KMP7|658|S|21,Q4KMP7,TBC1D10B,658,S,21,S-21,Phospho (ST),TB10B_HUMAN
Q4KMP7|661|S|21,Q4KMP7,TBC1D10B,661,S,21,S-21,Phospho (ST),TB10B_HUMAN
Q4KMQ1|274|S|21,Q4KMQ1,TPRN,274,S,21,S-21,Phospho (ST),TPRN_HUMAN
Q86U86|39|S|21,Q86U86,PBRM1,39,S,21,S-21,Phospho (ST),PB1_HUMAN
Q52LW3|499|S|21,Q52LW3,ARHGAP29,499,S,21,S-21,Phospho (ST),RHG29_HUMAN
Q6ZRS2|2790|S|21,Q6ZRS2,SRCAP,2790,S,21,S-21,Phospho (ST),SRCAP_HUMAN
Q4G0J3|337|S|21,Q4G0J3,LARP7,337,S,21,S-21,Phospho (ST),LARP7_HUMAN
Q5JRA6|1906|S|21,Q5JRA6,MIA3,1906,S,21,S-21,Phospho (ST),TGO1_HUMAN
Q52LA3|7|S|21,Q52LA3,LIN52,7,S,21,S-21,Phospho (ST),LIN52_HUMAN
Q96EV2|41|S|21,Q96EV2,RBM33,41,S,21,S-21,Phospho (ST),RBM33_HUMAN
Q52LW3|519|S|21,Q52LW3,ARHGAP29,519,S,21,S-21,Phospho (ST),RHG29_HUMAN
Q8N806|263|S|21,Q8N806,UBR7,263,S,21,S-21,Phospho (ST),UBR7_HUMAN
Q52LW3|555|S|21,Q52LW3,ARHGAP29,555,S,21,S-21,Phospho (ST),RHG29_HUMAN
Q4L180|791|S|21,Q4L180,FILIP1L,791,S,21,S-21,Phospho (ST),FIL1L_HUMAN
Q5U651|326|S|21,Q5U651,RASIP1,326,S,21,S-21,Phospho (ST),RAIN_HUMAN
Q5U651|328|S|21,Q5U651,RASIP1,328,S,21,S-21,Phospho (ST),RAIN_HUMAN
Q3MHD2|75|T|21,Q3MHD2,LSM12,75,T,21,T-21,Phospho (ST),LSM12_HUMAN
Q4VC05|114|S|21,Q4VC05,BCL7A,114,S,21,S-21,Phospho (ST),BCL7A_HUMAN
Q9Y618|1774|S|21,Q9Y618,NCOR2,1774,S,21,S-21,Phospho (ST),NCOR2_HUMAN
Q4VCS5|714|S|21,Q4VCS5,AMOT,714,S,21,S-21,Phospho (ST),AMOT_HUMAN
Q4VCS5|718|S|21,Q4VCS5,AMOT,718,S,21,S-21,Phospho (ST),AMOT_HUMAN
Q3KR37|274|S|21,Q3KR37,GRAMD1B,274,S,21,S-21,Phospho (ST),ASTRB_HUMAN
Q53TN4|285|T|21,Q53TN4,CYBRD1,285,T,21,T-21,Phospho (ST),CYBR1_HUMAN
Q9UKK3|101|T|21,Q9UKK3,PARP4,101,T,21,T-21,Phospho (ST),PARP4_HUMAN
Q9H7D0|1814|T|21,Q9H7D0,DOCK5,1814,T,21,T-21,Phospho (ST),DOCK5_HUMAN
O15231|204|T|21,O15231,ZNF185,204,T,21,T-21,Phospho (ST),ZN185_HUMAN
P28482|185|T|21,P28482,MAPK1,185,T,21,T-21,Phospho (ST),MK01_HUMAN
P78312|1128|T|21,P78312,FAM193A,1128,T,21,T-21,Phospho (ST),F193A_HUMAN
Q3L8U1|1472|S|21,Q3L8U1,CHD9,1472,S,21,S-21,Phospho (ST),CHD9_HUMAN
Q9Y4W2|238|S|21,Q9Y4W2,LAS1L,238,S,21,S-21,Phospho (ST),LAS1L_HUMAN
Q3KQU3|548|S|21,Q3KQU3,MAP7D1,548,S,21,S-21,Phospho (ST),MA7D1_HUMAN
Q96S55|92|S|21,Q96S55,WRNIP1,92,S,21,S-21,Phospho (ST),WRIP1_HUMAN
Q3KQU3|742|S|21,Q3KQU3,MAP7D1,742,S,21,S-21,Phospho (ST),MA7D1_HUMAN
Q9UNL4|150|S|21,Q9UNL4,ING4,150,S,21,S-21,Phospho (ST),ING4_HUMAN
Q9NVM6|112|S|21,Q9NVM6,DNAJC17,112,S,21,S-21,Phospho (ST),DJC17_HUMAN
Q3KQU3|70|S|21,Q3KQU3,MAP7D1,70,S,21,S-21,Phospho (ST),MA7D1_HUMAN
Q9Y624|284|S|21,Q9Y624,F11R,284,S,21,S-21,Phospho (ST),JAM1_HUMAN
Q49A88|758|S|21,Q49A88,CCDC14,758,S,21,S-21,Phospho (ST),CCD14_HUMAN
Q49A88|762|S|21,Q49A88,CCDC14,762,S,21,S-21,Phospho (ST),CCD14_HUMAN
Q3ZCW2|25|S|21,Q3ZCW2,LGALSL,25,S,21,S-21,Phospho (ST),LEGL_HUMAN
Q9NQX3|194|S|21,Q9NQX3,GPHN,194,S,21,S-21,Phospho (ST),GEPH_HUMAN
Q4AC94|2018|S|21,Q4AC94,C2CD3,2018,S,21,S-21,Phospho (ST),C2CD3_HUMAN
Q4AC94|2020|S|21,Q4AC94,C2CD3,2020,S,21,S-21,Phospho (ST),C2CD3_HUMAN
Q3V6T2|1675|S|21,Q3V6T2,CCDC88A,1675,S,21,S-21,Phospho (ST),GRDN_HUMAN
Q9BPY3|6|S|21,Q9BPY3,FAM118B,6,S,21,S-21,Phospho (ST),F118B_HUMAN
Q3YEC7|640|S|21,Q3YEC7,RABL6,640,S,21,S-21,Phospho (ST),RABL6_HUMAN
Q3YEC7|641|S|21,Q3YEC7,RABL6,641,S,21,S-21,Phospho (ST),RABL6_HUMAN
Q9BRQ0|40|S|21,Q9BRQ0,PYGO2,40,S,21,S-21,Phospho (ST),PYGO2_HUMAN
P16403|4|T|21,P16403,H1-2,4,T,21,T-21,Phospho (ST),H12_HUMAN
P27361|202|T|21,P27361,MAPK3,202,T,21,T-21,Phospho (ST),MK03_HUMAN
O15231|158|T|21,O15231,ZNF185,158,T,21,T-21,Phospho (ST),ZN185_HUMAN
Q86V48|569|S|21,Q86V48,LUZP1,569,S,21,S-21,Phospho (ST),LUZP1_HUMAN
Q9BXY0|202|T|21,Q9BXY0,MAK16,202,T,21,T-21,Phospho (ST),MAK16_HUMAN
Q58FF8|128|S|21,Q58FF8,HSP90AB2P,128,S,21,S-21,Phospho (ST),H90B2_HUMAN
Q86SQ0|387|S|21,Q86SQ0,PHLDB2,387,S,21,S-21,Phospho (ST),PHLB2_HUMAN
Q5BKZ1|478|S|21,Q5BKZ1,ZNF326,478,S,21,S-21,Phospho (ST),ZN326_HUMAN
Q9BRD0|172|S|21,Q9BRD0,BUD13,172,S,21,S-21,Phospho (ST),BUD13_HUMAN
Q58FG0|89|S|21,Q58FG0,HSP90AA5P,89,S,21,S-21,Phospho (ST),HS905_HUMAN
Q7Z569|117|S|21,Q7Z569,BRAP,117,S,21,S-21,Phospho (ST),BRAP_HUMAN
Q9NPQ8|436|S|21,Q9NPQ8,RIC8A,436,S,21,S-21,Phospho (ST),RIC8A_HUMAN
Q58WW2|336|S|21,Q58WW2,DCAF6,336,S,21,S-21,Phospho (ST),DCAF6_HUMAN
Q8WU20|327|S|21,Q8WU20,FRS2,327,S,21,S-21,Phospho (ST),FRS2_HUMAN
Q5H9R4|1891|S|21,Q5H9R4,ARMCX4,1891,S,21,S-21,Phospho (ST),ARMX4_HUMAN
Q9UMS6|623|S|21,Q9UMS6,SYNPO2,623,S,21,S-21,Phospho (ST),SYNP2_HUMAN
Q5JSH3|162|S|21,Q5JSH3,WDR44,162,S,21,S-21,Phospho (ST),WDR44_HUMAN
Q9P0V3|246|S|21,Q9P0V3,SH3BP4,246,S,21,S-21,Phospho (ST),SH3B4_HUMAN
Q5HYJ3|193|S|21,Q5HYJ3,FAM76B,193,S,21,S-21,Phospho (ST),FA76B_HUMAN
Q8IX12|627|T|21,Q8IX12,CCAR1,627,T,21,T-21,Phospho (ST),CCAR1_HUMAN
Q5C9Z4|280|S|21,Q5C9Z4,NOM1,280,S,21,S-21,Phospho (ST),NOM1_HUMAN
Q5C9Z4|287|T|21,Q5C9Z4,NOM1,287,T,21,T-21,Phospho (ST),NOM1_HUMAN
Q5H9R4|1892|S|21,Q5H9R4,ARMCX4,1892,S,21,S-21,Phospho (ST),ARMX4_HUMAN
Q5H9L2|131|S|21,Q5H9L2,TCEAL5,131,S,21,S-21,Phospho (ST),TCAL5_HUMAN
Q8WU17|625|S|21,Q8WU17,RNF139,625,S,21,S-21,Phospho (ST),RN139_HUMAN
Q5D1E8|99|S|21,Q5D1E8,ZC3H12A,99,S,21,S-21,Phospho (ST),ZC12A_HUMAN
Q6P597|466|S|21,Q6P597,KLC3,466,S,21,S-21,Phospho (ST),KLC3_HUMAN
Q9H201|448|S|21,Q9H201,EPN3,448,S,21,S-21,Phospho (ST),EPN3_HUMAN
Q53ET0|623|S|21,Q53ET0,CRTC2,623,S,21,S-21,Phospho (ST),CRTC2_HUMAN
Q53ET0|624|S|21,Q53ET0,CRTC2,624,S,21,S-21,Phospho (ST),CRTC2_HUMAN
Q8N5C8|385|S|21,Q8N5C8,TAB3,385,S,21,S-21,Phospho (ST),TAB3_HUMAN
Q53EL6|94|S|21,Q53EL6,PDCD4,94,S,21,S-21,Phospho (ST),PDCD4_HUMAN
Q53ET0|456|S|21,Q53ET0,CRTC2,456,S,21,S-21,Phospho (ST),CRTC2_HUMAN
Q6UUV7|391|S|21,Q6UUV7,CRTC3,391,S,21,S-21,Phospho (ST),CRTC3_HUMAN
Q53ET0|171|S|21,Q53ET0,CRTC2,171,S,21,S-21,Phospho (ST),CRTC2_HUMAN
Q53ET0|173|S|21,Q53ET0,CRTC2,173,S,21,S-21,Phospho (ST),CRTC2_HUMAN
Q53ET0|178|S|21,Q53ET0,CRTC2,178,S,21,S-21,Phospho (ST),CRTC2_HUMAN
Q53SF7|256|S|21,Q53SF7,COBLL1,256,S,21,S-21,Phospho (ST),COBL1_HUMAN
Q969E4|65|S|21,Q969E4,TCEAL3,65,S,21,S-21,Phospho (ST),TCAL3_HUMAN
Q9BXB4|181|S|21,Q9BXB4,OSBPL11,181,S,21,S-21,Phospho (ST),OSB11_HUMAN
Q53QZ3|43|S|21,Q53QZ3,ARHGAP15,43,S,21,S-21,Phospho (ST),RHG15_HUMAN
Q8IYB3|793|T|21,Q8IYB3,SRRM1,793,T,21,T-21,Phospho (ST),SRRM1_HUMAN
Q9UQL6|498|S|21,Q9UQL6,HDAC5,498,S,21,S-21,Phospho (ST),HDAC5_HUMAN
Q53T59|249|S|21,Q53T59,HS1BP3,249,S,21,S-21,Phospho (ST),H1BP3_HUMAN
O43491|684|H|53,O43491,EPB41L2,684,H,53,H-53,HNE,E41L2_HUMAN
Q53SF7|911|S|21,Q53SF7,COBLL1,911,S,21,S-21,Phospho (ST),COBL1_HUMAN
Q9UHB7|178|S|21,Q9UHB7,AFF4,178,S,21,S-21,Phospho (ST),AFF4_HUMAN
Q53HL2|215|S|21,Q53HL2,CDCA8,215,S,21,S-21,Phospho (ST),BOREA_HUMAN
Q53HL2|219|S|21,Q53HL2,CDCA8,219,S,21,S-21,Phospho (ST),BOREA_HUMAN
Q6VMQ6|477|S|21,Q6VMQ6,ATF7IP,477,S,21,S-21,Phospho (ST),MCAF1_HUMAN
P49736|25|T|21,P49736,MCM2,25,T,21,T-21,Phospho (ST),MCM2_HUMAN
Q9BPX3|1015|S|21,Q9BPX3,NCAPG,1015,S,21,S-21,Phospho (ST),CND3_HUMAN
Q17RY0|97|S|21,Q17RY0,CPEB4,97,S,21,S-21,Phospho (ST),CPEB4_HUMAN
Q17RY0|99|S|21,Q17RY0,CPEB4,99,S,21,S-21,Phospho (ST),CPEB4_HUMAN
Q16666|168|S|21,Q16666,IFI16,168,S,21,S-21,Phospho (ST),IF16_HUMAN
Q9UQ35|1878|S|21,Q9UQ35,SRRM2,1878,S,21,S-21,Phospho (ST),SRRM2_HUMAN
Q1ED39|132|S|21,Q1ED39,KNOP1,132,S,21,S-21,Phospho (ST),KNOP1_HUMAN
Q9NZM3|889|S|21,Q9NZM3,ITSN2,889,S,21,S-21,Phospho (ST),ITSN2_HUMAN
Q9Y2X7|596|S|21,Q9Y2X7,GIT1,596,S,21,S-21,Phospho (ST),GIT1_HUMAN
Q16643|141|S|21,Q16643,DBN1,141,S,21,S-21,Phospho (ST),DREB_HUMAN
Q9Y520|2682|T|21,Q9Y520,PRRC2C,2682,T,21,T-21,Phospho (ST),PRC2C_HUMAN
Q16666|160|S|21,Q16666,IFI16,160,S,21,S-21,Phospho (ST),IF16_HUMAN
Q92974|941|S|21,Q92974,ARHGEF2,941,S,21,S-21,Phospho (ST),ARHG2_HUMAN
Q96A00|134|S|21,Q96A00,PPP1R14A,134,S,21,S-21,Phospho (ST),PP14A_HUMAN
Q16666|153|S|21,Q16666,IFI16,153,S,21,S-21,Phospho (ST),IF16_HUMAN
P55081|267|T|21,P55081,MFAP1,267,T,21,T-21,Phospho (ST),MFAP1_HUMAN
Q27J81|1227|S|21,Q27J81,INF2,1227,S,21,S-21,Phospho (ST),INF2_HUMAN
Q27J81|1229|S|21,Q27J81,INF2,1229,S,21,S-21,Phospho (ST),INF2_HUMAN
Q1KMD3|161|S|21,Q1KMD3,HNRNPUL2,161,S,21,S-21,Phospho (ST),HNRL2_HUMAN
Q27J81|1149|S|21,Q27J81,INF2,1149,S,21,S-21,Phospho (ST),INF2_HUMAN
Q96RS0|55|S|21,Q96RS0,TGS1,55,S,21,S-21,Phospho (ST),TGS1_HUMAN
Q27J81|1147|S|21,Q27J81,INF2,1147,S,21,S-21,Phospho (ST),INF2_HUMAN
Q16512|773|S|21,Q16512,PKN1,773,S,21,S-21,Phospho (ST),PKN1_HUMAN
Q16513|815|S|21,Q16513,PKN2,815,S,21,S-21,Phospho (ST),PKN2_HUMAN
Q16204|240|S|21,Q16204,CCDC6,240,S,21,S-21,Phospho (ST),CCDC6_HUMAN
Q8NDC0|15|S|21,Q8NDC0,MAPK1IP1L,15,S,21,S-21,Phospho (ST),MISSL_HUMAN
Q16512|537|S|21,Q16512,PKN1,537,S,21,S-21,Phospho (ST),PKN1_HUMAN
Q8IX21|710|S|21,Q8IX21,SLF2,710,S,21,S-21,Phospho (ST),SLF2_HUMAN
Q16204|323|S|21,Q16204,CCDC6,323,S,21,S-21,Phospho (ST),CCDC6_HUMAN
Q8TDX7|195|S|21,Q8TDX7,NEK7,195,S,21,S-21,Phospho (ST),NEK7_HUMAN
Q8TDY2|237|S|21,Q8TDY2,RB1CC1,237,S,21,S-21,Phospho (ST),RBCC1_HUMAN
Q16576|3|S|21,Q16576,RBBP7,3,S,21,S-21,Phospho (ST),RBBP7_HUMAN
Q9HAW4|1147|S|21,Q9HAW4,CLSPN,1147,S,21,S-21,Phospho (ST),CLSPN_HUMAN
Q16555|542|S|21,Q16555,DPYSL2,542,S,21,S-21,Phospho (ST),DPYL2_HUMAN
P17252|504|Y|21,P17252,PRKCA,504,Y,21,Y-21,Phospho (Y),KPCA_HUMAN
Q9UKG1|399|T|21,Q9UKG1,APPL1,399,T,21,T-21,Phospho (ST),DP13A_HUMAN
Q8TCU6|1200|S|21,Q8TCU6,PREX1,1200,S,21,S-21,Phospho (ST),PREX1_HUMAN
Q16512|914|T|21,Q16512,PKN1,914,T,21,T-21,Phospho (ST),PKN1_HUMAN
Q5U5Q3|547|T|21,Q5U5Q3,MEX3C,547,T,21,T-21,Phospho (ST),MEX3C_HUMAN
O15530|245|T|21,O15530,PDPK1,245,T,21,T-21,Phospho (ST),PDPK1_HUMAN
Q16623|14|S|21,Q16623,STX1A,14,S,21,S-21,Phospho (ST),STX1A_HUMAN
Q92777|425|S|21,Q92777,SYN2,425,S,21,S-21,Phospho (ST),SYN2_HUMAN
Q14195|508|T|21,Q14195,DPYSL3,508,T,21,T-21,Phospho (ST),DPYL3_HUMAN
Q14195|509|T|21,Q14195,DPYSL3,509,T,21,T-21,Phospho (ST),DPYL3_HUMAN
Q16594|152|S|21,Q16594,TAF9,152,S,21,S-21,Phospho (ST),TAF9_HUMAN
Q8WUD4|165|S|21,Q8WUD4,CCDC12,165,S,21,S-21,Phospho (ST),CCD12_HUMAN
Q96JY6|206|S|21,Q96JY6,PDLIM2,206,S,21,S-21,Phospho (ST),PDLI2_HUMAN
Q96JY6|213|S|21,Q96JY6,PDLIM2,213,S,21,S-21,Phospho (ST),PDLI2_HUMAN
Q6WCQ1|298|H|53,Q6WCQ1,MPRIP,298,H,53,H-53,HNE,MPRIP_HUMAN
Q16537|32|S|21,Q16537,PPP2R5E,32,S,21,S-21,Phospho (ST),2A5E_HUMAN
Q16537|33|S|21,Q16537,PPP2R5E,33,S,21,S-21,Phospho (ST),2A5E_HUMAN
Q16555|514|T|21,Q16555,DPYSL2,514,T,21,T-21,Phospho (ST),DPYL2_HUMAN
Q16555|507|S|21,Q16555,DPYSL2,507,S,21,S-21,Phospho (ST),DPYL2_HUMAN
O43765|81|T|21,O43765,SGTA,81,T,21,T-21,Phospho (ST),SGTA_HUMAN
Q96D71|392|S|21,Q96D71,REPS1,392,S,21,S-21,Phospho (ST),REPS1_HUMAN
Q32MZ4|120|S|21,Q32MZ4,LRRFIP1,120,S,21,S-21,Phospho (ST),LRRF1_HUMAN
Q92538|1318|S|21,Q92538,GBF1,1318,S,21,S-21,Phospho (ST),GBF1_HUMAN
Q9H6Z4|333|S|21,Q9H6Z4,RANBP3,333,S,21,S-21,Phospho (ST),RANB3_HUMAN
Q9H1B7|547|S|21,Q9H1B7,IRF2BPL,547,S,21,S-21,Phospho (ST),I2BPL_HUMAN
Q32MZ4|768|S|21,Q32MZ4,LRRFIP1,768,S,21,S-21,Phospho (ST),LRRF1_HUMAN
Q96JY6|137|S|21,Q96JY6,PDLIM2,137,S,21,S-21,Phospho (ST),PDLI2_HUMAN
Q9H6S3|570|S|21,Q9H6S3,EPS8L2,570,S,21,S-21,Phospho (ST),ES8L2_HUMAN
Q9P1Y6|1360|S|21,Q9P1Y6,PHRF1,1360,S,21,S-21,Phospho (ST),PHRF1_HUMAN
Q32MZ4|565|S|21,Q32MZ4,LRRFIP1,565,S,21,S-21,Phospho (ST),LRRF1_HUMAN
Q9H814|364|S|21,Q9H814,PHAX,364,S,21,S-21,Phospho (ST),PHAX_HUMAN
Q2TB10|426|S|21,Q2TB10,ZNF800,426,S,21,S-21,Phospho (ST),ZN800_HUMAN
Q9NRL2|1363|S|21,Q9NRL2,BAZ1A,1363,S,21,S-21,Phospho (ST),BAZ1A_HUMAN
Q641Q2|333|S|21,Q641Q2,WASHC2A,333,S,21,S-21,Phospho (ST),WAC2A_HUMAN
Q32MZ4|116|S|21,Q32MZ4,LRRFIP1,116,S,21,S-21,Phospho (ST),LRRF1_HUMAN
Q9NRA8|587|S|21,Q9NRA8,EIF4ENIF1,587,S,21,S-21,Phospho (ST),4ET_HUMAN
Q8IYB3|465|S|21,Q8IYB3,SRRM1,465,S,21,S-21,Phospho (ST),SRRM1_HUMAN
Q3KQU3|366|S|21,Q3KQU3,MAP7D1,366,S,21,S-21,Phospho (ST),MA7D1_HUMAN
Q9NYV4|423|S|21,Q9NYV4,CDK12,423,S,21,S-21,Phospho (ST),CDK12_HUMAN
Q7Z589|1213|S|21,Q7Z589,EMSY,1213,S,21,S-21,Phospho (ST),EMSY_HUMAN
Q3KQU3|273|S|21,Q3KQU3,MAP7D1,273,S,21,S-21,Phospho (ST),MA7D1_HUMAN
Q3KQU3|274|S|21,Q3KQU3,MAP7D1,274,S,21,S-21,Phospho (ST),MA7D1_HUMAN
Q32P51|6|S|21,Q32P51,HNRNPA1L2,6,S,21,S-21,Phospho (ST),RA1L2_HUMAN
Q9NVD7|19|S|21,Q9NVD7,PARVA,19,S,21,S-21,Phospho (ST),PARVA_HUMAN
Q32P44|176|S|21,Q32P44,EML3,176,S,21,S-21,Phospho (ST),EMAL3_HUMAN
Q15418|225|T|21,Q15418,RPS6KA1,225,T,21,T-21,Phospho (ST),KS6A1_HUMAN
Q86VQ1|303|S|21,Q86VQ1,GLCCI1,303,S,21,S-21,Phospho (ST),GLCI1_HUMAN
Q3B726|316|S|21,Q3B726,POLR1F,316,S,21,S-21,Phospho (ST),RPA43_HUMAN
Q9H7N4|989|T|21,Q9H7N4,SCAF1,989,T,21,T-21,Phospho (ST),SFR19_HUMAN
Q2M2I8|21|S|21,Q2M2I8,AAK1,21,S,21,S-21,Phospho (ST),AAK1_HUMAN
Q9NQW6|54|S|21,Q9NQW6,ANLN,54,S,21,S-21,Phospho (ST),ANLN_HUMAN
Q9P0K7|383|S|21,Q9P0K7,RAI14,383,S,21,S-21,Phospho (ST),RAI14_HUMAN
Q9Y6R0|324|S|21,Q9Y6R0,NUMBL,324,S,21,S-21,Phospho (ST),NUMBL_HUMAN
Q9UFC0|246|K|53,Q9UFC0,LRWD1,246,K,53,K-53,HNE,LRWD1_HUMAN
Q2KHR2|1083|S|21,Q2KHR2,RFX7,1083,S,21,S-21,Phospho (ST),RFX7_HUMAN
P21127|595|T|21,P21127,CDK11B,595,T,21,T-21,Phospho (ST),CD11B_HUMAN
Q9Y2D5|146|S|21,Q9Y2D5,PALM2AKAP2,146,S,21,S-21,Phospho (ST),PLAK2_HUMAN
Q8WVB6|63|S|21,Q8WVB6,CHTF18,63,S,21,S-21,Phospho (ST),CTF18_HUMAN
Q8N0Z3|760|S|21,Q8N0Z3,SPICE1,760,S,21,S-21,Phospho (ST),SPICE_HUMAN
Q2KHR3|1230|S|21,Q2KHR3,QSER1,1230,S,21,S-21,Phospho (ST),QSER1_HUMAN
Q2KHR3|1231|S|21,Q2KHR3,QSER1,1231,S,21,S-21,Phospho (ST),QSER1_HUMAN
Q2NKX8|1069|S|21,Q2NKX8,ERCC6L,1069,S,21,S-21,Phospho (ST),ERC6L_HUMAN
Q2M3G4|133|S|21,Q2M3G4,SHROOM1,133,S,21,S-21,Phospho (ST),SHRM1_HUMAN
Q9H3Q1|292|S|21,Q9H3Q1,CDC42EP4,292,S,21,S-21,Phospho (ST),BORG4_HUMAN
Q2NKX8|1028|S|21,Q2NKX8,ERCC6L,1028,S,21,S-21,Phospho (ST),ERC6L_HUMAN
Q8N3X1|479|T|21,Q8N3X1,FNBP4,479,T,21,T-21,Phospho (ST),FNBP4_HUMAN
Q2PPJ7|376|S|21,Q2PPJ7,RALGAPA2,376,S,21,S-21,Phospho (ST),RGPA2_HUMAN
Q9UGH3|78|S|21,Q9UGH3,SLC23A2,78,S,21,S-21,Phospho (ST),S23A2_HUMAN
Q2PPJ7|373|S|21,Q2PPJ7,RALGAPA2,373,S,21,S-21,Phospho (ST),RGPA2_HUMAN
Q96RK0|146|S|21,Q96RK0,CIC,146,S,21,S-21,Phospho (ST),CIC_HUMAN
Q2M2I8|652|S|21,Q2M2I8,AAK1,652,S,21,S-21,Phospho (ST),AAK1_HUMAN
Q8NDX1|1020|S|21,Q8NDX1,PSD4,1020,S,21,S-21,Phospho (ST),PSD4_HUMAN
Q92934|99|S|21,Q92934,BAD,99,S,21,S-21,Phospho (ST),BAD_HUMAN
P18669|119|Y|21,P18669,PGAM1,119,Y,21,Y-21,Phospho (Y),PGAM1_HUMAN
Q2M2I8|624|S|21,Q2M2I8,AAK1,624,S,21,S-21,Phospho (ST),AAK1_HUMAN
Q969V6|454|S|21,Q969V6,MRTFA,454,S,21,S-21,Phospho (ST),MRTFA_HUMAN
Q2M2I8|620|T|21,Q2M2I8,AAK1,620,T,21,T-21,Phospho (ST),AAK1_HUMAN
Q13428|1228|S|21,Q13428,TCOF1,1228,S,21,S-21,Phospho (ST),TCOF_HUMAN
Q96JC9|165|S|21,Q96JC9,EAF1,165,S,21,S-21,Phospho (ST),EAF1_HUMAN
Q13427|745|S|21,Q13427,PPIG,745,S,21,S-21,Phospho (ST),PPIG_HUMAN
Q8NFI4|75|S|21,Q8NFI4,ST13P5,75,S,21,S-21,Phospho (ST),F10A5_HUMAN
Q13428|381|S|21,Q13428,TCOF1,381,S,21,S-21,Phospho (ST),TCOF_HUMAN
Q9UQ35|2581|S|21,Q9UQ35,SRRM2,2581,S,21,S-21,Phospho (ST),SRRM2_HUMAN
Q13428|583|S|21,Q13428,TCOF1,583,S,21,S-21,Phospho (ST),TCOF_HUMAN
Q13428|581|T|21,Q13428,TCOF1,581,T,21,T-21,Phospho (ST),TCOF_HUMAN
Q13428|777|S|21,Q13428,TCOF1,777,S,21,S-21,Phospho (ST),TCOF_HUMAN
Q8N108|52|S|21,Q8N108,MIER1,52,S,21,S-21,Phospho (ST),MIER1_HUMAN
Q8N108|53|S|21,Q8N108,MIER1,53,S,21,S-21,Phospho (ST),MIER1_HUMAN
Q641Q2|614|S|21,Q641Q2,WASHC2A,614,S,21,S-21,Phospho (ST),WAC2A_HUMAN
Q13428|233|S|21,Q13428,TCOF1,233,S,21,S-21,Phospho (ST),TCOF_HUMAN
Q9UQ35|1694|S|21,Q9UQ35,SRRM2,1694,S,21,S-21,Phospho (ST),SRRM2_HUMAN
Q13428|171|S|21,Q13428,TCOF1,171,S,21,S-21,Phospho (ST),TCOF_HUMAN
Q9NU22|4538|S|21,Q9NU22,MDN1,4538,S,21,S-21,Phospho (ST),MDN1_HUMAN
Q13424|201|S|21,Q13424,SNTA1,201,S,21,S-21,Phospho (ST),SNTA1_HUMAN
O00267|1034|T|21,O00267,SUPT5H,1034,T,21,T-21,Phospho (ST),SPT5H_HUMAN
Q8WWI1|1129|S|21,Q8WWI1,LMO7,1129,S,21,S-21,Phospho (ST),LMO7_HUMAN
Q8TDY2|624|S|21,Q8TDY2,RB1CC1,624,S,21,S-21,Phospho (ST),RBCC1_HUMAN
Q13422|364|S|21,Q13422,IKZF1,364,S,21,S-21,Phospho (ST),IKZF1_HUMAN
Q9UKJ3|1081|S|21,Q9UKJ3,GPATCH8,1081,S,21,S-21,Phospho (ST),GPTC8_HUMAN
P43403|292|Y|21,P43403,ZAP70,292,Y,21,Y-21,Phospho (Y),ZAP70_HUMAN
Q8N3X1|113|Y|21,Q8N3X1,FNBP4,113,Y,21,Y-21,Phospho (Y),FNBP4_HUMAN
Q13330|522|S|21,Q13330,MTA1,522,S,21,S-21,Phospho (ST),MTA1_HUMAN
P04406|184|T|21,P04406,GAPDH,184,T,21,T-21,Phospho (ST),G3P_HUMAN
Q13330|562|S|21,Q13330,MTA1,562,S,21,S-21,Phospho (ST),MTA1_HUMAN
Q13371|293|S|21,Q13371,PDCL,293,S,21,S-21,Phospho (ST),PHLP_HUMAN
Q9NQS7|208|S|21,Q9NQS7,INCENP,208,S,21,S-21,Phospho (ST),INCE_HUMAN
Q99733|51|T|21,Q99733,NAP1L4,51,T,21,T-21,Phospho (ST),NP1L4_HUMAN
Q13330|576|S|21,Q13330,MTA1,576,S,21,S-21,Phospho (ST),MTA1_HUMAN
Q9BWF3|86|S|21,Q9BWF3,RBM4,86,S,21,S-21,Phospho (ST),RBM4_HUMAN
Q13427|413|S|21,Q13427,PPIG,413,S,21,S-21,Phospho (ST),PPIG_HUMAN
Q13426|320|S|21,Q13426,XRCC4,320,S,21,S-21,Phospho (ST),XRCC4_HUMAN
Q9P2D1|2275|S|21,Q9P2D1,CHD7,2275,S,21,S-21,Phospho (ST),CHD7_HUMAN
Q13427|356|S|21,Q13427,PPIG,356,S,21,S-21,Phospho (ST),PPIG_HUMAN
Q13427|358|T|21,Q13427,PPIG,358,T,21,T-21,Phospho (ST),PPIG_HUMAN
Q92688|244|T|21,Q92688,ANP32B,244,T,21,T-21,Phospho (ST),AN32B_HUMAN
Q96JC9|158|S|21,Q96JC9,EAF1,158,S,21,S-21,Phospho (ST),EAF1_HUMAN
Q13427|544|S|21,Q13427,PPIG,544,S,21,S-21,Phospho (ST),PPIG_HUMAN
Q13427|546|S|21,Q13427,PPIG,546,S,21,S-21,Phospho (ST),PPIG_HUMAN
Q13426|232|S|21,Q13426,XRCC4,232,S,21,S-21,Phospho (ST),XRCC4_HUMAN
Q13426|237|S|21,Q13426,XRCC4,237,S,21,S-21,Phospho (ST),XRCC4_HUMAN
Q13501|272|S|21,Q13501,SQSTM1,272,S,21,S-21,Phospho (ST),SQSTM_HUMAN
Q8IYB3|695|S|21,Q8IYB3,SRRM1,695,S,21,S-21,Phospho (ST),SRRM1_HUMAN
Q9Y2W1|243|S|21,Q9Y2W1,THRAP3,243,S,21,S-21,Phospho (ST),TR150_HUMAN
Q9UQ35|1083|S|21,Q9UQ35,SRRM2,1083,S,21,S-21,Phospho (ST),SRRM2_HUMAN
Q13523|241|S|21,Q13523,PRPF4B,241,S,21,S-21,Phospho (ST),PRP4B_HUMAN
Q9NQS7|478|T|21,Q9NQS7,INCENP,478,T,21,T-21,Phospho (ST),INCE_HUMAN
Q9BRD0|222|S|21,Q9BRD0,BUD13,222,S,21,S-21,Phospho (ST),BUD13_HUMAN
Q9UIG0|708|S|21,Q9UIG0,BAZ1B,708,S,21,S-21,Phospho (ST),BAZ1B_HUMAN
Q13523|277|S|21,Q13523,PRPF4B,277,S,21,S-21,Phospho (ST),PRP4B_HUMAN
Q13523|20|S|21,Q13523,PRPF4B,20,S,21,S-21,Phospho (ST),PRP4B_HUMAN
Q8TEQ6|778|S|21,Q8TEQ6,GEMIN5,778,S,21,S-21,Phospho (ST),GEMI5_HUMAN
Q9H8Y8|451|S|21,Q9H8Y8,GORASP2,451,S,21,S-21,Phospho (ST),GORS2_HUMAN
Q53TN4|248|S|21,Q53TN4,CYBRD1,248,S,21,S-21,Phospho (ST),CYBR1_HUMAN
Q13469|759|S|21,Q13469,NFATC2,759,S,21,S-21,Phospho (ST),NFAC2_HUMAN
Q9UJU6|131|K|1,Q9UJU6,DBNL,131,K,1,K-1,Acetylation (K),DBNL_HUMAN
Q13523|837|S|21,Q13523,PRPF4B,837,S,21,S-21,Phospho (ST),PRP4B_HUMAN
Q9Y6R9|447|S|21,Q9Y6R9,CCDC61,447,S,21,S-21,Phospho (ST),CCD61_HUMAN
Q9BTX1|504|S|21,Q9BTX1,NDC1,504,S,21,S-21,Phospho (ST),NDC1_HUMAN
Q13523|87|S|21,Q13523,PRPF4B,87,S,21,S-21,Phospho (ST),PRP4B_HUMAN
Q13523|93|S|21,Q13523,PRPF4B,93,S,21,S-21,Phospho (ST),PRP4B_HUMAN
Q13523|366|S|21,Q13523,PRPF4B,366,S,21,S-21,Phospho (ST),PRP4B_HUMAN
Q9Y520|1263|S|21,Q9Y520,PRRC2C,1263,S,21,S-21,Phospho (ST),PRC2C_HUMAN
Q13523|431|S|21,Q13523,PRPF4B,431,S,21,S-21,Phospho (ST),PRP4B_HUMAN
Q13523|437|S|21,Q13523,PRPF4B,437,S,21,S-21,Phospho (ST),PRP4B_HUMAN
Q13435|360|S|21,Q13435,SF3B2,360,S,21,S-21,Phospho (ST),SF3B2_HUMAN
Q9UKL0|260|S|21,Q9UKL0,RCOR1,260,S,21,S-21,Phospho (ST),RCOR1_HUMAN
Q9H2F5|357|S|21,Q9H2F5,EPC1,357,S,21,S-21,Phospho (ST),EPC1_HUMAN
Q5T200|64|S|21,Q5T200,ZC3H13,64,S,21,S-21,Phospho (ST),ZC3HD_HUMAN
Q13435|362|S|21,Q13435,SF3B2,362,S,21,S-21,Phospho (ST),SF3B2_HUMAN
Q13428|85|S|21,Q13428,TCOF1,85,S,21,S-21,Phospho (ST),TCOF_HUMAN
Q9Y2J4|602|S|21,Q9Y2J4,AMOTL2,602,S,21,S-21,Phospho (ST),AMOL2_HUMAN
Q13435|307|S|21,Q13435,SF3B2,307,S,21,S-21,Phospho (ST),SF3B2_HUMAN
Q5JTV8|215|S|21,Q5JTV8,TOR1AIP1,215,S,21,S-21,Phospho (ST),TOIP1_HUMAN
Q13459|1290|S|21,Q13459,MYO9B,1290,S,21,S-21,Phospho (ST),MYO9B_HUMAN
Q99590|776|S|21,Q99590,SCAF11,776,S,21,S-21,Phospho (ST),SCAFB_HUMAN
Q9NYB9|227|S|21,Q9NYB9,ABI2,227,S,21,S-21,Phospho (ST),ABI2_HUMAN
Q13442|60|S|21,Q13442,PDAP1,60,S,21,S-21,Phospho (ST),HAP28_HUMAN
Q13439|71|S|21,Q13439,GOLGA4,71,S,21,S-21,Phospho (ST),GOGA4_HUMAN
Q9Y5J1|121|S|21,Q9Y5J1,UTP18,121,S,21,S-21,Phospho (ST),UTP18_HUMAN
Q53TN4|284|S|21,Q53TN4,CYBRD1,284,S,21,S-21,Phospho (ST),CYBR1_HUMAN
Q13029|739|S|21,Q13029,PRDM2,739,S,21,S-21,Phospho (ST),PRDM2_HUMAN
Q13029|743|S|21,Q13029,PRDM2,743,S,21,S-21,Phospho (ST),PRDM2_HUMAN
Q13049|335|S|21,Q13049,TRIM32,335,S,21,S-21,Phospho (ST),TRI32_HUMAN
Q8ND76|25|S|21,Q8ND76,CCNY,25,S,21,S-21,Phospho (ST),CCNY_HUMAN
Q13043|320|S|21,Q13043,STK4,320,S,21,S-21,Phospho (ST),STK4_HUMAN
Q9NZ63|261|S|21,Q9NZ63,C9orf78,261,S,21,S-21,Phospho (ST),TLS1_HUMAN
Q9C073|213|S|21,Q9C073,FAM117A,213,S,21,S-21,Phospho (ST),F117A_HUMAN
Q86YR5|493|S|21,Q86YR5,GPSM1,493,S,21,S-21,Phospho (ST),GPSM1_HUMAN
Q13017|1173|S|21,Q13017,ARHGAP5,1173,S,21,S-21,Phospho (ST),RHG05_HUMAN
Q13017|1176|S|21,Q13017,ARHGAP5,1176,S,21,S-21,Phospho (ST),RHG05_HUMAN
Q12986|95|S|21,Q12986,NFX1,95,S,21,S-21,Phospho (ST),NFX1_HUMAN
Q13905|296|S|21,Q13905,RAPGEF1,296,S,21,S-21,Phospho (ST),RPGF1_HUMAN
Q9UKV3|838|S|21,Q9UKV3,ACIN1,838,S,21,S-21,Phospho (ST),ACINU_HUMAN
Q13085|29|S|21,Q13085,ACACA,29,S,21,S-21,Phospho (ST),ACACA_HUMAN
Q96IG2|421|S|21,Q96IG2,FBXL20,421,S,21,S-21,Phospho (ST),FXL20_HUMAN
Q9H2G2|189|S|21,Q9H2G2,SLK,189,S,21,S-21,Phospho (ST),SLK_HUMAN
Q14558|215|S|21,Q14558,PRPSAP1,215,S,21,S-21,Phospho (ST),KPRA_HUMAN
Q12929|659|S|21,Q12929,EPS8,659,S,21,S-21,Phospho (ST),EPS8_HUMAN
Q13247|314|S|21,Q13247,SRSF6,314,S,21,S-21,Phospho (ST),SRSF6_HUMAN
Q12923|938|S|21,Q12923,PTPN13,938,S,21,S-21,Phospho (ST),PTN13_HUMAN
Q9UHF7|216|S|21,Q9UHF7,TRPS1,216,S,21,S-21,Phospho (ST),TRPS1_HUMAN
Q12933|11|S|21,Q12933,TRAF2,11,S,21,S-21,Phospho (ST),TRAF2_HUMAN
Q12933|5|S|21,Q12933,TRAF2,5,S,21,S-21,Phospho (ST),TRAF2_HUMAN
Q12929|685|S|21,Q12929,EPS8,685,S,21,S-21,Phospho (ST),EPS8_HUMAN
Q6XQN6|537|S|21,Q6XQN6,NAPRT,537,S,21,S-21,Phospho (ST),PNCB_HUMAN
Q12906|506|S|21,Q12906,ILF3,506,S,21,S-21,Phospho (ST),ILF3_HUMAN
Q9H3M7|358|S|21,Q9H3M7,TXNIP,358,S,21,S-21,Phospho (ST),TXNIP_HUMAN
Q12906|503|S|21,Q12906,ILF3,503,S,21,S-21,Phospho (ST),ILF3_HUMAN
Q5JSZ5|225|T|21,Q5JSZ5,PRRC2B,225,T,21,T-21,Phospho (ST),PRC2B_HUMAN
Q12906|762|S|21,Q12906,ILF3,762,S,21,S-21,Phospho (ST),ILF3_HUMAN
Q15652|638|S|21,Q15652,JMJD1C,638,S,21,S-21,Phospho (ST),JHD2C_HUMAN
Q9ULH1|738|S|21,Q9ULH1,ASAP1,738,S,21,S-21,Phospho (ST),ASAP1_HUMAN
Q9Y2W1|252|K|34,Q9Y2W1,THRAP3,252,K,34,K-34,Methylation (K),TR150_HUMAN
Q93008|1593|S|21,Q93008,USP9X,1593,S,21,S-21,Phospho (ST),USP9X_HUMAN
Q92614|164|S|21,Q92614,MYO18A,164,S,21,S-21,Phospho (ST),MY18A_HUMAN
Q12959|687|S|21,Q12959,DLG1,687,S,21,S-21,Phospho (ST),DLG1_HUMAN
O15075|354|T|21,O15075,DCLK1,354,T,21,T-21,Phospho (ST),DCLK1_HUMAN
Q5SW79|359|S|21,Q5SW79,CEP170,359,S,21,S-21,Phospho (ST),CE170_HUMAN
Q12986|150|S|21,Q12986,NFX1,150,S,21,S-21,Phospho (ST),NFX1_HUMAN
Q12982|114|S|21,Q12982,BNIP2,114,S,21,S-21,Phospho (ST),BNIP2_HUMAN
Q12959|158|S|21,Q12959,DLG1,158,S,21,S-21,Phospho (ST),DLG1_HUMAN
Q8IWI9|1414|S|21,Q8IWI9,MGA,1414,S,21,S-21,Phospho (ST),MGAP_HUMAN
Q12959|568|S|21,Q12959,DLG1,568,S,21,S-21,Phospho (ST),DLG1_HUMAN
Q12959|571|S|21,Q12959,DLG1,571,S,21,S-21,Phospho (ST),DLG1_HUMAN
Q9BRD0|235|S|21,Q9BRD0,BUD13,235,S,21,S-21,Phospho (ST),BUD13_HUMAN
Q8NE71|140|S|21,Q8NE71,ABCF1,140,S,21,S-21,Phospho (ST),ABCF1_HUMAN
Q13247|316|S|21,Q13247,SRSF6,316,S,21,S-21,Phospho (ST),SRSF6_HUMAN
Q8IYB3|628|S|21,Q8IYB3,SRRM1,628,S,21,S-21,Phospho (ST),SRRM1_HUMAN
Q9UHB6|698|S|21,Q9UHB6,LIMA1,698,S,21,S-21,Phospho (ST),LIMA1_HUMAN
Q8IYB3|626|S|21,Q8IYB3,SRRM1,626,S,21,S-21,Phospho (ST),SRRM1_HUMAN
Q13263|473|S|21,Q13263,TRIM28,473,S,21,S-21,Phospho (ST),TIF1B_HUMAN
Q13247|45|S|21,Q13247,SRSF6,45,S,21,S-21,Phospho (ST),SRSF6_HUMAN
Q14008|832|T|21,Q14008,CKAP5,832,T,21,T-21,Phospho (ST),CKAP5_HUMAN
Q13206|831|S|21,Q13206,DDX10,831,S,21,S-21,Phospho (ST),DDX10_HUMAN
Q6ZUT6|392|S|21,Q6ZUT6,CCDC9B,392,S,21,S-21,Phospho (ST),CCD9B_HUMAN
Q13206|539|S|21,Q13206,DDX10,539,S,21,S-21,Phospho (ST),DDX10_HUMAN
Q2NKX8|946|S|21,Q2NKX8,ERCC6L,946,S,21,S-21,Phospho (ST),ERC6L_HUMAN
Q13200|16|S|21,Q13200,PSMD2,16,S,21,S-21,Phospho (ST),PSMD2_HUMAN
Q9NR30|121|S|21,Q9NR30,DDX21,121,S,21,S-21,Phospho (ST),DDX21_HUMAN
Q9Y2V2|30|S|21,Q9Y2V2,CARHSP1,30,S,21,S-21,Phospho (ST),CHSP1_HUMAN
Q13242|211|S|21,Q13242,SRSF9,211,S,21,S-21,Phospho (ST),SRSF9_HUMAN
Q6JBY9|179|S|21,Q6JBY9,RCSD1,179,S,21,S-21,Phospho (ST),CPZIP_HUMAN
Q6VMQ6|113|S|21,Q6VMQ6,ATF7IP,113,S,21,S-21,Phospho (ST),MCAF1_HUMAN
Q96D71|272|S|21,Q96D71,REPS1,272,S,21,S-21,Phospho (ST),REPS1_HUMAN
Q13286|14|S|21,Q13286,CLN3,14,S,21,S-21,Phospho (ST),CLN3_HUMAN
Q9BRD0|201|S|21,Q9BRD0,BUD13,201,S,21,S-21,Phospho (ST),BUD13_HUMAN
P83881|53|K|34,P83881,RPL36A,53,K,34,K-34,Methylation (K),RL36A_HUMAN
Q13303|9|S|21,Q13303,KCNAB2,9,S,21,S-21,Phospho (ST),KCAB2_HUMAN
Q99490|808|S|21,Q99490,AGAP2,808,S,21,S-21,Phospho (ST),AGAP2_HUMAN
Q13263|752|S|21,Q13263,TRIM28,752,S,21,S-21,Phospho (ST),TIF1B_HUMAN
Q6WKZ4|357|S|21,Q6WKZ4,RAB11FIP1,357,S,21,S-21,Phospho (ST),RFIP1_HUMAN
Q99549|51|S|21,Q99549,MPHOSPH8,51,S,21,S-21,Phospho (ST),MPP8_HUMAN
Q13263|9|S|21,Q13263,TRIM28,9,S,21,S-21,Phospho (ST),TIF1B_HUMAN
Q13136|692|S|21,Q13136,PPFIA1,692,S,21,S-21,Phospho (ST),LIPA1_HUMAN
Q13136|763|S|21,Q13136,PPFIA1,763,S,21,S-21,Phospho (ST),LIPA1_HUMAN
Q9BTL3|36|S|21,Q9BTL3,RAMAC,36,S,21,S-21,Phospho (ST),RAMAC_HUMAN
Q9Y6G9|32|S|21,Q9Y6G9,DYNC1LI1,32,S,21,S-21,Phospho (ST),DC1L1_HUMAN
Q13136|1172|S|21,Q13136,PPFIA1,1172,S,21,S-21,Phospho (ST),LIPA1_HUMAN
Q8WWI1|1423|S|21,Q8WWI1,LMO7,1423,S,21,S-21,Phospho (ST),LMO7_HUMAN
Q13129|634|S|21,Q13129,RLF,634,S,21,S-21,Phospho (ST),RLF_HUMAN
Q9Y4K1|75|S|21,Q9Y4K1,CRYBG1,75,S,21,S-21,Phospho (ST),CRBG1_HUMAN
Q13188|316|S|21,Q13188,STK3,316,S,21,S-21,Phospho (ST),STK3_HUMAN
Q96N67|180|S|21,Q96N67,DOCK7,180,S,21,S-21,Phospho (ST),DOCK7_HUMAN
Q13191|484|S|21,Q13191,CBLB,484,S,21,S-21,Phospho (ST),CBLB_HUMAN
Q13177|141|S|21,Q13177,PAK2,141,S,21,S-21,Phospho (ST),PAK2_HUMAN
Q14847|104|T|21,Q14847,LASP1,104,T,21,T-21,Phospho (ST),LASP1_HUMAN
Q13144|544|S|21,Q13144,EIF2B5,544,S,21,S-21,Phospho (ST),EI2BE_HUMAN
Q13153|144|S|21,Q13153,PAK1,144,S,21,S-21,Phospho (ST),PAK1_HUMAN
Q9UQB8|365|S|21,Q9UQB8,BAIAP2,365,S,21,S-21,Phospho (ST),BAIP2_HUMAN
Q6PFW1|1152|S|21,Q6PFW1,PPIP5K1,1152,S,21,S-21,Phospho (ST),VIP1_HUMAN
Q13185|93|S|21,Q13185,CBX3,93,S,21,S-21,Phospho (ST),CBX3_HUMAN
Q13185|95|S|21,Q13185,CBX3,95,S,21,S-21,Phospho (ST),CBX3_HUMAN
Q8IY67|463|T|21,Q8IY67,RAVER1,463,T,21,T-21,Phospho (ST),RAVR1_HUMAN
Q5VT52|1099|S|21,Q5VT52,RPRD2,1099,S,21,S-21,Phospho (ST),RPRD2_HUMAN
Q14566|13|S|21,Q14566,MCM6,13,S,21,S-21,Phospho (ST),MCM6_HUMAN
Q9Y2W1|575|S|21,Q9Y2W1,THRAP3,575,S,21,S-21,Phospho (ST),TR150_HUMAN
Q14195|524|T|21,Q14195,DPYSL3,524,T,21,T-21,Phospho (ST),DPYL3_HUMAN
Q14573|916|S|21,Q14573,ITPR3,916,S,21,S-21,Phospho (ST),ITPR3_HUMAN
Q14568|231|S|21,Q14568,HSP90AA2P,231,S,21,S-21,Phospho (ST),HS902_HUMAN
Q9NQT8|1410|S|21,Q9NQT8,KIF13B,1410,S,21,S-21,Phospho (ST),KI13B_HUMAN
Q14669|991|S|21,Q14669,TRIP12,991,S,21,S-21,Phospho (ST),TRIPC_HUMAN
Q14671|124|S|21,Q14671,PUM1,124,S,21,S-21,Phospho (ST),PUM1_HUMAN
Q92934|118|S|21,Q92934,BAD,118,S,21,S-21,Phospho (ST),BAD_HUMAN
Q5JSH3|344|S|21,Q5JSH3,WDR44,344,S,21,S-21,Phospho (ST),WDR44_HUMAN
Q9Y6M7|233|S|21,Q9Y6M7,SLC4A7,233,S,21,S-21,Phospho (ST),S4A7_HUMAN
Q8IZ21|270|S|21,Q8IZ21,PHACTR4,270,S,21,S-21,Phospho (ST),PHAR4_HUMAN
Q9HBL0|1297|S|21,Q9HBL0,TNS1,1297,S,21,S-21,Phospho (ST),TENS1_HUMAN
Q14195|536|S|21,Q14195,DPYSL3,536,S,21,S-21,Phospho (ST),DPYL3_HUMAN
Q8IZ21|291|S|21,Q8IZ21,PHACTR4,291,S,21,S-21,Phospho (ST),PHAR4_HUMAN
Q14244|183|S|21,Q14244,MAP7,183,S,21,S-21,Phospho (ST),MAP7_HUMAN
Q14204|4368|S|21,Q14204,DYNC1H1,4368,S,21,S-21,Phospho (ST),DYHC1_HUMAN
P85037|436|T|21,P85037,FOXK1,436,T,21,T-21,Phospho (ST),FOXK1_HUMAN
Q14195|522|S|21,Q14195,DPYSL3,522,S,21,S-21,Phospho (ST),DPYL3_HUMAN
Q14194|521|S|21,Q14194,CRMP1,521,S,21,S-21,Phospho (ST),DPYL1_HUMAN
Q14194|522|S|21,Q14194,CRMP1,522,S,21,S-21,Phospho (ST),DPYL1_HUMAN
Q14493|20|S|21,Q14493,SLBP,20,S,21,S-21,Phospho (ST),SLBP_HUMAN
Q14493|23|S|21,Q14493,SLBP,23,S,21,S-21,Phospho (ST),SLBP_HUMAN
Q96G03|165|S|21,Q96G03,PGM2,165,S,21,S-21,Phospho (ST),PGM2_HUMAN
Q14498|136|S|21,Q14498,RBM39,136,S,21,S-21,Phospho (ST),RBM39_HUMAN
P38159|206|Y|21,P38159,RBMX,206,Y,21,Y-21,Phospho (Y),RBMX_HUMAN
Q14244|219|S|21,Q14244,MAP7,219,S,21,S-21,Phospho (ST),MAP7_HUMAN
Q14244|209|S|21,Q14244,MAP7,209,S,21,S-21,Phospho (ST),MAP7_HUMAN
Q14289|375|S|21,Q14289,PTK2B,375,S,21,S-21,Phospho (ST),FAK2_HUMAN
Q8NEY1|648|S|21,Q8NEY1,NAV1,648,S,21,S-21,Phospho (ST),NAV1_HUMAN
Q14814|251|S|21,Q14814,MEF2D,251,S,21,S-21,Phospho (ST),MEF2D_HUMAN
Q14807|412|S|21,Q14807,KIF22,412,S,21,S-21,Phospho (ST),KIF22_HUMAN
Q14839|1308|S|21,Q14839,CHD4,1308,S,21,S-21,Phospho (ST),CHD4_HUMAN
Q9UN86|149|S|21,Q9UN86,G3BP2,149,S,21,S-21,Phospho (ST),G3BP2_HUMAN
Q14764|864|S|21,Q14764,MVP,864,S,21,S-21,Phospho (ST),MVP_HUMAN
Q14739|99|S|21,Q14739,LBR,99,S,21,S-21,Phospho (ST),LBR_HUMAN
Q9NTI5|1381|T|21,Q9NTI5,PDS5B,1381,T,21,T-21,Phospho (ST),PDS5B_HUMAN
Q14807|427|S|21,Q14807,KIF22,427,S,21,S-21,Phospho (ST),KIF22_HUMAN
Q14764|873|S|21,Q14764,MVP,873,S,21,S-21,Phospho (ST),MVP_HUMAN
Q14938|265|S|21,Q14938,NFIX,265,S,21,S-21,Phospho (ST),NFIX_HUMAN
Q14938|268|S|21,Q14938,NFIX,268,S,21,S-21,Phospho (ST),NFIX_HUMAN
Q14966|605|S|21,Q14966,ZNF638,605,S,21,S-21,Phospho (ST),ZN638_HUMAN
Q9Y3T9|49|S|21,Q9Y3T9,NOC2L,49,S,21,S-21,Phospho (ST),NOC2L_HUMAN
Q14938|288|S|21,Q14938,NFIX,288,S,21,S-21,Phospho (ST),NFIX_HUMAN
Q9UH99|19|S|21,Q9UH99,SUN2,19,S,21,S-21,Phospho (ST),SUN2_HUMAN
Q14847|146|S|21,Q14847,LASP1,146,S,21,S-21,Phospho (ST),LASP1_HUMAN
Q15651|78|S|21,Q15651,HMGN3,78,S,21,S-21,Phospho (ST),HMGN3_HUMAN
Q14687|826|S|21,Q14687,GSE1,826,S,21,S-21,Phospho (ST),GSE1_HUMAN
Q14687|828|S|21,Q14687,GSE1,828,S,21,S-21,Phospho (ST),GSE1_HUMAN
Q14676|505|S|21,Q14676,MDC1,505,S,21,S-21,Phospho (ST),MDC1_HUMAN
Q7KZ85|1523|T|21,Q7KZ85,SUPT6H,1523,T,21,T-21,Phospho (ST),SPT6H_HUMAN
Q14839|1553|T|21,Q14839,CHD4,1553,T,21,T-21,Phospho (ST),CHD4_HUMAN
Q14694|78|S|21,Q14694,USP10,78,S,21,S-21,Phospho (ST),UBP10_HUMAN
Q96JM3|462|S|21,Q96JM3,CHAMP1,462,S,21,S-21,Phospho (ST),CHAP1_HUMAN
Q14694|576|S|21,Q14694,USP10,576,S,21,S-21,Phospho (ST),UBP10_HUMAN
Q9UHB6|686|S|21,Q9UHB6,LIMA1,686,S,21,S-21,Phospho (ST),LIMA1_HUMAN
Q14738|89|S|21,Q14738,PPP2R5D,89,S,21,S-21,Phospho (ST),2A5D_HUMAN
Q9UQ35|895|S|21,Q9UQ35,SRRM2,895,S,21,S-21,Phospho (ST),SRRM2_HUMAN
Q14699|220|S|21,Q14699,RFTN1,220,S,21,S-21,Phospho (ST),RFTN1_HUMAN
Q5T4S7|2724|T|21,Q5T4S7,UBR4,2724,T,21,T-21,Phospho (ST),UBR4_HUMAN
Q14687|857|S|21,Q14687,GSE1,857,S,21,S-21,Phospho (ST),GSE1_HUMAN
Q8TEV9|489|S|21,Q8TEV9,SMCR8,489,S,21,S-21,Phospho (ST),SMCR8_HUMAN
Q14692|624|S|21,Q14692,BMS1,624,S,21,S-21,Phospho (ST),BMS1_HUMAN
Q14692|625|S|21,Q14692,BMS1,625,S,21,S-21,Phospho (ST),BMS1_HUMAN
Q14692|552|S|21,Q14692,BMS1,552,S,21,S-21,Phospho (ST),BMS1_HUMAN
Q86T24|188|S|21,Q86T24,ZBTB33,188,S,21,S-21,Phospho (ST),KAISO_HUMAN
Q13620|95|S|21,Q13620,CUL4B,95,S,21,S-21,Phospho (ST),CUL4B_HUMAN
Q9NXE8|218|S|21,Q9NXE8,CWC25,218,S,21,S-21,Phospho (ST),CWC25_HUMAN
Q14106|254|S|21,Q14106,TOB2,254,S,21,S-21,Phospho (ST),TOB2_HUMAN
Q13625|737|S|21,Q13625,TP53BP2,737,S,21,S-21,Phospho (ST),ASPP2_HUMAN
Q13835|142|S|21,Q13835,PKP1,142,S,21,S-21,Phospho (ST),PKP1_HUMAN
Q14004|315|S|21,Q14004,CDK13,315,S,21,S-21,Phospho (ST),CDK13_HUMAN
Q14004|317|S|21,Q14004,CDK13,317,S,21,S-21,Phospho (ST),CDK13_HUMAN
Q14004|1054|S|21,Q14004,CDK13,1054,S,21,S-21,Phospho (ST),CDK13_HUMAN
Q14004|1058|T|21,Q14004,CDK13,1058,T,21,T-21,Phospho (ST),CDK13_HUMAN
Q9NZJ0|429|T|21,Q9NZJ0,DTL,429,T,21,T-21,Phospho (ST),DTL_HUMAN
Q13813|1031|S|21,Q13813,SPTAN1,1031,S,21,S-21,Phospho (ST),SPTN1_HUMAN
Q99442|357|S|21,Q99442,SEC62,357,S,21,S-21,Phospho (ST),SEC62_HUMAN
Q16512|916|S|21,Q16512,PKN1,916,S,21,S-21,Phospho (ST),PKN1_HUMAN
Q13769|312|S|21,Q13769,THOC5,312,S,21,S-21,Phospho (ST),THOC5_HUMAN
Q13573|14|S|21,Q13573,SNW1,14,S,21,S-21,Phospho (ST),SNW1_HUMAN
Q7L8J4|362|S|21,Q7L8J4,SH3BP5L,362,S,21,S-21,Phospho (ST),3BP5L_HUMAN
Q13563|812|S|21,Q13563,PKD2,812,S,21,S-21,Phospho (ST),PKD2_HUMAN
Q13557|330|S|21,Q13557,CAMK2D,330,S,21,S-21,Phospho (ST),KCC2D_HUMAN
P49756|578|K|53,P49756,RBM25,578,K,53,K-53,HNE,RBM25_HUMAN
Q13542|65|S|21,Q13542,EIF4EBP2,65,S,21,S-21,Phospho (ST),4EBP2_HUMAN
Q13546|320|S|21,Q13546,RIPK1,320,S,21,S-21,Phospho (ST),RIPK1_HUMAN
Q6P1L5|10|S|21,Q6P1L5,FAM117B,10,S,21,S-21,Phospho (ST),F117B_HUMAN
Q13542|25|S|21,Q13542,EIF4EBP2,25,S,21,S-21,Phospho (ST),4EBP2_HUMAN
Q13586|620|S|21,Q13586,STIM1,620,S,21,S-21,Phospho (ST),STIM1_HUMAN
Q13620|48|T|21,Q13620,CUL4B,48,T,21,T-21,Phospho (ST),CUL4B_HUMAN
Q13595|18|S|21,Q13595,TRA2A,18,S,21,S-21,Phospho (ST),TRA2A_HUMAN
Q13595|20|S|21,Q13595,TRA2A,20,S,21,S-21,Phospho (ST),TRA2A_HUMAN
Q13586|668|S|21,Q13586,STIM1,668,S,21,S-21,Phospho (ST),STIM1_HUMAN
Q6PIJ6|740|S|21,Q6PIJ6,FBXO38,740,S,21,S-21,Phospho (ST),FBX38_HUMAN
Q15652|320|S|21,Q15652,JMJD1C,320,S,21,S-21,Phospho (ST),JHD2C_HUMAN
Q13573|224|S|21,Q13573,SNW1,224,S,21,S-21,Phospho (ST),SNW1_HUMAN
Q13573|232|S|21,Q13573,SNW1,232,S,21,S-21,Phospho (ST),SNW1_HUMAN
Q9H1B7|658|S|21,Q9H1B7,IRF2BPL,658,S,21,S-21,Phospho (ST),I2BPL_HUMAN
Q14160|1226|S|21,Q14160,SCRIB,1226,S,21,S-21,Phospho (ST),SCRIB_HUMAN
Q14160|1229|R|7,Q14160,SCRIB,1229,R,7,R-7,Citrulline,SCRIB_HUMAN
Q14160|1276|S|21,Q14160,SCRIB,1276,S,21,S-21,Phospho (ST),SCRIB_HUMAN
Q14160|1330|S|21,Q14160,SCRIB,1330,S,21,S-21,Phospho (ST),SCRIB_HUMAN
Q14160|1348|S|21,Q14160,SCRIB,1348,S,21,S-21,Phospho (ST),SCRIB_HUMAN
Q14160|1220|S|21,Q14160,SCRIB,1220,S,21,S-21,Phospho (ST),SCRIB_HUMAN
O15085|656|T|21,O15085,ARHGEF11,656,T,21,T-21,Phospho (ST),ARHGB_HUMAN
Q14160|1378|S|21,Q14160,SCRIB,1378,S,21,S-21,Phospho (ST),SCRIB_HUMAN
Q92608|1706|S|21,Q92608,DOCK2,1706,S,21,S-21,Phospho (ST),DOCK2_HUMAN
Q96II8|324|S|21,Q96II8,LRCH3,324,S,21,S-21,Phospho (ST),LRCH3_HUMAN
Q9UQ35|2034|T|21,Q9UQ35,SRRM2,2034,T,21,T-21,Phospho (ST),SRRM2_HUMAN
Q9Y2U5|164|S|21,Q9Y2U5,MAP3K2,164,S,21,S-21,Phospho (ST),M3K2_HUMAN
Q14157|453|S|21,Q14157,UBAP2L,453,S,21,S-21,Phospho (ST),UBP2L_HUMAN
Q14160|502|S|21,Q14160,SCRIB,502,S,21,S-21,Phospho (ST),SCRIB_HUMAN
Q14168|145|S|21,Q14168,MPP2,145,S,21,S-21,Phospho (ST),MPP2_HUMAN
Q14168|153|S|21,Q14168,MPP2,153,S,21,S-21,Phospho (ST),MPP2_HUMAN
Q14181|138|S|21,Q14181,POLA2,138,S,21,S-21,Phospho (ST),DPOA2_HUMAN
Q9UIG0|158|S|21,Q9UIG0,BAZ1B,158,S,21,S-21,Phospho (ST),BAZ1B_HUMAN
Q6P2E9|6|S|21,Q6P2E9,EDC4,6,S,21,S-21,Phospho (ST),EDC4_HUMAN
Q14160|1439|S|21,Q14160,SCRIB,1439,S,21,S-21,Phospho (ST),SCRIB_HUMAN
Q86X95|202|S|21,Q86X95,CIR1,202,S,21,S-21,Phospho (ST),CIR1_HUMAN
Q14004|437|S|21,Q14004,CDK13,437,S,21,S-21,Phospho (ST),CDK13_HUMAN
Q14004|439|S|21,Q14004,CDK13,439,S,21,S-21,Phospho (ST),CDK13_HUMAN
Q14004|342|S|21,Q14004,CDK13,342,S,21,S-21,Phospho (ST),CDK13_HUMAN
Q14004|348|S|21,Q14004,CDK13,348,S,21,S-21,Phospho (ST),CDK13_HUMAN
Q14004|340|S|21,Q14004,CDK13,340,S,21,S-21,Phospho (ST),CDK13_HUMAN
Q14004|351|Y|21,Q14004,CDK13,351,Y,21,Y-21,Phospho (Y),CDK13_HUMAN
Q14004|360|S|21,Q14004,CDK13,360,S,21,S-21,Phospho (ST),CDK13_HUMAN
Q14004|358|S|21,Q14004,CDK13,358,S,21,S-21,Phospho (ST),CDK13_HUMAN
Q14151|343|S|21,Q14151,SAFB2,343,S,21,S-21,Phospho (ST),SAFB2_HUMAN
Q8NDT2|265|S|21,Q8NDT2,RBM15B,265,S,21,S-21,Phospho (ST),RB15B_HUMAN
Q8NDT2|267|S|21,Q8NDT2,RBM15B,267,S,21,S-21,Phospho (ST),RB15B_HUMAN
Q14135|52|S|21,Q14135,VGLL4,52,S,21,S-21,Phospho (ST),VGLL4_HUMAN
Q14153|178|S|21,Q14153,FAM53B,178,S,21,S-21,Phospho (ST),FA53B_HUMAN
Q8TEM1|1852|S|21,Q8TEM1,NUP210,1852,S,21,S-21,Phospho (ST),PO210_HUMAN
Q14153|118|S|21,Q14153,FAM53B,118,S,21,S-21,Phospho (ST),FA53B_HUMAN
Q9Y4I1|1652|S|21,Q9Y4I1,MYO5A,1652,S,21,S-21,Phospho (ST),MYO5A_HUMAN
Q8IVT2|471|S|21,Q8IVT2,MISP,471,S,21,S-21,Phospho (ST),MISP_HUMAN
Q14134|21|S|21,Q14134,TRIM29,21,S,21,S-21,Phospho (ST),TRI29_HUMAN
Q9ULU4|652|S|21,Q9ULU4,ZMYND8,652,S,21,S-21,Phospho (ST),ZMYD8_HUMAN
Q14134|489|S|21,Q14134,TRIM29,489,S,21,S-21,Phospho (ST),TRI29_HUMAN
Q5VZK9|1314|S|21,Q5VZK9,CARMIL1,1314,S,21,S-21,Phospho (ST),CARL1_HUMAN
Q5SW79|840|T|21,Q5SW79,CEP170,840,T,21,T-21,Phospho (ST),CE170_HUMAN
Q5PRF9|557|S|21,Q5PRF9,SAMD4B,557,S,21,S-21,Phospho (ST),SMAG2_HUMAN
P08575|975|S|21,P08575,PTPRC,975,S,21,S-21,Phospho (ST),PTPRC_HUMAN
P08559|300|S|21,P08559,PDHA1,300,S,21,S-21,Phospho (ST),ODPA_HUMAN
P08238|226|S|21,P08238,HSP90AB1,226,S,21,S-21,Phospho (ST),HS90B_HUMAN
Q6UN15|492|S|21,Q6UN15,FIP1L1,492,S,21,S-21,Phospho (ST),FIP1_HUMAN
P08238|255|S|21,P08238,HSP90AB1,255,S,21,S-21,Phospho (ST),HS90B_HUMAN
P08559|232|S|21,P08559,PDHA1,232,S,21,S-21,Phospho (ST),ODPA_HUMAN
P08559|231|T|21,P08559,PDHA1,231,T,21,T-21,Phospho (ST),ODPA_HUMAN
P08559|293|S|21,P08559,PDHA1,293,S,21,S-21,Phospho (ST),ODPA_HUMAN
P62070|186|S|21,P62070,RRAS2,186,S,21,S-21,Phospho (ST),RRAS2_HUMAN
P08473|6|S|21,P08473,MME,6,S,21,S-21,Phospho (ST),NEP_HUMAN
Q5VZK9|967|S|21,Q5VZK9,CARMIL1,967,S,21,S-21,Phospho (ST),CARL1_HUMAN
P08670|26|S|21,P08670,VIM,26,S,21,S-21,Phospho (ST),VIME_HUMAN
P08670|25|S|21,P08670,VIM,25,S,21,S-21,Phospho (ST),VIME_HUMAN
P08651|473|S|21,P08651,NFIC,473,S,21,S-21,Phospho (ST),NFIC_HUMAN
Q9UKY1|640|S|21,Q9UKY1,ZHX1,640,S,21,S-21,Phospho (ST),ZHX1_HUMAN
P08651|323|S|21,P08651,NFIC,323,S,21,S-21,Phospho (ST),NFIC_HUMAN
P08651|322|S|21,P08651,NFIC,322,S,21,S-21,Phospho (ST),NFIC_HUMAN
Q9Y2W1|698|S|21,Q9Y2W1,THRAP3,698,S,21,S-21,Phospho (ST),TR150_HUMAN
P07900|231|S|21,P07900,HSP90AA1,231,S,21,S-21,Phospho (ST),HS90A_HUMAN
P35579|1943|S|21,P35579,MYH9,1943,S,21,S-21,Phospho (ST),MYH9_HUMAN
P07900|263|S|21,P07900,HSP90AA1,263,S,21,S-21,Phospho (ST),HS90A_HUMAN
Q12906|382|S|21,Q12906,ILF3,382,S,21,S-21,Phospho (ST),ILF3_HUMAN
Q9UHB6|490|S|21,Q9UHB6,LIMA1,490,S,21,S-21,Phospho (ST),LIMA1_HUMAN
P07900|476|S|21,P07900,HSP90AA1,476,S,21,S-21,Phospho (ST),HS90A_HUMAN
Q14244|243|T|21,Q14244,MAP7,243,T,21,T-21,Phospho (ST),MAP7_HUMAN
P29692|162|S|21,P29692,EEF1D,162,S,21,S-21,Phospho (ST),EF1D_HUMAN
P07910|299|S|21,P07910,HNRNPC,299,S,21,S-21,Phospho (ST),HNRPC_HUMAN
P07910|241|S|21,P07910,HNRNPC,241,S,21,S-21,Phospho (ST),HNRPC_HUMAN
P08195|134|S|21,P08195,SLC3A2,134,S,21,S-21,Phospho (ST),4F2_HUMAN
Q9BYW2|1207|S|21,Q9BYW2,SETD2,1207,S,21,S-21,Phospho (ST),SETD2_HUMAN
P07910|115|S|21,P07910,HNRNPC,115,S,21,S-21,Phospho (ST),HNRPC_HUMAN
Q13433|478|S|21,Q13433,SLC39A6,478,S,21,S-21,Phospho (ST),S39A6_HUMAN
P07910|107|S|21,P07910,HNRNPC,107,S,21,S-21,Phospho (ST),HNRPC_HUMAN
Q86XP3|96|S|21,Q86XP3,DDX42,96,S,21,S-21,Phospho (ST),DDX42_HUMAN
P16104|89|R|7,P16104,H2AX,89,R,7,R-7,Citrulline,H2AX_HUMAN
Q96FZ2|293|T|21,Q96FZ2,HMCES,293,T,21,T-21,Phospho (ST),HMCES_HUMAN
P38159|85|T|21,P38159,RBMX,85,T,21,T-21,Phospho (ST),RBMX_HUMAN
O75592|2875|T|21,O75592,MYCBP2,2875,T,21,T-21,Phospho (ST),MYCB2_HUMAN
P42694|1163|T|21,P42694,HELZ,1163,T,21,T-21,Phospho (ST),HELZ_HUMAN
P07910|233|S|21,P07910,HNRNPC,233,S,21,S-21,Phospho (ST),HNRPC_HUMAN
P09651|311|S|21,P09651,HNRNPA1,311,S,21,S-21,Phospho (ST),ROA1_HUMAN
Q96TA1|594|S|21,Q96TA1,NIBAN2,594,S,21,S-21,Phospho (ST),NIBA2_HUMAN
P09651|338|S|21,P09651,HNRNPA1,338,S,21,S-21,Phospho (ST),ROA1_HUMAN
P09651|199|S|21,P09651,HNRNPA1,199,S,21,S-21,Phospho (ST),ROA1_HUMAN
Q93100|701|S|21,Q93100,PHKB,701,S,21,S-21,Phospho (ST),KPBB_HUMAN
P46013|713|S|21,P46013,MKI67,713,S,21,S-21,Phospho (ST),KI67_HUMAN
P09382|39|S|21,P09382,LGALS1,39,S,21,S-21,Phospho (ST),LEG1_HUMAN
P09543|170|S|21,P09543,CNP,170,S,21,S-21,Phospho (ST),CN37_HUMAN
P09972|176|S|21,P09972,ALDOC,176,S,21,S-21,Phospho (ST),ALDOC_HUMAN
P49454|269|S|21,P49454,CENPF,269,S,21,S-21,Phospho (ST),CENPF_HUMAN
Q6RI45|1763|S|21,Q6RI45,BRWD3,1763,S,21,S-21,Phospho (ST),BRWD3_HUMAN
P17302|330|S|21,P17302,GJA1,330,S,21,S-21,Phospho (ST),CXA1_HUMAN
P0C1Z6|180|S|21,P0C1Z6,TFPT,180,S,21,S-21,Phospho (ST),TFPT_HUMAN
P14921|288|S|21,P14921,ETS1,288,S,21,S-21,Phospho (ST),ETS1_HUMAN
Q9BW71|102|S|21,Q9BW71,HIRIP3,102,S,21,S-21,Phospho (ST),HIRP3_HUMAN
P09884|190|S|21,P09884,POLA1,190,S,21,S-21,Phospho (ST),DPOLA_HUMAN
P42695|1357|S|21,P42695,NCAPD3,1357,S,21,S-21,Phospho (ST),CNDD3_HUMAN
P18206|755|S|21,P18206,VCL,755,S,21,S-21,Phospho (ST),VINC_HUMAN
P11216|15|S|21,P11216,PYGB,15,S,21,S-21,Phospho (ST),PYGB_HUMAN
P0C7T5|206|S|21,P0C7T5,ATXN1L,206,S,21,S-21,Phospho (ST),ATX1L_HUMAN
P0C7T5|208|S|21,P0C7T5,ATXN1L,208,S,21,S-21,Phospho (ST),ATX1L_HUMAN
Q8IY67|512|S|21,Q8IY67,RAVER1,512,S,21,S-21,Phospho (ST),RAVR1_HUMAN
Q8IY67|524|S|21,Q8IY67,RAVER1,524,S,21,S-21,Phospho (ST),RAVR1_HUMAN
Q9P1Y5|1074|S|21,Q9P1Y5,CAMSAP3,1074,S,21,S-21,Phospho (ST),CAMP3_HUMAN
P0C1Z6|252|S|21,P0C1Z6,TFPT,252,S,21,S-21,Phospho (ST),TFPT_HUMAN
P48634|380|S|21,P48634,PRRC2A,380,S,21,S-21,Phospho (ST),PRC2A_HUMAN
P09651|362|S|21,P09651,HNRNPA1,362,S,21,S-21,Phospho (ST),ROA1_HUMAN
Q8NFC6|538|S|21,Q8NFC6,BOD1L1,538,S,21,S-21,Phospho (ST),BD1L1_HUMAN
P09651|363|S|21,P09651,HNRNPA1,363,S,21,S-21,Phospho (ST),ROA1_HUMAN
Q9HC52|191|S|21,Q9HC52,CBX8,191,S,21,S-21,Phospho (ST),CBX8_HUMAN
P09884|186|S|21,P09884,POLA1,186,S,21,S-21,Phospho (ST),DPOLA_HUMAN
P09874|499|S|21,P09874,PARP1,499,S,21,S-21,Phospho (ST),PARP1_HUMAN
P09874|711|S|21,P09874,PARP1,711,S,21,S-21,Phospho (ST),PARP1_HUMAN
Q9BWH6|72|S|21,Q9BWH6,RPAP1,72,S,21,S-21,Phospho (ST),RPAP1_HUMAN
P08670|42|S|21,P08670,VIM,42,S,21,S-21,Phospho (ST),VIME_HUMAN
Q8NCD3|473|S|21,Q8NCD3,HJURP,473,S,21,S-21,Phospho (ST),HJURP_HUMAN
Q9NQS7|899|S|21,Q9NQS7,INCENP,899,S,21,S-21,Phospho (ST),INCE_HUMAN
P08670|47|S|21,P08670,VIM,47,S,21,S-21,Phospho (ST),VIME_HUMAN
P08670|49|S|21,P08670,VIM,49,S,21,S-21,Phospho (ST),VIME_HUMAN
P08670|419|S|21,P08670,VIM,419,S,21,S-21,Phospho (ST),VIME_HUMAN
P08670|420|S|21,P08670,VIM,420,S,21,S-21,Phospho (ST),VIME_HUMAN
P08670|72|S|21,P08670,VIM,72,S,21,S-21,Phospho (ST),VIME_HUMAN
P46821|1443|S|21,P46821,MAP1B,1443,S,21,S-21,Phospho (ST),MAP1B_HUMAN
Q8N3V7|833|S|21,Q8N3V7,SYNPO,833,S,21,S-21,Phospho (ST),SYNPO_HUMAN
P08708|113|S|21,P08708,RPS17,113,S,21,S-21,Phospho (ST),RS17_HUMAN
Q9C0E2|521|S|21,Q9C0E2,XPO4,521,S,21,S-21,Phospho (ST),XPO4_HUMAN
P08708|115|S|21,P08708,RPS17,115,S,21,S-21,Phospho (ST),RS17_HUMAN
Q06210|261|S|21,Q06210,GFPT1,261,S,21,S-21,Phospho (ST),GFPT1_HUMAN
P08670|83|S|21,P08670,VIM,83,S,21,S-21,Phospho (ST),VIME_HUMAN
Q5PRF9|252|S|21,Q5PRF9,SAMD4B,252,S,21,S-21,Phospho (ST),SMAG2_HUMAN
P08670|51|S|21,P08670,VIM,51,S,21,S-21,Phospho (ST),VIME_HUMAN
P08670|56|S|21,P08670,VIM,56,S,21,S-21,Phospho (ST),VIME_HUMAN
Q68CZ2|776|S|21,Q68CZ2,TNS3,776,S,21,S-21,Phospho (ST),TENS3_HUMAN
Q6PKG0|766|S|21,Q6PKG0,LARP1,766,S,21,S-21,Phospho (ST),LARP1_HUMAN
P08670|55|S|21,P08670,VIM,55,S,21,S-21,Phospho (ST),VIME_HUMAN
P46821|1438|S|21,P46821,MAP1B,1438,S,21,S-21,Phospho (ST),MAP1B_HUMAN
P04920|144|S|21,P04920,SLC4A2,144,S,21,S-21,Phospho (ST),B3A2_HUMAN
Q9Y446|331|S|21,Q9Y446,PKP3,331,S,21,S-21,Phospho (ST),PKP3_HUMAN
P04792|82|S|21,P04792,HSPB1,82,S,21,S-21,Phospho (ST),HSPB1_HUMAN
Q15185|113|S|21,Q15185,PTGES3,113,S,21,S-21,Phospho (ST),TEBP_HUMAN
P04920|173|S|21,P04920,SLC4A2,173,S,21,S-21,Phospho (ST),B3A2_HUMAN
Q96JQ2|841|S|21,Q96JQ2,CLMN,841,S,21,S-21,Phospho (ST),CLMN_HUMAN
P05023|228|S|21,P05023,ATP1A1,228,S,21,S-21,Phospho (ST),AT1A1_HUMAN
P14136|13|S|21,P14136,GFAP,13,S,21,S-21,Phospho (ST),GFAP_HUMAN
P07197|670|S|21,P07197,NEFM,670,S,21,S-21,Phospho (ST),NFM_HUMAN
P07197|837|S|21,P07197,NEFM,837,S,21,S-21,Phospho (ST),NFM_HUMAN
P46821|336|S|21,P46821,MAP1B,336,S,21,S-21,Phospho (ST),MAP1B_HUMAN
P05141|22|S|21,P05141,SLC25A5,22,S,21,S-21,Phospho (ST),ADT2_HUMAN
Q0JRZ9|394|S|21,Q0JRZ9,FCHO2,394,S,21,S-21,Phospho (ST),FCHO2_HUMAN
P58107|2718|S|23,P58107,EPPK1,2718,S,23,S-23,Phospho (ST),EPIPL_HUMAN
P31949|6|S|21,P31949,S100A11,6,S,21,S-21,Phospho (ST),S10AB_HUMAN
P23381|4|S|21,P23381,WARS1,4,S,21,S-21,Phospho (ST),SYWC_HUMAN
P05387|16|S|21,P05387,RPLP2,16,S,21,S-21,Phospho (ST),RLA2_HUMAN
P21127|751|T|21,P21127,CDK11B,751,T,21,T-21,Phospho (ST),CD11B_HUMAN
P05387|17|S|21,P05387,RPLP2,17,S,21,S-21,Phospho (ST),RLA2_HUMAN
P31350|20|S|21,P31350,RRM2,20,S,21,S-21,Phospho (ST),RIR2_HUMAN
P05060|263|S|21,P05060,CHGB,263,S,21,S-21,Phospho (ST),SCG1_HUMAN
P51532|1421|S|21,P51532,SMARCA4,1421,S,21,S-21,Phospho (ST),SMCA4_HUMAN
P05060|259|S|21,P05060,CHGB,259,S,21,S-21,Phospho (ST),SCG1_HUMAN
Q5T200|110|S|21,Q5T200,ZC3H13,110,S,21,S-21,Phospho (ST),ZC3HD_HUMAN
Q5T481|1048|S|21,Q5T481,RBM20,1048,S,21,S-21,Phospho (ST),RBM20_HUMAN
P05114|86|S|21,P05114,HMGN1,86,S,21,S-21,Phospho (ST),HMGN1_HUMAN
Q13610|50|S|21,Q13610,PWP1,50,S,21,S-21,Phospho (ST),PWP1_HUMAN
P04049|301|S|21,P04049,RAF1,301,S,21,S-21,Phospho (ST),RAF1_HUMAN
P02786|34|S|21,P02786,TFRC,34,S,21,S-21,Phospho (ST),TFR1_HUMAN
P04049|291|S|21,P04049,RAF1,291,S,21,S-21,Phospho (ST),RAF1_HUMAN
Q6NZI2|366|S|21,Q6NZI2,CAVIN1,366,S,21,S-21,Phospho (ST),CAVN1_HUMAN
Q9HCD6|1827|S|21,Q9HCD6,TANC2,1827,S,21,S-21,Phospho (ST),TANC2_HUMAN
P04049|259|S|21,P04049,RAF1,259,S,21,S-21,Phospho (ST),RAF1_HUMAN
Q86WB0|395|S|21,Q86WB0,ZC3HC1,395,S,21,S-21,Phospho (ST),ZC3C1_HUMAN
P16234|1045|S|21,P16234,PDGFRA,1045,S,21,S-21,Phospho (ST),PGFRA_HUMAN
Q5T4S7|1763|S|21,Q5T4S7,UBR4,1763,S,21,S-21,Phospho (ST),UBR4_HUMAN
P04406|83|S|21,P04406,GAPDH,83,S,21,S-21,Phospho (ST),G3P_HUMAN
P04198|149|S|21,P04198,MYCN,149,S,21,S-21,Phospho (ST),MYCN_HUMAN
Q9NVU0|503|S|21,Q9NVU0,POLR3E,503,S,21,S-21,Phospho (ST),RPC5_HUMAN
Q9HCM3|1395|S|21,Q9HCM3,KIAA1549,1395,S,21,S-21,Phospho (ST),K1549_HUMAN
P35612|596|S|21,P35612,ADD2,596,S,21,S-21,Phospho (ST),ADDB_HUMAN
P35612|600|S|21,P35612,ADD2,600,S,21,S-21,Phospho (ST),ADDB_HUMAN
P07197|615|S|21,P07197,NEFM,615,S,21,S-21,Phospho (ST),NFM_HUMAN
Q01484|3793|S|21,Q01484,ANK2,3793,S,21,S-21,Phospho (ST),ANK2_HUMAN
P07197|620|S|21,P07197,NEFM,620,S,21,S-21,Phospho (ST),NFM_HUMAN
P35612|617|S|21,P35612,ADD2,617,S,21,S-21,Phospho (ST),ADDB_HUMAN
P07197|633|S|21,P07197,NEFM,633,S,21,S-21,Phospho (ST),NFM_HUMAN
P07197|685|S|21,P07197,NEFM,685,S,21,S-21,Phospho (ST),NFM_HUMAN
P07196|472|S|21,P07196,NEFL,472,S,21,S-21,Phospho (ST),NFL_HUMAN
Q9HCJ0|714|S|21,Q9HCJ0,TNRC6C,714,S,21,S-21,Phospho (ST),TNR6C_HUMAN
P07197|628|S|21,P07197,NEFM,628,S,21,S-21,Phospho (ST),NFM_HUMAN
P07197|680|S|21,P07197,NEFM,680,S,21,S-21,Phospho (ST),NFM_HUMAN
P02686|183|R|7,P02686,MBP,183,R,7,R-7,Citrulline,MBP_HUMAN
P05023|173|R|7,P05023,ATP1A1,173,R,7,R-7,Citrulline,AT1A1_HUMAN
P07197|42|R|36,P07197,NEFM,42,R,36,R-36,Methylation (R),NFM_HUMAN
P07197|667|S|21,P07197,NEFM,667,S,21,S-21,Phospho (ST),NFM_HUMAN
P07197|672|S|21,P07197,NEFM,672,S,21,S-21,Phospho (ST),NFM_HUMAN
P06748|137|S|21,P06748,NPM1,137,S,21,S-21,Phospho (ST),NPM_HUMAN
Q96DR7|392|S|21,Q96DR7,ARHGEF26,392,S,21,S-21,Phospho (ST),ARHGQ_HUMAN
P06756|1046|S|21,P06756,ITGAV,1046,S,21,S-21,Phospho (ST),ITAV_HUMAN
Q5JSZ5|1453|S|21,Q5JSZ5,PRRC2B,1453,S,21,S-21,Phospho (ST),PRC2B_HUMAN
Q96KQ4|332|S|21,Q96KQ4,PPP1R13B,332,S,21,S-21,Phospho (ST),ASPP1_HUMAN
P07305|5|S|21,P07305,H1-0,5,S,21,S-21,Phospho (ST),H10_HUMAN
P53621|173|S|21,P53621,COPA,173,S,21,S-21,Phospho (ST),COPA_HUMAN
P46821|1503|T|21,P46821,MAP1B,1503,T,21,T-21,Phospho (ST),MAP1B_HUMAN
Q14194|518|S|21,Q14194,CRMP1,518,S,21,S-21,Phospho (ST),DPYL1_HUMAN
P46821|1260|S|21,P46821,MAP1B,1260,S,21,S-21,Phospho (ST),MAP1B_HUMAN
P07197|736|S|21,P07197,NEFM,736,S,21,S-21,Phospho (ST),NFM_HUMAN
P11137|1155|S|21,P11137,MAP2,1155,S,21,S-21,Phospho (ST),MTAP2_HUMAN
P02686|159|R|7,P02686,MBP,159,R,7,R-7,Citrulline,MBP_HUMAN
P02686|231|R|7,P02686,MBP,231,R,7,R-7,Citrulline,MBP_HUMAN
P09543|93|R|7,P09543,CNP,93,R,7,R-7,Citrulline,CN37_HUMAN
P05783|18|S|21,P05783,KRT18,18,S,21,S-21,Phospho (ST),K1C18_HUMAN
P05783|15|S|21,P05783,KRT18,15,S,21,S-21,Phospho (ST),K1C18_HUMAN
Q96QD9|14|T|21,Q96QD9,FYTTD1,14,T,21,T-21,Phospho (ST),UIF_HUMAN
P05455|366|S|21,P05455,SSB,366,S,21,S-21,Phospho (ST),LA_HUMAN
Q09666|5841|S|21,Q09666,AHNAK,5841,S,21,S-21,Phospho (ST),AHNK_HUMAN
P35606|859|S|21,P35606,COPB2,859,S,21,S-21,Phospho (ST),COPB2_HUMAN
Q9H1E3|214|S|21,Q9H1E3,NUCKS1,214,S,21,S-21,Phospho (ST),NUCKS_HUMAN
P29966|150|T|21,P29966,MARCKS,150,T,21,T-21,Phospho (ST),MARCS_HUMAN
Q8N163|124|S|21,Q8N163,CCAR2,124,S,21,S-21,Phospho (ST),CCAR2_HUMAN
P05388|307|S|21,P05388,RPLP0,307,S,21,S-21,Phospho (ST),RLA0_HUMAN
P07437|324|K|34,P07437,TUBB,324,K,34,K-34,Methylation (K),TBB5_HUMAN
P05412|63|S|21,P05412,JUN,63,S,21,S-21,Phospho (ST),JUN_HUMAN
P12270|2155|S|21,P12270,TPR,2155,S,21,S-21,Phospho (ST),TPR_HUMAN
P05388|304|S|21,P05388,RPLP0,304,S,21,S-21,Phospho (ST),RLA0_HUMAN
P06400|807|S|21,P06400,RB1,807,S,21,S-21,Phospho (ST),RB_HUMAN
P06400|811|S|21,P06400,RB1,811,S,21,S-21,Phospho (ST),RB_HUMAN
P06400|788|S|21,P06400,RB1,788,S,21,S-21,Phospho (ST),RB_HUMAN
P23193|96|T|21,P23193,TCEA1,96,T,21,T-21,Phospho (ST),TCEA1_HUMAN
P06400|249|S|21,P06400,RB1,249,S,21,S-21,Phospho (ST),RB_HUMAN
P18858|141|S|21,P18858,LIG1,141,S,21,S-21,Phospho (ST),DNLI1_HUMAN
P06400|37|S|21,P06400,RB1,37,S,21,S-21,Phospho (ST),RB_HUMAN
Q9BSW2|473|S|21,Q9BSW2,CRACR2A,473,S,21,S-21,Phospho (ST),EFC4B_HUMAN
P15056|727|S|21,P15056,BRAF,727,S,21,S-21,Phospho (ST),BRAF_HUMAN
P15056|729|S|21,P15056,BRAF,729,S,21,S-21,Phospho (ST),BRAF_HUMAN
P15056|446|S|21,P15056,BRAF,446,S,21,S-21,Phospho (ST),BRAF_HUMAN
P15336|112|S|21,P15336,ATF2,112,S,21,S-21,Phospho (ST),ATF2_HUMAN
P22681|486|S|21,P22681,CBL,486,S,21,S-21,Phospho (ST),CBL_HUMAN
Q96MY1|130|S|21,Q96MY1,NOL4L,130,S,21,S-21,Phospho (ST),NOL4L_HUMAN
P14923|182|S|21,P14923,JUP,182,S,21,S-21,Phospho (ST),PLAK_HUMAN
Q7Z417|112|S|21,Q7Z417,NUFIP2,112,S,21,S-21,Phospho (ST),NUFP2_HUMAN
Q9NPI6|528|T|21,Q9NPI6,DCP1A,528,T,21,T-21,Phospho (ST),DCP1A_HUMAN
P52756|624|S|21,P52756,RBM5,624,S,21,S-21,Phospho (ST),RBM5_HUMAN
P15408|320|S|21,P15408,FOSL2,320,S,21,S-21,Phospho (ST),FOSL2_HUMAN
P28290|737|S|21,P28290,ITPRID2,737,S,21,S-21,Phospho (ST),ITPI2_HUMAN
P32246|341|S|21,P32246,CCR1,341,S,21,S-21,Phospho (ST),CCR1_HUMAN
P15408|310|S|21,P15408,FOSL2,310,S,21,S-21,Phospho (ST),FOSL2_HUMAN
P15822|537|S|21,P15822,HIVEP1,537,S,21,S-21,Phospho (ST),ZEP1_HUMAN
P78371|5|S|21,P78371,CCT2,5,S,21,S-21,Phospho (ST),TCPB_HUMAN
P16949|46|S|21,P16949,STMN1,46,S,21,S-21,Phospho (ST),STMN1_HUMAN
P13994|362|S|21,P13994,YJU2B,362,S,21,S-21,Phospho (ST),YJU2B_HUMAN
P51532|1423|T|21,P51532,SMARCA4,1423,T,21,T-21,Phospho (ST),SMCA4_HUMAN
Q7Z4S6|1271|S|21,Q7Z4S6,KIF21A,1271,S,21,S-21,Phospho (ST),KI21A_HUMAN
P13797|339|S|21,P13797,PLS3,339,S,21,S-21,Phospho (ST),PLST_HUMAN
Q5VZK9|1331|S|21,Q5VZK9,CARMIL1,1331,S,21,S-21,Phospho (ST),CARL1_HUMAN
P13796|5|S|21,P13796,LCP1,5,S,21,S-21,Phospho (ST),PLSL_HUMAN
P13807|653|S|21,P13807,GYS1,653,S,21,S-21,Phospho (ST),GYS1_HUMAN
P13807|645|S|21,P13807,GYS1,645,S,21,S-21,Phospho (ST),GYS1_HUMAN
Q96BY7|1743|S|21,Q96BY7,ATG2B,1743,S,21,S-21,Phospho (ST),ATG2B_HUMAN
P14859|448|S|21,P14859,POU2F1,448,S,21,S-21,Phospho (ST),PO2F1_HUMAN
Q8TEW0|873|S|21,Q8TEW0,PARD3,873,S,21,S-21,Phospho (ST),PARD3_HUMAN
P14921|285|S|21,P14921,ETS1,285,S,21,S-21,Phospho (ST),ETS1_HUMAN
Q9BVS4|442|S|21,Q9BVS4,RIOK2,442,S,21,S-21,Phospho (ST),RIOK2_HUMAN
Q8NEJ9|142|S|21,Q8NEJ9,NGDN,142,S,21,S-21,Phospho (ST),NGDN_HUMAN
P14324|64|S|21,P14324,FDPS,64,S,21,S-21,Phospho (ST),FPPS_HUMAN
P21359|2564|T|21,P21359,NF1,2564,T,21,T-21,Phospho (ST),NF1_HUMAN
P14317|275|S|21,P14317,HCLS1,275,S,21,S-21,Phospho (ST),HCLS1_HUMAN
Q9H1A4|686|S|21,Q9H1A4,ANAPC1,686,S,21,S-21,Phospho (ST),APC1_HUMAN
Q7Z417|652|S|21,Q7Z417,NUFIP2,652,S,21,S-21,Phospho (ST),NUFP2_HUMAN
P14324|63|S|21,P14324,FDPS,63,S,21,S-21,Phospho (ST),FPPS_HUMAN
P14625|306|S|21,P14625,HSP90B1,306,S,21,S-21,Phospho (ST),ENPL_HUMAN
Q8IVL0|1190|S|21,Q8IVL0,NAV3,1190,S,21,S-21,Phospho (ST),NAV3_HUMAN
Q8IVL0|1186|S|21,Q8IVL0,NAV3,1186,S,21,S-21,Phospho (ST),NAV3_HUMAN
P16220|256|S|21,P16220,CREB1,256,S,21,S-21,Phospho (ST),CREB1_HUMAN
Q92870|341|S|21,Q92870,APBB2,341,S,21,S-21,Phospho (ST),APBB2_HUMAN
P16144|1515|S|21,P16144,ITGB4,1515,S,21,S-21,Phospho (ST),ITB4_HUMAN
Q13501|266|S|21,Q13501,SQSTM1,266,S,21,S-21,Phospho (ST),SQSTM_HUMAN
P16144|1483|S|21,P16144,ITGB4,1483,S,21,S-21,Phospho (ST),ITB4_HUMAN
Q9Y3L3|262|S|21,Q9Y3L3,SH3BP1,262,S,21,S-21,Phospho (ST),3BP1_HUMAN
P16150|355|S|21,P16150,SPN,355,S,21,S-21,Phospho (ST),LEUK_HUMAN
P42768|484|S|21,P42768,WAS,484,S,21,S-21,Phospho (ST),WASP_HUMAN
P16402|2|S|21,P16402,H1-3,2,S,21,S-21,Phospho (ST),H13_HUMAN
Q14839|1535|S|21,Q14839,CHD4,1535,S,21,S-21,Phospho (ST),CHD4_HUMAN
P16401|2|S|21,P16401,H1-5,2,S,21,S-21,Phospho (ST),H15_HUMAN
Q9H7N4|500|S|21,Q9H7N4,SCAF1,500,S,21,S-21,Phospho (ST),SFR19_HUMAN
P16403|2|S|21,P16403,H1-2,2,S,21,S-21,Phospho (ST),H12_HUMAN
P20700|23|S|21,P20700,LMNB1,23,S,21,S-21,Phospho (ST),LMNB1_HUMAN
P16401|105|S|21,P16401,H1-5,105,S,21,S-21,Phospho (ST),H15_HUMAN
Q96B49|9|S|21,Q96B49,TOMM6,9,S,21,S-21,Phospho (ST),TOM6_HUMAN
Q8N7R7|124|S|21,Q8N7R7,CCNYL1,124,S,21,S-21,Phospho (ST),CCYL1_HUMAN
P16401|107|S|21,P16401,H1-5,107,S,21,S-21,Phospho (ST),H15_HUMAN
Q68DK7|126|S|21,Q68DK7,MSL1,126,S,21,S-21,Phospho (ST),MSL1_HUMAN
P16401|18|S|21,P16401,H1-5,18,S,21,S-21,Phospho (ST),H15_HUMAN
P15924|2608|S|21,P15924,DSP,2608,S,21,S-21,Phospho (ST),DESP_HUMAN
Q15424|24|S|21,Q15424,SAFB,24,S,21,S-21,Phospho (ST),SAFB1_HUMAN
Q8N7R7|112|S|21,Q8N7R7,CCNYL1,112,S,21,S-21,Phospho (ST),CCYL1_HUMAN
P15924|2549|S|21,P15924,DSP,2549,S,21,S-21,Phospho (ST),DESP_HUMAN
Q8WYK2|145|S|21,Q8WYK2,JDP2,145,S,21,S-21,Phospho (ST),JDP2_HUMAN
P15880|264|S|21,P15880,RPS2,264,S,21,S-21,Phospho (ST),RS2_HUMAN
P21333|2179|T|21,P21333,FLNA,2179,T,21,T-21,Phospho (ST),FLNA_HUMAN
P16070|706|S|21,P16070,CD44,706,S,21,S-21,Phospho (ST),CD44_HUMAN
Q7Z5L9|360|S|21,Q7Z5L9,IRF2BP2,360,S,21,S-21,Phospho (ST),I2BP2_HUMAN
P16144|1457|S|21,P16144,ITGB4,1457,S,21,S-21,Phospho (ST),ITB4_HUMAN
Q6VMQ6|57|S|21,Q6VMQ6,ATF7IP,57,S,21,S-21,Phospho (ST),MCAF1_HUMAN
Q8WWI1|706|S|21,Q8WWI1,LMO7,706,S,21,S-21,Phospho (ST),LMO7_HUMAN
P16144|1454|S|21,P16144,ITGB4,1454,S,21,S-21,Phospho (ST),ITB4_HUMAN
Q8NI35|1212|S|21,Q8NI35,PATJ,1212,S,21,S-21,Phospho (ST),INADL_HUMAN
P15924|2|S|21,P15924,DSP,2,S,21,S-21,Phospho (ST),DESP_HUMAN
P15924|7|S|21,P15924,DSP,7,S,21,S-21,Phospho (ST),DESP_HUMAN
Q92614|1998|S|21,Q92614,MYO18A,1998,S,21,S-21,Phospho (ST),MY18A_HUMAN
P16070|697|S|21,P16070,CD44,697,S,21,S-21,Phospho (ST),CD44_HUMAN
Q03135|37|S|21,Q03135,CAV1,37,S,21,S-21,Phospho (ST),CAV1_HUMAN
Q9UMN6|1035|S|21,Q9UMN6,KMT2B,1035,S,21,S-21,Phospho (ST),KMT2B_HUMAN
P16070|686|S|21,P16070,CD44,686,S,21,S-21,Phospho (ST),CD44_HUMAN
P11137|1653|S|21,P11137,MAP2,1653,S,21,S-21,Phospho (ST),MTAP2_HUMAN
Q96D71|540|S|21,Q96D71,REPS1,540,S,21,S-21,Phospho (ST),REPS1_HUMAN
Q9NRA8|74|S|21,Q9NRA8,EIF4ENIF1,74,S,21,S-21,Phospho (ST),4ET_HUMAN
P11137|1588|S|21,P11137,MAP2,1588,S,21,S-21,Phospho (ST),MTAP2_HUMAN
P11137|638|S|21,P11137,MAP2,638,S,21,S-21,Phospho (ST),MTAP2_HUMAN
P11137|653|S|21,P11137,MAP2,653,S,21,S-21,Phospho (ST),MTAP2_HUMAN
P17677|147|S|21,P17677,GAP43,147,S,21,S-21,Phospho (ST),NEUM_HUMAN
Q01484|2315|S|21,Q01484,ANK2,2315,S,21,S-21,Phospho (ST),ANK2_HUMAN
P10809|67|S|21,P10809,HSPD1,67,S,21,S-21,Phospho (ST),CH60_HUMAN
P10645|322|S|21,P10645,CHGA,322,S,21,S-21,Phospho (ST),CMGA_HUMAN
Q9UPX8|1330|S|21,Q9UPX8,SHANK2,1330,S,21,S-21,Phospho (ST),SHAN2_HUMAN
P10644|83|S|21,P10644,PRKAR1A,83,S,21,S-21,Phospho (ST),KAP0_HUMAN
P23396|220|T|21,P23396,RPS3,220,T,21,T-21,Phospho (ST),RS3_HUMAN
P11274|459|S|21,P11274,BCR,459,S,21,S-21,Phospho (ST),BCR_HUMAN
P11387|111|S|21,P11387,TOP1,111,S,21,S-21,Phospho (ST),TOP1_HUMAN
P11387|112|S|21,P11387,TOP1,112,S,21,S-21,Phospho (ST),TOP1_HUMAN
Q9C040|424|S|21,Q9C040,TRIM2,424,S,21,S-21,Phospho (ST),TRIM2_HUMAN
P11142|221|S|21,P11142,HSPA8,221,S,21,S-21,Phospho (ST),HSP7C_HUMAN
Q99081|535|S|21,Q99081,TCF12,535,S,21,S-21,Phospho (ST),HTF4_HUMAN
P11172|214|S|21,P11172,UMPS,214,S,21,S-21,Phospho (ST),UMPS_HUMAN
Q8N3E9|557|S|21,Q8N3E9,PLCD3,557,S,21,S-21,Phospho (ST),PLCD3_HUMAN
P10398|580|S|21,P10398,ARAF,580,S,21,S-21,Phospho (ST),ARAF_HUMAN
Q96T37|128|S|21,Q96T37,RBM15,128,S,21,S-21,Phospho (ST),RBM15_HUMAN
P10412|187|S|21,P10412,H1-4,187,S,21,S-21,Phospho (ST),H14_HUMAN
P0DMB2|70|S|21,P0DMB2,C8orf88,70,S,21,S-21,Phospho (ST),CH088_HUMAN
Q8N3X1|464|S|21,Q8N3X1,FNBP4,464,S,21,S-21,Phospho (ST),FNBP4_HUMAN
P38432|218|S|21,P38432,COIL,218,S,21,S-21,Phospho (ST),COIL_HUMAN
Q9NYF8|268|S|21,Q9NYF8,BCLAF1,268,S,21,S-21,Phospho (ST),BCLF1_HUMAN
P0DPB5|104|S|21,P0DPB5,POLR1D,104,S,21,S-21,Phospho (ST),RPC22_HUMAN
Q9HC52|190|S|21,Q9HC52,CBX8,190,S,21,S-21,Phospho (ST),CBX8_HUMAN
Q9UHB6|374|S|21,Q9UHB6,LIMA1,374,S,21,S-21,Phospho (ST),LIMA1_HUMAN
P10636|552|S|21,P10636,MAPT,552,S,21,S-21,Phospho (ST),TAU_HUMAN
P10636|548|T|21,P10636,MAPT,548,T,21,T-21,Phospho (ST),TAU_HUMAN
P10636|717|S|21,P10636,MAPT,717,S,21,S-21,Phospho (ST),TAU_HUMAN
P10636|720|T|21,P10636,MAPT,720,T,21,T-21,Phospho (ST),TAU_HUMAN
P10451|263|S|21,P10451,SPP1,263,S,21,S-21,Phospho (ST),OSTP_HUMAN
P52926|102|S|21,P52926,HMGA2,102,S,21,S-21,Phospho (ST),HMGA2_HUMAN
P10451|234|S|21,P10451,SPP1,234,S,21,S-21,Phospho (ST),OSTP_HUMAN
P10451|303|S|21,P10451,SPP1,303,S,21,S-21,Phospho (ST),OSTP_HUMAN
P10636|427|S|21,P10636,MAPT,427,S,21,S-21,Phospho (ST),TAU_HUMAN
P10636|428|S|21,P10636,MAPT,428,S,21,S-21,Phospho (ST),TAU_HUMAN
Q9BZQ8|602|S|21,Q9BZQ8,NIBAN1,602,S,21,S-21,Phospho (ST),NIBA1_HUMAN
Q96CV9|525|T|21,Q96CV9,OPTN,525,T,21,T-21,Phospho (ST),OPTN_HUMAN
P12270|2048|S|21,P12270,TPR,2048,S,21,S-21,Phospho (ST),TPR_HUMAN
P39880|1337|S|21,P39880,CUX1,1337,S,21,S-21,Phospho (ST),CUX1_HUMAN
P12270|2136|S|21,P12270,TPR,2136,S,21,S-21,Phospho (ST),TPR_HUMAN
P13591|784|S|21,P13591,NCAM1,784,S,21,S-21,Phospho (ST),NCAM1_HUMAN
P11137|1649|T|21,P11137,MAP2,1649,T,21,T-21,Phospho (ST),MTAP2_HUMAN
P51991|177|H|53,P51991,HNRNPA3,177,H,53,H-53,HNE,ROA3_HUMAN
P13611|2116|S|21,P13611,VCAN,2116,S,21,S-21,Phospho (ST),CSPG2_HUMAN
P13489|7|S|21,P13489,RNH1,7,S,21,S-21,Phospho (ST),RINI_HUMAN
Q96B97|108|S|21,Q96B97,SH3KBP1,108,S,21,S-21,Phospho (ST),SH3K1_HUMAN
P13612|1021|S|21,P13612,ITGA4,1021,S,21,S-21,Phospho (ST),ITA4_HUMAN
Q7Z5R6|526|S|21,Q7Z5R6,APBB1IP,526,S,21,S-21,Phospho (ST),AB1IP_HUMAN
P12931|17|S|21,P12931,SRC,17,S,21,S-21,Phospho (ST),SRC_HUMAN
P13051|63|S|21,P13051,UNG,63,S,21,S-21,Phospho (ST),UNG_HUMAN
P13051|64|S|21,P13051,UNG,64,S,21,S-21,Phospho (ST),UNG_HUMAN
P11388|1392|S|21,P11388,TOP2A,1392,S,21,S-21,Phospho (ST),TOP2A_HUMAN
P46013|357|S|21,P46013,MKI67,357,S,21,S-21,Phospho (ST),KI67_HUMAN
P11388|1393|S|21,P11388,TOP2A,1393,S,21,S-21,Phospho (ST),TOP2A_HUMAN
P11388|1106|S|21,P11388,TOP2A,1106,S,21,S-21,Phospho (ST),TOP2A_HUMAN
Q9NR30|89|S|21,Q9NR30,DDX21,89,S,21,S-21,Phospho (ST),DDX21_HUMAN
P11388|1351|S|21,P11388,TOP2A,1351,S,21,S-21,Phospho (ST),TOP2A_HUMAN
P11717|2479|S|21,P11717,IGF2R,2479,S,21,S-21,Phospho (ST),MPRI_HUMAN
Q92766|1167|S|21,Q92766,RREB1,1167,S,21,S-21,Phospho (ST),RREB1_HUMAN
P11388|1525|S|21,P11388,TOP2A,1525,S,21,S-21,Phospho (ST),TOP2A_HUMAN
Q8NHZ8|42|S|21,Q8NHZ8,CDC26,42,S,21,S-21,Phospho (ST),CDC26_HUMAN
P11388|1504|S|21,P11388,TOP2A,1504,S,21,S-21,Phospho (ST),TOP2A_HUMAN
P11441|90|S|21,P11441,UBL4A,90,S,21,S-21,Phospho (ST),UBL4A_HUMAN
P08670|64|R|34,P08670,VIM,64,R,34,R-34,Methylation (R),VIME_HUMAN
O94880|290|S|21,O94880,PHF14,290,S,21,S-21,Phospho (ST),PHF14_HUMAN
Q96Q15|3570|S|21,Q96Q15,SMG1,3570,S,21,S-21,Phospho (ST),SMG1_HUMAN
O94842|182|S|21,O94842,TOX4,182,S,21,S-21,Phospho (ST),TOX4_HUMAN
O94842|180|T|21,O94842,TOX4,180,T,21,T-21,Phospho (ST),TOX4_HUMAN
O94880|25|S|21,O94880,PHF14,25,S,21,S-21,Phospho (ST),PHF14_HUMAN
Q12789|1062|S|21,Q12789,GTF3C1,1062,S,21,S-21,Phospho (ST),TF3C1_HUMAN
O94880|26|S|21,O94880,PHF14,26,S,21,S-21,Phospho (ST),PHF14_HUMAN
O94913|509|S|21,O94913,PCF11,509,S,21,S-21,Phospho (ST),PCF11_HUMAN
O94913|511|S|21,O94913,PCF11,511,S,21,S-21,Phospho (ST),PCF11_HUMAN
O94885|699|S|21,O94885,SASH1,699,S,21,S-21,Phospho (ST),SASH1_HUMAN
Q9Y2X7|410|S|21,Q9Y2X7,GIT1,410,S,21,S-21,Phospho (ST),GIT1_HUMAN
O94804|454|S|21,O94804,STK10,454,S,21,S-21,Phospho (ST),STK10_HUMAN
Q9C0D5|63|S|21,Q9C0D5,TANC1,63,S,21,S-21,Phospho (ST),TANC1_HUMAN
O94804|455|S|21,O94804,STK10,455,S,21,S-21,Phospho (ST),STK10_HUMAN
O94806|391|S|21,O94806,PRKD3,391,S,21,S-21,Phospho (ST),KPCD3_HUMAN
Q9H0W8|7|S|21,Q9H0W8,SMG9,7,S,21,S-21,Phospho (ST),SMG9_HUMAN
O94804|951|S|21,O94804,STK10,951,S,21,S-21,Phospho (ST),STK10_HUMAN
Q9Y618|956|S|21,Q9Y618,NCOR2,956,S,21,S-21,Phospho (ST),NCOR2_HUMAN
O94804|191|S|21,O94804,STK10,191,S,21,S-21,Phospho (ST),STK10_HUMAN
O94776|435|S|21,O94776,MTA2,435,S,21,S-21,Phospho (ST),MTA2_HUMAN
P18669|21|R|7,P18669,PGAM1,21,R,7,R-7,Citrulline,PGAM1_HUMAN
O94782|16|S|21,O94782,USP1,16,S,21,S-21,Phospho (ST),UBP1_HUMAN
Q96KB5|11|S|21,Q96KB5,PBK,11,S,21,S-21,Phospho (ST),TOPK_HUMAN
Q6P2H3|17|S|21,Q6P2H3,CEP85,17,S,21,S-21,Phospho (ST),CEP85_HUMAN
O94804|438|S|21,O94804,STK10,438,S,21,S-21,Phospho (ST),STK10_HUMAN
P49736|13|S|21,P49736,MCM2,13,S,21,S-21,Phospho (ST),MCM2_HUMAN
P46937|367|S|21,P46937,YAP1,367,S,21,S-21,Phospho (ST),YAP1_HUMAN
Q9UNE7|23|S|21,Q9UNE7,STUB1,23,S,21,S-21,Phospho (ST),CHIP_HUMAN
Q5VT52|593|S|21,Q5VT52,RPRD2,593,S,21,S-21,Phospho (ST),RPRD2_HUMAN
Q9H0B6|610|S|21,Q9H0B6,KLC2,610,S,21,S-21,Phospho (ST),KLC2_HUMAN
Q96B97|79|S|21,Q96B97,SH3KBP1,79,S,21,S-21,Phospho (ST),SH3K1_HUMAN
P46013|1679|S|21,P46013,MKI67,1679,S,21,S-21,Phospho (ST),KI67_HUMAN
Q9UBU9|564|S|21,Q9UBU9,NXF1,564,S,21,S-21,Phospho (ST),NXF1_HUMAN
O94811|32|S|21,O94811,TPPP,32,S,21,S-21,Phospho (ST),TPPP_HUMAN
Q9UBC2|108|S|21,Q9UBC2,EPS15L1,108,S,21,S-21,Phospho (ST),EP15R_HUMAN
Q86VX9|128|S|21,Q86VX9,MON1A,128,S,21,S-21,Phospho (ST),MON1A_HUMAN
O94842|178|S|21,O94842,TOX4,178,S,21,S-21,Phospho (ST),TOX4_HUMAN
O94826|96|S|21,O94826,TOMM70,96,S,21,S-21,Phospho (ST),TOM70_HUMAN
P46821|1793|S|21,P46821,MAP1B,1793,S,21,S-21,Phospho (ST),MAP1B_HUMAN
O94811|18|S|21,O94811,TPPP,18,S,21,S-21,Phospho (ST),TPPP_HUMAN
P78559|612|S|21,P78559,MAP1A,612,S,21,S-21,Phospho (ST),MAP1A_HUMAN
P22681|483|S|21,P22681,CBL,483,S,21,S-21,Phospho (ST),CBL_HUMAN
O75475|122|T|21,O75475,PSIP1,122,T,21,T-21,Phospho (ST),PSIP1_HUMAN
O95104|656|S|21,O95104,SCAF4,656,S,21,S-21,Phospho (ST),SCAF4_HUMAN
Q96D71|709|S|21,Q96D71,REPS1,709,S,21,S-21,Phospho (ST),REPS1_HUMAN
Q9C0C2|893|S|21,Q9C0C2,TNKS1BP1,893,S,21,S-21,Phospho (ST),TB182_HUMAN
O95155|105|S|21,O95155,UBE4B,105,S,21,S-21,Phospho (ST),UBE4B_HUMAN
Q9Y383|17|T|21,Q9Y383,LUC7L2,17,T,21,T-21,Phospho (ST),LC7L2_HUMAN
O95155|23|S|21,O95155,UBE4B,23,S,21,S-21,Phospho (ST),UBE4B_HUMAN
O95155|31|S|21,O95155,UBE4B,31,S,21,S-21,Phospho (ST),UBE4B_HUMAN
O95049|327|S|21,O95049,TJP3,327,S,21,S-21,Phospho (ST),ZO3_HUMAN
O95049|319|S|21,O95049,TJP3,319,S,21,S-21,Phospho (ST),ZO3_HUMAN
O95208|182|S|21,O95208,EPN2,182,S,21,S-21,Phospho (ST),EPN2_HUMAN
Q9H4G0|645|R|7,Q9H4G0,EPB41L1,645,R,7,R-7,Citrulline,E41L1_HUMAN
O95218|120|S|21,O95218,ZRANB2,120,S,21,S-21,Phospho (ST),ZRAB2_HUMAN
P18669|118|S|21,P18669,PGAM1,118,S,21,S-21,Phospho (ST),PGAM1_HUMAN
Q92614|1970|S|21,Q92614,MYO18A,1970,S,21,S-21,Phospho (ST),MY18A_HUMAN
O95155|87|S|21,O95155,UBE4B,87,S,21,S-21,Phospho (ST),UBE4B_HUMAN
Q92625|626|S|21,Q92625,ANKS1A,626,S,21,S-21,Phospho (ST),ANS1A_HUMAN
O95171|68|S|21,O95171,SCEL,68,S,21,S-21,Phospho (ST),SCEL_HUMAN
O95171|289|S|21,O95171,SCEL,289,S,21,S-21,Phospho (ST),SCEL_HUMAN
O00192|872|T|21,O00192,ARVCF,872,T,21,T-21,Phospho (ST),ARVC_HUMAN
Q9Y6M1|161|S|21,Q9Y6M1,IGF2BP2,161,S,21,S-21,Phospho (ST),IF2B2_HUMAN
O94929|372|S|21,O94929,ABLIM3,372,S,21,S-21,Phospho (ST),ABLM3_HUMAN
O94929|373|S|21,O94929,ABLIM3,373,S,21,S-21,Phospho (ST),ABLM3_HUMAN
O94915|1978|S|21,O94915,FRYL,1978,S,21,S-21,Phospho (ST),FRYL_HUMAN
O94979|799|S|21,O94979,SEC31A,799,S,21,S-21,Phospho (ST),SC31A_HUMAN
Q9H6F5|47|S|21,Q9H6F5,CCDC86,47,S,21,S-21,Phospho (ST),CCD86_HUMAN
Q9NTI5|1283|S|21,Q9NTI5,PDS5B,1283,S,21,S-21,Phospho (ST),PDS5B_HUMAN
O95049|164|S|21,O95049,TJP3,164,S,21,S-21,Phospho (ST),ZO3_HUMAN
O94979|527|S|21,O94979,SEC31A,527,S,21,S-21,Phospho (ST),SC31A_HUMAN
O94979|532|S|21,O94979,SEC31A,532,S,21,S-21,Phospho (ST),SC31A_HUMAN
O94979|1163|S|21,O94979,SEC31A,1163,S,21,S-21,Phospho (ST),SC31A_HUMAN
Q9BY77|127|S|21,Q9BY77,POLDIP3,127,S,21,S-21,Phospho (ST),PDIP3_HUMAN
O75569|18|S|21,O75569,PRKRA,18,S,21,S-21,Phospho (ST),PRKRA_HUMAN
Q9H0B6|582|S|21,Q9H0B6,KLC2,582,S,21,S-21,Phospho (ST),KLC2_HUMAN
Q6PKG0|824|S|21,Q6PKG0,LARP1,824,S,21,S-21,Phospho (ST),LARP1_HUMAN
O75683|138|S|21,O75683,SURF6,138,S,21,S-21,Phospho (ST),SURF6_HUMAN
O75592|3433|S|21,O75592,MYCBP2,3433,S,21,S-21,Phospho (ST),MYCB2_HUMAN
Q86YV0|51|S|21,Q86YV0,RASAL3,51,S,21,S-21,Phospho (ST),RASL3_HUMAN
O75494|131|S|21,O75494,SRSF10,131,S,21,S-21,Phospho (ST),SRS10_HUMAN
O75494|133|S|21,O75494,SRSF10,133,S,21,S-21,Phospho (ST),SRS10_HUMAN
O75475|177|S|21,O75475,PSIP1,177,S,21,S-21,Phospho (ST),PSIP1_HUMAN
Q9UPQ0|493|S|21,Q9UPQ0,LIMCH1,493,S,21,S-21,Phospho (ST),LIMC1_HUMAN
O75494|156|S|21,O75494,SRSF10,156,S,21,S-21,Phospho (ST),SRS10_HUMAN
Q9UQ35|1675|S|21,Q9UQ35,SRRM2,1675,S,21,S-21,Phospho (ST),SRRM2_HUMAN
P48634|1089|S|21,P48634,PRRC2A,1089,S,21,S-21,Phospho (ST),PRC2A_HUMAN
O75475|118|S|21,O75475,PSIP1,118,S,21,S-21,Phospho (ST),PSIP1_HUMAN
Q86TI0|571|S|21,Q86TI0,TBC1D1,571,S,21,S-21,Phospho (ST),TBCD1_HUMAN
P48553|708|S|21,P48553,TRAPPC10,708,S,21,S-21,Phospho (ST),TPC10_HUMAN
O75475|106|S|21,O75475,PSIP1,106,S,21,S-21,Phospho (ST),PSIP1_HUMAN
O75533|129|S|21,O75533,SF3B1,129,S,21,S-21,Phospho (ST),SF3B1_HUMAN
P28290|739|S|21,P28290,ITPRID2,739,S,21,S-21,Phospho (ST),ITPI2_HUMAN
O75533|217|S|21,O75533,SF3B1,217,S,21,S-21,Phospho (ST),SF3B1_HUMAN
O75533|227|T|21,O75533,SF3B1,227,T,21,T-21,Phospho (ST),SF3B1_HUMAN
Q86SQ0|415|S|21,Q86SQ0,PHLDB2,415,S,21,S-21,Phospho (ST),PHLB2_HUMAN
O75533|194|S|21,O75533,SF3B1,194,S,21,S-21,Phospho (ST),SF3B1_HUMAN
Q70EL1|481|S|21,Q70EL1,USP54,481,S,21,S-21,Phospho (ST),UBP54_HUMAN
Q96S94|369|S|21,Q96S94,CCNL2,369,S,21,S-21,Phospho (ST),CCNL2_HUMAN
O75509|541|S|21,O75509,TNFRSF21,541,S,21,S-21,Phospho (ST),TNR21_HUMAN
O75530|2|S|21,O75530,EED,2,S,21,S-21,Phospho (ST),EED_HUMAN
P41208|22|K|53,P41208,CETN2,22,K,53,K-53,HNE,CETN2_HUMAN
O75995|27|S|21,O75995,SASH3,27,S,21,S-21,Phospho (ST),SASH3_HUMAN
Q92608|1685|S|21,Q92608,DOCK2,1685,S,21,S-21,Phospho (ST),DOCK2_HUMAN
P35236|44|S|21,P35236,PTPN7,44,S,21,S-21,Phospho (ST),PTN7_HUMAN
P48634|456|S|21,P48634,PRRC2A,456,S,21,S-21,Phospho (ST),PRC2A_HUMAN
P08670|430|S|21,P08670,VIM,430,S,21,S-21,Phospho (ST),VIME_HUMAN
O75995|26|S|21,O75995,SASH3,26,S,21,S-21,Phospho (ST),SASH3_HUMAN
P78559|1200|S|21,P78559,MAP1A,1200,S,21,S-21,Phospho (ST),MAP1A_HUMAN
O76021|392|S|21,O76021,RSL1D1,392,S,21,S-21,Phospho (ST),RL1D1_HUMAN
O76021|396|S|21,O76021,RSL1D1,396,S,21,S-21,Phospho (ST),RL1D1_HUMAN
Q8WV99|185|T|21,Q8WV99,ZFAND2B,185,T,21,T-21,Phospho (ST),ZFN2B_HUMAN
Q9UBW5|444|S|21,Q9UBW5,BIN2,444,S,21,S-21,Phospho (ST),BIN2_HUMAN
O76021|361|S|21,O76021,RSL1D1,361,S,21,S-21,Phospho (ST),RL1D1_HUMAN
Q9UEW8|385|S|21,Q9UEW8,STK39,385,S,21,S-21,Phospho (ST),STK39_HUMAN
O75962|2428|S|21,O75962,TRIO,2428,S,21,S-21,Phospho (ST),TRIO_HUMAN
O75962|2417|S|21,O75962,TRIO,2417,S,21,S-21,Phospho (ST),TRIO_HUMAN
O14974|298|K|53,O14974,PPP1R12A,298,K,53,K-53,HNE,MYPT1_HUMAN
O75976|1361|S|21,O75976,CPD,1361,S,21,S-21,Phospho (ST),CBPD_HUMAN
Q96T60|114|S|21,Q96T60,PNKP,114,S,21,S-21,Phospho (ST),PNKP_HUMAN
O75995|110|S|21,O75995,SASH3,110,S,21,S-21,Phospho (ST),SASH3_HUMAN
O94762|727|S|21,O94762,RECQL5,727,S,21,S-21,Phospho (ST),RECQ5_HUMAN
Q27J81|372|S|21,Q27J81,INF2,372,S,21,S-21,Phospho (ST),INF2_HUMAN
O76021|427|S|21,O76021,RSL1D1,427,S,21,S-21,Phospho (ST),RL1D1_HUMAN
Q66K74|638|T|21,Q66K74,MAP1S,638,T,21,T-21,Phospho (ST),MAP1S_HUMAN
O76070|124|S|21,O76070,SNCG,124,S,21,S-21,Phospho (ST),SYUG_HUMAN
P49023|118|Y|21,P49023,PXN,118,Y,21,Y-21,Phospho (Y),PAXI_HUMAN
O75694|4|S|21,O75694,NUP155,4,S,21,S-21,Phospho (ST),NU155_HUMAN
P49792|2450|T|21,P49792,RANBP2,2450,T,21,T-21,Phospho (ST),RBP2_HUMAN
Q05655|664|S|21,Q05655,PRKCD,664,S,21,S-21,Phospho (ST),KPCD_HUMAN
O75717|383|S|21,O75717,WDHD1,383,S,21,S-21,Phospho (ST),WDHD1_HUMAN
Q14680|505|S|21,Q14680,MELK,505,S,21,S-21,Phospho (ST),MELK_HUMAN
O75717|374|S|21,O75717,WDHD1,374,S,21,S-21,Phospho (ST),WDHD1_HUMAN
O75925|485|S|21,O75925,PIAS1,485,S,21,S-21,Phospho (ST),PIAS1_HUMAN
O75925|483|S|21,O75925,PIAS1,483,S,21,S-21,Phospho (ST),PIAS1_HUMAN
O75962|1723|S|21,O75962,TRIO,1723,S,21,S-21,Phospho (ST),TRIO_HUMAN
Q9UBF8|277|S|21,Q9UBF8,PI4KB,277,S,21,S-21,Phospho (ST),PI4KB_HUMAN
O75909|324|S|21,O75909,CCNK,324,S,21,S-21,Phospho (ST),CCNK_HUMAN
Q9H2J4|234|S|21,Q9H2J4,PDCL3,234,S,21,S-21,Phospho (ST),PDCL3_HUMAN
O75896|50|S|21,O75896,TUSC2,50,S,21,S-21,Phospho (ST),TUSC2_HUMAN
Q8IWZ8|485|S|21,Q8IWZ8,SUGP1,485,S,21,S-21,Phospho (ST),SUGP1_HUMAN
P29401|295|S|21,P29401,TKT,295,S,21,S-21,Phospho (ST),TKT_HUMAN
O75909|329|S|21,O75909,CCNK,329,S,21,S-21,Phospho (ST),CCNK_HUMAN
O95835|1111|S|21,O95835,LATS1,1111,S,21,S-21,Phospho (ST),LATS1_HUMAN
Q99638|277|S|21,Q99638,RAD9A,277,S,21,S-21,Phospho (ST),RAD9A_HUMAN
O96013|104|S|21,O96013,PAK4,104,S,21,S-21,Phospho (ST),PAK4_HUMAN
Q9Y2Q0|29|S|21,Q9Y2Q0,ATP8A1,29,S,21,S-21,Phospho (ST),AT8A1_HUMAN
O95835|464|S|21,O95835,LATS1,464,S,21,S-21,Phospho (ST),LATS1_HUMAN
Q8NDI1|335|S|21,Q8NDI1,EHBP1,335,S,21,S-21,Phospho (ST),EHBP1_HUMAN
O95819|805|S|21,O95819,MAP4K4,805,S,21,S-21,Phospho (ST),M4K4_HUMAN
P52594|293|S|21,P52594,AGFG1,293,S,21,S-21,Phospho (ST),AGFG1_HUMAN
P00533|1064|S|21,P00533,EGFR,1064,S,21,S-21,Phospho (ST),EGFR_HUMAN
Q8IVT2|543|S|21,Q8IVT2,MISP,543,S,21,S-21,Phospho (ST),MISP_HUMAN
O96013|474|S|21,O96013,PAK4,474,S,21,S-21,Phospho (ST),PAK4_HUMAN
O96020|17|S|21,O96020,CCNE2,17,S,21,S-21,Phospho (ST),CCNE2_HUMAN
Q9Y490|417|S|21,Q9Y490,TLN1,417,S,21,S-21,Phospho (ST),TLN1_HUMAN
O95817|274|S|21,O95817,BAG3,274,S,21,S-21,Phospho (ST),BAG3_HUMAN
O95817|275|S|21,O95817,BAG3,275,S,21,S-21,Phospho (ST),BAG3_HUMAN
O95793|390|S|21,O95793,STAU1,390,S,21,S-21,Phospho (ST),STAU1_HUMAN
O95810|204|S|21,O95810,CAVIN2,204,S,21,S-21,Phospho (ST),CAVN2_HUMAN
O95810|218|S|21,O95810,CAVIN2,218,S,21,S-21,Phospho (ST),CAVN2_HUMAN
P20042|105|S|21,P20042,EIF2S2,105,S,21,S-21,Phospho (ST),IF2B_HUMAN
P30419|47|S|21,P30419,NMT1,47,S,21,S-21,Phospho (ST),NMT1_HUMAN
O95810|287|S|21,O95810,CAVIN2,287,S,21,S-21,Phospho (ST),CAVN2_HUMAN
O95810|288|S|21,O95810,CAVIN2,288,S,21,S-21,Phospho (ST),CAVN2_HUMAN
Q8WWN8|1473|S|21,Q8WWN8,ARAP3,1473,S,21,S-21,Phospho (ST),ARAP3_HUMAN
O95819|656|S|21,O95819,MAP4K4,656,S,21,S-21,Phospho (ST),M4K4_HUMAN
O95819|658|S|21,O95819,MAP4K4,658,S,21,S-21,Phospho (ST),M4K4_HUMAN
Q6UWZ7|387|S|21,Q6UWZ7,ABRAXAS1,387,S,21,S-21,Phospho (ST),ABRX1_HUMAN
Q9BXF6|538|S|21,Q9BXF6,RAB11FIP5,538,S,21,S-21,Phospho (ST),RFIP5_HUMAN
O95817|289|S|21,O95817,BAG3,289,S,21,S-21,Phospho (ST),BAG3_HUMAN
O95817|285|T|21,O95817,BAG3,285,T,21,T-21,Phospho (ST),BAG3_HUMAN
O95817|377|S|21,O95817,BAG3,377,S,21,S-21,Phospho (ST),BAG3_HUMAN
O95817|386|S|21,O95817,BAG3,386,S,21,S-21,Phospho (ST),BAG3_HUMAN
O95817|284|S|21,O95817,BAG3,284,S,21,S-21,Phospho (ST),BAG3_HUMAN
P05783|36|Y|21,P05783,KRT18,36,Y,21,Y-21,Phospho (Y),K1C18_HUMAN
O95817|385|S|21,O95817,BAG3,385,S,21,S-21,Phospho (ST),BAG3_HUMAN
P02545|612|S|21,P02545,LMNA,612,S,21,S-21,Phospho (ST),LMNA_HUMAN
Q9H5Y7|728|S|21,Q9H5Y7,SLITRK6,728,S,21,S-21,Phospho (ST),SLIK6_HUMAN
P02545|458|S|21,P02545,LMNA,458,S,21,S-21,Phospho (ST),LMNA_HUMAN
Q8WWI1|1425|T|21,Q8WWI1,LMO7,1425,T,21,T-21,Phospho (ST),LMO7_HUMAN
P02545|571|S|21,P02545,LMNA,571,S,21,S-21,Phospho (ST),LMNA_HUMAN
P24928|1871|S|21,P24928,POLR2A,1871,S,21,S-21,Phospho (ST),RPB1_HUMAN
P02545|613|S|21,P02545,LMNA,613,S,21,S-21,Phospho (ST),LMNA_HUMAN
P02545|390|S|21,P02545,LMNA,390,S,21,S-21,Phospho (ST),LMNA_HUMAN
P02545|392|S|21,P02545,LMNA,392,S,21,S-21,Phospho (ST),LMNA_HUMAN
P02545|414|S|21,P02545,LMNA,414,S,21,S-21,Phospho (ST),LMNA_HUMAN
P02686|249|S|21,P02686,MBP,249,S,21,S-21,Phospho (ST),MBP_HUMAN
Q02952|285|T|21,Q02952,AKAP12,285,T,21,T-21,Phospho (ST),AKA12_HUMAN
P02751|2475|S|21,P02751,FN1,2475,S,21,S-21,Phospho (ST),FINC_HUMAN
P27986|83|S|21,P27986,PIK3R1,83,S,21,S-21,Phospho (ST),P85A_HUMAN
P24821|72|S|21,P24821,TNC,72,S,21,S-21,Phospho (ST),TENA_HUMAN
P10451|228|S|21,P10451,SPP1,228,S,21,S-21,Phospho (ST),OSTP_HUMAN
P02545|616|S|21,P02545,LMNA,616,S,21,S-21,Phospho (ST),LMNA_HUMAN
P02545|632|S|21,P02545,LMNA,632,S,21,S-21,Phospho (ST),LMNA_HUMAN
P01106|344|S|21,P01106,MYC,344,S,21,S-21,Phospho (ST),MYC_HUMAN
P01106|348|S|21,P01106,MYC,348,S,21,S-21,Phospho (ST),MYC_HUMAN
P01106|281|S|21,P01106,MYC,281,S,21,S-21,Phospho (ST),MYC_HUMAN
P01106|293|S|21,P01106,MYC,293,S,21,S-21,Phospho (ST),MYC_HUMAN
P01106|62|S|21,P01106,MYC,62,S,21,S-21,Phospho (ST),MYC_HUMAN
P01106|58|T|21,P01106,MYC,58,T,21,T-21,Phospho (ST),MYC_HUMAN
P01106|71|S|21,P01106,MYC,71,S,21,S-21,Phospho (ST),MYC_HUMAN
P02545|277|S|21,P02545,LMNA,277,S,21,S-21,Phospho (ST),LMNA_HUMAN
P02545|282|S|21,P02545,LMNA,282,S,21,S-21,Phospho (ST),LMNA_HUMAN
P02545|22|S|21,P02545,LMNA,22,S,21,S-21,Phospho (ST),LMNA_HUMAN
Q08945|444|S|21,Q08945,SSRP1,444,S,21,S-21,Phospho (ST),SSRP1_HUMAN
P46937|109|S|21,P46937,YAP1,109,S,21,S-21,Phospho (ST),YAP1_HUMAN
P20042|2|S|21,P20042,EIF2S2,2,S,21,S-21,Phospho (ST),IF2B_HUMAN
P01876|67|S|21,P01876,IGHA1,67,S,21,S-21,Phospho (ST),IGHA1_HUMAN
P68871|85|T|21,P68871,HBB,85,T,21,T-21,Phospho (ST),HBB_HUMAN
Q02543|101|T|21,Q02543,RPL18A,101,T,21,T-21,Phospho (ST),RL18A_HUMAN
Q14651|566|R|7,Q14651,PLS1,566,R,7,R-7,Citrulline,PLSI_HUMAN
P02461|982|K|299,P02461,COL3A1,982,K,299,K-299,,CO3A1_HUMAN
P02679|282|R|7,P02679,FGG,282,R,7,R-7,Citrulline,FIBG_HUMAN
P01893|356|S|21,P01893,HLA-H,356,S,21,S-21,Phospho (ST),HLAH_HUMAN
P01893|359|S|21,P01893,HLA-H,359,S,21,S-21,Phospho (ST),HLAH_HUMAN
P26006|1042|S|21,P26006,ITGA3,1042,S,21,S-21,Phospho (ST),ITA3_HUMAN
P18206|345|S|21,P18206,VCL,345,S,21,S-21,Phospho (ST),VINC_HUMAN
P27797|64|K|1,P27797,CALR,64,K,1,K-1,Acetylation (K),CALR_HUMAN
Q68CZ2|1154|S|21,Q68CZ2,TNS3,1154,S,21,S-21,Phospho (ST),TENS3_HUMAN
P02452|176|S|21,P02452,COL1A1,176,S,21,S-21,Phospho (ST),CO1A1_HUMAN
P35749|1954|S|21,P35749,MYH11,1954,S,21,S-21,Phospho (ST),MYH11_HUMAN
P08648|127|S|21,P08648,ITGA5,127,S,21,S-21,Phospho (ST),ITA5_HUMAN
Q13443|758|S|21,Q13443,ADAM9,758,S,21,S-21,Phospho (ST),ADAM9_HUMAN
O95365|511|S|21,O95365,ZBTB7A,511,S,21,S-21,Phospho (ST),ZBT7A_HUMAN
O95365|526|S|21,O95365,ZBTB7A,526,S,21,S-21,Phospho (ST),ZBT7A_HUMAN
O95365|525|S|21,O95365,ZBTB7A,525,S,21,S-21,Phospho (ST),ZBT7A_HUMAN
O95359|1949|S|21,O95359,TACC2,1949,S,21,S-21,Phospho (ST),TACC2_HUMAN
Q8IZA0|974|T|21,Q8IZA0,KIAA0319L,974,T,21,T-21,Phospho (ST),K319L_HUMAN
O95297|219|S|21,O95297,MPZL1,219,S,21,S-21,Phospho (ST),MPZL1_HUMAN
Q96QD8|39|S|21,Q96QD8,SLC38A2,39,S,21,S-21,Phospho (ST),S38A2_HUMAN
O95361|60|S|21,O95361,TRIM16,60,S,21,S-21,Phospho (ST),TRI16_HUMAN
Q8WWI1|1510|S|21,Q8WWI1,LMO7,1510,S,21,S-21,Phospho (ST),LMO7_HUMAN
Q9P206|669|S|21,Q9P206,NHSL3,669,S,21,S-21,Phospho (ST),NHSL3_HUMAN
O95361|31|S|21,O95361,TRIM16,31,S,21,S-21,Phospho (ST),TRI16_HUMAN
O95359|2359|S|21,O95359,TACC2,2359,S,21,S-21,Phospho (ST),TACC2_HUMAN
Q9P206|322|S|21,Q9P206,NHSL3,322,S,21,S-21,Phospho (ST),NHSL3_HUMAN
O95425|238|S|21,O95425,SVIL,238,S,21,S-21,Phospho (ST),SVIL_HUMAN
Q96LR5|11|S|21,Q96LR5,UBE2E2,11,S,21,S-21,Phospho (ST),UB2E2_HUMAN
O95394|64|S|21,O95394,PGM3,64,S,21,S-21,Phospho (ST),AGM1_HUMAN
Q92974|151|S|21,Q92974,ARHGEF2,151,S,21,S-21,Phospho (ST),ARHG2_HUMAN
O95239|801|S|21,O95239,KIF4A,801,S,21,S-21,Phospho (ST),KIF4A_HUMAN
Q8IXT5|278|S|21,Q8IXT5,RBM12B,278,S,21,S-21,Phospho (ST),RB12B_HUMAN
O95218|188|S|21,O95218,ZRANB2,188,S,21,S-21,Phospho (ST),ZRAB2_HUMAN
P25788|250|S|21,P25788,PSMA3,250,S,21,S-21,Phospho (ST),PSA3_HUMAN
O95232|431|S|21,O95232,LUC7L3,431,S,21,S-21,Phospho (ST),LC7L3_HUMAN
O95785|1017|S|21,O95785,WIZ,1017,S,21,S-21,Phospho (ST),WIZ_HUMAN
O95251|50|S|21,O95251,KAT7,50,S,21,S-21,Phospho (ST),KAT7_HUMAN
Q9Y6D6|397|S|21,Q9Y6D6,ARFGEF1,397,S,21,S-21,Phospho (ST),BIG1_HUMAN
O95251|57|S|21,O95251,KAT7,57,S,21,S-21,Phospho (ST),KAT7_HUMAN
Q9NS69|15|S|21,Q9NS69,TOMM22,15,S,21,S-21,Phospho (ST),TOM22_HUMAN
O95696|852|S|21,O95696,BRD1,852,S,21,S-21,Phospho (ST),BRD1_HUMAN
Q86WH2|7|S|21,Q86WH2,RASSF3,7,S,21,S-21,Phospho (ST),RASF3_HUMAN
O95714|1577|S|21,O95714,HERC2,1577,S,21,S-21,Phospho (ST),HERC2_HUMAN
P24928|1910|S|21,P24928,POLR2A,1910,S,21,S-21,Phospho (ST),RPB1_HUMAN
O95696|128|S|21,O95696,BRD1,128,S,21,S-21,Phospho (ST),BRD1_HUMAN
Q99618|94|S|21,Q99618,CDCA3,94,S,21,S-21,Phospho (ST),CDCA3_HUMAN
O95714|1938|S|21,O95714,HERC2,1938,S,21,S-21,Phospho (ST),HERC2_HUMAN
O95684|152|S|21,O95684,CEP43,152,S,21,S-21,Phospho (ST),CEP43_HUMAN
P49736|137|Y|21,P49736,MCM2,137,Y,21,Y-21,Phospho (Y),MCM2_HUMAN
O95684|156|S|21,O95684,CEP43,156,S,21,S-21,Phospho (ST),CEP43_HUMAN
O95684|160|S|21,O95684,CEP43,160,S,21,S-21,Phospho (ST),CEP43_HUMAN
O95696|1055|S|21,O95696,BRD1,1055,S,21,S-21,Phospho (ST),BRD1_HUMAN
O95785|1134|S|21,O95785,WIZ,1134,S,21,S-21,Phospho (ST),WIZ_HUMAN
Q9P0K7|411|S|21,Q9P0K7,RAI14,411,S,21,S-21,Phospho (ST),RAI14_HUMAN
O95747|339|S|21,O95747,OXSR1,339,S,21,S-21,Phospho (ST),OXSR1_HUMAN
Q96K21|354|S|21,Q96K21,ZFYVE19,354,S,21,S-21,Phospho (ST),ANCHR_HUMAN
O95475|221|S|21,O95475,SIX6,221,S,21,S-21,Phospho (ST),SIX6_HUMAN
P26639|8|S|21,P26639,TARS1,8,S,21,S-21,Phospho (ST),SYTC_HUMAN
P29590|535|S|21,P29590,PML,535,S,21,S-21,Phospho (ST),PML_HUMAN
O95466|184|S|21,O95466,FMNL1,184,S,21,S-21,Phospho (ST),FMNL1_HUMAN
P78332|912|S|21,P78332,RBM6,912,S,21,S-21,Phospho (ST),RBM6_HUMAN
Q5JTH9|1080|S|21,Q5JTH9,RRP12,1080,S,21,S-21,Phospho (ST),RRP12_HUMAN
Q92794|1113|S|21,Q92794,KAT6A,1113,S,21,S-21,Phospho (ST),KAT6A_HUMAN
O95425|673|S|21,O95425,SVIL,673,S,21,S-21,Phospho (ST),SVIL_HUMAN
Q8NC44|385|S|21,Q8NC44,RETREG2,385,S,21,S-21,Phospho (ST),RETR2_HUMAN
O95453|557|S|21,O95453,PARN,557,S,21,S-21,Phospho (ST),PARN_HUMAN
Q13428|1227|S|21,Q13428,TCOF1,1227,S,21,S-21,Phospho (ST),TCOF_HUMAN
O95677|361|S|21,O95677,EYA4,361,S,21,S-21,Phospho (ST),EYA4_HUMAN
P23497|157|S|21,P23497,SP100,157,S,21,S-21,Phospho (ST),SP100_HUMAN
O95544|64|S|21,O95544,NADK,64,S,21,S-21,Phospho (ST),NADK_HUMAN
Q9UBF8|511|S|21,Q9UBF8,PI4KB,511,S,21,S-21,Phospho (ST),PI4KB_HUMAN
P41252|1047|S|21,P41252,IARS1,1047,S,21,S-21,Phospho (ST),SYIC_HUMAN
P41227|209|S|21,P41227,NAA10,209,S,21,S-21,Phospho (ST),NAA10_HUMAN
P41236|121|S|21,P41236,PPP1R2,121,S,21,S-21,Phospho (ST),IPP2_HUMAN
Q6P2E9|879|S|21,Q6P2E9,EDC4,879,S,21,S-21,Phospho (ST),EDC4_HUMAN
P41229|1359|S|21,P41229,KDM5C,1359,S,21,S-21,Phospho (ST),KDM5C_HUMAN
Q13428|914|T|21,Q13428,TCOF1,914,T,21,T-21,Phospho (ST),TCOF_HUMAN
Q99460|273|T|21,Q99460,PSMD1,273,T,21,T-21,Phospho (ST),PSMD1_HUMAN
P42356|259|S|21,P42356,PI4KA,259,S,21,S-21,Phospho (ST),PI4KA_HUMAN
P42356|260|S|21,P42356,PI4KA,260,S,21,S-21,Phospho (ST),PI4KA_HUMAN
P42566|108|S|21,P42566,EPS15,108,S,21,S-21,Phospho (ST),EPS15_HUMAN
Q9Y6I3|454|S|21,Q9Y6I3,EPN1,454,S,21,S-21,Phospho (ST),EPN1_HUMAN
P42345|2478|S|21,P42345,MTOR,2478,S,21,S-21,Phospho (ST),MTOR_HUMAN
P42345|2481|S|21,P42345,MTOR,2481,S,21,S-21,Phospho (ST),MTOR_HUMAN
P42345|2450|S|21,P42345,MTOR,2450,S,21,S-21,Phospho (ST),MTOR_HUMAN
P40123|309|S|21,P40123,CAP2,309,S,21,S-21,Phospho (ST),CAP2_HUMAN
Q92504|275|S|21,Q92504,SLC39A7,275,S,21,S-21,Phospho (ST),S39A7_HUMAN
Q92504|276|S|21,Q92504,SLC39A7,276,S,21,S-21,Phospho (ST),S39A7_HUMAN
P40123|312|S|21,P40123,CAP2,312,S,21,S-21,Phospho (ST),CAP2_HUMAN
P40123|301|S|21,P40123,CAP2,301,S,21,S-21,Phospho (ST),CAP2_HUMAN
Q86VP1|3|S|21,Q86VP1,TAX1BP1,3,S,21,S-21,Phospho (ST),TAXB1_HUMAN
P49674|363|S|21,P49674,CSNK1E,363,S,21,S-21,Phospho (ST),KC1E_HUMAN
Q01518|34|S|21,Q01518,CAP1,34,S,21,S-21,Phospho (ST),CAP1_HUMAN
Q96EA4|555|S|21,Q96EA4,SPDL1,555,S,21,S-21,Phospho (ST),SPDLY_HUMAN
Q8WWY3|439|S|21,Q8WWY3,PRPF31,439,S,21,S-21,Phospho (ST),PRP31_HUMAN
Q9NRA8|353|S|21,Q9NRA8,EIF4ENIF1,353,S,21,S-21,Phospho (ST),4ET_HUMAN
P40855|147|S|21,P40855,PEX19,147,S,21,S-21,Phospho (ST),PEX19_HUMAN
Q99575|729|S|21,Q99575,POP1,729,S,21,S-21,Phospho (ST),POP1_HUMAN
P40818|719|S|21,P40818,USP8,719,S,21,S-21,Phospho (ST),UBP8_HUMAN
Q9HC35|144|S|21,Q9HC35,EML4,144,S,21,S-21,Phospho (ST),EMAL4_HUMAN
Q13263|757|S|21,Q13263,TRIM28,757,S,21,S-21,Phospho (ST),TIF1B_HUMAN
P40222|514|S|21,P40222,TXLNA,514,S,21,S-21,Phospho (ST),TXLNA_HUMAN
Q8IXJ6|364|S|21,Q8IXJ6,SIRT2,364,S,21,S-21,Phospho (ST),SIR2_HUMAN
P40222|515|S|21,P40222,TXLNA,515,S,21,S-21,Phospho (ST),TXLNA_HUMAN
P40818|718|S|21,P40818,USP8,718,S,21,S-21,Phospho (ST),UBP8_HUMAN
Q6PD62|925|T|21,Q6PD62,CTR9,925,T,21,T-21,Phospho (ST),CTR9_HUMAN
P40763|727|S|21,P40763,STAT3,727,S,21,S-21,Phospho (ST),STAT3_HUMAN
Q9BY77|126|S|21,Q9BY77,POLDIP3,126,S,21,S-21,Phospho (ST),PDIP3_HUMAN
P43243|604|S|21,P43243,MATR3,604,S,21,S-21,Phospho (ST),MATR3_HUMAN
P43243|598|S|21,P43243,MATR3,598,S,21,S-21,Phospho (ST),MATR3_HUMAN
Q8TAQ2|304|S|21,Q8TAQ2,SMARCC2,304,S,21,S-21,Phospho (ST),SMRC2_HUMAN
P43243|206|S|21,P43243,MATR3,206,S,21,S-21,Phospho (ST),MATR3_HUMAN
Q8N108|373|S|21,Q8N108,MIER1,373,S,21,S-21,Phospho (ST),MIER1_HUMAN
P43243|188|S|21,P43243,MATR3,188,S,21,S-21,Phospho (ST),MATR3_HUMAN
Q09666|5729|T|21,Q09666,AHNAK,5729,T,21,T-21,Phospho (ST),AHNK_HUMAN
P43243|195|S|21,P43243,MATR3,195,S,21,S-21,Phospho (ST),MATR3_HUMAN
Q9UQ35|2397|T|21,Q9UQ35,SRRM2,2397,T,21,T-21,Phospho (ST),SRRM2_HUMAN
P43243|4|S|21,P43243,MATR3,4,S,21,S-21,Phospho (ST),MATR3_HUMAN
P24941|15|Y|21,P24941,CDK2,15,Y,21,Y-21,Phospho (Y),CDK2_HUMAN
P43243|596|S|21,P43243,MATR3,596,S,21,S-21,Phospho (ST),MATR3_HUMAN
P43243|597|Y|21,P43243,MATR3,597,Y,21,Y-21,Phospho (Y),MATR3_HUMAN
Q99549|319|S|21,Q99549,MPHOSPH8,319,S,21,S-21,Phospho (ST),MPP8_HUMAN
Q96JS3|363|S|21,Q96JS3,PGBD1,363,S,21,S-21,Phospho (ST),PGBD1_HUMAN
Q96JS3|360|S|21,Q96JS3,PGBD1,360,S,21,S-21,Phospho (ST),PGBD1_HUMAN
P46013|2105|S|21,P46013,MKI67,2105,S,21,S-21,Phospho (ST),KI67_HUMAN
P46013|859|S|21,P46013,MKI67,859,S,21,S-21,Phospho (ST),KI67_HUMAN
P46013|1983|S|21,P46013,MKI67,1983,S,21,S-21,Phospho (ST),KI67_HUMAN
Q9H2H9|56|S|21,Q9H2H9,SLC38A1,56,S,21,S-21,Phospho (ST),S38A1_HUMAN
P46013|1861|S|21,P46013,MKI67,1861,S,21,S-21,Phospho (ST),KI67_HUMAN
Q9H0L4|563|S|21,Q9H0L4,CSTF2T,563,S,21,S-21,Phospho (ST),CSTFT_HUMAN
P46013|1864|S|21,P46013,MKI67,1864,S,21,S-21,Phospho (ST),KI67_HUMAN
P46013|1256|S|21,P46013,MKI67,1256,S,21,S-21,Phospho (ST),KI67_HUMAN
P46013|1253|S|21,P46013,MKI67,1253,S,21,S-21,Phospho (ST),KI67_HUMAN
P46013|1376|S|21,P46013,MKI67,1376,S,21,S-21,Phospho (ST),KI67_HUMAN
Q13428|1376|S|21,Q13428,TCOF1,1376,S,21,S-21,Phospho (ST),TCOF_HUMAN
P42684|783|S|21,P42684,ABL2,783,S,21,S-21,Phospho (ST),ABL2_HUMAN
Q96KQ7|114|K|37,Q96KQ7,EHMT2,114,K,37,K-37,Methylation (K),EHMT2_HUMAN
P42694|1614|S|21,P42694,HELZ,1614,S,21,S-21,Phospho (ST),HELZ_HUMAN
Q96CP6|12|T|21,Q96CP6,GRAMD1A,12,T,21,T-21,Phospho (ST),ASTRA_HUMAN
Q8WX93|766|S|21,Q8WX93,PALLD,766,S,21,S-21,Phospho (ST),PALLD_HUMAN
P42566|796|S|21,P42566,EPS15,796,S,21,S-21,Phospho (ST),EPS15_HUMAN
Q7Z2W4|378|S|21,Q7Z2W4,ZC3HAV1,378,S,21,S-21,Phospho (ST),ZCCHV_HUMAN
P42892|36|S|21,P42892,ECE1,36,S,21,S-21,Phospho (ST),ECE1_HUMAN
Q96RT1|1079|S|21,Q96RT1,ERBIN,1079,S,21,S-21,Phospho (ST),ERBIN_HUMAN
P42858|1870|S|21,P42858,HTT,1870,S,21,S-21,Phospho (ST),HD_HUMAN
Q9Y4F9|37|S|21,Q9Y4F9,RIPOR2,37,S,21,S-21,Phospho (ST),RIPR2_HUMAN
P35611|358|S|21,P35611,ADD1,358,S,21,S-21,Phospho (ST),ADDA_HUMAN
Q8N122|863|S|21,Q8N122,RPTOR,863,S,21,S-21,Phospho (ST),RPTOR_HUMAN
P35579|1308|S|21,P35579,MYH9,1308,S,21,S-21,Phospho (ST),MYH9_HUMAN
P35612|613|S|21,P35612,ADD2,613,S,21,S-21,Phospho (ST),ADDB_HUMAN
Q7Z4S6|1307|S|21,Q7Z4S6,KIF21A,1307,S,21,S-21,Phospho (ST),KI21A_HUMAN
P35613|362|S|21,P35613,BSG,362,S,21,S-21,Phospho (ST),BASI_HUMAN
P35612|697|S|21,P35612,ADD2,697,S,21,S-21,Phospho (ST),ADDB_HUMAN
P35612|701|S|21,P35612,ADD2,701,S,21,S-21,Phospho (ST),ADDB_HUMAN
P35611|464|S|21,P35611,ADD1,464,S,21,S-21,Phospho (ST),ADDA_HUMAN
P35611|431|S|21,P35611,ADD1,431,S,21,S-21,Phospho (ST),ADDA_HUMAN
P35611|465|S|21,P35611,ADD1,465,S,21,S-21,Phospho (ST),ADDA_HUMAN
Q9UKV3|216|S|21,Q9UKV3,ACIN1,216,S,21,S-21,Phospho (ST),ACINU_HUMAN
P35611|586|S|21,P35611,ADD1,586,S,21,S-21,Phospho (ST),ADDA_HUMAN
Q9P1Y6|1359|S|21,Q9P1Y6,PHRF1,1359,S,21,S-21,Phospho (ST),PHRF1_HUMAN
Q96QF0|288|S|21,Q96QF0,RAB3IP,288,S,21,S-21,Phospho (ST),RAB3I_HUMAN
P35251|108|S|21,P35251,RFC1,108,S,21,S-21,Phospho (ST),RFC1_HUMAN
Q6PJG2|704|T|21,Q6PJG2,MIDEAS,704,T,21,T-21,Phospho (ST),MDEAS_HUMAN
Q9HCN4|314|S|21,Q9HCN4,GPN1,314,S,21,S-21,Phospho (ST),GPN1_HUMAN
Q9ULJ3|348|S|21,Q9ULJ3,ZBTB21,348,S,21,S-21,Phospho (ST),ZBT21_HUMAN
Q8N3E9|496|S|21,Q8N3E9,PLCD3,496,S,21,S-21,Phospho (ST),PLCD3_HUMAN
Q6KC79|318|S|21,Q6KC79,NIPBL,318,S,21,S-21,Phospho (ST),NIPBL_HUMAN
P35251|156|S|21,P35251,RFC1,156,S,21,S-21,Phospho (ST),RFC1_HUMAN
P35251|69|S|21,P35251,RFC1,69,S,21,S-21,Phospho (ST),RFC1_HUMAN
Q8WX93|893|S|21,Q8WX93,PALLD,893,S,21,S-21,Phospho (ST),PALLD_HUMAN
Q8NI08|211|S|21,Q8NI08,NCOA7,211,S,21,S-21,Phospho (ST),NCOA7_HUMAN
P35251|71|S|21,P35251,RFC1,71,S,21,S-21,Phospho (ST),RFC1_HUMAN
P46821|1396|S|21,P46821,MAP1B,1396,S,21,S-21,Phospho (ST),MAP1B_HUMAN
P35222|552|S|21,P35222,CTNNB1,552,S,21,S-21,Phospho (ST),CTNB1_HUMAN
P35222|191|S|21,P35222,CTNNB1,191,S,21,S-21,Phospho (ST),CTNB1_HUMAN
Q6WCQ1|365|S|21,Q6WCQ1,MPRIP,365,S,21,S-21,Phospho (ST),MPRIP_HUMAN
P36871|117|S|21,P36871,PGM1,117,S,21,S-21,Phospho (ST),PGM1_HUMAN
P35226|255|S|21,P35226,BMI1,255,S,21,S-21,Phospho (ST),BMI1_HUMAN
Q96L73|483|S|21,Q96L73,NSD1,483,S,21,S-21,Phospho (ST),NSD1_HUMAN
Q6JBY9|219|S|21,Q6JBY9,RCSD1,219,S,21,S-21,Phospho (ST),CPZIP_HUMAN
P35226|253|S|21,P35226,BMI1,253,S,21,S-21,Phospho (ST),BMI1_HUMAN
P35568|348|S|21,P35568,IRS1,348,S,21,S-21,Phospho (ST),IRS1_HUMAN
P35269|385|S|21,P35269,GTF2F1,385,S,21,S-21,Phospho (ST),T2FA_HUMAN
P35269|389|T|21,P35269,GTF2F1,389,T,21,T-21,Phospho (ST),T2FA_HUMAN
Q9UDY2|1157|Y|21,Q9UDY2,TJP2,1157,Y,21,Y-21,Phospho (Y),ZO2_HUMAN
P35568|270|S|21,P35568,IRS1,270,S,21,S-21,Phospho (ST),IRS1_HUMAN
Q8TEW0|889|S|21,Q8TEW0,PARD3,889,S,21,S-21,Phospho (ST),PARD3_HUMAN
P37275|679|S|21,P37275,ZEB1,679,S,21,S-21,Phospho (ST),ZEB1_HUMAN
P37802|185|S|21,P37802,TAGLN2,185,S,21,S-21,Phospho (ST),TAGL2_HUMAN
Q9H063|68|S|21,Q9H063,MAF1,68,S,21,S-21,Phospho (ST),MAF1_HUMAN
Q5T6F0|15|S|21,Q5T6F0,DCAF12,15,S,21,S-21,Phospho (ST),DCA12_HUMAN
P36871|115|T|21,P36871,PGM1,115,T,21,T-21,Phospho (ST),PGM1_HUMAN
P37275|31|S|21,P37275,ZEB1,31,S,21,S-21,Phospho (ST),ZEB1_HUMAN
P37275|33|S|21,P37275,ZEB1,33,S,21,S-21,Phospho (ST),ZEB1_HUMAN
P48681|1286|S|21,P48681,NES,1286,S,21,S-21,Phospho (ST),NEST_HUMAN
P37231|112|S|21,P37231,PPARG,112,S,21,S-21,Phospho (ST),PPARG_HUMAN
Q86UU1|430|S|21,Q86UU1,PHLDB1,430,S,21,S-21,Phospho (ST),PHLB1_HUMAN
P38398|1336|S|21,P38398,BRCA1,1336,S,21,S-21,Phospho (ST),BRCA1_HUMAN
P38398|395|S|21,P38398,BRCA1,395,S,21,S-21,Phospho (ST),BRCA1_HUMAN
P38398|398|S|21,P38398,BRCA1,398,S,21,S-21,Phospho (ST),BRCA1_HUMAN
P38398|423|S|21,P38398,BRCA1,423,S,21,S-21,Phospho (ST),BRCA1_HUMAN
Q96QE3|1115|S|21,Q96QE3,ATAD5,1115,S,21,S-21,Phospho (ST),ATAD5_HUMAN
P38398|426|S|21,P38398,BRCA1,426,S,21,S-21,Phospho (ST),BRCA1_HUMAN
Q13309|64|S|21,Q13309,SKP2,64,S,21,S-21,Phospho (ST),SKP2_HUMAN
Q5JRA6|406|S|21,Q5JRA6,MIA3,406,S,21,S-21,Phospho (ST),TGO1_HUMAN
Q9Y2U8|259|S|21,Q9Y2U8,LEMD3,259,S,21,S-21,Phospho (ST),MAN1_HUMAN
P35658|678|S|21,P35658,NUP214,678,S,21,S-21,Phospho (ST),NU214_HUMAN
P53396|481|S|21,P53396,ACLY,481,S,21,S-21,Phospho (ST),ACLY_HUMAN
P35659|19|S|21,P35659,DEK,19,S,21,S-21,Phospho (ST),DEK_HUMAN
Q96JG6|561|S|21,Q96JG6,VPS50,561,S,21,S-21,Phospho (ST),VPS50_HUMAN
Q9BW71|291|S|21,Q9BW71,HIRIP3,291,S,21,S-21,Phospho (ST),HIRP3_HUMAN
P35658|989|S|21,P35658,NUP214,989,S,21,S-21,Phospho (ST),NU214_HUMAN
Q9Y6D9|428|S|21,Q9Y6D9,MAD1L1,428,S,21,S-21,Phospho (ST),MD1L1_HUMAN
P35658|1023|S|21,P35658,NUP214,1023,S,21,S-21,Phospho (ST),NU214_HUMAN
Q63HR2|120|S|21,Q63HR2,TNS2,120,S,21,S-21,Phospho (ST),TENS2_HUMAN
P35712|439|S|21,P35712,SOX6,439,S,21,S-21,Phospho (ST),SOX6_HUMAN
P02545|390|S|23,P02545,LMNA,390,S,23,S-23,Phospho (ST),LMNA_HUMAN
P62753|240|S|23,P62753,RPS6,240,S,23,S-23,Phospho (ST),RS6_HUMAN
P00338|118|K|1,P00338,LDHA,118,K,1,K-1,Acetylation (K),LDHA_HUMAN
P36404|45|S|21,P36404,ARL2,45,S,21,S-21,Phospho (ST),ARL2_HUMAN
Q7Z4S6|1225|S|21,Q7Z4S6,KIF21A,1225,S,21,S-21,Phospho (ST),KI21A_HUMAN
P35659|243|S|21,P35659,DEK,243,S,21,S-21,Phospho (ST),DEK_HUMAN
Q96K21|350|R|7,Q96K21,ZFYVE19,350,R,7,R-7,Citrulline,ANCHR_HUMAN
P35659|244|S|21,P35659,DEK,244,S,21,S-21,Phospho (ST),DEK_HUMAN
P35659|32|S|21,P35659,DEK,32,S,21,S-21,Phospho (ST),DEK_HUMAN
Q8NE71|228|S|21,Q8NE71,ABCF1,228,S,21,S-21,Phospho (ST),ABCF1_HUMAN
P48681|355|S|21,P48681,NES,355,S,21,S-21,Phospho (ST),NEST_HUMAN
Q9Y2H2|907|S|21,Q9Y2H2,INPP5F,907,S,21,S-21,Phospho (ST),SAC2_HUMAN
P48681|1498|S|21,P48681,NES,1498,S,21,S-21,Phospho (ST),NEST_HUMAN
Q9NU22|4754|S|21,Q9NU22,MDN1,4754,S,21,S-21,Phospho (ST),MDN1_HUMAN
P49023|303|S|21,P49023,PXN,303,S,21,S-21,Phospho (ST),PAXI_HUMAN
Q9BW71|223|S|21,Q9BW71,HIRIP3,223,S,21,S-21,Phospho (ST),HIRP3_HUMAN
P49023|84|S|21,P49023,PXN,84,S,21,S-21,Phospho (ST),PAXI_HUMAN
Q8IYB3|260|S|21,Q8IYB3,SRRM1,260,S,21,S-21,Phospho (ST),SRRM1_HUMAN
P49023|83|S|21,P49023,PXN,83,S,21,S-21,Phospho (ST),PAXI_HUMAN
Q15942|258|S|21,Q15942,ZYX,258,S,21,S-21,Phospho (ST),ZYX_HUMAN
P49023|106|S|21,P49023,PXN,106,S,21,S-21,Phospho (ST),PAXI_HUMAN
Q8N573|202|S|21,Q8N573,OXR1,202,S,21,S-21,Phospho (ST),OXR1_HUMAN
P46937|61|S|21,P46937,YAP1,61,S,21,S-21,Phospho (ST),YAP1_HUMAN
Q9UDY2|1067|S|21,Q9UDY2,TJP2,1067,S,21,S-21,Phospho (ST),ZO2_HUMAN
P49023|85|S|21,P49023,PXN,85,S,21,S-21,Phospho (ST),PAXI_HUMAN
P46937|289|S|21,P46937,YAP1,289,S,21,S-21,Phospho (ST),YAP1_HUMAN
P20848|94|T|21,P20848,SERPINA2,94,T,21,T-21,Phospho (ST),A1ATR_HUMAN
P46939|3182|S|21,P46939,UTRN,3182,S,21,S-21,Phospho (ST),UTRN_HUMAN
Q13123|460|S|21,Q13123,IK,460,S,21,S-21,Phospho (ST),RED_HUMAN
P46939|3171|S|21,P46939,UTRN,3171,S,21,S-21,Phospho (ST),UTRN_HUMAN
P48634|342|S|21,P48634,PRRC2A,342,S,21,S-21,Phospho (ST),PRC2A_HUMAN
P48634|350|S|21,P48634,PRRC2A,350,S,21,S-21,Phospho (ST),PRC2A_HUMAN
P48634|1106|S|21,P48634,PRRC2A,1106,S,21,S-21,Phospho (ST),PRC2A_HUMAN
Q96HJ3|52|S|21,Q96HJ3,CCDC34,52,S,21,S-21,Phospho (ST),CCD34_HUMAN
Q9UL46|10|S|21,Q9UL46,PSME2,10,S,21,S-21,Phospho (ST),PSME2_HUMAN
Q6UWZ7|406|S|21,Q6UWZ7,ABRAXAS1,406,S,21,S-21,Phospho (ST),ABRX1_HUMAN
P49590|67|S|21,P49590,HARS2,67,S,21,S-21,Phospho (ST),SYHM_HUMAN
Q9H6Z4|128|T|21,Q9H6Z4,RANBP3,128,T,21,T-21,Phospho (ST),RANB3_HUMAN
Q9H8Y8|415|T|21,Q9H8Y8,GORASP2,415,T,21,T-21,Phospho (ST),GORS2_HUMAN
P49736|139|S|21,P49736,MCM2,139,S,21,S-21,Phospho (ST),MCM2_HUMAN
P49585|329|S|21,P49585,PCYT1A,329,S,21,S-21,Phospho (ST),PCY1A_HUMAN
P49585|347|S|21,P49585,PCYT1A,347,S,21,S-21,Phospho (ST),PCY1A_HUMAN
P49585|342|T|21,P49585,PCYT1A,342,T,21,T-21,Phospho (ST),PCY1A_HUMAN
P49756|583|S|21,P49756,RBM25,583,S,21,S-21,Phospho (ST),RBM25_HUMAN
P49757|276|S|21,P49757,NUMB,276,S,21,S-21,Phospho (ST),NUMB_HUMAN
Q6PJG2|461|S|21,Q6PJG2,MIDEAS,461,S,21,S-21,Phospho (ST),MDEAS_HUMAN
Q63ZY3|375|S|21,Q63ZY3,KANK2,375,S,21,S-21,Phospho (ST),KANK2_HUMAN
P60981|3|S|21,P60981,DSTN,3,S,21,S-21,Phospho (ST),DEST_HUMAN
Q08499|375|S|21,Q08499,PDE4D,375,S,21,S-21,Phospho (ST),PDE4D_HUMAN
Q9P206|862|S|21,Q9P206,NHSL3,862,S,21,S-21,Phospho (ST),NHSL3_HUMAN
P49756|693|S|21,P49756,RBM25,693,S,21,S-21,Phospho (ST),RBM25_HUMAN
Q8N6S5|80|S|21,Q8N6S5,ARL6IP6,80,S,21,S-21,Phospho (ST),AR6P6_HUMAN
P49736|27|S|21,P49736,MCM2,27,S,21,S-21,Phospho (ST),MCM2_HUMAN
Q9HC35|146|S|21,Q9HC35,EML4,146,S,21,S-21,Phospho (ST),EMAL4_HUMAN
Q9UQ35|2409|T|21,Q9UQ35,SRRM2,2409,T,21,T-21,Phospho (ST),SRRM2_HUMAN
P49736|26|S|21,P49736,MCM2,26,S,21,S-21,Phospho (ST),MCM2_HUMAN
Q7Z417|212|S|21,Q7Z417,NUFIP2,212,S,21,S-21,Phospho (ST),NUFP2_HUMAN
P49321|756|S|21,P49321,NASP,756,S,21,S-21,Phospho (ST),NASP_HUMAN
P55884|248|K|34,P55884,EIF3B,248,K,34,K-34,Methylation (K),EIF3B_HUMAN
P49321|745|S|21,P49321,NASP,745,S,21,S-21,Phospho (ST),NASP_HUMAN
O60716|221|Y|21,O60716,CTNND1,221,Y,21,Y-21,Phospho (Y),CTND1_HUMAN
Q8IU81|457|S|21,Q8IU81,IRF2BP1,457,S,21,S-21,Phospho (ST),I2BP1_HUMAN
P49450|17|S|21,P49450,CENPA,17,S,21,S-21,Phospho (ST),CENPA_HUMAN
P49450|19|S|21,P49450,CENPA,19,S,21,S-21,Phospho (ST),CENPA_HUMAN
P49023|98|S|21,P49023,PXN,98,S,21,S-21,Phospho (ST),PAXI_HUMAN
Q7Z5L9|240|S|21,Q7Z5L9,IRF2BP2,240,S,21,S-21,Phospho (ST),I2BP2_HUMAN
Q29RF7|1305|S|21,Q29RF7,PDS5A,1305,S,21,S-21,Phospho (ST),PDS5A_HUMAN
P49321|503|S|21,P49321,NASP,503,S,21,S-21,Phospho (ST),NASP_HUMAN
P49815|1388|S|21,P49815,TSC2,1388,S,21,S-21,Phospho (ST),TSC2_HUMAN
P49454|1726|S|21,P49454,CENPF,1726,S,21,S-21,Phospho (ST),CENPF_HUMAN
Q8WYQ5|377|S|21,Q8WYQ5,DGCR8,377,S,21,S-21,Phospho (ST),DGCR8_HUMAN
P49454|1654|S|21,P49454,CENPF,1654,S,21,S-21,Phospho (ST),CENPF_HUMAN
P49454|1653|R|7,P49454,CENPF,1653,R,7,R-7,Citrulline,CENPF_HUMAN
P49454|276|S|21,P49454,CENPF,276,S,21,S-21,Phospho (ST),CENPF_HUMAN
Q96T23|1310|S|21,Q96T23,RSF1,1310,S,21,S-21,Phospho (ST),RSF1_HUMAN
P49454|1651|S|21,P49454,CENPF,1651,S,21,S-21,Phospho (ST),CENPF_HUMAN
P46100|25|S|21,P46100,ATRX,25,S,21,S-21,Phospho (ST),ATRX_HUMAN
P46100|1527|S|21,P46100,ATRX,1527,S,21,S-21,Phospho (ST),ATRX_HUMAN
Q8WXH0|4110|S|21,Q8WXH0,SYNE2,4110,S,21,S-21,Phospho (ST),SYNE2_HUMAN
P46100|850|S|21,P46100,ATRX,850,S,21,S-21,Phospho (ST),ATRX_HUMAN
Q5T200|1010|S|21,Q5T200,ZC3H13,1010,S,21,S-21,Phospho (ST),ZC3HD_HUMAN
P46100|784|S|21,P46100,ATRX,784,S,21,S-21,Phospho (ST),ATRX_HUMAN
P46100|819|S|21,P46100,ATRX,819,S,21,S-21,Phospho (ST),ATRX_HUMAN
Q9NS37|22|S|21,Q9NS37,CREBZF,22,S,21,S-21,Phospho (ST),ZHANG_HUMAN
P46100|849|S|21,P46100,ATRX,849,S,21,S-21,Phospho (ST),ATRX_HUMAN
P46100|815|S|21,P46100,ATRX,815,S,21,S-21,Phospho (ST),ATRX_HUMAN
P46013|2828|S|21,P46013,MKI67,2828,S,21,S-21,Phospho (ST),KI67_HUMAN
Q96GX9|87|S|21,Q96GX9,APIP,87,S,21,S-21,Phospho (ST),MTNB_HUMAN
P46013|2827|S|21,P46013,MKI67,2827,S,21,S-21,Phospho (ST),KI67_HUMAN
Q9H6F5|58|S|21,Q9H6F5,CCDC86,58,S,21,S-21,Phospho (ST),CCD86_HUMAN
Q5VUA4|1037|S|21,Q5VUA4,ZNF318,1037,S,21,S-21,Phospho (ST),ZN318_HUMAN
Q96AY4|2108|S|21,Q96AY4,TTC28,2108,S,21,S-21,Phospho (ST),TTC28_HUMAN
P46013|2223|S|21,P46013,MKI67,2223,S,21,S-21,Phospho (ST),KI67_HUMAN
Q9NPI6|525|S|21,Q9NPI6,DCP1A,525,S,21,S-21,Phospho (ST),DCP1A_HUMAN
Q9NX63|50|S|21,Q9NX63,CHCHD3,50,S,21,S-21,Phospho (ST),MIC19_HUMAN
P13639|435|T|21,P13639,EEF2,435,T,21,T-21,Phospho (ST),EF2_HUMAN
P46013|2344|S|21,P46013,MKI67,2344,S,21,S-21,Phospho (ST),KI67_HUMAN
P46087|732|S|21,P46087,NOP2,732,S,21,S-21,Phospho (ST),NOP2_HUMAN
P46100|1348|S|21,P46100,ATRX,1348,S,21,S-21,Phospho (ST),ATRX_HUMAN
P46100|1352|S|21,P46100,ATRX,1352,S,21,S-21,Phospho (ST),ATRX_HUMAN
P46100|1324|S|21,P46100,ATRX,1324,S,21,S-21,Phospho (ST),ATRX_HUMAN
Q8IYB1|439|S|21,Q8IYB1,MB21D2,439,S,21,S-21,Phospho (ST),M21D2_HUMAN
P46100|1011|S|21,P46100,ATRX,1011,S,21,S-21,Phospho (ST),ATRX_HUMAN
Q8TBN0|168|S|21,Q8TBN0,RAB3IL1,168,S,21,S-21,Phospho (ST),R3GEF_HUMAN
Q6P1X5|1184|S|21,Q6P1X5,TAF2,1184,S,21,S-21,Phospho (ST),TAF2_HUMAN
Q13207|342|S|21,Q13207,TBX2,342,S,21,S-21,Phospho (ST),TBX2_HUMAN
Q9UQ35|1621|S|21,Q9UQ35,SRRM2,1621,S,21,S-21,Phospho (ST),SRRM2_HUMAN
Q9UKD2|80|S|21,Q9UKD2,MRTO4,80,S,21,S-21,Phospho (ST),MRT4_HUMAN
P46821|1965|S|21,P46821,MAP1B,1965,S,21,S-21,Phospho (ST),MAP1B_HUMAN
P46821|1067|T|21,P46821,MAP1B,1067,T,21,T-21,Phospho (ST),MAP1B_HUMAN
P46821|1501|S|21,P46821,MAP1B,1501,S,21,S-21,Phospho (ST),MAP1B_HUMAN
P46821|1792|S|21,P46821,MAP1B,1792,S,21,S-21,Phospho (ST),MAP1B_HUMAN
P46821|1797|S|21,P46821,MAP1B,1797,S,21,S-21,Phospho (ST),MAP1B_HUMAN
P46821|937|S|21,P46821,MAP1B,937,S,21,S-21,Phospho (ST),MAP1B_HUMAN
Q96I25|222|S|21,Q96I25,RBM17,222,S,21,S-21,Phospho (ST),SPF45_HUMAN
P46821|831|S|21,P46821,MAP1B,831,S,21,S-21,Phospho (ST),MAP1B_HUMAN
P46821|832|S|21,P46821,MAP1B,832,S,21,S-21,Phospho (ST),MAP1B_HUMAN
P46937|164|S|21,P46937,YAP1,164,S,21,S-21,Phospho (ST),YAP1_HUMAN
P46821|25|S|21,P46821,MAP1B,25,S,21,S-21,Phospho (ST),MAP1B_HUMAN
Q9UMS6|906|S|21,Q9UMS6,SYNPO2,906,S,21,S-21,Phospho (ST),SYNP2_HUMAN
P12111|2052|K|34,P12111,COL6A3,2052,K,34,K-34,Methylation (K),CO6A3_HUMAN
P46821|541|S|21,P46821,MAP1B,541,S,21,S-21,Phospho (ST),MAP1B_HUMAN
P46821|1252|S|21,P46821,MAP1B,1252,S,21,S-21,Phospho (ST),MAP1B_HUMAN
P46821|1262|S|21,P46821,MAP1B,1262,S,21,S-21,Phospho (ST),MAP1B_HUMAN
P12111|573|K|34,P12111,COL6A3,573,K,34,K-34,Methylation (K),CO6A3_HUMAN
Q8TB36|11|S|21,Q8TB36,GDAP1,11,S,21,S-21,Phospho (ST),GDAP1_HUMAN
Q9Y4H2|1162|S|21,Q9Y4H2,IRS2,1162,S,21,S-21,Phospho (ST),IRS2_HUMAN
P46379|113|S|21,P46379,BAG6,113,S,21,S-21,Phospho (ST),BAG6_HUMAN
P46821|1016|S|21,P46821,MAP1B,1016,S,21,S-21,Phospho (ST),MAP1B_HUMAN
Q5H9L2|127|S|21,Q5H9L2,TCEAL5,127,S,21,S-21,Phospho (ST),TCAL5_HUMAN
Q96RK0|1373|S|21,Q96RK0,CIC,1373,S,21,S-21,Phospho (ST),CIC_HUMAN
P46821|1400|S|21,P46821,MAP1B,1400,S,21,S-21,Phospho (ST),MAP1B_HUMAN
P46821|1389|S|21,P46821,MAP1B,1389,S,21,S-21,Phospho (ST),MAP1B_HUMAN
Q69YQ0|832|S|21,Q69YQ0,SPECC1L,832,S,21,S-21,Phospho (ST),CYTSA_HUMAN
P46821|1819|S|21,P46821,MAP1B,1819,S,21,S-21,Phospho (ST),MAP1B_HUMAN
P46821|1276|S|21,P46821,MAP1B,1276,S,21,S-21,Phospho (ST),MAP1B_HUMAN
Q15652|376|S|21,Q15652,JMJD1C,376,S,21,S-21,Phospho (ST),JHD2C_HUMAN
P21291|192|S|21,P21291,CSRP1,192,S,21,S-21,Phospho (ST),CSRP1_HUMAN
Q8N7R7|344|S|21,Q8N7R7,CCNYL1,344,S,21,S-21,Phospho (ST),CCYL1_HUMAN
P21127|283|S|21,P21127,CDK11B,283,S,21,S-21,Phospho (ST),CD11B_HUMAN
Q9Y4W2|617|S|21,Q9Y4W2,LAS1L,617,S,21,S-21,Phospho (ST),LAS1L_HUMAN
P21127|589|S|21,P21127,CDK11B,589,S,21,S-21,Phospho (ST),CD11B_HUMAN
Q9NS91|99|S|21,Q9NS91,RAD18,99,S,21,S-21,Phospho (ST),RAD18_HUMAN
P21127|752|S|21,P21127,CDK11B,752,S,21,S-21,Phospho (ST),CD11B_HUMAN
P21359|864|S|21,P21359,NF1,864,S,21,S-21,Phospho (ST),NF1_HUMAN
P28066|16|S|21,P28066,PSMA5,16,S,21,S-21,Phospho (ST),PSA5_HUMAN
Q9C0C2|712|S|21,Q9C0C2,TNKS1BP1,712,S,21,S-21,Phospho (ST),TB182_HUMAN
P21796|101|S|21,P21796,VDAC1,101,S,21,S-21,Phospho (ST),VDAC1_HUMAN
P21333|2180|S|21,P21333,FLNA,2180,S,21,S-21,Phospho (ST),FLNA_HUMAN
Q9HCD5|9|S|21,Q9HCD5,NCOA5,9,S,21,S-21,Phospho (ST),NCOA5_HUMAN
P19634|796|S|21,P19634,SLC9A1,796,S,21,S-21,Phospho (ST),SL9A1_HUMAN
P20020|1178|S|21,P20020,ATP2B1,1178,S,21,S-21,Phospho (ST),AT2B1_HUMAN
P20020|1182|S|21,P20020,ATP2B1,1182,S,21,S-21,Phospho (ST),AT2B1_HUMAN
P20020|1140|S|21,P20020,ATP2B1,1140,S,21,S-21,Phospho (ST),AT2B1_HUMAN
Q9NRY4|773|S|21,Q9NRY4,ARHGAP35,773,S,21,S-21,Phospho (ST),RHG35_HUMAN
P19634|723|S|21,P19634,SLC9A1,723,S,21,S-21,Phospho (ST),SL9A1_HUMAN
Q5UIP0|1579|S|21,Q5UIP0,RIF1,1579,S,21,S-21,Phospho (ST),RIF1_HUMAN
P19484|455|S|21,P19484,TFEB,455,S,21,S-21,Phospho (ST),TFEB_HUMAN
P82970|31|T|21,P82970,HMGN5,31,T,21,T-21,Phospho (ST),HMGN5_HUMAN
Q96KB5|24|T|21,Q96KB5,PBK,24,T,21,T-21,Phospho (ST),TOPK_HUMAN
Q9Y4E6|935|S|21,Q9Y4E6,WDR7,935,S,21,S-21,Phospho (ST),WDR7_HUMAN
P19634|785|S|21,P19634,SLC9A1,785,S,21,S-21,Phospho (ST),SL9A1_HUMAN
P19634|783|S|21,P19634,SLC9A1,783,S,21,S-21,Phospho (ST),SL9A1_HUMAN
P78559|2022|S|21,P78559,MAP1A,2022,S,21,S-21,Phospho (ST),MAP1A_HUMAN
P20700|200|S|21,P20700,LMNB1,200,S,21,S-21,Phospho (ST),LMNB1_HUMAN
P20290|158|S|21,P20290,BTF3,158,S,21,S-21,Phospho (ST),BTF3_HUMAN
P20962|2|S|21,P20962,PTMS,2,S,21,S-21,Phospho (ST),PTMS_HUMAN
P20962|5|S|21,P20962,PTMS,5,S,21,S-21,Phospho (ST),PTMS_HUMAN
P20700|20|T|21,P20700,LMNB1,20,T,21,T-21,Phospho (ST),LMNB1_HUMAN
P20020|1219|S|21,P20020,ATP2B1,1219,S,21,S-21,Phospho (ST),AT2B1_HUMAN
Q8TBA6|116|S|21,Q8TBA6,GOLGA5,116,S,21,S-21,Phospho (ST),GOGA5_HUMAN
Q8N556|664|S|21,Q8N556,AFAP1,664,S,21,S-21,Phospho (ST),AFAP1_HUMAN
Q9Y485|574|S|21,Q9Y485,DMXL1,574,S,21,S-21,Phospho (ST),DMXL1_HUMAN
P23497|362|S|21,P23497,SP100,362,S,21,S-21,Phospho (ST),SP100_HUMAN
P23497|231|S|21,P23497,SP100,231,S,21,S-21,Phospho (ST),SP100_HUMAN
P85037|299|S|21,P85037,FOXK1,299,S,21,S-21,Phospho (ST),FOXK1_HUMAN
Q9UDY2|461|S|21,Q9UDY2,TJP2,461,S,21,S-21,Phospho (ST),ZO2_HUMAN
P23497|407|S|21,P23497,SP100,407,S,21,S-21,Phospho (ST),SP100_HUMAN
Q9Y6M1|164|S|21,Q9Y6M1,IGF2BP2,164,S,21,S-21,Phospho (ST),IF2B2_HUMAN
P23396|209|S|21,P23396,RPS3,209,S,21,S-21,Phospho (ST),RS3_HUMAN
Q96K49|534|S|21,Q96K49,TMEM87B,534,S,21,S-21,Phospho (ST),TM87B_HUMAN
Q8IUC4|654|S|21,Q8IUC4,RHPN2,654,S,21,S-21,Phospho (ST),RHPN2_HUMAN
Q9H3U1|15|T|21,Q9H3U1,UNC45A,15,T,21,T-21,Phospho (ST),UN45A_HUMAN
Q9BQG0|1308|S|21,Q9BQG0,MYBBP1A,1308,S,21,S-21,Phospho (ST),MBB1A_HUMAN
P23443|447|S|21,P23443,RPS6KB1,447,S,21,S-21,Phospho (ST),KS6B1_HUMAN
P23443|441|S|21,P23443,RPS6KB1,441,S,21,S-21,Phospho (ST),KS6B1_HUMAN
P23588|488|S|21,P23588,EIF4B,488,S,21,S-21,Phospho (ST),IF4B_HUMAN
Q96BD5|450|S|21,Q96BD5,PHF21A,450,S,21,S-21,Phospho (ST),PF21A_HUMAN
P23588|442|S|21,P23588,EIF4B,442,S,21,S-21,Phospho (ST),IF4B_HUMAN
P23588|444|K|53,P23588,EIF4B,444,K,53,K-53,HNE,IF4B_HUMAN
P23588|445|S|21,P23588,EIF4B,445,S,21,S-21,Phospho (ST),IF4B_HUMAN
Q9Y2W1|939|S|21,Q9Y2W1,THRAP3,939,S,21,S-21,Phospho (ST),TR150_HUMAN
P23588|497|S|21,P23588,EIF4B,497,S,21,S-21,Phospho (ST),IF4B_HUMAN
Q9NPR2|791|S|21,Q9NPR2,SEMA4B,791,S,21,S-21,Phospho (ST),SEM4B_HUMAN
Q9NV70|471|T|21,Q9NV70,EXOC1,471,T,21,T-21,Phospho (ST),EXOC1_HUMAN
Q05519|432|Y|21,Q05519,SRSF11,432,Y,21,Y-21,Phospho (Y),SRS11_HUMAN
P23588|406|S|21,P23588,EIF4B,406,S,21,S-21,Phospho (ST),IF4B_HUMAN
Q6UN15|496|S|21,Q6UN15,FIP1L1,496,S,21,S-21,Phospho (ST),FIP1_HUMAN
Q96I25|155|S|21,Q96I25,RBM17,155,S,21,S-21,Phospho (ST),SPF45_HUMAN
P23588|207|S|21,P23588,EIF4B,207,S,21,S-21,Phospho (ST),IF4B_HUMAN
Q86UV5|887|S|21,Q86UV5,USP48,887,S,21,S-21,Phospho (ST),UBP48_HUMAN
P22626|225|S|21,P22626,HNRNPA2B1,225,S,21,S-21,Phospho (ST),ROA2_HUMAN
Q05209|435|S|21,Q05209,PTPN12,435,S,21,S-21,Phospho (ST),PTN12_HUMAN
Q9Y385|266|S|21,Q9Y385,UBE2J1,266,S,21,S-21,Phospho (ST),UB2J1_HUMAN
O43290|454|K|53,O43290,SART1,454,K,53,K-53,HNE,SNUT1_HUMAN
P22681|668|S|21,P22681,CBL,668,S,21,S-21,Phospho (ST),CBL_HUMAN
P13639|57|T|21,P13639,EEF2,57,T,21,T-21,Phospho (ST),EF2_HUMAN
Q92609|43|S|21,Q92609,TBC1D5,43,S,21,S-21,Phospho (ST),TBCD5_HUMAN
P53396|446|S|21,P53396,ACLY,446,S,21,S-21,Phospho (ST),ACLY_HUMAN
P23193|97|S|21,P23193,TCEA1,97,S,21,S-21,Phospho (ST),TCEA1_HUMAN
P23193|100|S|21,P23193,TCEA1,100,S,21,S-21,Phospho (ST),TCEA1_HUMAN
Q8IYB3|450|S|21,Q8IYB3,SRRM1,450,S,21,S-21,Phospho (ST),SRRM1_HUMAN
P22626|344|S|21,P22626,HNRNPA2B1,344,S,21,S-21,Phospho (ST),ROA2_HUMAN
Q9H792|568|S|21,Q9H792,PEAK1,568,S,21,S-21,Phospho (ST),PEAK1_HUMAN
Q8NHV4|516|S|21,Q8NHV4,NEDD1,516,S,21,S-21,Phospho (ST),NEDD1_HUMAN
P22626|259|S|21,P22626,HNRNPA2B1,259,S,21,S-21,Phospho (ST),ROA2_HUMAN
P22626|341|S|21,P22626,HNRNPA2B1,341,S,21,S-21,Phospho (ST),ROA2_HUMAN
Q9BRD0|151|S|21,Q9BRD0,BUD13,151,S,21,S-21,Phospho (ST),BUD13_HUMAN
Q9NYV4|1083|S|21,Q9NYV4,CDK12,1083,S,21,S-21,Phospho (ST),CDK12_HUMAN
P22670|123|S|21,P22670,RFX1,123,S,21,S-21,Phospho (ST),RFX1_HUMAN
P22670|126|S|21,P22670,RFX1,126,S,21,S-21,Phospho (ST),RFX1_HUMAN
P17677|151|S|21,P17677,GAP43,151,S,21,S-21,Phospho (ST),NEUM_HUMAN
P17676|225|S|21,P17676,CEBPB,225,S,21,S-21,Phospho (ST),CEBPB_HUMAN
Q8NI27|1419|S|21,Q8NI27,THOC2,1419,S,21,S-21,Phospho (ST),THOC2_HUMAN
Q8N7R7|121|S|21,Q8N7R7,CCNYL1,121,S,21,S-21,Phospho (ST),CCYL1_HUMAN
Q5UIP0|1394|S|21,Q5UIP0,RIF1,1394,S,21,S-21,Phospho (ST),RIF1_HUMAN
P17612|339|S|21,P17612,PRKACA,339,S,21,S-21,Phospho (ST),KAPCA_HUMAN
Q9ULU4|444|S|21,Q9ULU4,ZMYND8,444,S,21,S-21,Phospho (ST),ZMYD8_HUMAN
P17980|9|S|21,P17980,PSMC3,9,S,21,S-21,Phospho (ST),PRS6A_HUMAN
Q86XL3|866|S|21,Q86XL3,ANKLE2,866,S,21,S-21,Phospho (ST),ANKL2_HUMAN
P17706|298|S|21,P17706,PTPN2,298,S,21,S-21,Phospho (ST),PTN2_HUMAN
P17600|438|S|21,P17600,SYN1,438,S,21,S-21,Phospho (ST),SYN1_HUMAN
Q96S90|5|S|21,Q96S90,LYSMD1,5,S,21,S-21,Phospho (ST),LYSM1_HUMAN
P17600|551|S|21,P17600,SYN1,551,S,21,S-21,Phospho (ST),SYN1_HUMAN
P17600|553|S|21,P17600,SYN1,553,S,21,S-21,Phospho (ST),SYN1_HUMAN
P17612|326|S|21,P17612,PRKACA,326,S,21,S-21,Phospho (ST),KAPCA_HUMAN
Q9BTA9|96|S|21,Q9BTA9,WAC,96,S,21,S-21,Phospho (ST),WAC_HUMAN
P18206|97|S|21,P18206,VCL,97,S,21,S-21,Phospho (ST),VINC_HUMAN
Q00839|192|S|21,Q00839,HNRNPU,192,S,21,S-21,Phospho (ST),HNRPU_HUMAN
P18887|210|S|21,P18887,XRCC1,210,S,21,S-21,Phospho (ST),XRCC1_HUMAN
P18583|152|S|21,P18583,SON,152,S,21,S-21,Phospho (ST),SON_HUMAN
Q9UKV3|895|S|21,Q9UKV3,ACIN1,895,S,21,S-21,Phospho (ST),ACINU_HUMAN
Q9Y6D5|279|S|21,Q9Y6D5,ARFGEF2,279,S,21,S-21,Phospho (ST),BIG2_HUMAN
P29401|275|Y|21,P29401,TKT,275,Y,21,Y-21,Phospho (Y),TKT_HUMAN
P17987|329|S|21,P17987,TCP1,329,S,21,S-21,Phospho (ST),TCPA_HUMAN
Q9BW04|532|S|21,Q9BW04,SARG,532,S,21,S-21,Phospho (ST),SARG_HUMAN
Q9BUL9|161|S|21,Q9BUL9,RPP25,161,S,21,S-21,Phospho (ST),RPP25_HUMAN
P18206|346|S|21,P18206,VCL,346,S,21,S-21,Phospho (ST),VINC_HUMAN
Q92614|2006|S|21,Q92614,MYO18A,2006,S,21,S-21,Phospho (ST),MY18A_HUMAN
P31321|77|S|21,P31321,PRKAR1B,77,S,21,S-21,Phospho (ST),KAP1_HUMAN
P16949|38|S|21,P16949,STMN1,38,S,21,S-21,Phospho (ST),STMN1_HUMAN
Q9NYF8|658|S|21,Q9NYF8,BCLAF1,658,S,21,S-21,Phospho (ST),BCLF1_HUMAN
Q8IXM2|96|S|21,Q8IXM2,BAP18,96,S,21,S-21,Phospho (ST),BAP18_HUMAN
P17029|13|S|21,P17029,ZKSCAN1,13,S,21,S-21,Phospho (ST),ZKSC1_HUMAN
Q92597|330|S|21,Q92597,NDRG1,330,S,21,S-21,Phospho (ST),NDRG1_HUMAN
P16615|663|S|21,P16615,ATP2A2,663,S,21,S-21,Phospho (ST),AT2A2_HUMAN
Q8NEY1|90|S|21,Q8NEY1,NAV1,90,S,21,S-21,Phospho (ST),NAV1_HUMAN
P16949|16|S|21,P16949,STMN1,16,S,21,S-21,Phospho (ST),STMN1_HUMAN
Q6P2E9|729|S|21,Q6P2E9,EDC4,729,S,21,S-21,Phospho (ST),EDC4_HUMAN
Q15121|116|S|21,Q15121,PEA15,116,S,21,S-21,Phospho (ST),PEA15_HUMAN
P49756|677|S|21,P49756,RBM25,677,S,21,S-21,Phospho (ST),RBM25_HUMAN
P29692|133|S|21,P29692,EEF1D,133,S,21,S-21,Phospho (ST),EF1D_HUMAN
P16455|199|S|21,P16455,MGMT,199,S,21,S-21,Phospho (ST),MGMT_HUMAN
Q9UI08|260|S|21,Q9UI08,EVL,260,S,21,S-21,Phospho (ST),EVL_HUMAN
P21333|2152|S|21,P21333,FLNA,2152,S,21,S-21,Phospho (ST),FLNA_HUMAN
P16949|25|S|21,P16949,STMN1,25,S,21,S-21,Phospho (ST),STMN1_HUMAN
Q9Y2W1|253|S|21,Q9Y2W1,THRAP3,253,S,21,S-21,Phospho (ST),TR150_HUMAN
Q9Y6G9|207|S|21,Q9Y6G9,DYNC1LI1,207,S,21,S-21,Phospho (ST),DC1L1_HUMAN
Q01433|168|S|21,Q01433,AMPD2,168,S,21,S-21,Phospho (ST),AMPD2_HUMAN
Q15365|173|S|21,Q15365,PCBP1,173,S,21,S-21,Phospho (ST),PCBP1_HUMAN
P17535|251|S|21,P17535,JUND,251,S,21,S-21,Phospho (ST),JUND_HUMAN
P17535|255|S|21,P17535,JUND,255,S,21,S-21,Phospho (ST),JUND_HUMAN
P17480|484|S|21,P17480,UBTF,484,S,21,S-21,Phospho (ST),UBF1_HUMAN
Q9Y3X0|385|T|21,Q9Y3X0,CCDC9,385,T,21,T-21,Phospho (ST),CCDC9_HUMAN
P17542|122|S|21,P17542,TAL1,122,S,21,S-21,Phospho (ST),TAL1_HUMAN
Q15398|661|T|21,Q15398,DLGAP5,661,T,21,T-21,Phospho (ST),DLGP5_HUMAN
Q9Y4W2|612|S|21,Q9Y4W2,LAS1L,612,S,21,S-21,Phospho (ST),LAS1L_HUMAN
Q9H1A4|50|S|21,Q9H1A4,ANAPC1,50,S,21,S-21,Phospho (ST),APC1_HUMAN
P17096|9|S|21,P17096,HMGA1,9,S,21,S-21,Phospho (ST),HMGA1_HUMAN
P17252|10|S|21,P17252,PRKCA,10,S,21,S-21,Phospho (ST),KPCA_HUMAN
P17275|259|S|21,P17275,JUNB,259,S,21,S-21,Phospho (ST),JUNB_HUMAN
P17275|255|T|21,P17275,JUNB,255,T,21,T-21,Phospho (ST),JUNB_HUMAN
P18887|447|S|21,P18887,XRCC1,447,S,21,S-21,Phospho (ST),XRCC1_HUMAN
Q8IYB3|560|S|21,Q8IYB3,SRRM1,560,S,21,S-21,Phospho (ST),SRRM1_HUMAN
Q8TAQ2|300|K|53,Q8TAQ2,SMARCC2,300,K,53,K-53,HNE,SMRC2_HUMAN
Q9UQ35|297|S|21,Q9UQ35,SRRM2,297,S,21,S-21,Phospho (ST),SRRM2_HUMAN
P18858|66|S|21,P18858,LIG1,66,S,21,S-21,Phospho (ST),DNLI1_HUMAN
Q96D46|468|S|21,Q96D46,NMD3,468,S,21,S-21,Phospho (ST),NMD3_HUMAN
P18858|76|S|21,P18858,LIG1,76,S,21,S-21,Phospho (ST),DNLI1_HUMAN
P60228|399|S|21,P60228,EIF3E,399,S,21,S-21,Phospho (ST),EIF3E_HUMAN
P18887|226|S|21,P18887,XRCC1,226,S,21,S-21,Phospho (ST),XRCC1_HUMAN
Q96ST2|440|S|21,Q96ST2,IWS1,440,S,21,S-21,Phospho (ST),IWS1_HUMAN
P18858|911|S|21,P18858,LIG1,911,S,21,S-21,Phospho (ST),DNLI1_HUMAN
P18858|913|S|21,P18858,LIG1,913,S,21,S-21,Phospho (ST),DNLI1_HUMAN
P19338|67|S|21,P19338,NCL,67,S,21,S-21,Phospho (ST),NUCL_HUMAN
P19484|334|S|21,P19484,TFEB,334,S,21,S-21,Phospho (ST),TFEB_HUMAN
P17931|188|S|23,P17931,LGALS3,188,S,23,S-23,Phospho (ST),LEG3_HUMAN
P18583|281|S|21,P18583,SON,281,S,21,S-21,Phospho (ST),SON_HUMAN
O94804|952|T|21,O94804,STK10,952,T,21,T-21,Phospho (ST),STK10_HUMAN
P18583|282|T|21,P18583,SON,282,T,21,T-21,Phospho (ST),SON_HUMAN
P18583|1697|S|21,P18583,SON,1697,S,21,S-21,Phospho (ST),SON_HUMAN
P18583|1782|S|21,P18583,SON,1782,S,21,S-21,Phospho (ST),SON_HUMAN
P18583|1783|S|21,P18583,SON,1783,S,21,S-21,Phospho (ST),SON_HUMAN
P18583|278|S|21,P18583,SON,278,S,21,S-21,Phospho (ST),SON_HUMAN
P18583|283|S|21,P18583,SON,283,S,21,S-21,Phospho (ST),SON_HUMAN
P18858|199|S|21,P18858,LIG1,199,S,21,S-21,Phospho (ST),DNLI1_HUMAN
Q96RS0|154|S|21,Q96RS0,TGS1,154,S,21,S-21,Phospho (ST),TGS1_HUMAN
P18858|47|S|21,P18858,LIG1,47,S,21,S-21,Phospho (ST),DNLI1_HUMAN
P18858|201|S|21,P18858,LIG1,201,S,21,S-21,Phospho (ST),DNLI1_HUMAN
Q14160|1437|S|21,Q14160,SCRIB,1437,S,21,S-21,Phospho (ST),SCRIB_HUMAN
P52799|260|S|21,P52799,EFNB2,260,S,21,S-21,Phospho (ST),EFNB2_HUMAN
Q92766|1320|S|21,Q92766,RREB1,1320,S,21,S-21,Phospho (ST),RREB1_HUMAN
Q92900|1107|S|21,Q92900,UPF1,1107,S,21,S-21,Phospho (ST),RENT1_HUMAN
P18615|51|S|21,P18615,NELFE,51,S,21,S-21,Phospho (ST),NELFE_HUMAN
Q9H6H4|152|S|21,Q9H6H4,REEP4,152,S,21,S-21,Phospho (ST),REEP4_HUMAN
P18669|23|S|21,P18669,PGAM1,23,S,21,S-21,Phospho (ST),PGAM1_HUMAN
P29966|118|S|21,P29966,MARCKS,118,S,21,S-21,Phospho (ST),MARCS_HUMAN
P29966|120|T|21,P29966,MARCKS,120,T,21,T-21,Phospho (ST),MARCS_HUMAN
P29692|118|S|21,P29692,EEF1D,118,S,21,S-21,Phospho (ST),EF1D_HUMAN
P78310|334|T|21,P78310,CXADR,334,T,21,T-21,Phospho (ST),CXAR_HUMAN
P29966|101|S|21,P29966,MARCKS,101,S,21,S-21,Phospho (ST),MARCS_HUMAN
Q6PKG0|774|S|21,Q6PKG0,LARP1,774,S,21,S-21,Phospho (ST),LARP1_HUMAN
P31943|104|S|21,P31943,HNRNPH1,104,S,21,S-21,Phospho (ST),HNRH1_HUMAN
P30086|54|S|21,P30086,PEBP1,54,S,21,S-21,Phospho (ST),PEBP1_HUMAN
Q96PK6|225|S|21,Q96PK6,RBM14,225,S,21,S-21,Phospho (ST),RBM14_HUMAN
P30305|323|S|21,P30305,CDC25B,323,S,21,S-21,Phospho (ST),MPIP2_HUMAN
Q96E09|76|S|21,Q96E09,PABIR1,76,S,21,S-21,Phospho (ST),PBIR1_HUMAN
P30291|165|S|21,P30291,WEE1,165,S,21,S-21,Phospho (ST),WEE1_HUMAN
Q9H1E5|251|S|21,Q9H1E5,TMX4,251,S,21,S-21,Phospho (ST),TMX4_HUMAN
Q9H1E5|259|S|21,Q9H1E5,TMX4,259,S,21,S-21,Phospho (ST),TMX4_HUMAN
P30291|173|T|21,P30291,WEE1,173,T,21,T-21,Phospho (ST),WEE1_HUMAN
Q96GP6|653|S|21,Q96GP6,SCARF2,653,S,21,S-21,Phospho (ST),SREC2_HUMAN
P29966|170|S|21,P29966,MARCKS,170,S,21,S-21,Phospho (ST),MARCS_HUMAN
P29966|27|S|21,P29966,MARCKS,27,S,21,S-21,Phospho (ST),MARCS_HUMAN
P29966|46|S|21,P29966,MARCKS,46,S,21,S-21,Phospho (ST),MARCS_HUMAN
Q9Y2H5|777|S|21,Q9Y2H5,PLEKHA6,777,S,21,S-21,Phospho (ST),PKHA6_HUMAN
Q9H307|347|S|21,Q9H307,PNN,347,S,21,S-21,Phospho (ST),PININ_HUMAN
P29375|1365|S|21,P29375,KDM5A,1365,S,21,S-21,Phospho (ST),KDM5A_HUMAN
P29375|1366|S|21,P29375,KDM5A,1366,S,21,S-21,Phospho (ST),KDM5A_HUMAN
P29375|1368|S|21,P29375,KDM5A,1368,S,21,S-21,Phospho (ST),KDM5A_HUMAN
P29374|160|S|21,P29374,ARID4A,160,S,21,S-21,Phospho (ST),ARI4A_HUMAN
Q5T200|853|S|21,Q5T200,ZC3H13,853,S,21,S-21,Phospho (ST),ZC3HD_HUMAN
P29374|159|S|21,P29374,ARID4A,159,S,21,S-21,Phospho (ST),ARI4A_HUMAN
Q9UK61|1107|S|21,Q9UK61,TASOR,1107,S,21,S-21,Phospho (ST),TASOR_HUMAN
P28749|640|S|21,P28749,RBL1,640,S,21,S-21,Phospho (ST),RBL1_HUMAN
Q9BW71|125|S|21,Q9BW71,HIRIP3,125,S,21,S-21,Phospho (ST),HIRP3_HUMAN
P46379|1080|T|21,P46379,BAG6,1080,T,21,T-21,Phospho (ST),BAG6_HUMAN
P28749|1041|S|21,P28749,RBL1,1041,S,21,S-21,Phospho (ST),RBL1_HUMAN
Q9Y3R5|556|S|21,Q9Y3R5,DOP1B,556,S,21,S-21,Phospho (ST),DOP2_HUMAN
P29590|40|S|21,P29590,PML,40,S,21,S-21,Phospho (ST),PML_HUMAN
Q9BRZ2|475|S|21,Q9BRZ2,TRIM56,475,S,21,S-21,Phospho (ST),TRI56_HUMAN
P29590|527|S|21,P29590,PML,527,S,21,S-21,Phospho (ST),PML_HUMAN
Q96JY6|129|S|21,Q96JY6,PDLIM2,129,S,21,S-21,Phospho (ST),PDLI2_HUMAN
P29590|530|S|21,P29590,PML,530,S,21,S-21,Phospho (ST),PML_HUMAN
P29590|38|S|21,P29590,PML,38,S,21,S-21,Phospho (ST),PML_HUMAN
P29590|403|S|21,P29590,PML,403,S,21,S-21,Phospho (ST),PML_HUMAN
P29590|408|S|21,P29590,PML,408,S,21,S-21,Phospho (ST),PML_HUMAN
P29590|36|S|21,P29590,PML,36,S,21,S-21,Phospho (ST),PML_HUMAN
Q92945|100|T|21,Q92945,KHSRP,100,T,21,T-21,Phospho (ST),FUBP2_HUMAN
P33241|252|S|21,P33241,LSP1,252,S,21,S-21,Phospho (ST),LSP1_HUMAN
Q8NE71|105|S|21,Q8NE71,ABCF1,105,S,21,S-21,Phospho (ST),ABCF1_HUMAN
Q96D71|273|S|21,Q96D71,REPS1,273,S,21,S-21,Phospho (ST),REPS1_HUMAN
P33176|933|S|21,P33176,KIF5B,933,S,21,S-21,Phospho (ST),KINH_HUMAN
Q9UQ35|848|T|21,Q9UQ35,SRRM2,848,T,21,T-21,Phospho (ST),SRRM2_HUMAN
P33527|930|S|21,P33527,ABCC1,930,S,21,S-21,Phospho (ST),MRP1_HUMAN
P33527|931|T|21,P33527,ABCC1,931,T,21,T-21,Phospho (ST),MRP1_HUMAN
Q9UQ35|996|Y|21,Q9UQ35,SRRM2,996,Y,21,Y-21,Phospho (Y),SRRM2_HUMAN
P33981|436|S|21,P33981,TTK,436,S,21,S-21,Phospho (ST),TTK_HUMAN
P33527|915|S|21,P33527,ABCC1,915,S,21,S-21,Phospho (ST),MRP1_HUMAN
Q8TEK3|900|T|21,Q8TEK3,DOT1L,900,T,21,T-21,Phospho (ST),DOT1L_HUMAN
P32519|167|S|21,P32519,ELF1,167,S,21,S-21,Phospho (ST),ELF1_HUMAN
P32519|163|S|21,P32519,ELF1,163,S,21,S-21,Phospho (ST),ELF1_HUMAN
P35221|655|S|21,P35221,CTNNA1,655,S,21,S-21,Phospho (ST),CTNA1_HUMAN
P35221|652|S|21,P35221,CTNNA1,652,S,21,S-21,Phospho (ST),CTNA1_HUMAN
P33991|31|S|21,P33991,MCM4,31,S,21,S-21,Phospho (ST),MCM4_HUMAN
P33991|32|S|21,P33991,MCM4,32,S,21,S-21,Phospho (ST),MCM4_HUMAN
P33991|77|S|21,P33991,MCM4,77,S,21,S-21,Phospho (ST),MCM4_HUMAN
P33991|78|S|21,P33991,MCM4,78,S,21,S-21,Phospho (ST),MCM4_HUMAN
P33991|131|S|21,P33991,MCM4,131,S,21,S-21,Phospho (ST),MCM4_HUMAN
Q7Z2W4|390|S|21,Q7Z2W4,ZC3HAV1,390,S,21,S-21,Phospho (ST),ZCCHV_HUMAN
Q96E09|47|T|21,Q96E09,PABIR1,47,T,21,T-21,Phospho (ST),PBIR1_HUMAN
Q9H7D0|1785|S|21,Q9H7D0,DOCK5,1785,S,21,S-21,Phospho (ST),DOCK5_HUMAN
P33991|87|S|21,P33991,MCM4,87,S,21,S-21,Phospho (ST),MCM4_HUMAN
Q7Z434|139|S|21,Q7Z434,MAVS,139,S,21,S-21,Phospho (ST),MAVS_HUMAN
P30989|403|S|21,P30989,NTSR1,403,S,21,S-21,Phospho (ST),NTR1_HUMAN
Q9BW04|133|S|21,Q9BW04,SARG,133,S,21,S-21,Phospho (ST),SARG_HUMAN
Q13409|101|S|21,Q13409,DYNC1I2,101,S,21,S-21,Phospho (ST),DC1I2_HUMAN
P31323|114|S|21,P31323,PRKAR2B,114,S,21,S-21,Phospho (ST),KAP3_HUMAN
Q99719|225|S|21,Q99719,SEPTIN5,225,S,21,S-21,Phospho (ST),SEPT5_HUMAN
O43242|16|K|1,O43242,PSMD3,16,K,1,K-1,Acetylation (K),PSMD3_HUMAN
P30622|147|S|21,P30622,CLIP1,147,S,21,S-21,Phospho (ST),CLIP1_HUMAN
Q01484|904|S|21,Q01484,ANK2,904,S,21,S-21,Phospho (ST),ANK2_HUMAN
Q6IBW4|284|S|21,Q6IBW4,NCAPH2,284,S,21,S-21,Phospho (ST),CNDH2_HUMAN
P30622|197|S|21,P30622,CLIP1,197,S,21,S-21,Phospho (ST),CLIP1_HUMAN
Q96JB2|533|S|21,Q96JB2,COG3,533,S,21,S-21,Phospho (ST),COG3_HUMAN
P31943|21|S|21,P31943,HNRNPH1,21,S,21,S-21,Phospho (ST),HNRH1_HUMAN
Q9UI08|369|S|21,Q9UI08,EVL,369,S,21,S-21,Phospho (ST),EVL_HUMAN
P08708|120|T|21,P08708,RPS17,120,T,21,T-21,Phospho (ST),RS17_HUMAN
Q9H4A3|185|S|21,Q9H4A3,WNK1,185,S,21,S-21,Phospho (ST),WNK1_HUMAN
P32004|1178|S|21,P32004,L1CAM,1178,S,21,S-21,Phospho (ST),L1CAM_HUMAN
P31689|335|S|21,P31689,DNAJA1,335,S,21,S-21,Phospho (ST),DNJA1_HUMAN
Q8NFH5|259|S|21,Q8NFH5,NUP35,259,S,21,S-21,Phospho (ST),NUP35_HUMAN
P42566|814|S|21,P42566,EPS15,814,S,21,S-21,Phospho (ST),EPS15_HUMAN
Q9BXP5|544|T|21,Q9BXP5,SRRT,544,T,21,T-21,Phospho (ST),SRRT_HUMAN
P25440|633|S|21,P25440,BRD2,633,S,21,S-21,Phospho (ST),BRD2_HUMAN
P25490|247|S|21,P25490,YY1,247,S,21,S-21,Phospho (ST),TYY1_HUMAN
P26045|359|S|21,P26045,PTPN3,359,S,21,S-21,Phospho (ST),PTN3_HUMAN
P26045|357|S|21,P26045,PTPN3,357,S,21,S-21,Phospho (ST),PTN3_HUMAN
Q9BYW2|1844|S|21,Q9BYW2,SETD2,1844,S,21,S-21,Phospho (ST),SETD2_HUMAN
Q9Y5T5|415|S|21,Q9Y5T5,USP16,415,S,21,S-21,Phospho (ST),UBP16_HUMAN
P25205|681|S|21,P25205,MCM3,681,S,21,S-21,Phospho (ST),MCM3_HUMAN
P25205|672|S|21,P25205,MCM3,672,S,21,S-21,Phospho (ST),MCM3_HUMAN
Q9H1E3|223|S|21,Q9H1E3,NUCKS1,223,S,21,S-21,Phospho (ST),NUCKS_HUMAN
P25440|298|S|21,P25440,BRD2,298,S,21,S-21,Phospho (ST),BRD2_HUMAN
Q6Y7W6|30|S|21,Q6Y7W6,GIGYF2,30,S,21,S-21,Phospho (ST),GGYF2_HUMAN
P25440|301|S|21,P25440,BRD2,301,S,21,S-21,Phospho (ST),BRD2_HUMAN
P26373|106|S|21,P26373,RPL13,106,S,21,S-21,Phospho (ST),RL13_HUMAN
Q8NDX6|44|S|21,Q8NDX6,ZNF740,44,S,21,S-21,Phospho (ST),ZN740_HUMAN
P26373|140|S|21,P26373,RPL13,140,S,21,S-21,Phospho (ST),RL13_HUMAN
P26599|140|S|21,P26599,PTBP1,140,S,21,S-21,Phospho (ST),PTBP1_HUMAN
P26599|141|S|21,P26599,PTBP1,141,S,21,S-21,Phospho (ST),PTBP1_HUMAN
P26358|714|S|21,P26358,DNMT1,714,S,21,S-21,Phospho (ST),DNMT1_HUMAN
Q5VUA4|136|S|21,Q5VUA4,ZNF318,136,S,21,S-21,Phospho (ST),ZN318_HUMAN
P26358|394|S|21,P26358,DNMT1,394,S,21,S-21,Phospho (ST),DNMT1_HUMAN
P24928|1864|S|21,P24928,POLR2A,1864,S,21,S-21,Phospho (ST),RPB1_HUMAN
P24928|1868|S|21,P24928,POLR2A,1868,S,21,S-21,Phospho (ST),RPB1_HUMAN
P23769|192|S|21,P23769,GATA2,192,S,21,S-21,Phospho (ST),GATA2_HUMAN
Q9NYD6|210|S|21,Q9NYD6,HOXC10,210,S,21,S-21,Phospho (ST),HXC10_HUMAN
Q9BZ95|561|S|21,Q9BZ95,NSD3,561,S,21,S-21,Phospho (ST),NSD3_HUMAN
Q5VTL8|475|S|21,Q5VTL8,PRPF38B,475,S,21,S-21,Phospho (ST),PR38B_HUMAN
O95297|263|Y|21,O95297,MPZL1,263,Y,21,Y-21,Phospho (Y),MPZL1_HUMAN
P53801|174|Y|21,P53801,PTTG1IP,174,Y,21,Y-21,Phospho (Y),PTTG_HUMAN
P25054|780|S|21,P25054,APC,780,S,21,S-21,Phospho (ST),APC_HUMAN
P24928|1913|S|21,P24928,POLR2A,1913,S,21,S-21,Phospho (ST),RPB1_HUMAN
Q8N573|201|S|21,Q8N573,OXR1,201,S,21,S-21,Phospho (ST),OXR1_HUMAN
P24928|1920|S|21,P24928,POLR2A,1920,S,21,S-21,Phospho (ST),RPB1_HUMAN
Q13177|2|S|21,Q13177,PAK2,2,S,21,S-21,Phospho (ST),PAK2_HUMAN
Q92614|2002|S|21,Q92614,MYO18A,2002,S,21,S-21,Phospho (ST),MY18A_HUMAN
Q9BXP5|4|S|21,Q9BXP5,SRRT,4,S,21,S-21,Phospho (ST),SRRT_HUMAN
P28290|1174|S|21,P28290,ITPRID2,1174,S,21,S-21,Phospho (ST),ITPI2_HUMAN
Q9H7D0|1805|S|21,Q9H7D0,DOCK5,1805,S,21,S-21,Phospho (ST),DOCK5_HUMAN
Q5VV41|230|S|21,Q5VV41,ARHGEF16,230,S,21,S-21,Phospho (ST),ARHGG_HUMAN
P28715|563|S|21,P28715,ERCC5,563,S,21,S-21,Phospho (ST),ERCC5_HUMAN
P28715|526|S|21,P28715,ERCC5,526,S,21,S-21,Phospho (ST),ERCC5_HUMAN
Q8ND76|326|S|21,Q8ND76,CCNY,326,S,21,S-21,Phospho (ST),CCNY_HUMAN
Q9Y618|2054|S|21,Q9Y618,NCOR2,2054,S,21,S-21,Phospho (ST),NCOR2_HUMAN
Q8NE86|332|K|1,Q8NE86,MCU,332,K,1,K-1,Acetylation (K),MCU_HUMAN
P28347|11|S|21,P28347,TEAD1,11,S,21,S-21,Phospho (ST),TEAD1_HUMAN
P28347|7|S|21,P28347,TEAD1,7,S,21,S-21,Phospho (ST),TEAD1_HUMAN
P27816|280|S|21,P27816,MAP4,280,S,21,S-21,Phospho (ST),MAP4_HUMAN
Q8IYB3|874|S|21,Q8IYB3,SRRM1,874,S,21,S-21,Phospho (ST),SRRM1_HUMAN
P27816|358|S|21,P27816,MAP4,358,S,21,S-21,Phospho (ST),MAP4_HUMAN
P27816|580|S|21,P27816,MAP4,580,S,21,S-21,Phospho (ST),MAP4_HUMAN
P27816|507|S|21,P27816,MAP4,507,S,21,S-21,Phospho (ST),MAP4_HUMAN
Q9NWT1|320|S|21,Q9NWT1,PAK1IP1,320,S,21,S-21,Phospho (ST),PK1IP_HUMAN
P27448|469|S|21,P27448,MARK3,469,S,21,S-21,Phospho (ST),MARK3_HUMAN
Q8WWM7|409|S|21,Q8WWM7,ATXN2L,409,S,21,S-21,Phospho (ST),ATX2L_HUMAN
P27448|540|S|21,P27448,MARK3,540,S,21,S-21,Phospho (ST),MARK3_HUMAN
Q5T5U3|857|S|21,Q5T5U3,ARHGAP21,857,S,21,S-21,Phospho (ST),RHG21_HUMAN
P27816|825|S|21,P27816,MAP4,825,S,21,S-21,Phospho (ST),MAP4_HUMAN
Q9UBP0|268|S|21,Q9UBP0,SPAST,268,S,21,S-21,Phospho (ST),SPAST_HUMAN
P27824|583|S|21,P27824,CANX,583,S,21,S-21,Phospho (ST),CALX_HUMAN
P27816|99|S|21,P27816,MAP4,99,S,21,S-21,Phospho (ST),MAP4_HUMAN
P27824|554|S|21,P27824,CANX,554,S,21,S-21,Phospho (ST),CALX_HUMAN
P27816|624|S|21,P27816,MAP4,624,S,21,S-21,Phospho (ST),MAP4_HUMAN
P27816|636|S|21,P27816,MAP4,636,S,21,S-21,Phospho (ST),MAP4_HUMAN
Q12888|552|S|21,Q12888,TP53BP1,552,S,21,S-21,Phospho (ST),TP53B_HUMAN
Q9UKV3|1004|S|21,Q9UKV3,ACIN1,1004,S,21,S-21,Phospho (ST),ACINU_HUMAN
Q9UKV3|240|S|21,Q9UKV3,ACIN1,240,S,21,S-21,Phospho (ST),ACINU_HUMAN
Q9UKV3|243|S|21,Q9UKV3,ACIN1,243,S,21,S-21,Phospho (ST),ACINU_HUMAN
Q9UKI2|91|S|21,Q9UKI2,CDC42EP3,91,S,21,S-21,Phospho (ST),BORG2_HUMAN
Q96D71|275|Y|21,Q96D71,REPS1,275,Y,21,Y-21,Phospho (Y),REPS1_HUMAN
Q9UKN8|611|S|21,Q9UKN8,GTF3C4,611,S,21,S-21,Phospho (ST),TF3C4_HUMAN
Q9ULC8|675|S|21,Q9ULC8,ZDHHC8,675,S,21,S-21,Phospho (ST),ZDHC8_HUMAN
Q9Y6W5|296|S|21,Q9Y6W5,WASF2,296,S,21,S-21,Phospho (ST),WASF2_HUMAN
Q9ULH1|733|S|21,Q9ULH1,ASAP1,733,S,21,S-21,Phospho (ST),ASAP1_HUMAN
Q14676|337|R|7,Q14676,MDC1,337,R,7,R-7,Citrulline,MDC1_HUMAN
Q9UKV3|655|S|21,Q9UKV3,ACIN1,655,S,21,S-21,Phospho (ST),ACINU_HUMAN
Q9UKV3|657|S|21,Q9UKV3,ACIN1,657,S,21,S-21,Phospho (ST),ACINU_HUMAN
Q9UKV3|490|S|21,Q9UKV3,ACIN1,490,S,21,S-21,Phospho (ST),ACINU_HUMAN
Q9UMZ2|752|S|21,Q9UMZ2,SYNRG,752,S,21,S-21,Phospho (ST),SYNRG_HUMAN
Q9UKY1|47|S|21,Q9UKY1,ZHX1,47,S,21,S-21,Phospho (ST),ZHX1_HUMAN
Q9UKY1|48|S|21,Q9UKY1,ZHX1,48,S,21,S-21,Phospho (ST),ZHX1_HUMAN
Q9UJF2|946|S|21,Q9UJF2,RASAL2,946,S,21,S-21,Phospho (ST),NGAP_HUMAN
Q9UJV9|23|S|21,Q9UJV9,DDX41,23,S,21,S-21,Phospho (ST),DDX41_HUMAN
Q9UJX2|576|S|21,Q9UJX2,CDC23,576,S,21,S-21,Phospho (ST),CDC23_HUMAN
Q9UJX2|578|S|21,Q9UJX2,CDC23,578,S,21,S-21,Phospho (ST),CDC23_HUMAN
Q9ULD9|627|S|21,Q9ULD9,ZNF608,627,S,21,S-21,Phospho (ST),ZN608_HUMAN
Q9UIS9|295|S|21,Q9UIS9,MBD1,295,S,21,S-21,Phospho (ST),MBD1_HUMAN
Q9UIS9|297|S|21,Q9UIS9,MBD1,297,S,21,S-21,Phospho (ST),MBD1_HUMAN
Q9UKA4|1337|S|21,Q9UKA4,AKAP11,1337,S,21,S-21,Phospho (ST),AKA11_HUMAN
Q9UKA4|1340|S|21,Q9UKA4,AKAP11,1340,S,21,S-21,Phospho (ST),AKA11_HUMAN
Q9UK76|87|S|21,Q9UK76,JPT1,87,S,21,S-21,Phospho (ST),JUPI1_HUMAN
Q9UK76|88|S|21,Q9UK76,JPT1,88,S,21,S-21,Phospho (ST),JUPI1_HUMAN
Q9UKA4|422|S|21,Q9UKA4,AKAP11,422,S,21,S-21,Phospho (ST),AKA11_HUMAN
Q9UKA4|433|S|21,Q9UKA4,AKAP11,433,S,21,S-21,Phospho (ST),AKA11_HUMAN
Q9UK59|514|S|21,Q9UK59,DBR1,514,S,21,S-21,Phospho (ST),DBR1_HUMAN
Q9UPQ0|973|S|21,Q9UPQ0,LIMCH1,973,S,21,S-21,Phospho (ST),LIMC1_HUMAN
Q9UK58|335|S|21,Q9UK58,CCNL1,335,S,21,S-21,Phospho (ST),CCNL1_HUMAN
Q9UK58|342|S|21,Q9UK58,CCNL1,342,S,21,S-21,Phospho (ST),CCNL1_HUMAN
Q9UK61|971|S|21,Q9UK61,TASOR,971,S,21,S-21,Phospho (ST),TASOR_HUMAN
Q9UK61|972|S|21,Q9UK61,TASOR,972,S,21,S-21,Phospho (ST),TASOR_HUMAN
Q9UPN3|4521|S|21,Q9UPN3,MACF1,4521,S,21,S-21,Phospho (ST),MACF1_HUMAN
Q9UPN3|3929|S|21,Q9UPN3,MACF1,3929,S,21,S-21,Phospho (ST),MACF1_HUMAN
Q9NZQ3|181|T|21,Q9NZQ3,NCKIPSD,181,T,21,T-21,Phospho (ST),SPN90_HUMAN
P46821|1788|T|21,P46821,MAP1B,1788,T,21,T-21,Phospho (ST),MAP1B_HUMAN
Q9UN81|18|S|21,Q9UN81,L1RE1,18,S,21,S-21,Phospho (ST),LORF1_HUMAN
Q9UNS1|1173|S|21,Q9UNS1,TIMELESS,1173,S,21,S-21,Phospho (ST),TIM_HUMAN
Q9UNN5|289|S|21,Q9UNN5,FAF1,289,S,21,S-21,Phospho (ST),FAF1_HUMAN
Q9Y343|116|S|21,Q9Y343,SNX24,116,S,21,S-21,Phospho (ST),SNX24_HUMAN
Q9UNN5|320|S|21,Q9UNN5,FAF1,320,S,21,S-21,Phospho (ST),FAF1_HUMAN
Q9UPT8|1269|S|21,Q9UPT8,ZC3H4,1269,S,21,S-21,Phospho (ST),ZC3H4_HUMAN
Q9UPT8|1275|S|21,Q9UPT8,ZC3H4,1275,S,21,S-21,Phospho (ST),ZC3H4_HUMAN
Q9UPT8|1104|S|21,Q9UPT8,ZC3H4,1104,S,21,S-21,Phospho (ST),ZC3H4_HUMAN
Q9UPT8|1108|S|21,Q9UPT8,ZC3H4,1108,S,21,S-21,Phospho (ST),ZC3H4_HUMAN
Q9UPT8|1110|S|21,Q9UPT8,ZC3H4,1110,S,21,S-21,Phospho (ST),ZC3H4_HUMAN
P07737|105|K|34,P07737,PFN1,105,K,34,K-34,Methylation (K),PROF1_HUMAN
Q9UPN6|604|S|21,Q9UPN6,SCAF8,604,S,21,S-21,Phospho (ST),SCAF8_HUMAN
Q9UPN6|605|S|21,Q9UPN6,SCAF8,605,S,21,S-21,Phospho (ST),SCAF8_HUMAN
Q9UPQ0|680|S|21,Q9UPQ0,LIMCH1,680,S,21,S-21,Phospho (ST),LIMC1_HUMAN
Q9UPQ0|681|S|21,Q9UPQ0,LIMCH1,681,S,21,S-21,Phospho (ST),LIMC1_HUMAN
Q9UPQ0|670|S|21,Q9UPQ0,LIMCH1,670,S,21,S-21,Phospho (ST),LIMC1_HUMAN
Q9ULL5|915|S|21,Q9ULL5,PRR12,915,S,21,S-21,Phospho (ST),PRR12_HUMAN
Q9ULL5|917|S|21,Q9ULL5,PRR12,917,S,21,S-21,Phospho (ST),PRR12_HUMAN
Q9ULL5|1381|S|21,Q9ULL5,PRR12,1381,S,21,S-21,Phospho (ST),PRR12_HUMAN
Q9ULL5|1382|S|21,Q9ULL5,PRR12,1382,S,21,S-21,Phospho (ST),PRR12_HUMAN
Q9ULR3|211|S|21,Q9ULR3,PPM1H,211,S,21,S-21,Phospho (ST),PPM1H_HUMAN
P07237|386|K|34,P07237,P4HB,386,K,34,K-34,Methylation (K),PDIA1_HUMAN
P41229|1358|T|21,P41229,KDM5C,1358,T,21,T-21,Phospho (ST),KDM5C_HUMAN
Q9ULM3|536|S|21,Q9ULM3,YEATS2,536,S,21,S-21,Phospho (ST),YETS2_HUMAN
Q9UPN4|79|T|21,Q9UPN4,CEP131,79,T,21,T-21,Phospho (ST),CP131_HUMAN
Q9ULH7|211|S|21,Q9ULH7,MRTFB,211,S,21,S-21,Phospho (ST),MRTFB_HUMAN
Q9ULH7|225|S|21,Q9ULH7,MRTFB,225,S,21,S-21,Phospho (ST),MRTFB_HUMAN
Q9UMS6|611|S|21,Q9UMS6,SYNPO2,611,S,21,S-21,Phospho (ST),SYNP2_HUMAN
Q9UMS6|902|S|21,Q9UMS6,SYNPO2,902,S,21,S-21,Phospho (ST),SYNP2_HUMAN
Q9UMN6|1032|S|21,Q9UMN6,KMT2B,1032,S,21,S-21,Phospho (ST),KMT2B_HUMAN
Q9UMX0|7|S|21,Q9UMX0,UBQLN1,7,S,21,S-21,Phospho (ST),UBQL1_HUMAN
Q14498|139|R|7,Q14498,RBM39,139,R,7,R-7,Citrulline,RBM39_HUMAN
Q9UMZ2|473|S|21,Q9UMZ2,SYNRG,473,S,21,S-21,Phospho (ST),SYNRG_HUMAN
Q9UPT8|159|S|21,Q9UPT8,ZC3H4,159,S,21,S-21,Phospho (ST),ZC3H4_HUMAN
Q9ULU4|24|S|21,Q9ULU4,ZMYND8,24,S,21,S-21,Phospho (ST),ZMYD8_HUMAN
Q9ULU4|40|S|21,Q9ULU4,ZMYND8,40,S,21,S-21,Phospho (ST),ZMYD8_HUMAN
Q9ULU4|432|S|21,Q9ULU4,ZMYND8,432,S,21,S-21,Phospho (ST),ZMYD8_HUMAN
Q9H2Y7|640|T|21,Q9H2Y7,ZNF106,640,T,21,T-21,Phospho (ST),ZN106_HUMAN
Q9ULW0|738|S|21,Q9ULW0,TPX2,738,S,21,S-21,Phospho (ST),TPX2_HUMAN
Q9P2B4|557|S|21,Q9P2B4,CTTNBP2NL,557,S,21,S-21,Phospho (ST),CT2NL_HUMAN
Q9P2B4|563|S|21,Q9P2B4,CTTNBP2NL,563,S,21,S-21,Phospho (ST),CT2NL_HUMAN
Q9P2D1|2272|S|21,Q9P2D1,CHD7,2272,S,21,S-21,Phospho (ST),CHD7_HUMAN
Q9P206|858|S|21,Q9P206,NHSL3,858,S,21,S-21,Phospho (ST),NHSL3_HUMAN
Q9P206|673|S|21,Q9P206,NHSL3,673,S,21,S-21,Phospho (ST),NHSL3_HUMAN
Q9UBB9|98|S|21,Q9UBB9,TFIP11,98,S,21,S-21,Phospho (ST),TFP11_HUMAN
P25705|316|K|34,P25705,ATP5F1A,316,K,34,K-34,Methylation (K),ATPA_HUMAN
Q9UBC2|107|S|21,Q9UBC2,EPS15L1,107,S,21,S-21,Phospho (ST),EP15R_HUMAN
Q9UBC2|229|S|21,Q9UBC2,EPS15L1,229,S,21,S-21,Phospho (ST),EP15R_HUMAN
Q9UKV3|408|T|21,Q9UKV3,ACIN1,408,T,21,T-21,Phospho (ST),ACINU_HUMAN
Q8NAF0|482|T|21,Q8NAF0,ZNF579,482,T,21,T-21,Phospho (ST),ZN579_HUMAN
Q9P2R6|53|S|21,Q9P2R6,RERE,53,S,21,S-21,Phospho (ST),RERE_HUMAN
Q9P2R6|56|S|21,Q9P2R6,RERE,56,S,21,S-21,Phospho (ST),RERE_HUMAN
Q9P2R6|600|S|21,Q9P2R6,RERE,600,S,21,S-21,Phospho (ST),RERE_HUMAN
Q9UPN6|617|S|21,Q9UPN6,SCAF8,617,S,21,S-21,Phospho (ST),SCAF8_HUMAN
Q9P2M7|149|S|21,Q9P2M7,CGN,149,S,21,S-21,Phospho (ST),CING_HUMAN
Q9Y446|238|S|21,Q9Y446,PKP3,238,S,21,S-21,Phospho (ST),PKP3_HUMAN
Q9NZT2|579|S|21,Q9NZT2,OGFR,579,S,21,S-21,Phospho (ST),OGFR_HUMAN
Q9NZT2|585|S|21,Q9NZT2,OGFR,585,S,21,S-21,Phospho (ST),OGFR_HUMAN
P40227|465|K|34,P40227,CCT6A,465,K,34,K-34,Methylation (K),TCPZ_HUMAN
Q9NYZ3|461|S|21,Q9NYZ3,GTSE1,461,S,21,S-21,Phospho (ST),GTSE1_HUMAN
Q9NYZ3|465|S|21,Q9NYZ3,GTSE1,465,S,21,S-21,Phospho (ST),GTSE1_HUMAN
Q9NZ56|396|S|21,Q9NZ56,FMN2,396,S,21,S-21,Phospho (ST),FMN2_HUMAN
Q9NZ56|400|S|21,Q9NZ56,FMN2,400,S,21,S-21,Phospho (ST),FMN2_HUMAN
Q9NZL4|350|S|21,Q9NZL4,HSPBP1,350,S,21,S-21,Phospho (ST),HPBP1_HUMAN
Q9Y485|916|S|21,Q9Y485,DMXL1,916,S,21,S-21,Phospho (ST),DMXL1_HUMAN
P49792|779|T|21,P49792,RANBP2,779,T,21,T-21,Phospho (ST),RBP2_HUMAN
Q9P206|327|S|21,Q9P206,NHSL3,327,S,21,S-21,Phospho (ST),NHSL3_HUMAN
Q9P0K7|386|S|21,Q9P0K7,RAI14,386,S,21,S-21,Phospho (ST),RAI14_HUMAN
O14974|696|T|21,O14974,PPP1R12A,696,T,21,T-21,Phospho (ST),MYPT1_HUMAN
Q9P0K1|857|S|21,Q9P0K1,ADAM22,857,S,21,S-21,Phospho (ST),ADA22_HUMAN
Q92615|732|T|21,Q92615,LARP4B,732,T,21,T-21,Phospho (ST),LAR4B_HUMAN
Q9P107|437|S|21,Q9P107,GMIP,437,S,21,S-21,Phospho (ST),GMIP_HUMAN
Q9P107|441|S|21,Q9P107,GMIP,441,S,21,S-21,Phospho (ST),GMIP_HUMAN
Q9UHB7|694|S|21,Q9UHB7,AFF4,694,S,21,S-21,Phospho (ST),AFF4_HUMAN
Q86X29|435|T|21,Q86X29,LSR,435,T,21,T-21,Phospho (ST),LSR_HUMAN
Q9UHB7|487|S|21,Q9UHB7,AFF4,487,S,21,S-21,Phospho (ST),AFF4_HUMAN
Q9Y6M7|382|S|21,Q9Y6M7,SLC4A7,382,S,21,S-21,Phospho (ST),S4A7_HUMAN
Q9UHB7|706|S|21,Q9UHB7,AFF4,706,S,21,S-21,Phospho (ST),AFF4_HUMAN
P20700|145|K|34,P20700,LMNB1,145,K,34,K-34,Methylation (K),LMNB1_HUMAN
Q9UHB7|179|S|21,Q9UHB7,AFF4,179,S,21,S-21,Phospho (ST),AFF4_HUMAN
Q9UHB7|1055|S|21,Q9UHB7,AFF4,1055,S,21,S-21,Phospho (ST),AFF4_HUMAN
Q9UHB7|1058|S|21,Q9UHB7,AFF4,1058,S,21,S-21,Phospho (ST),AFF4_HUMAN
Q9UGU5|502|S|21,Q9UGU5,HMGXB4,502,S,21,S-21,Phospho (ST),HMGX4_HUMAN
Q9UGU5|512|S|21,Q9UGU5,HMGXB4,512,S,21,S-21,Phospho (ST),HMGX4_HUMAN
Q9UGU5|102|S|21,Q9UGU5,HMGXB4,102,S,21,S-21,Phospho (ST),HMGX4_HUMAN
Q9Y2U5|331|S|21,Q9Y2U5,MAP3K2,331,S,21,S-21,Phospho (ST),M3K2_HUMAN
Q9UHB6|132|S|21,Q9UHB6,LIMA1,132,S,21,S-21,Phospho (ST),LIMA1_HUMAN
Q8WW12|139|T|21,Q8WW12,PCNP,139,T,21,T-21,Phospho (ST),PCNP_HUMAN
Q9UHB6|225|S|21,Q9UHB6,LIMA1,225,S,21,S-21,Phospho (ST),LIMA1_HUMAN
Q9UHR4|414|S|21,Q9UHR4,BAIAP2L1,414,S,21,S-21,Phospho (ST),BI2L1_HUMAN
Q8TE68|553|T|21,Q8TE68,EPS8L1,553,T,21,T-21,Phospho (ST),ES8L1_HUMAN
Q9UI08|345|S|21,Q9UI08,EVL,345,S,21,S-21,Phospho (ST),EVL_HUMAN
Q9UI08|349|S|21,Q9UI08,EVL,349,S,21,S-21,Phospho (ST),EVL_HUMAN
Q9UHF7|1081|S|21,Q9UHF7,TRPS1,1081,S,21,S-21,Phospho (ST),TRPS1_HUMAN
Q9UHF7|1085|S|21,Q9UHF7,TRPS1,1085,S,21,S-21,Phospho (ST),TRPS1_HUMAN
Q9UHF7|178|S|21,Q9UHF7,TRPS1,178,S,21,S-21,Phospho (ST),TRPS1_HUMAN
Q9UBW7|838|S|21,Q9UBW7,ZMYM2,838,S,21,S-21,Phospho (ST),ZMYM2_HUMAN
Q9Y3Q8|62|S|21,Q9Y3Q8,TSC22D4,62,S,21,S-21,Phospho (ST),T22D4_HUMAN
Q9UDY2|430|S|21,Q9UDY2,TJP2,430,S,21,S-21,Phospho (ST),ZO2_HUMAN
Q9UDY2|966|S|21,Q9UDY2,TJP2,966,S,21,S-21,Phospho (ST),ZO2_HUMAN
Q9UBW5|440|S|21,Q9UBW5,BIN2,440,S,21,S-21,Phospho (ST),BIN2_HUMAN
P60033|127|Y|23,P60033,CD81,127,Y,23,Y-23,Phospho (Y),CD81_HUMAN
Q9UBS0|417|S|21,Q9UBS0,RPS6KB2,417,S,21,S-21,Phospho (ST),KS6B2_HUMAN
Q9UBS0|419|R|36,Q9UBS0,RPS6KB2,419,R,36,R-36,Methylation (R),KS6B2_HUMAN
Q9UBT2|592|S|21,Q9UBT2,UBA2,592,S,21,S-21,Phospho (ST),SAE2_HUMAN
Q9UGP4|323|S|21,Q9UGP4,LIMD1,323,S,21,S-21,Phospho (ST),LIMD1_HUMAN
Q9UGP4|327|S|21,Q9UGP4,LIMD1,327,S,21,S-21,Phospho (ST),LIMD1_HUMAN
Q9UGR2|223|S|21,Q9UGR2,ZC3H7B,223,S,21,S-21,Phospho (ST),Z3H7B_HUMAN
Q9UEY8|681|S|21,Q9UEY8,ADD3,681,S,21,S-21,Phospho (ST),ADDG_HUMAN
Q9UEY8|679|S|21,Q9UEY8,ADD3,679,S,21,S-21,Phospho (ST),ADDG_HUMAN
P53396|453|T|21,P53396,ACLY,453,T,21,T-21,Phospho (ST),ACLY_HUMAN
O43707|265|Y|21,O43707,ACTN4,265,Y,21,Y-21,Phospho (Y),ACTN4_HUMAN
Q96A49|248|T|21,Q96A49,SYAP1,248,T,21,T-21,Phospho (ST),SYAP1_HUMAN
Q9Y608|328|S|21,Q9Y608,LRRFIP2,328,S,21,S-21,Phospho (ST),LRRF2_HUMAN
Q92974|152|T|21,Q92974,ARHGEF2,152,T,21,T-21,Phospho (ST),ARHG2_HUMAN
Q9Y5W9|194|S|21,Q9Y5W9,SNX11,194,S,21,S-21,Phospho (ST),SNX11_HUMAN
Q9Y608|320|S|21,Q9Y608,LRRFIP2,320,S,21,S-21,Phospho (ST),LRRF2_HUMAN
O75781|145|T|21,O75781,PALM,145,T,21,T-21,Phospho (ST),PALM_HUMAN
Q9Y6X9|777|S|21,Q9Y6X9,MORC2,777,S,21,S-21,Phospho (ST),MORC2_HUMAN
Q9Y6X9|779|S|21,Q9Y6X9,MORC2,779,S,21,S-21,Phospho (ST),MORC2_HUMAN
Q9Y6W5|308|S|21,Q9Y6W5,WASF2,308,S,21,S-21,Phospho (ST),WASF2_HUMAN
Q9Y4H2|308|S|21,Q9Y4H2,IRS2,308,S,21,S-21,Phospho (ST),IRS2_HUMAN
P12277|366|R|7,P12277,CKB,366,R,7,R-7,Citrulline,KCRB_HUMAN
Q7Z4S6|1072|T|23,Q7Z4S6,KIF21A,1072,T,23,T-23,Phospho (ST),KI21A_HUMAN
Q9Y4H2|594|S|21,Q9Y4H2,IRS2,594,S,21,S-21,Phospho (ST),IRS2_HUMAN
Q5JTD0|422|T|21,Q5JTD0,TJAP1,422,T,21,T-21,Phospho (ST),TJAP1_HUMAN
Q9UJ41|131|T|21,Q9UJ41,RABGEF1,131,T,21,T-21,Phospho (ST),RABX5_HUMAN
Q9Y4H2|591|S|21,Q9Y4H2,IRS2,591,S,21,S-21,Phospho (ST),IRS2_HUMAN
Q9BYG3|223|T|21,Q9BYG3,NIFK,223,T,21,T-21,Phospho (ST),MK67I_HUMAN
Q9Y4C8|949|S|21,Q9Y4C8,RBM19,949,S,21,S-21,Phospho (ST),RBM19_HUMAN
Q9Y4C8|953|S|21,Q9Y4C8,RBM19,953,S,21,S-21,Phospho (ST),RBM19_HUMAN
Q9Y4B5|1421|S|21,Q9Y4B5,MTCL1,1421,S,21,S-21,Phospho (ST),MTCL1_HUMAN
Q9Y4B5|1417|T|21,Q9Y4B5,MTCL1,1417,T,21,T-21,Phospho (ST),MTCL1_HUMAN
Q9Y4E6|1153|S|21,Q9Y4E6,WDR7,1153,S,21,S-21,Phospho (ST),WDR7_HUMAN
Q8N573|203|T|21,Q8N573,OXR1,203,T,21,T-21,Phospho (ST),OXR1_HUMAN
P55011|217|T|21,P55011,SLC12A2,217,T,21,T-21,Phospho (ST),S12A2_HUMAN
Q8TE68|187|T|21,Q8TE68,EPS8L1,187,T,21,T-21,Phospho (ST),ES8L1_HUMAN
Q9Y4H2|731|S|21,Q9Y4H2,IRS2,731,S,21,S-21,Phospho (ST),IRS2_HUMAN
Q9Y4H2|736|S|21,Q9Y4H2,IRS2,736,S,21,S-21,Phospho (ST),IRS2_HUMAN
Q9Y520|2680|S|21,Q9Y520,PRRC2C,2680,S,21,S-21,Phospho (ST),PRC2C_HUMAN
Q9Y520|1246|S|21,Q9Y520,PRRC2C,1246,S,21,S-21,Phospho (ST),PRC2C_HUMAN
Q9Y520|1249|S|21,Q9Y520,PRRC2C,1249,S,21,S-21,Phospho (ST),PRC2C_HUMAN
P78344|508|T|21,P78344,EIF4G2,508,T,21,T-21,Phospho (ST),IF4G2_HUMAN
Q9Y2W1|54|Y|21,Q9Y2W1,THRAP3,54,Y,21,Y-21,Phospho (Y),TR150_HUMAN
P16401|11|T|21,P16401,H1-5,11,T,21,T-21,Phospho (ST),H15_HUMAN
P16402|18|T|21,P16402,H1-3,18,T,21,T-21,Phospho (ST),H13_HUMAN
P67809|271|T|21,P67809,YBX1,271,T,21,T-21,Phospho (ST),YBOX1_HUMAN
P16402|4|T|21,P16402,H1-3,4,T,21,T-21,Phospho (ST),H13_HUMAN
Q14004|1147|T|21,Q14004,CDK13,1147,T,21,T-21,Phospho (ST),CDK13_HUMAN
Q5JTV8|220|T|21,Q5JTV8,TOR1AIP1,220,T,21,T-21,Phospho (ST),TOIP1_HUMAN
Q9H307|441|T|21,Q9H307,PNN,441,T,21,T-21,Phospho (ST),PININ_HUMAN
Q9BW04|456|T|21,Q9BW04,SARG,456,T,21,T-21,Phospho (ST),SARG_HUMAN
Q92609|45|T|21,Q92609,TBC1D5,45,T,21,T-21,Phospho (ST),TBCD5_HUMAN
P46821|1399|R|7,P46821,MAP1B,1399,R,7,R-7,Citrulline,MAP1B_HUMAN
P05114|81|T|21,P05114,HMGN1,81,T,21,T-21,Phospho (ST),HMGN1_HUMAN
Q14980|163|T|21,Q14980,NUMA1,163,T,21,T-21,Phospho (ST),NUMA1_HUMAN
P10412|18|T|21,P10412,H1-4,18,T,21,T-21,Phospho (ST),H14_HUMAN
Q15910|487|T|21,Q15910,EZH2,487,T,21,T-21,Phospho (ST),EZH2_HUMAN
P06748|234|T|21,P06748,NPM1,234,T,21,T-21,Phospho (ST),NPM_HUMAN
P06748|237|T|21,P06748,NPM1,237,T,21,T-21,Phospho (ST),NPM_HUMAN
P07814|467|T|21,P07814,EPRS1,467,T,21,T-21,Phospho (ST),SYEP_HUMAN
Q9H400|274|T|21,Q9H400,LIME1,274,T,21,T-21,Phospho (ST),LIME1_HUMAN
P20848|111|T|21,P20848,SERPINA2,111,T,21,T-21,Phospho (ST),A1ATR_HUMAN
Q6UUV9|159|T|21,Q6UUV9,CRTC1,159,T,21,T-21,Phospho (ST),CRTC1_HUMAN
Q9HB90|10|T|21,Q9HB90,RRAGC,10,T,21,T-21,Phospho (ST),RRAGC_HUMAN
P61978|9|T|21,P61978,HNRNPK,9,T,21,T-21,Phospho (ST),HNRPK_HUMAN
P20848|98|T|21,P20848,SERPINA2,98,T,21,T-21,Phospho (ST),A1ATR_HUMAN
Q96JN0|41|T|21,Q96JN0,LCOR,41,T,21,T-21,Phospho (ST),LCOR_HUMAN
Q6PKG0|376|T|21,Q6PKG0,LARP1,376,T,21,T-21,Phospho (ST),LARP1_HUMAN
P21359|862|T|21,P21359,NF1,862,T,21,T-21,Phospho (ST),NF1_HUMAN
Q9Y3X0|381|T|21,Q9Y3X0,CCDC9,381,T,21,T-21,Phospho (ST),CCDC9_HUMAN
P19338|76|T|21,P19338,NCL,76,T,21,T-21,Phospho (ST),NUCL_HUMAN
Q16514|43|T|21,Q16514,TAF12,43,T,21,T-21,Phospho (ST),TAF12_HUMAN
P20042|111|T|21,P20042,EIF2S2,111,T,21,T-21,Phospho (ST),IF2B_HUMAN
Q99442|375|T|21,Q99442,SEC62,375,T,21,T-21,Phospho (ST),SEC62_HUMAN
P21359|2565|T|21,P21359,NF1,2565,T,21,T-21,Phospho (ST),NF1_HUMAN
Q9NW97|234|T|21,Q9NW97,TMEM51,234,T,21,T-21,Phospho (ST),TMM51_HUMAN
Q13428|1110|T|21,Q13428,TCOF1,1110,T,21,T-21,Phospho (ST),TCOF_HUMAN
Q96ST3|1110|T|21,Q96ST3,SIN3A,1110,T,21,T-21,Phospho (ST),SIN3A_HUMAN
P17096|39|T|21,P17096,HMGA1,39,T,21,T-21,Phospho (ST),HMGA1_HUMAN
Q9Y2D5|399|T|21,Q9Y2D5,PALM2AKAP2,399,T,21,T-21,Phospho (ST),PLAK2_HUMAN
P41162|414|T|21,P41162,ETV3,414,T,21,T-21,Phospho (ST),ETV3_HUMAN
P18858|182|T|21,P18858,LIG1,182,T,21,T-21,Phospho (ST),DNLI1_HUMAN
P18858|183|T|21,P18858,LIG1,183,T,21,T-21,Phospho (ST),DNLI1_HUMAN
P18887|440|T|21,P18887,XRCC1,440,T,21,T-21,Phospho (ST),XRCC1_HUMAN
Q6ZRV2|894|T|21,Q6ZRV2,FAM83H,894,T,21,T-21,Phospho (ST),FA83H_HUMAN
O75976|1370|T|21,O75976,CPD,1370,T,21,T-21,Phospho (ST),CBPD_HUMAN
O60504|529|T|21,O60504,SORBS3,529,T,21,T-21,Phospho (ST),VINEX_HUMAN
O60271|217|T|21,O60271,SPAG9,217,T,21,T-21,Phospho (ST),JIP4_HUMAN
Q9Y666|973|T|21,Q9Y666,SLC12A7,973,T,21,T-21,Phospho (ST),S12A7_HUMAN
O60716|199|T|21,O60716,CTNND1,199,T,21,T-21,Phospho (ST),CTND1_HUMAN
O60716|201|T|21,O60716,CTNND1,201,T,21,T-21,Phospho (ST),CTND1_HUMAN
Q96PU5|344|T|21,Q96PU5,NEDD4L,344,T,21,T-21,Phospho (ST),NED4L_HUMAN
O43663|470|T|21,O43663,PRC1,470,T,21,T-21,Phospho (ST),PRC1_HUMAN
O00192|642|T|21,O00192,ARVCF,642,T,21,T-21,Phospho (ST),ARVC_HUMAN
Q9UN86|227|T|21,Q9UN86,G3BP2,227,T,21,T-21,Phospho (ST),G3BP2_HUMAN
E9PAV3|2022|T|21,E9PAV3,NACA,2022,T,21,T-21,Phospho (ST),NACAM_HUMAN
Q9Y6Y0|338|S|21,Q9Y6Y0,IVNS1ABP,338,S,21,S-21,Phospho (ST),NS1BP_HUMAN
P36507|394|T|21,P36507,MAP2K2,394,T,21,T-21,Phospho (ST),MP2K2_HUMAN
E9PAV3|2020|T|21,E9PAV3,NACA,2020,T,21,T-21,Phospho (ST),NACAM_HUMAN
O14683|16|T|21,O14683,TP53I11,16,T,21,T-21,Phospho (ST),P5I11_HUMAN
Q13177|139|Y|21,Q13177,PAK2,139,Y,21,Y-21,Phospho (Y),PAK2_HUMAN
O00515|40|T|21,O00515,LAD1,40,T,21,T-21,Phospho (ST),LAD1_HUMAN
P35568|1103|T|21,P35568,IRS1,1103,T,21,T-21,Phospho (ST),IRS1_HUMAN
Q86YS7|285|T|21,Q86YS7,C2CD5,285,T,21,T-21,Phospho (ST),C2CD5_HUMAN
O96013|478|T|21,O96013,PAK4,478,T,21,T-21,Phospho (ST),PAK4_HUMAN
Q02952|597|T|21,Q02952,AKAP12,597,T,21,T-21,Phospho (ST),AKA12_HUMAN
O75533|350|T|21,O75533,SF3B1,350,T,21,T-21,Phospho (ST),SF3B1_HUMAN
O75976|1368|T|21,O75976,CPD,1368,T,21,T-21,Phospho (ST),CBPD_HUMAN
Q9UQ35|2692|S|21,Q9UQ35,SRRM2,2692,S,21,S-21,Phospho (ST),SRRM2_HUMAN
Q9UQ35|2694|S|21,Q9UQ35,SRRM2,2694,S,21,S-21,Phospho (ST),SRRM2_HUMAN
Q9UQ35|2436|S|21,Q9UQ35,SRRM2,2436,S,21,S-21,Phospho (ST),SRRM2_HUMAN
P02671|271|R|7,P02671,FGA,271,R,7,R-7,Citrulline,FIBA_HUMAN
Q9UQ35|377|S|21,Q9UQ35,SRRM2,377,S,21,S-21,Phospho (ST),SRRM2_HUMAN
Q9UQ35|395|S|21,Q9UQ35,SRRM2,395,S,21,S-21,Phospho (ST),SRRM2_HUMAN
Q9UQ35|398|S|21,Q9UQ35,SRRM2,398,S,21,S-21,Phospho (ST),SRRM2_HUMAN
Q9UQ35|323|S|21,Q9UQ35,SRRM2,323,S,21,S-21,Phospho (ST),SRRM2_HUMAN
Q9UQ35|295|S|21,Q9UQ35,SRRM2,295,S,21,S-21,Phospho (ST),SRRM2_HUMAN
Q8IYB3|406|T|21,Q8IYB3,SRRM1,406,T,21,T-21,Phospho (ST),SRRM1_HUMAN
Q9UQ35|2102|S|21,Q9UQ35,SRRM2,2102,S,21,S-21,Phospho (ST),SRRM2_HUMAN
Q9UQ35|857|S|21,Q9UQ35,SRRM2,857,S,21,S-21,Phospho (ST),SRRM2_HUMAN
Q9UQ35|2032|S|21,Q9UQ35,SRRM2,2032,S,21,S-21,Phospho (ST),SRRM2_HUMAN
Q9UQ35|2022|T|21,Q9UQ35,SRRM2,2022,T,21,T-21,Phospho (ST),SRRM2_HUMAN
Q9UQ35|2398|S|21,Q9UQ35,SRRM2,2398,S,21,S-21,Phospho (ST),SRRM2_HUMAN
Q9UQ35|2438|S|21,Q9UQ35,SRRM2,2438,S,21,S-21,Phospho (ST),SRRM2_HUMAN
Q9UQ35|2132|S|21,Q9UQ35,SRRM2,2132,S,21,S-21,Phospho (ST),SRRM2_HUMAN
Q9UQ35|908|S|21,Q9UQ35,SRRM2,908,S,21,S-21,Phospho (ST),SRRM2_HUMAN
Q9UQ35|903|T|21,Q9UQ35,SRRM2,903,T,21,T-21,Phospho (ST),SRRM2_HUMAN
Q9UQ35|902|S|21,Q9UQ35,SRRM2,902,S,21,S-21,Phospho (ST),SRRM2_HUMAN
Q9UQ35|952|S|21,Q9UQ35,SRRM2,952,S,21,S-21,Phospho (ST),SRRM2_HUMAN
Q9UQ35|954|S|21,Q9UQ35,SRRM2,954,S,21,S-21,Phospho (ST),SRRM2_HUMAN
Q9BTC8|455|T|21,Q9BTC8,MTA3,455,T,21,T-21,Phospho (ST),MTA3_HUMAN
Q9UQ35|901|S|21,Q9UQ35,SRRM2,901,S,21,S-21,Phospho (ST),SRRM2_HUMAN
Q9UQ35|994|S|21,Q9UQ35,SRRM2,994,S,21,S-21,Phospho (ST),SRRM2_HUMAN
Q9UQ35|1177|T|21,Q9UQ35,SRRM2,1177,T,21,T-21,Phospho (ST),SRRM2_HUMAN
Q9Y2X7|385|S|21,Q9Y2X7,GIT1,385,S,21,S-21,Phospho (ST),GIT1_HUMAN
Q9UQ35|854|S|21,Q9UQ35,SRRM2,854,S,21,S-21,Phospho (ST),SRRM2_HUMAN
Q9UQ35|864|S|21,Q9UQ35,SRRM2,864,S,21,S-21,Phospho (ST),SRRM2_HUMAN
Q9UQ35|846|S|21,Q9UQ35,SRRM2,846,S,21,S-21,Phospho (ST),SRRM2_HUMAN
Q9UQ35|866|T|21,Q9UQ35,SRRM2,866,T,21,T-21,Phospho (ST),SRRM2_HUMAN
Q9UQ35|817|S|21,Q9UQ35,SRRM2,817,S,21,S-21,Phospho (ST),SRRM2_HUMAN
Q9Y520|2693|T|21,Q9Y520,PRRC2C,2693,T,21,T-21,Phospho (ST),PRC2C_HUMAN
Q9UQ35|1179|S|21,Q9UQ35,SRRM2,1179,S,21,S-21,Phospho (ST),SRRM2_HUMAN
Q9UQ35|1443|S|21,Q9UQ35,SRRM2,1443,S,21,S-21,Phospho (ST),SRRM2_HUMAN
Q9UQ35|1444|S|21,Q9UQ35,SRRM2,1444,S,21,S-21,Phospho (ST),SRRM2_HUMAN
Q9UQ35|1041|S|21,Q9UQ35,SRRM2,1041,S,21,S-21,Phospho (ST),SRRM2_HUMAN
Q9UQ35|1042|S|21,Q9UQ35,SRRM2,1042,S,21,S-21,Phospho (ST),SRRM2_HUMAN
Q9Y618|2258|S|21,Q9Y618,NCOR2,2258,S,21,S-21,Phospho (ST),NCOR2_HUMAN
Q9Y265|171|K|1,Q9Y265,RUVBL1,171,K,1,K-1,Acetylation (K),RUVB1_HUMAN
Q9UQ35|1102|S|21,Q9UQ35,SRRM2,1102,S,21,S-21,Phospho (ST),SRRM2_HUMAN
Q9UQ35|1501|S|21,Q9UQ35,SRRM2,1501,S,21,S-21,Phospho (ST),SRRM2_HUMAN
Q9UQ35|1101|S|21,Q9UQ35,SRRM2,1101,S,21,S-21,Phospho (ST),SRRM2_HUMAN
Q9UQ35|1731|S|21,Q9UQ35,SRRM2,1731,S,21,S-21,Phospho (ST),SRRM2_HUMAN
Q9UQ35|1693|S|21,Q9UQ35,SRRM2,1693,S,21,S-21,Phospho (ST),SRRM2_HUMAN
Q9UQ35|1857|S|21,Q9UQ35,SRRM2,1857,S,21,S-21,Phospho (ST),SRRM2_HUMAN
Q9UQ35|1856|T|21,Q9UQ35,SRRM2,1856,T,21,T-21,Phospho (ST),SRRM2_HUMAN
Q9UQ35|1854|S|21,Q9UQ35,SRRM2,1854,S,21,S-21,Phospho (ST),SRRM2_HUMAN
Q9UQ35|1880|T|21,Q9UQ35,SRRM2,1880,T,21,T-21,Phospho (ST),SRRM2_HUMAN
Q9UQ35|1876|S|21,Q9UQ35,SRRM2,1876,S,21,S-21,Phospho (ST),SRRM2_HUMAN
Q9UQ35|1822|S|21,Q9UQ35,SRRM2,1822,S,21,S-21,Phospho (ST),SRRM2_HUMAN
Q9UQ35|1824|S|21,Q9UQ35,SRRM2,1824,S,21,S-21,Phospho (ST),SRRM2_HUMAN
Q9UQ35|1842|S|21,Q9UQ35,SRRM2,1842,S,21,S-21,Phospho (ST),SRRM2_HUMAN
Q9UQ35|1499|S|21,Q9UQ35,SRRM2,1499,S,21,S-21,Phospho (ST),SRRM2_HUMAN
Q9UQ35|1600|S|21,Q9UQ35,SRRM2,1600,S,21,S-21,Phospho (ST),SRRM2_HUMAN
Q9UQ35|1601|S|21,Q9UQ35,SRRM2,1601,S,21,S-21,Phospho (ST),SRRM2_HUMAN
Q9UQ35|1581|S|21,Q9UQ35,SRRM2,1581,S,21,S-21,Phospho (ST),SRRM2_HUMAN
Q9UQ35|1582|S|21,Q9UQ35,SRRM2,1582,S,21,S-21,Phospho (ST),SRRM2_HUMAN
Q9UQ35|1541|S|21,Q9UQ35,SRRM2,1541,S,21,S-21,Phospho (ST),SRRM2_HUMAN
Q9UQ35|1542|S|21,Q9UQ35,SRRM2,1542,S,21,S-21,Phospho (ST),SRRM2_HUMAN
Q9Y2X7|361|S|21,Q9Y2X7,GIT1,361,S,21,S-21,Phospho (ST),GIT1_HUMAN
Q9Y2X7|362|S|21,Q9Y2X7,GIT1,362,S,21,S-21,Phospho (ST),GIT1_HUMAN
Q9Y2W2|237|S|21,Q9Y2W2,WBP11,237,S,21,S-21,Phospho (ST),WBP11_HUMAN
Q9Y2W2|236|Y|21,Q9Y2W2,WBP11,236,Y,21,Y-21,Phospho (Y),WBP11_HUMAN
Q9Y383|18|S|21,Q9Y383,LUC7L2,18,S,21,S-21,Phospho (ST),LC7L2_HUMAN
Q9Y385|267|T|21,Q9Y385,UBE2J1,267,T,21,T-21,Phospho (ST),UB2J1_HUMAN
Q9Y2W1|53|S|21,Q9Y2W1,THRAP3,53,S,21,S-21,Phospho (ST),TR150_HUMAN
Q9Y2W1|377|S|21,Q9Y2W1,THRAP3,377,S,21,S-21,Phospho (ST),TR150_HUMAN
Q9Y2W1|379|S|21,Q9Y2W1,THRAP3,379,S,21,S-21,Phospho (ST),TR150_HUMAN
Q99081|560|T|21,Q99081,TCF12,560,T,21,T-21,Phospho (ST),HTF4_HUMAN
Q9Y485|1895|S|21,Q9Y485,DMXL1,1895,S,21,S-21,Phospho (ST),DMXL1_HUMAN
Q9Y485|1896|S|21,Q9Y485,DMXL1,1896,S,21,S-21,Phospho (ST),DMXL1_HUMAN
Q9Y6M7|556|S|21,Q9Y6M7,SLC4A7,556,S,21,S-21,Phospho (ST),S4A7_HUMAN
Q9Y385|268|S|21,Q9Y385,UBE2J1,268,S,21,S-21,Phospho (ST),UB2J1_HUMAN
Q16666|149|T|21,Q16666,IFI16,149,T,21,T-21,Phospho (ST),IF16_HUMAN
Q9Y3T9|56|S|21,Q9Y3T9,NOC2L,56,S,21,S-21,Phospho (ST),NOC2L_HUMAN
Q9Y2D5|120|S|21,Q9Y2D5,PALM2AKAP2,120,S,21,S-21,Phospho (ST),PLAK2_HUMAN
Q9UQB8|452|S|21,Q9UQB8,BAIAP2,452,S,21,S-21,Phospho (ST),BAIP2_HUMAN
Q6GYQ0|754|T|21,Q6GYQ0,RALGAPA1,754,T,21,T-21,Phospho (ST),RGPA1_HUMAN
Q9UQB8|311|S|21,Q9UQB8,BAIAP2,311,S,21,S-21,Phospho (ST),BAIP2_HUMAN
Q9Y446|93|S|21,Q9Y446,PKP3,93,S,21,S-21,Phospho (ST),PKP3_HUMAN
Q9UQE7|1067|S|21,Q9UQE7,SMC3,1067,S,21,S-21,Phospho (ST),SMC3_HUMAN
P30040|137|K|34,P30040,ERP29,137,K,34,K-34,Methylation (K),ERP29_HUMAN
Q9UQC2|634|S|21,Q9UQC2,GAB2,634,S,21,S-21,Phospho (ST),GAB2_HUMAN
O14639|359|R|7,O14639,ABLIM1,359,R,7,R-7,Citrulline,ABLM1_HUMAN
Q9Y2Q0|28|T|21,Q9Y2Q0,ATP8A1,28,T,21,T-21,Phospho (ST),AT8A1_HUMAN
Q9Y2V2|32|S|21,Q9Y2V2,CARHSP1,32,S,21,S-21,Phospho (ST),CHSP1_HUMAN
Q9Y2V2|41|S|21,Q9Y2V2,CARHSP1,41,S,21,S-21,Phospho (ST),CHSP1_HUMAN
Q9Y2I7|475|S|21,Q9Y2I7,PIKFYVE,475,S,21,S-21,Phospho (ST),FYV1_HUMAN
Q9Y2I7|493|S|21,Q9Y2I7,PIKFYVE,493,S,21,S-21,Phospho (ST),FYV1_HUMAN
Q9Y2J2|460|S|21,Q9Y2J2,EPB41L3,460,S,21,S-21,Phospho (ST),E41L3_HUMAN
Q9Y2J2|469|T|21,Q9Y2J2,EPB41L3,469,T,21,T-21,Phospho (ST),E41L3_HUMAN
Q9Y2H6|206|S|21,Q9Y2H6,FNDC3A,206,S,21,S-21,Phospho (ST),FND3A_HUMAN
Q9Y2H6|207|S|21,Q9Y2H6,FNDC3A,207,S,21,S-21,Phospho (ST),FND3A_HUMAN
Q9H0E3|875|S|21,Q9H0E3,SAP130,875,S,21,S-21,Phospho (ST),SP130_HUMAN
Q9H0E3|874|K|53,Q9H0E3,SAP130,874,K,53,K-53,HNE,SP130_HUMAN
Q9H0D6|448|S|21,Q9H0D6,XRN2,448,S,21,S-21,Phospho (ST),XRN2_HUMAN
Q9UHJ3|775|S|21,Q9UHJ3,SFMBT1,775,S,21,S-21,Phospho (ST),SMBT1_HUMAN
Q9GZT3|102|S|21,Q9GZT3,SLIRP,102,S,21,S-21,Phospho (ST),SLIRP_HUMAN
Q9GZV5|89|S|21,Q9GZV5,WWTR1,89,S,21,S-21,Phospho (ST),WWTR1_HUMAN
Q9H019|237|S|21,Q9H019,MTFR1L,237,S,21,S-21,Phospho (ST),MFR1L_HUMAN
Q9H063|60|S|21,Q9H063,MAF1,60,S,21,S-21,Phospho (ST),MAF1_HUMAN
Q9P209|237|S|21,Q9P209,CEP72,237,S,21,S-21,Phospho (ST),CEP72_HUMAN
Q9H1A4|51|S|21,Q9H1A4,ANAPC1,51,S,21,S-21,Phospho (ST),APC1_HUMAN
Q9H0G5|254|S|21,Q9H0G5,NSRP1,254,S,21,S-21,Phospho (ST),NSRP1_HUMAN
Q9H0W8|4|S|21,Q9H0W8,SMG9,4,S,21,S-21,Phospho (ST),SMG9_HUMAN
Q9C0C9|399|S|21,Q9C0C9,UBE2O,399,S,21,S-21,Phospho (ST),UBE2O_HUMAN
Q9C0C9|401|S|21,Q9C0C9,UBE2O,401,S,21,S-21,Phospho (ST),UBE2O_HUMAN
Q9C0C2|1620|S|21,Q9C0C2,TNKS1BP1,1620,S,21,S-21,Phospho (ST),TB182_HUMAN
Q9C0C2|1621|S|21,Q9C0C2,TNKS1BP1,1621,S,21,S-21,Phospho (ST),TB182_HUMAN
Q9H0G5|255|S|21,Q9H0G5,NSRP1,255,S,21,S-21,Phospho (ST),NSRP1_HUMAN
Q9NXG2|86|S|21,Q9NXG2,THUMPD1,86,S,21,S-21,Phospho (ST),THUM1_HUMAN
Q8IYB3|614|T|21,Q8IYB3,SRRM1,614,T,21,T-21,Phospho (ST),SRRM1_HUMAN
Q9C0K0|381|S|21,Q9C0K0,BCL11B,381,S,21,S-21,Phospho (ST),BC11B_HUMAN
Q9C0J8|1219|S|21,Q9C0J8,WDR33,1219,S,21,S-21,Phospho (ST),WDR33_HUMAN
Q9C0I1|564|S|21,Q9C0I1,MTMR12,564,S,21,S-21,Phospho (ST),MTMRC_HUMAN
Q9UHR4|331|S|21,Q9UHR4,BAIAP2L1,331,S,21,S-21,Phospho (ST),BI2L1_HUMAN
Q9H6S3|17|S|21,Q9H6S3,EPS8L2,17,S,21,S-21,Phospho (ST),ES8L2_HUMAN
Q9GZR1|362|S|21,Q9GZR1,SENP6,362,S,21,S-21,Phospho (ST),SENP6_HUMAN
Q9H501|298|S|21,Q9H501,ESF1,298,S,21,S-21,Phospho (ST),ESF1_HUMAN
Q9H0H5|203|S|21,Q9H0H5,RACGAP1,203,S,21,S-21,Phospho (ST),RGAP1_HUMAN
Q9C0C9|89|S|21,Q9C0C9,UBE2O,89,S,21,S-21,Phospho (ST),UBE2O_HUMAN
Q9ULH0|1681|S|21,Q9ULH0,KIDINS220,1681,S,21,S-21,Phospho (ST),KDIS_HUMAN
Q9C0D5|66|S|21,Q9C0D5,TANC1,66,S,21,S-21,Phospho (ST),TANC1_HUMAN
Q9H330|15|S|21,Q9H330,TMEM245,15,S,21,S-21,Phospho (ST),TM245_HUMAN
Q9H330|16|S|21,Q9H330,TMEM245,16,S,21,S-21,Phospho (ST),TM245_HUMAN
Q9HB58|244|S|21,Q9HB58,SP110,244,S,21,S-21,Phospho (ST),SP110_HUMAN
Q9H2Y7|1025|S|21,Q9H2Y7,ZNF106,1025,S,21,S-21,Phospho (ST),ZN106_HUMAN
Q9H2Y7|1026|S|21,Q9H2Y7,ZNF106,1026,S,21,S-21,Phospho (ST),ZN106_HUMAN
Q9NWB6|76|S|21,Q9NWB6,ARGLU1,76,S,21,S-21,Phospho (ST),ARGL1_HUMAN
Q9H307|100|S|21,Q9H307,PNN,100,S,21,S-21,Phospho (ST),PININ_HUMAN
Q9H2Y7|861|S|21,Q9H2Y7,ZNF106,861,S,21,S-21,Phospho (ST),ZN106_HUMAN
Q9P0K8|8|S|21,Q9P0K8,FOXJ2,8,S,21,S-21,Phospho (ST),FOXJ2_HUMAN
Q9H4G0|648|S|21,Q9H4G0,EPB41L1,648,S,21,S-21,Phospho (ST),E41L1_HUMAN
Q9H4G0|650|S|21,Q9H4G0,EPB41L1,650,S,21,S-21,Phospho (ST),E41L1_HUMAN
Q9H3Z4|10|S|21,Q9H3Z4,DNAJC5,10,S,21,S-21,Phospho (ST),DNJC5_HUMAN
Q9H3Z4|11|T|21,Q9H3Z4,DNAJC5,11,T,21,T-21,Phospho (ST),DNJC5_HUMAN
Q9H4A3|2011|S|21,Q9H4A3,WNK1,2011,S,21,S-21,Phospho (ST),WNK1_HUMAN
Q9H4A3|2012|S|21,Q9H4A3,WNK1,2012,S,21,S-21,Phospho (ST),WNK1_HUMAN
Q9H410|58|S|21,Q9H410,DSN1,58,S,21,S-21,Phospho (ST),DSN1_HUMAN
Q8N8S7|489|T|21,Q8N8S7,ENAH,489,T,21,T-21,Phospho (ST),ENAH_HUMAN
P46821|1030|R|7,P46821,MAP1B,1030,R,7,R-7,Citrulline,MAP1B_HUMAN
Q99442|158|T|21,Q99442,SEC62,158,T,21,T-21,Phospho (ST),SEC62_HUMAN
Q9H1E3|222|T|21,Q9H1E3,NUCKS1,222,T,21,T-21,Phospho (ST),NUCKS_HUMAN
Q9H1K0|230|S|21,Q9H1K0,RBSN,230,S,21,S-21,Phospho (ST),RBNS5_HUMAN
Q9H1K0|232|S|21,Q9H1K0,RBSN,232,S,21,S-21,Phospho (ST),RBNS5_HUMAN
Q9H1C4|547|S|21,Q9H1C4,UNC93B1,547,S,21,S-21,Phospho (ST),UN93B_HUMAN
Q9H1C4|550|S|21,Q9H1C4,UNC93B1,550,S,21,S-21,Phospho (ST),UN93B_HUMAN
Q9H1B7|659|S|21,Q9H1B7,IRF2BPL,659,S,21,S-21,Phospho (ST),I2BPL_HUMAN
Q9H1B7|662|S|21,Q9H1B7,IRF2BPL,662,S,21,S-21,Phospho (ST),I2BPL_HUMAN
O00264|178|T|21,O00264,PGRMC1,178,T,21,T-21,Phospho (ST),PGRC1_HUMAN
Q9H1E3|204|S|21,Q9H1E3,NUCKS1,204,S,21,S-21,Phospho (ST),NUCKS_HUMAN
Q9H1E3|202|T|21,Q9H1E3,NUCKS1,202,T,21,T-21,Phospho (ST),NUCKS_HUMAN
Q9H1E3|181|S|21,Q9H1E3,NUCKS1,181,S,21,S-21,Phospho (ST),NUCKS_HUMAN
Q9H1E3|179|T|21,Q9H1E3,NUCKS1,179,T,21,T-21,Phospho (ST),NUCKS_HUMAN
Q9H2J7|699|S|21,Q9H2J7,SLC6A15,699,S,21,S-21,Phospho (ST),S6A15_HUMAN
Q9H2J7|701|S|21,Q9H2J7,SLC6A15,701,S,21,S-21,Phospho (ST),S6A15_HUMAN
Q9H2P0|709|S|21,Q9H2P0,ADNP,709,S,21,S-21,Phospho (ST),ADNP_HUMAN
Q9H2K8|324|S|21,Q9H2K8,TAOK3,324,S,21,S-21,Phospho (ST),TAOK3_HUMAN
Q9H7N4|738|S|21,Q9H7N4,SCAF1,738,S,21,S-21,Phospho (ST),SFR19_HUMAN
Q9H246|95|S|21,Q9H246,C1orf21,95,S,21,S-21,Phospho (ST),CA021_HUMAN
Q9H1Z4|113|S|21,Q9H1Z4,WDR13,113,S,21,S-21,Phospho (ST),WDR13_HUMAN
Q9H1Z4|116|S|21,Q9H1Z4,WDR13,116,S,21,S-21,Phospho (ST),WDR13_HUMAN
Q9BVS4|332|S|21,Q9BVS4,RIOK2,332,S,21,S-21,Phospho (ST),RIOK2_HUMAN
Q9BVS4|335|S|21,Q9BVS4,RIOK2,335,S,21,S-21,Phospho (ST),RIOK2_HUMAN
Q52LW3|948|T|21,Q52LW3,ARHGAP29,948,T,21,T-21,Phospho (ST),RHG29_HUMAN
Q9BUZ4|426|S|21,Q9BUZ4,TRAF4,426,S,21,S-21,Phospho (ST),TRAF4_HUMAN
Q9NQX3|188|S|21,Q9NQX3,GPHN,188,S,21,S-21,Phospho (ST),GEPH_HUMAN
Q9BVJ6|29|S|21,Q9BVJ6,UTP14A,29,S,21,S-21,Phospho (ST),UT14A_HUMAN
Q9BVJ6|31|S|21,Q9BVJ6,UTP14A,31,S,21,S-21,Phospho (ST),UT14A_HUMAN
Q9H4L7|212|S|21,Q9H4L7,SMARCAD1,212,S,21,S-21,Phospho (ST),SMRCD_HUMAN
Q9BW71|332|S|21,Q9BW71,HIRIP3,332,S,21,S-21,Phospho (ST),HIRP3_HUMAN
Q9BW71|333|S|21,Q9BW71,HIRIP3,333,S,21,S-21,Phospho (ST),HIRP3_HUMAN
Q9BW71|143|S|21,Q9BW71,HIRIP3,143,S,21,S-21,Phospho (ST),HIRP3_HUMAN
Q9UQ35|424|S|21,Q9UQ35,SRRM2,424,S,21,S-21,Phospho (ST),SRRM2_HUMAN
Q9BW71|100|S|21,Q9BW71,HIRIP3,100,S,21,S-21,Phospho (ST),HIRP3_HUMAN
Q9BW61|95|S|21,Q9BW61,DDA1,95,S,21,S-21,Phospho (ST),DDA1_HUMAN
Q9UGV2|327|S|21,Q9UGV2,NDRG3,327,S,21,S-21,Phospho (ST),NDRG3_HUMAN
Q9BW71|227|S|21,Q9BW71,HIRIP3,227,S,21,S-21,Phospho (ST),HIRP3_HUMAN
Q9BW71|159|S|21,Q9BW71,HIRIP3,159,S,21,S-21,Phospho (ST),HIRP3_HUMAN
Q9BW71|160|S|21,Q9BW71,HIRIP3,160,S,21,S-21,Phospho (ST),HIRP3_HUMAN
Q9BW71|196|S|21,Q9BW71,HIRIP3,196,S,21,S-21,Phospho (ST),HIRP3_HUMAN
Q9BW71|199|S|21,Q9BW71,HIRIP3,199,S,21,S-21,Phospho (ST),HIRP3_HUMAN
Q9BTK6|143|S|21,Q9BTK6,PAGR1,143,S,21,S-21,Phospho (ST),PAGR1_HUMAN
Q9BTK6|148|S|21,Q9BTK6,PAGR1,148,S,21,S-21,Phospho (ST),PAGR1_HUMAN
Q9BTC8|428|S|21,Q9BTC8,MTA3,428,S,21,S-21,Phospho (ST),MTA3_HUMAN
Q9BTC8|430|S|21,Q9BTC8,MTA3,430,S,21,S-21,Phospho (ST),MTA3_HUMAN
Q9BTA9|523|S|21,Q9BTA9,WAC,523,S,21,S-21,Phospho (ST),WAC_HUMAN
Q9BUL5|317|S|21,Q9BUL5,PHF23,317,S,21,S-21,Phospho (ST),PHF23_HUMAN
Q9UJD0|107|S|21,Q9UJD0,RIMS3,107,S,21,S-21,Phospho (ST),RIMS3_HUMAN
Q9BUH6|148|S|21,Q9BUH6,PAXX,148,S,21,S-21,Phospho (ST),PAXX_HUMAN
Q9Y3Z3|592|T|21,Q9Y3Z3,SAMHD1,592,T,21,T-21,Phospho (ST),SAMH1_HUMAN
Q9UQ35|1329|S|21,Q9UQ35,SRRM2,1329,S,21,S-21,Phospho (ST),SRRM2_HUMAN
Q9BUL9|162|S|21,Q9BUL9,RPP25,162,S,21,S-21,Phospho (ST),RPP25_HUMAN
Q9BX63|206|S|21,Q9BX63,BRIP1,206,S,21,S-21,Phospho (ST),FANCJ_HUMAN
Q9BTU6|5|S|21,Q9BTU6,PI4K2A,5,S,21,S-21,Phospho (ST),P4K2A_HUMAN
Q9BTU6|9|S|21,Q9BTU6,PI4K2A,9,S,21,S-21,Phospho (ST),P4K2A_HUMAN
Q9BTX1|471|S|21,Q9BTX1,NDC1,471,S,21,S-21,Phospho (ST),NDC1_HUMAN
Q9BTX1|474|S|21,Q9BTX1,NDC1,474,S,21,S-21,Phospho (ST),NDC1_HUMAN
Q9BUA3|248|S|21,Q9BUA3,SPINDOC,248,S,21,S-21,Phospho (ST),SPNDC_HUMAN
Q9NQS7|218|S|21,Q9NQS7,INCENP,218,S,21,S-21,Phospho (ST),INCE_HUMAN
Q9BUA3|251|S|21,Q9BUA3,SPINDOC,251,S,21,S-21,Phospho (ST),SPNDC_HUMAN
Q9BZL6|198|S|21,Q9BZL6,PRKD2,198,S,21,S-21,Phospho (ST),KPCD2_HUMAN
Q9BZL6|200|S|21,Q9BZL6,PRKD2,200,S,21,S-21,Phospho (ST),KPCD2_HUMAN
Q9C040|428|S|21,Q9C040,TRIM2,428,S,21,S-21,Phospho (ST),TRIM2_HUMAN
O75533|614|R|7,O75533,SF3B1,614,R,7,R-7,Citrulline,SF3B1_HUMAN
Q9C040|370|S|21,Q9C040,TRIM2,370,S,21,S-21,Phospho (ST),TRIM2_HUMAN
Q9C040|375|S|21,Q9C040,TRIM2,375,S,21,S-21,Phospho (ST),TRIM2_HUMAN
Q9BYW2|614|S|21,Q9BYW2,SETD2,614,S,21,S-21,Phospho (ST),SETD2_HUMAN
Q9BYW2|624|S|21,Q9BYW2,SETD2,624,S,21,S-21,Phospho (ST),SETD2_HUMAN
Q9C0B5|429|S|21,Q9C0B5,ZDHHC5,429,S,21,S-21,Phospho (ST),ZDHC5_HUMAN
Q9C0B5|432|S|21,Q9C0B5,ZDHHC5,432,S,21,S-21,Phospho (ST),ZDHC5_HUMAN
Q9C0B5|401|S|21,Q9C0B5,ZDHHC5,401,S,21,S-21,Phospho (ST),ZDHC5_HUMAN
P17066|38|R|7,P17066,HSPA6,38,R,7,R-7,Citrulline,HSP76_HUMAN
Q9C0B5|693|S|21,Q9C0B5,ZDHHC5,693,S,21,S-21,Phospho (ST),ZDHC5_HUMAN
Q8NFJ5|347|Y|21,Q8NFJ5,GPRC5A,347,Y,21,Y-21,Phospho (Y),RAI3_HUMAN
Q9C0B5|296|S|21,Q9C0B5,ZDHHC5,296,S,21,S-21,Phospho (ST),ZDHC5_HUMAN
Q9C0B5|299|S|21,Q9C0B5,ZDHHC5,299,S,21,S-21,Phospho (ST),ZDHC5_HUMAN
Q9C0B5|305|S|21,Q9C0B5,ZDHHC5,305,S,21,S-21,Phospho (ST),ZDHC5_HUMAN
Q9C0B5|307|S|21,Q9C0B5,ZDHHC5,307,S,21,S-21,Phospho (ST),ZDHC5_HUMAN
Q9BXF6|397|S|21,Q9BXF6,RAB11FIP5,397,S,21,S-21,Phospho (ST),RFIP5_HUMAN
Q9Y450|69|S|21,Q9Y450,HBS1L,69,S,21,S-21,Phospho (ST),HBS1L_HUMAN
Q9BXP5|67|S|21,Q9BXP5,SRRT,67,S,21,S-21,Phospho (ST),SRRT_HUMAN
Q9BXP5|74|S|21,Q9BXP5,SRRT,74,S,21,S-21,Phospho (ST),SRRT_HUMAN
Q9BX95|112|S|21,Q9BX95,SGPP1,112,S,21,S-21,Phospho (ST),SGPP1_HUMAN
Q9BZ23|189|S|21,Q9BZ23,PANK2,189,S,21,S-21,Phospho (ST),PANK2_HUMAN
Q9BWU0|712|S|21,Q9BWU0,SLC4A1AP,712,S,21,S-21,Phospho (ST),NADAP_HUMAN
Q9H0X4|21|S|21,Q9H0X4,FAM234A,21,S,21,S-21,Phospho (ST),F234A_HUMAN
Q15648|1051|T|21,Q15648,MED1,1051,T,21,T-21,Phospho (ST),MED1_HUMAN
Q9H4Z3|143|S|21,Q9H4Z3,PCIF1,143,S,21,S-21,Phospho (ST),CAPAM_HUMAN
Q9BYW2|461|S|21,Q9BYW2,SETD2,461,S,21,S-21,Phospho (ST),SETD2_HUMAN
Q9BYW2|323|S|21,Q9BYW2,SETD2,323,S,21,S-21,Phospho (ST),SETD2_HUMAN
Q9H1A4|688|S|21,Q9H1A4,ANAPC1,688,S,21,S-21,Phospho (ST),APC1_HUMAN
Q9BYW2|458|S|21,Q9BYW2,SETD2,458,S,21,S-21,Phospho (ST),SETD2_HUMAN
Q9BY44|503|S|21,Q9BY44,EIF2A,503,S,21,S-21,Phospho (ST),EIF2A_HUMAN
O14545|414|T|21,O14545,TRAFD1,414,T,21,T-21,Phospho (ST),TRAD1_HUMAN
Q9BXY0|197|S|21,Q9BXY0,MAK16,197,S,21,S-21,Phospho (ST),MAK16_HUMAN
Q9BY89|1062|S|21,Q9BY89,KIAA1671,1062,S,21,S-21,Phospho (ST),K1671_HUMAN
Q9NSV4|1091|S|21,Q9NSV4,DIAPH3,1091,S,21,S-21,Phospho (ST),DIAP3_HUMAN
P29401|287|T|21,P29401,TKT,287,T,21,T-21,Phospho (ST),TKT_HUMAN
Q9NSI6|2018|S|21,Q9NSI6,BRWD1,2018,S,21,S-21,Phospho (ST),BRWD1_HUMAN
Q9NSI6|2020|S|21,Q9NSI6,BRWD1,2020,S,21,S-21,Phospho (ST),BRWD1_HUMAN
Q9NTI5|1156|S|21,Q9NTI5,PDS5B,1156,S,21,S-21,Phospho (ST),PDS5B_HUMAN
Q9NSY1|949|S|21,Q9NSY1,BMP2K,949,S,21,S-21,Phospho (ST),BMP2K_HUMAN
Q9NSY1|1107|S|21,Q9NSY1,BMP2K,1107,S,21,S-21,Phospho (ST),BMP2K_HUMAN
Q9UET6|271|S|21,Q9UET6,FTSJ1,271,S,21,S-21,Phospho (ST),TRM7_HUMAN
Q9UPN9|862|S|21,Q9UPN9,TRIM33,862,S,21,S-21,Phospho (ST),TRI33_HUMAN
Q9Y4B5|622|S|21,Q9Y4B5,MTCL1,622,S,21,S-21,Phospho (ST),MTCL1_HUMAN
Q9NUN5|528|S|21,Q9NUN5,LMBRD1,528,S,21,S-21,Phospho (ST),LMBD1_HUMAN
Q9NUN5|531|S|21,Q9NUN5,LMBRD1,531,S,21,S-21,Phospho (ST),LMBD1_HUMAN
Q9NTJ3|27|S|21,Q9NTJ3,SMC4,27,S,21,S-21,Phospho (ST),SMC4_HUMAN
Q9NTJ3|28|S|21,Q9NTJ3,SMC4,28,S,21,S-21,Phospho (ST),SMC4_HUMAN
P18858|195|T|21,P18858,LIG1,195,T,21,T-21,Phospho (ST),DNLI1_HUMAN
Q9NQT8|1797|S|21,Q9NQT8,KIF13B,1797,S,21,S-21,Phospho (ST),KI13B_HUMAN
Q76FK4|302|T|21,Q76FK4,NOL8,302,T,21,T-21,Phospho (ST),NOL8_HUMAN
Q9NQW6|182|S|21,Q9NQW6,ANLN,182,S,21,S-21,Phospho (ST),ANLN_HUMAN
Q9NQW6|792|S|21,Q9NQW6,ANLN,792,S,21,S-21,Phospho (ST),ANLN_HUMAN
Q9NQW6|517|S|21,Q9NQW6,ANLN,517,S,21,S-21,Phospho (ST),ANLN_HUMAN
Q86WB0|387|T|21,Q86WB0,ZC3HC1,387,T,21,T-21,Phospho (ST),ZC3C1_HUMAN
Q9NQG6|59|S|21,Q9NQG6,MIEF1,59,S,21,S-21,Phospho (ST),MID51_HUMAN
Q9NQC7|399|S|21,Q9NQC7,CYLD,399,S,21,S-21,Phospho (ST),CYLD_HUMAN
Q9NQS7|219|T|21,Q9NQS7,INCENP,219,T,21,T-21,Phospho (ST),INCE_HUMAN
Q9NRA8|78|S|21,Q9NRA8,EIF4ENIF1,78,S,21,S-21,Phospho (ST),4ET_HUMAN
Q9NRF8|564|S|21,Q9NRF8,CTPS2,564,S,21,S-21,Phospho (ST),PYRG2_HUMAN
Q9NR19|30|S|21,Q9NR19,ACSS2,30,S,21,S-21,Phospho (ST),ACSA_HUMAN
Q9Y2W1|682|S|21,Q9Y2W1,THRAP3,682,S,21,S-21,Phospho (ST),TR150_HUMAN
Q9NYF8|883|S|21,Q9NYF8,BCLAF1,883,S,21,S-21,Phospho (ST),BCLF1_HUMAN
Q9NYF3|273|S|21,Q9NYF3,FAM53C,273,S,21,S-21,Phospho (ST),FA53C_HUMAN
Q9NYF8|272|S|21,Q9NYF8,BCLAF1,272,S,21,S-21,Phospho (ST),BCLF1_HUMAN
Q9NYF8|274|S|21,Q9NYF8,BCLAF1,274,S,21,S-21,Phospho (ST),BCLF1_HUMAN
P0DMV8|561|K|37,P0DMV8,HSPA1A,561,K,37,K-37,Methylation (K),HS71A_HUMAN
Q9NYF8|230|S|21,Q9NYF8,BCLAF1,230,S,21,S-21,Phospho (ST),BCLF1_HUMAN
Q9NYV4|325|S|21,Q9NYV4,CDK12,325,S,21,S-21,Phospho (ST),CDK12_HUMAN
Q9NYV4|383|S|21,Q9NYV4,CDK12,383,S,21,S-21,Phospho (ST),CDK12_HUMAN
Q9NYV4|333|S|21,Q9NYV4,CDK12,333,S,21,S-21,Phospho (ST),CDK12_HUMAN
Q9UDT6|207|S|21,Q9UDT6,CLIP2,207,S,21,S-21,Phospho (ST),CLIP2_HUMAN
Q9NYV4|334|S|21,Q9NYV4,CDK12,334,S,21,S-21,Phospho (ST),CDK12_HUMAN
Q9NYV4|323|S|21,Q9NYV4,CDK12,323,S,21,S-21,Phospho (ST),CDK12_HUMAN
Q9NYV4|681|S|21,Q9NYV4,CDK12,681,S,21,S-21,Phospho (ST),CDK12_HUMAN
Q9NYV4|685|S|21,Q9NYV4,CDK12,685,S,21,S-21,Phospho (ST),CDK12_HUMAN
Q8WXI9|120|T|21,Q8WXI9,GATAD2B,120,T,21,T-21,Phospho (ST),P66B_HUMAN
Q9NYL2|635|S|21,Q9NYL2,MAP3K20,635,S,21,S-21,Phospho (ST),M3K20_HUMAN
Q7Z3K3|435|T|21,Q7Z3K3,POGZ,435,T,21,T-21,Phospho (ST),POGZ_HUMAN
Q9NYL9|25|S|21,Q9NYL9,TMOD3,25,S,21,S-21,Phospho (ST),TMOD3_HUMAN
Q9NVU7|234|S|21,Q9NVU7,SDAD1,234,S,21,S-21,Phospho (ST),SDA1_HUMAN
Q9NVU7|236|S|21,Q9NVU7,SDAD1,236,S,21,S-21,Phospho (ST),SDA1_HUMAN
Q9NVZ3|186|S|21,Q9NVZ3,NECAP2,186,S,21,S-21,Phospho (ST),NECP2_HUMAN
Q9NVU7|232|S|21,Q9NVU7,SDAD1,232,S,21,S-21,Phospho (ST),SDA1_HUMAN
Q96AG3|45|T|21,Q96AG3,SLC25A46,45,T,21,T-21,Phospho (ST),S2546_HUMAN
Q9NWB6|77|S|21,Q9NWB6,ARGLU1,77,S,21,S-21,Phospho (ST),ARGL1_HUMAN
Q9NV70|470|S|21,Q9NV70,EXOC1,470,S,21,S-21,Phospho (ST),EXOC1_HUMAN
P52594|177|T|21,P52594,AGFG1,177,T,21,T-21,Phospho (ST),AGFG1_HUMAN
Q9NV56|194|S|21,Q9NV56,MRGBP,194,S,21,S-21,Phospho (ST),MRGBP_HUMAN
Q9NV56|195|S|21,Q9NV56,MRGBP,195,S,21,S-21,Phospho (ST),MRGBP_HUMAN
Q9NUQ6|455|S|21,Q9NUQ6,SPATS2L,455,S,21,S-21,Phospho (ST),SPS2L_HUMAN
Q9UHW9|1032|S|21,Q9UHW9,SLC12A6,1032,S,21,S-21,Phospho (ST),S12A6_HUMAN
Q9NVU0|161|S|21,Q9NVU0,POLR3E,161,S,21,S-21,Phospho (ST),RPC5_HUMAN
Q9NVU0|162|S|21,Q9NVU0,POLR3E,162,S,21,S-21,Phospho (ST),RPC5_HUMAN
Q9NXR1|211|S|21,Q9NXR1,NDE1,211,S,21,S-21,Phospho (ST),NDE1_HUMAN
Q9NXR1|214|S|21,Q9NXR1,NDE1,214,S,21,S-21,Phospho (ST),NDE1_HUMAN
Q9NXG2|88|S|21,Q9NXG2,THUMPD1,88,S,21,S-21,Phospho (ST),THUM1_HUMAN
Q6PKG0|649|T|21,Q6PKG0,LARP1,649,T,21,T-21,Phospho (ST),LARP1_HUMAN
Q9H7D0|1803|S|21,Q9H7D0,DOCK5,1803,S,21,S-21,Phospho (ST),DOCK5_HUMAN
Q9H7D0|1766|S|21,Q9H7D0,DOCK5,1766,S,21,S-21,Phospho (ST),DOCK5_HUMAN
Q9H7L9|234|S|21,Q9H7L9,SUDS3,234,S,21,S-21,Phospho (ST),SDS3_HUMAN
Q9H7L9|236|S|21,Q9H7L9,SUDS3,236,S,21,S-21,Phospho (ST),SDS3_HUMAN
Q9H6S3|479|S|21,Q9H6S3,EPS8L2,479,S,21,S-21,Phospho (ST),ES8L2_HUMAN
Q9H792|572|S|21,Q9H792,PEAK1,572,S,21,S-21,Phospho (ST),PEAK1_HUMAN
P06493|161|T|21,P06493,CDK1,161,T,21,T-21,Phospho (ST),CDK1_HUMAN
Q9H8G2|203|S|21,Q9H8G2,CAAP1,203,S,21,S-21,Phospho (ST),CAAP1_HUMAN
Q9UKY7|106|S|21,Q9UKY7,CDV3,106,S,21,S-21,Phospho (ST),CDV3_HUMAN
Q9H7N4|975|S|21,Q9H7N4,SCAF1,975,S,21,S-21,Phospho (ST),SFR19_HUMAN
Q9H7N4|976|T|21,Q9H7N4,SCAF1,976,T,21,T-21,Phospho (ST),SFR19_HUMAN
Q9Y618|922|S|21,Q9Y618,NCOR2,922,S,21,S-21,Phospho (ST),NCOR2_HUMAN
Q9H814|368|S|21,Q9H814,PHAX,368,S,21,S-21,Phospho (ST),PHAX_HUMAN
P40123|299|T|21,P40123,CAP2,299,T,21,T-21,Phospho (ST),CAP2_HUMAN
Q9H7L9|45|S|21,Q9H7L9,SUDS3,45,S,21,S-21,Phospho (ST),SDS3_HUMAN
Q9H7L9|53|S|21,Q9H7L9,SUDS3,53,S,21,S-21,Phospho (ST),SDS3_HUMAN
Q9H7L9|49|T|21,Q9H7L9,SUDS3,49,T,21,T-21,Phospho (ST),SDS3_HUMAN
Q9H7L9|237|S|21,Q9H7L9,SUDS3,237,S,21,S-21,Phospho (ST),SDS3_HUMAN
Q9H7N4|612|S|21,Q9H7N4,SCAF1,612,S,21,S-21,Phospho (ST),SFR19_HUMAN
Q9H7N4|614|S|21,Q9H7N4,SCAF1,614,S,21,S-21,Phospho (ST),SFR19_HUMAN
Q9H501|694|S|21,Q9H501,ESF1,694,S,21,S-21,Phospho (ST),ESF1_HUMAN
Q9H5H4|139|S|21,Q9H5H4,ZNF768,139,S,21,S-21,Phospho (ST),ZN768_HUMAN
Q9H5H4|144|S|21,Q9H5H4,ZNF768,144,S,21,S-21,Phospho (ST),ZN768_HUMAN
Q9UBL6|632|T|21,Q9UBL6,CPNE7,632,T,21,T-21,Phospho (ST),CPNE7_HUMAN
Q7L4I2|220|T|21,Q7L4I2,RSRC2,220,T,21,T-21,Phospho (ST),RSRC2_HUMAN
Q9H4L5|34|S|21,Q9H4L5,OSBPL3,34,S,21,S-21,Phospho (ST),OSBL3_HUMAN
Q9Y5A9|39|S|21,Q9Y5A9,YTHDF2,39,S,21,S-21,Phospho (ST),YTHD2_HUMAN
Q9H4L5|372|S|21,Q9H4L5,OSBPL3,372,S,21,S-21,Phospho (ST),OSBL3_HUMAN
Q9H7M9|248|S|21,Q9H7M9,VSIR,248,S,21,S-21,Phospho (ST),VISTA_HUMAN
Q9H4L7|33|S|21,Q9H4L7,SMARCAD1,33,S,21,S-21,Phospho (ST),SMRCD_HUMAN
Q9H4L7|34|S|21,Q9H4L7,SMARCAD1,34,S,21,S-21,Phospho (ST),SMRCD_HUMAN
Q9H4L7|96|S|21,Q9H4L7,SMARCAD1,96,S,21,S-21,Phospho (ST),SMRCD_HUMAN
Q9H4L7|239|S|21,Q9H4L7,SMARCAD1,239,S,21,S-21,Phospho (ST),SMRCD_HUMAN
Q9H4L7|242|S|21,Q9H4L7,SMARCAD1,242,S,21,S-21,Phospho (ST),SMRCD_HUMAN
P10644|78|R|7,P10644,PRKAR1A,78,R,7,R-7,Citrulline,KAP0_HUMAN
Q9HCH0|571|S|21,Q9HCH0,NCKAP5L,571,S,21,S-21,Phospho (ST),NCK5L_HUMAN
Q9HCH0|577|S|21,Q9HCH0,NCKAP5L,577,S,21,S-21,Phospho (ST),NCK5L_HUMAN
Q9HCK8|1420|S|21,Q9HCK8,CHD8,1420,S,21,S-21,Phospho (ST),CHD8_HUMAN
Q9HCK8|1424|S|21,Q9HCK8,CHD8,1424,S,21,S-21,Phospho (ST),CHD8_HUMAN
Q9P2F8|1461|S|21,Q9P2F8,SIPA1L2,1461,S,21,S-21,Phospho (ST),SI1L2_HUMAN
Q9HCH0|477|S|21,Q9HCH0,NCKAP5L,477,S,21,S-21,Phospho (ST),NCK5L_HUMAN
Q9UNZ2|271|S|21,Q9UNZ2,NSFL1C,271,S,21,S-21,Phospho (ST),NSF1C_HUMAN
Q9HCL0|778|S|21,Q9HCL0,PCDH18,778,S,21,S-21,Phospho (ST),PCD18_HUMAN
Q9Y4F1|899|S|21,Q9Y4F1,FARP1,899,S,21,S-21,Phospho (ST),FARP1_HUMAN
Q9HCK8|1981|S|21,Q9HCK8,CHD8,1981,S,21,S-21,Phospho (ST),CHD8_HUMAN
Q9UMZ2|1075|S|21,Q9UMZ2,SYNRG,1075,S,21,S-21,Phospho (ST),SYNRG_HUMAN
Q9HCD6|1530|S|21,Q9HCD6,TANC2,1530,S,21,S-21,Phospho (ST),TANC2_HUMAN
Q9HCG8|93|S|21,Q9HCG8,CWC22,93,S,21,S-21,Phospho (ST),CWC22_HUMAN
Q9HCG8|91|S|21,Q9HCG8,CWC22,91,S,21,S-21,Phospho (ST),CWC22_HUMAN
Q9UKS6|344|S|21,Q9UKS6,PACSIN3,344,S,21,S-21,Phospho (ST),PACN3_HUMAN
Q9NPG3|173|S|21,Q9NPG3,UBN1,173,S,21,S-21,Phospho (ST),UBN1_HUMAN
Q9NPG3|175|S|21,Q9NPG3,UBN1,175,S,21,S-21,Phospho (ST),UBN1_HUMAN
Q9HDC5|465|S|21,Q9HDC5,JPH1,465,S,21,S-21,Phospho (ST),JPH1_HUMAN
Q9HDC5|461|T|21,Q9HDC5,JPH1,461,T,21,T-21,Phospho (ST),JPH1_HUMAN
Q9Y6R9|458|S|21,Q9Y6R9,CCDC61,458,S,21,S-21,Phospho (ST),CCD61_HUMAN
Q9NPI6|523|S|21,Q9NPI6,DCP1A,523,S,21,S-21,Phospho (ST),DCP1A_HUMAN
Q9NPH3|557|S|21,Q9NPH3,IL1RAP,557,S,21,S-21,Phospho (ST),IL1AP_HUMAN
Q9UER7|688|S|21,Q9UER7,DAXX,688,S,21,S-21,Phospho (ST),DAXX_HUMAN
Q641Q2|287|T|21,Q641Q2,WASHC2A,287,T,21,T-21,Phospho (ST),WAC2A_HUMAN
Q9HAS0|18|S|21,Q9HAS0,C17orf75,18,S,21,S-21,Phospho (ST),NJMU_HUMAN
P49448|162|K|34,P49448,GLUD2,162,K,34,K-34,Methylation (K),DHE4_HUMAN
Q9HAW4|65|S|21,Q9HAW4,CLSPN,65,S,21,S-21,Phospho (ST),CLSPN_HUMAN
Q9HAW4|67|S|21,Q9HAW4,CLSPN,67,S,21,S-21,Phospho (ST),CLSPN_HUMAN
Q9P0U4|143|S|21,Q9P0U4,CXXC1,143,S,21,S-21,Phospho (ST),CXXC1_HUMAN
P62269|94|K|1,P62269,RPS18,94,K,1,K-1,Acetylation (K),RS18_HUMAN
Q9H9C1|124|S|21,Q9H9C1,VIPAS39,124,S,21,S-21,Phospho (ST),SPE39_HUMAN
Q9HAJ7|93|S|21,Q9HAJ7,SAP30L,93,S,21,S-21,Phospho (ST),SP30L_HUMAN
Q9HAJ7|99|S|21,Q9HAJ7,SAP30L,99,S,21,S-21,Phospho (ST),SP30L_HUMAN
Q9H9E3|6|S|21,Q9H9E3,COG4,6,S,21,S-21,Phospho (ST),COG4_HUMAN
Q9UJ41|132|S|21,Q9UJ41,RABGEF1,132,S,21,S-21,Phospho (ST),RABX5_HUMAN
Q9UQ35|2381|T|21,Q9UQ35,SRRM2,2381,T,21,T-21,Phospho (ST),SRRM2_HUMAN
Q9H9L4|172|S|21,Q9H9L4,KANSL2,172,S,21,S-21,Phospho (ST),KANL2_HUMAN
Q9H9L4|175|S|21,Q9H9L4,KANSL2,175,S,21,S-21,Phospho (ST),KANL2_HUMAN
Q9HBL0|907|S|21,Q9HBL0,TNS1,907,S,21,S-21,Phospho (ST),TENS1_HUMAN
Q9HBL0|915|S|21,Q9HBL0,TNS1,915,S,21,S-21,Phospho (ST),TENS1_HUMAN
Q9HBM6|152|S|21,Q9HBM6,TAF9B,152,S,21,S-21,Phospho (ST),TAF9B_HUMAN
Q9HC35|138|S|21,Q9HC35,EML4,138,S,21,S-21,Phospho (ST),EMAL4_HUMAN
Q9UJ14|72|S|21,Q9UJ14,GGT7,72,S,21,S-21,Phospho (ST),GGT7_HUMAN
Q9HC35|134|S|21,Q9HC35,EML4,134,S,21,S-21,Phospho (ST),EMAL4_HUMAN
Q9UGU0|582|T|21,Q9UGU0,TCF20,582,T,21,T-21,Phospho (ST),TCF20_HUMAN
Q9HAW4|75|S|21,Q9HAW4,CLSPN,75,S,21,S-21,Phospho (ST),CLSPN_HUMAN
Q9HAZ1|138|S|21,Q9HAZ1,CLK4,138,S,21,S-21,Phospho (ST),CLK4_HUMAN
Q9HB96|249|S|21,Q9HB96,FANCE,249,S,21,S-21,Phospho (ST),FANCE_HUMAN
Q9UK61|636|S|21,Q9UK61,TASOR,636,S,21,S-21,Phospho (ST),TASOR_HUMAN
Q9HBD1|803|S|21,Q9HBD1,RC3H2,803,S,21,S-21,Phospho (ST),RC3H2_HUMAN
Q9HBD1|808|S|21,Q9HBD1,RC3H2,808,S,21,S-21,Phospho (ST),RC3H2_HUMAN
P07195|82|K|34,P07195,LDHB,82,K,34,K-34,Methylation (K),LDHB_HUMAN
P08670|334|K|34,P08670,VIM,334,K,34,K-34,Methylation (K),VIME_HUMAN
P14618|188|K|34,P14618,PKM,188,K,34,K-34,Methylation (K),KPYM_HUMAN
P14625|663|K|34,P14625,HSP90B1,663,K,34,K-34,Methylation (K),ENPL_HUMAN
P21333|1824|K|34,P21333,FLNA,1824,K,34,K-34,Methylation (K),FLNA_HUMAN
P07195|7|K|34,P07195,LDHB,7,K,34,K-34,Methylation (K),LDHB_HUMAN
Q01995|75|K|34,Q01995,TAGLN,75,K,34,K-34,Methylation (K),TAGL_HUMAN
P62979|33|K|34,P62979,RPS27A,33,K,34,K-34,Methylation (K),RS27A_HUMAN
P07197|391|K|34,P07197,NEFM,391,K,34,K-34,Methylation (K),NFM_HUMAN
Q9UQ80|355|K|34,Q9UQ80,PA2G4,355,K,34,K-34,Methylation (K),PA2G4_HUMAN
Q9Y230|223|K|34,Q9Y230,RUVBL2,223,K,34,K-34,Methylation (K),RUVB2_HUMAN
P11142|137|K|34,P11142,HSPA8,137,K,34,K-34,Methylation (K),HSP7C_HUMAN
P11413|497|K|34,P11413,G6PD,497,K,34,K-34,Methylation (K),G6PD_HUMAN
P14618|151|K|34,P14618,PKM,151,K,34,K-34,Methylation (K),KPYM_HUMAN
P07437|336|K|34,P07437,TUBB,336,K,34,K-34,Methylation (K),TBB5_HUMAN
P07814|300|K|34,P07814,EPRS1,300,K,34,K-34,Methylation (K),SYEP_HUMAN
Q04917|28|K|34,Q04917,YWHAH,28,K,34,K-34,Methylation (K),1433F_HUMAN
Q05639|146|K|34,Q05639,EEF1A2,146,K,34,K-34,Methylation (K),EF1A2_HUMAN
P62826|71|K|34,P62826,RAN,71,K,34,K-34,Methylation (K),RAN_HUMAN
P63104|138|K|34,P63104,YWHAZ,138,K,34,K-34,Methylation (K),1433Z_HUMAN
P07195|77|K|34,P07195,LDHB,77,K,34,K-34,Methylation (K),LDHB_HUMAN
P51149|126|K|34,P51149,RAB7A,126,K,34,K-34,Methylation (K),RAB7A_HUMAN
P07195|23|K|34,P07195,LDHB,23,K,34,K-34,Methylation (K),LDHB_HUMAN
P58546|114|K|34,P58546,MTPN,114,K,34,K-34,Methylation (K),MTPN_HUMAN
Q13509|297|K|34,Q13509,TUBB3,297,K,34,K-34,Methylation (K),TBB3_HUMAN
Q14444|110|K|34,Q14444,CAPRIN1,110,K,34,K-34,Methylation (K),CAPR1_HUMAN
P07195|308|K|34,P07195,LDHB,308,K,34,K-34,Methylation (K),LDHB_HUMAN
P40926|203|K|34,P40926,MDH2,203,K,34,K-34,Methylation (K),MDHM_HUMAN
P26599|238|K|34,P26599,PTBP1,238,K,34,K-34,Methylation (K),PTBP1_HUMAN
P13639|785|K|34,P13639,EEF2,785,K,34,K-34,Methylation (K),EF2_HUMAN
P18085|127|K|34,P18085,ARF4,127,K,34,K-34,Methylation (K),ARF4_HUMAN
P18621|13|K|34,P18621,RPL17,13,K,34,K-34,Methylation (K),RL17_HUMAN
P12814|772|K|34,P12814,ACTN1,772,K,34,K-34,Methylation (K),ACTN1_HUMAN
P11021|633|K|34,P11021,HSPA5,633,K,34,K-34,Methylation (K),BIP_HUMAN
P07195|329|K|34,P07195,LDHB,329,K,34,K-34,Methylation (K),LDHB_HUMAN
P13797|158|K|34,P13797,PLS3,158,K,34,K-34,Methylation (K),PLST_HUMAN
P07237|385|K|34,P07237,P4HB,385,K,34,K-34,Methylation (K),PDIA1_HUMAN
P22626|46|K|34,P22626,HNRNPA2B1,46,K,34,K-34,Methylation (K),ROA2_HUMAN
P19338|639|K|34,P19338,NCL,639,K,34,K-34,Methylation (K),NUCL_HUMAN
P42126|283|K|34,P42126,ECI1,283,K,34,K-34,Methylation (K),ECI1_HUMAN
P35579|882|K|34,P35579,MYH9,882,K,34,K-34,Methylation (K),MYH9_HUMAN
P07237|326|K|34,P07237,P4HB,326,K,34,K-34,Methylation (K),PDIA1_HUMAN
P60174|113|K|34,P60174,TPI1,113,K,34,K-34,Methylation (K),TPIS_HUMAN
P60660|79|K|34,P60660,MYL6,79,K,34,K-34,Methylation (K),MYL6_HUMAN
Q06830|35|K|34,Q06830,PRDX1,35,K,34,K-34,Methylation (K),PRDX1_HUMAN
P55072|502|K|34,P55072,VCP,502,K,34,K-34,Methylation (K),TERA_HUMAN
P07237|436|K|34,P07237,P4HB,436,K,34,K-34,Methylation (K),PDIA1_HUMAN
P07737|70|K|34,P07737,PFN1,70,K,34,K-34,Methylation (K),PROF1_HUMAN
P62081|70|K|34,P62081,RPS7,70,K,34,K-34,Methylation (K),RS7_HUMAN
P10809|359|K|34,P10809,HSPD1,359,K,34,K-34,Methylation (K),CH60_HUMAN
P18206|720|K|34,P18206,VCL,720,K,34,K-34,Methylation (K),VINC_HUMAN
Q9Y2Q3|144|K|34,Q9Y2Q3,GSTK1,144,K,34,K-34,Methylation (K),GSTK1_HUMAN
Q9Y5B9|211|K|34,Q9Y5B9,SUPT16H,211,K,34,K-34,Methylation (K),SP16H_HUMAN
P56192|554|K|34,P56192,MARS1,554,K,34,K-34,Methylation (K),SYMC_HUMAN
P30153|358|K|34,P30153,PPP2R1A,358,K,34,K-34,Methylation (K),2AAA_HUMAN
P55072|45|K|34,P55072,VCP,45,K,34,K-34,Methylation (K),TERA_HUMAN
P35579|355|K|34,P35579,MYH9,355,K,34,K-34,Methylation (K),MYH9_HUMAN
P13010|525|K|34,P13010,XRCC5,525,K,34,K-34,Methylation (K),XRCC5_HUMAN
P07237|230|K|34,P07237,P4HB,230,K,34,K-34,Methylation (K),PDIA1_HUMAN
Q9GZV4|67|K|34,Q9GZV4,EIF5A2,67,K,34,K-34,Methylation (K),IF5A2_HUMAN
Q9Y490|234|K|34,Q9Y490,TLN1,234,K,34,K-34,Methylation (K),TLN1_HUMAN
Q9Y4L1|428|K|34,Q9Y4L1,HYOU1,428,K,34,K-34,Methylation (K),HYOU1_HUMAN
Q14152|388|K|34,Q14152,EIF3A,388,K,34,K-34,Methylation (K),EIF3A_HUMAN
Q14315|80|K|34,Q14315,FLNC,80,K,34,K-34,Methylation (K),FLNC_HUMAN
Q13151|154|K|34,Q13151,HNRNPA0,154,K,34,K-34,Methylation (K),ROA0_HUMAN
P07237|247|K|34,P07237,P4HB,247,K,34,K-34,Methylation (K),PDIA1_HUMAN
P12277|381|K|34,P12277,CKB,381,K,34,K-34,Methylation (K),KCRB_HUMAN
P0DMV8|126|K|34,P0DMV8,HSPA1A,126,K,34,K-34,Methylation (K),HS71A_HUMAN
P40926|74|K|34,P40926,MDH2,74,K,34,K-34,Methylation (K),MDHM_HUMAN
P34932|102|K|34,P34932,HSPA4,102,K,34,K-34,Methylation (K),HSP74_HUMAN
P38646|173|K|34,P38646,HSPA9,173,K,34,K-34,Methylation (K),GRP75_HUMAN
P12956|539|K|34,P12956,XRCC6,539,K,34,K-34,Methylation (K),XRCC6_HUMAN
P19338|467|K|34,P19338,NCL,467,K,34,K-34,Methylation (K),NUCL_HUMAN
P07900|327|K|34,P07900,HSP90AA1,327,K,34,K-34,Methylation (K),HS90A_HUMAN
P07900|499|K|34,P07900,HSP90AA1,499,K,34,K-34,Methylation (K),HS90A_HUMAN
Q13509|174|K|34,Q13509,TUBB3,174,K,34,K-34,Methylation (K),TBB3_HUMAN
Q00610|96|K|34,Q00610,CLTC,96,K,34,K-34,Methylation (K),CLH1_HUMAN
P23284|145|K|34,P23284,PPIB,145,K,34,K-34,Methylation (K),PPIB_HUMAN
P07237|263|K|34,P07237,P4HB,263,K,34,K-34,Methylation (K),PDIA1_HUMAN
P14618|89|K|34,P14618,PKM,89,K,34,K-34,Methylation (K),KPYM_HUMAN
P35579|1538|K|34,P35579,MYH9,1538,K,34,K-34,Methylation (K),MYH9_HUMAN
P06744|194|K|34,P06744,GPI,194,K,34,K-34,Methylation (K),G6PI_HUMAN
P43243|245|K|34,P43243,MATR3,245,K,34,K-34,Methylation (K),MATR3_HUMAN
P62280|58|K|34,P62280,RPS11,58,K,34,K-34,Methylation (K),RS11_HUMAN
P60842|309|K|34,P60842,EIF4A1,309,K,34,K-34,Methylation (K),IF4A1_HUMAN
P18085|109|K|34,P18085,ARF4,109,K,34,K-34,Methylation (K),ARF4_HUMAN
P22061|197|K|34,P22061,PCMT1,197,K,34,K-34,Methylation (K),PIMT_HUMAN
P06733|89|K|34,P06733,ENO1,89,K,34,K-34,Methylation (K),ENOA_HUMAN
P19338|333|K|34,P19338,NCL,333,K,34,K-34,Methylation (K),NUCL_HUMAN
P06748|239|K|34,P06748,NPM1,239,K,34,K-34,Methylation (K),NPM_HUMAN
P06744|211|K|34,P06744,GPI,211,K,34,K-34,Methylation (K),G6PI_HUMAN
Q07020|132|K|34,Q07020,RPL18,132,K,34,K-34,Methylation (K),RL18_HUMAN
P61978|219|K|34,P61978,HNRNPK,219,K,34,K-34,Methylation (K),HNRPK_HUMAN
P06744|252|K|34,P06744,GPI,252,K,34,K-34,Methylation (K),G6PI_HUMAN
P08670|139|K|34,P08670,VIM,139,K,34,K-34,Methylation (K),VIME_HUMAN
P07737|116|K|34,P07737,PFN1,116,K,34,K-34,Methylation (K),PROF1_HUMAN
Q15427|23|K|34,Q15427,SF3B4,23,K,34,K-34,Methylation (K),SF3B4_HUMAN
Q96AY3|240|K|34,Q96AY3,FKBP10,240,K,34,K-34,Methylation (K),FKB10_HUMAN
P06733|64|K|34,P06733,ENO1,64,K,34,K-34,Methylation (K),ENOA_HUMAN
P19338|449|K|34,P19338,NCL,449,K,34,K-34,Methylation (K),NUCL_HUMAN
P51991|118|K|34,P51991,HNRNPA3,118,K,34,K-34,Methylation (K),ROA3_HUMAN
P06733|71|K|34,P06733,ENO1,71,K,34,K-34,Methylation (K),ENOA_HUMAN
P06733|80|K|34,P06733,ENO1,80,K,34,K-34,Methylation (K),ENOA_HUMAN
Q3LXA3|522|K|34,Q3LXA3,TKFC,522,K,34,K-34,Methylation (K),TKFC_HUMAN
P62979|6|K|34,P62979,RPS27A,6,K,34,K-34,Methylation (K),RS27A_HUMAN
P32119|26|K|34,P32119,PRDX2,26,K,34,K-34,Methylation (K),PRDX2_HUMAN
P62258|118|K|34,P62258,YWHAE,118,K,34,K-34,Methylation (K),1433E_HUMAN
P47914|149|K|34,P47914,RPL29,149,K,34,K-34,Methylation (K),RL29_HUMAN
P10809|396|K|34,P10809,HSPD1,396,K,34,K-34,Methylation (K),CH60_HUMAN
P22626|3|K|34,P22626,HNRNPA2B1,3,K,34,K-34,Methylation (K),ROA2_HUMAN
P07108|8|K|34,P07108,DBI,8,K,34,K-34,Methylation (K),ACBP_HUMAN
P69905|12|K|34,P69905,HBA1;,12,K,34,K-34,Methylation (K),HBA_HUMAN
P84243|28|K|34,P84243,H3-3A,28,K,34,K-34,Methylation (K),H33_HUMAN
P07148|121|K|34,P07148,FABP1,121,K,34,K-34,Methylation (K),FABPL_HUMAN
P09327|699|K|34,P09327,VIL1,699,K,34,K-34,Methylation (K),VILI_HUMAN
P07148|31|K|34,P07148,FABP1,31,K,34,K-34,Methylation (K),FABPL_HUMAN
P06748|80|K|34,P06748,NPM1,80,K,34,K-34,Methylation (K),NPM_HUMAN
P46940|556|K|34,P46940,IQGAP1,556,K,34,K-34,Methylation (K),IQGA1_HUMAN
P12236|10|K|34,P12236,SLC25A6,10,K,34,K-34,Methylation (K),ADT3_HUMAN
P10412|17|K|34,P10412,H1-4,17,K,34,K-34,Methylation (K),H14_HUMAN
P16401|17|K|34,P16401,H1-5,17,K,34,K-34,Methylation (K),H15_HUMAN
P16401|37|K|34,P16401,H1-5,37,K,34,K-34,Methylation (K),H15_HUMAN
P14618|230|K|34,P14618,PKM,230,K,34,K-34,Methylation (K),KPYM_HUMAN
P10809|269|K|34,P10809,HSPD1,269,K,34,K-34,Methylation (K),CH60_HUMAN
P31327|1100|K|34,P31327,CPS1,1100,K,34,K-34,Methylation (K),CPSM_HUMAN
P20700|167|K|34,P20700,LMNB1,167,K,34,K-34,Methylation (K),LMNB1_HUMAN
A8K7I4|670|R|7,A8K7I4,CLCA1,670,R,7,R-7,Citrulline,CLCA1_HUMAN
P55084|95|K|34,P55084,HADHB,95,K,34,K-34,Methylation (K),ECHB_HUMAN
P61278|45|K|34,P61278,SST,45,K,34,K-34,Methylation (K),SMS_HUMAN
P35580|232|K|34,P35580,MYH10,232,K,34,K-34,Methylation (K),MYH10_HUMAN
P35749|1308|K|34,P35749,MYH11,1308,K,34,K-34,Methylation (K),MYH11_HUMAN
P38117|176|K|34,P38117,ETFB,176,K,34,K-34,Methylation (K),ETFB_HUMAN
P06748|150|K|34,P06748,NPM1,150,K,34,K-34,Methylation (K),NPM_HUMAN
P62937|31|K|34,P62937,PPIA,31,K,34,K-34,Methylation (K),PPIA_HUMAN
Q02539|88|K|34,Q02539,H1-1,88,K,34,K-34,Methylation (K),H11_HUMAN
P62258|50|K|34,P62258,YWHAE,50,K,34,K-34,Methylation (K),1433E_HUMAN
Q96A08|110|K|34,Q96A08,H2BC1,110,K,34,K-34,Methylation (K),H2B1A_HUMAN
P06748|32|K|34,P06748,NPM1,32,K,34,K-34,Methylation (K),NPM_HUMAN
P68871|66|K|34,P68871,HBB,66,K,34,K-34,Methylation (K),HBB_HUMAN
Q06830|16|K|34,Q06830,PRDX1,16,K,34,K-34,Methylation (K),PRDX1_HUMAN
Q02539|84|K|34,Q02539,H1-1,84,K,34,K-34,Methylation (K),H11_HUMAN
P40926|239|K|34,P40926,MDH2,239,K,34,K-34,Methylation (K),MDHM_HUMAN
P08670|373|K|34,P08670,VIM,373,K,34,K-34,Methylation (K),VIME_HUMAN
P11021|152|K|34,P11021,HSPA5,152,K,34,K-34,Methylation (K),BIP_HUMAN
P11142|88|K|34,P11142,HSPA8,88,K,34,K-34,Methylation (K),HSP7C_HUMAN
P68366|280|K|34,P68366,TUBA4A,280,K,34,K-34,Methylation (K),TBA4A_HUMAN
Q05639|30|K|34,Q05639,EEF1A2,30,K,34,K-34,Methylation (K),EF1A2_HUMAN
Q02539|78|K|34,Q02539,H1-1,78,K,34,K-34,Methylation (K),H11_HUMAN
P39023|312|K|34,P39023,RPL3,312,K,34,K-34,Methylation (K),RL3_HUMAN
P07437|297|K|34,P07437,TUBB,297,K,34,K-34,Methylation (K),TBB5_HUMAN
Q9Y277|266|K|34,Q9Y277,VDAC3,266,K,34,K-34,Methylation (K),VDAC3_HUMAN
P26583|154|K|34,P26583,HMGB2,154,K,34,K-34,Methylation (K),HMGB2_HUMAN
P27348|158|K|34,P27348,YWHAQ,158,K,34,K-34,Methylation (K),1433T_HUMAN
P07437|379|K|34,P07437,TUBB,379,K,34,K-34,Methylation (K),TBB5_HUMAN
Q00610|1034|K|34,Q00610,CLTC,1034,K,34,K-34,Methylation (K),CLH1_HUMAN
P15259|176|K|34,P15259,PGAM2,176,K,34,K-34,Methylation (K),PGAM2_HUMAN
Q9UQ80|62|K|34,Q9UQ80,PA2G4,62,K,34,K-34,Methylation (K),PA2G4_HUMAN
Q562R1|51|K|34,Q562R1,ACTBL2,51,K,34,K-34,Methylation (K),ACTBL_HUMAN
P22314|802|K|34,P22314,UBA1,802,K,34,K-34,Methylation (K),UBA1_HUMAN
P07355|49|K|34,P07355,ANXA2,49,K,34,K-34,Methylation (K),ANXA2_HUMAN
P45880|277|K|34,P45880,VDAC2,277,K,34,K-34,Methylation (K),VDAC2_HUMAN
P26038|263|K|34,P26038,MSN,263,K,34,K-34,Methylation (K),MOES_HUMAN
P16403|17|K|34,P16403,H1-2,17,K,34,K-34,Methylation (K),H12_HUMAN
P21333|973|K|34,P21333,FLNA,973,K,34,K-34,Methylation (K),FLNA_HUMAN
P07355|47|K|34,P07355,ANXA2,47,K,34,K-34,Methylation (K),ANXA2_HUMAN
P69905|57|K|34,P69905,HBA1;,57,K,34,K-34,Methylation (K),HBA_HUMAN
P08670|439|K|34,P08670,VIM,439,K,34,K-34,Methylation (K),VIME_HUMAN
P09429|43|K|34,P09429,HMGB1,43,K,34,K-34,Methylation (K),HMGB1_HUMAN
P07900|58|K|34,P07900,HSP90AA1,58,K,34,K-34,Methylation (K),HS90A_HUMAN
P07355|88|K|34,P07355,ANXA2,88,K,34,K-34,Methylation (K),ANXA2_HUMAN
P51884|216|K|34,P51884,LUM,216,K,34,K-34,Methylation (K),LUM_HUMAN
P07737|54|K|34,P07737,PFN1,54,K,34,K-34,Methylation (K),PROF1_HUMAN
P68133|63|K|34,P68133,ACTA1,63,K,34,K-34,Methylation (K),ACTS_HUMAN
P07737|38|K|34,P07737,PFN1,38,K,34,K-34,Methylation (K),PROF1_HUMAN
P62913|52|K|34,P62913,RPL11,52,K,34,K-34,Methylation (K),RL11_HUMAN
P14625|114|K|34,P14625,HSP90B1,114,K,34,K-34,Methylation (K),ENPL_HUMAN
P07910|206|K|34,P07910,HNRNPC,206,K,34,K-34,Methylation (K),HNRPC_HUMAN
P07737|91|K|34,P07737,PFN1,91,K,34,K-34,Methylation (K),PROF1_HUMAN
P11142|112|K|34,P11142,HSPA8,112,K,34,K-34,Methylation (K),HSP7C_HUMAN
P11142|550|K|34,P11142,HSPA8,550,K,34,K-34,Methylation (K),HSP7C_HUMAN
P07900|100|K|34,P07900,HSP90AA1,100,K,34,K-34,Methylation (K),HS90A_HUMAN
P60174|175|K|34,P60174,TPI1,175,K,34,K-34,Methylation (K),TPIS_HUMAN
P07437|58|K|34,P07437,TUBB,58,K,34,K-34,Methylation (K),TBB5_HUMAN
P62979|27|K|34,P62979,RPS27A,27,K,34,K-34,Methylation (K),RS27A_HUMAN
Q15084|245|K|34,Q15084,PDIA6,245,K,34,K-34,Methylation (K),PDIA6_HUMAN
Q15366|70|K|34,Q15366,PCBP2,70,K,34,K-34,Methylation (K),PCBP2_HUMAN
P11021|446|K|34,P11021,HSPA5,446,K,34,K-34,Methylation (K),BIP_HUMAN
P60866|99|K|34,P60866,RPS20,99,K,34,K-34,Methylation (K),RS20_HUMAN
P16401|49|K|34,P16401,H1-5,49,K,34,K-34,Methylation (K),H15_HUMAN
P07305|59|K|34,P07305,H1-0,59,K,34,K-34,Methylation (K),H10_HUMAN
P68871|121|K|34,P68871,HBB,121,K,34,K-34,Methylation (K),HBB_HUMAN
P07305|85|K|34,P07305,H1-0,85,K,34,K-34,Methylation (K),H10_HUMAN
P45880|235|K|34,P45880,VDAC2,235,K,34,K-34,Methylation (K),VDAC2_HUMAN
P60174|19|K|34,P60174,TPI1,19,K,34,K-34,Methylation (K),TPIS_HUMAN
P07305|40|K|34,P07305,H1-0,40,K,34,K-34,Methylation (K),H10_HUMAN
Q01995|121|K|34,Q01995,TAGLN,121,K,34,K-34,Methylation (K),TAGL_HUMAN
Q06830|120|K|34,Q06830,PRDX1,120,K,34,K-34,Methylation (K),PRDX1_HUMAN
P23528|13|K|34,P23528,CFL1,13,K,34,K-34,Methylation (K),COF1_HUMAN
P07339|253|K|34,P07339,CTSD,253,K,34,K-34,Methylation (K),CATD_HUMAN
P52907|118|K|34,P52907,CAPZA1,118,K,34,K-34,Methylation (K),CAZA1_HUMAN
P19367|738|K|34,P19367,HK1,738,K,34,K-34,Methylation (K),HXK1_HUMAN
P07339|184|K|34,P07339,CTSD,184,K,34,K-34,Methylation (K),CATD_HUMAN
P61604|54|K|34,P61604,HSPE1,54,K,34,K-34,Methylation (K),CH10_HUMAN
P07305|27|K|34,P07305,H1-0,27,K,34,K-34,Methylation (K),H10_HUMAN
P62937|91|K|34,P62937,PPIA,91,K,34,K-34,Methylation (K),PPIA_HUMAN
Q9UQ80|311|K|34,Q9UQ80,PA2G4,311,K,34,K-34,Methylation (K),PA2G4_HUMAN
P30041|97|K|34,P30041,PRDX6,97,K,34,K-34,Methylation (K),PRDX6_HUMAN
P25705|305|K|34,P25705,ATP5F1A,305,K,34,K-34,Methylation (K),ATPA_HUMAN
P07237|81|K|34,P07237,P4HB,81,K,34,K-34,Methylation (K),PDIA1_HUMAN
Q15084|208|K|34,Q15084,PDIA6,208,K,34,K-34,Methylation (K),PDIA6_HUMAN
P07355|157|K|34,P07355,ANXA2,157,K,34,K-34,Methylation (K),ANXA2_HUMAN
P62979|63|K|34,P62979,RPS27A,63,K,34,K-34,Methylation (K),RS27A_HUMAN
P60903|37|K|34,P60903,S100A10,37,K,34,K-34,Methylation (K),S10AA_HUMAN
P07355|28|K|34,P07355,ANXA2,28,K,34,K-34,Methylation (K),ANXA2_HUMAN
P23284|84|K|34,P23284,PPIB,84,K,34,K-34,Methylation (K),PPIB_HUMAN
P18206|210|K|34,P18206,VCL,210,K,34,K-34,Methylation (K),VINC_HUMAN
P30101|460|K|34,P30101,PDIA3,460,K,34,K-34,Methylation (K),PDIA3_HUMAN
P13667|256|K|34,P13667,PDIA4,256,K,34,K-34,Methylation (K),PDIA4_HUMAN
P09382|108|K|34,P09382,LGALS1,108,K,34,K-34,Methylation (K),LEG1_HUMAN
P07355|324|K|34,P07355,ANXA2,324,K,34,K-34,Methylation (K),ANXA2_HUMAN
Q00688|70|K|34,Q00688,FKBP3,70,K,34,K-34,Methylation (K),FKBP3_HUMAN
P42166|13|K|34,P42166,TMPO,13,K,34,K-34,Methylation (K),LAP2A_HUMAN
Q02878|285|K|34,Q02878,RPL6,285,K,34,K-34,Methylation (K),RL6_HUMAN
P55786|794|K|34,P55786,NPEPPS,794,K,34,K-34,Methylation (K),PSA_HUMAN
P62829|66|K|34,P62829,RPL23,66,K,34,K-34,Methylation (K),RL23_HUMAN
P61247|240|K|34,P61247,RPS3A,240,K,34,K-34,Methylation (K),RS3A_HUMAN
P24752|66|K|34,P24752,ACAT1,66,K,34,K-34,Methylation (K),THIL_HUMAN
P07339|341|K|34,P07339,CTSD,341,K,34,K-34,Methylation (K),CATD_HUMAN
Q06830|93|K|34,Q06830,PRDX1,93,K,34,K-34,Methylation (K),PRDX1_HUMAN
Q13347|141|K|34,Q13347,EIF3I,141,K,34,K-34,Methylation (K),EIF3I_HUMAN
P07355|104|K|34,P07355,ANXA2,104,K,34,K-34,Methylation (K),ANXA2_HUMAN
P07355|115|K|34,P07355,ANXA2,115,K,34,K-34,Methylation (K),ANXA2_HUMAN
P13667|611|K|34,P13667,PDIA4,611,K,34,K-34,Methylation (K),PDIA4_HUMAN
P16401|109|K|34,P16401,H1-5,109,K,34,K-34,Methylation (K),H15_HUMAN
P26641|147|K|34,P26641,EEF1G,147,K,34,K-34,Methylation (K),EF1G_HUMAN
P31947|27|K|34,P31947,SFN,27,K,34,K-34,Methylation (K),1433S_HUMAN
P61978|102|K|34,P61978,HNRNPK,102,K,34,K-34,Methylation (K),HNRPK_HUMAN
P08708|129|K|34,P08708,RPS17,129,K,34,K-34,Methylation (K),RS17_HUMAN
P14625|135|K|34,P14625,HSP90B1,135,K,34,K-34,Methylation (K),ENPL_HUMAN
P22626|168|K|34,P22626,HNRNPA2B1,168,K,34,K-34,Methylation (K),ROA2_HUMAN
P20700|330|K|34,P20700,LMNB1,330,K,34,K-34,Methylation (K),LMNB1_HUMAN
P13010|565|K|34,P13010,XRCC5,565,K,34,K-34,Methylation (K),XRCC5_HUMAN
P05141|23|K|34,P05141,SLC25A5,23,K,34,K-34,Methylation (K),ADT2_HUMAN
P05141|10|K|34,P05141,SLC25A5,10,K,34,K-34,Methylation (K),ADT2_HUMAN
P21796|96|K|34,P21796,VDAC1,96,K,34,K-34,Methylation (K),VDAC1_HUMAN
P05204|40|K|34,P05204,HMGN2,40,K,34,K-34,Methylation (K),HMGN2_HUMAN
P05198|259|K|34,P05198,EIF2S1,259,K,34,K-34,Methylation (K),IF2A_HUMAN
Q9Y383|135|K|34,Q9Y383,LUC7L2,135,K,34,K-34,Methylation (K),LC7L2_HUMAN
Q9NR30|247|K|34,Q9NR30,DDX21,247,K,34,K-34,Methylation (K),DDX21_HUMAN
P0DMV8|550|K|34,P0DMV8,HSPA1A,550,K,34,K-34,Methylation (K),HS71A_HUMAN
Q13310|78|K|34,Q13310,PABPC4,78,K,34,K-34,Methylation (K),PABP4_HUMAN
P05091|426|K|34,P05091,ALDH2,426,K,34,K-34,Methylation (K),ALDH2_HUMAN
P42704|640|K|34,P42704,LRPPRC,640,K,34,K-34,Methylation (K),LPPRC_HUMAN
P40926|165|K|34,P40926,MDH2,165,K,34,K-34,Methylation (K),MDHM_HUMAN
P61201|123|K|34,P61201,COPS2,123,K,34,K-34,Methylation (K),CSN2_HUMAN
P48735|299|K|34,P48735,IDH2,299,K,34,K-34,Methylation (K),IDHP_HUMAN
P49411|256|K|34,P49411,TUFM,256,K,34,K-34,Methylation (K),EFTU_HUMAN
Q9UM54|232|K|34,Q9UM54,MYO6,232,K,34,K-34,Methylation (K),MYO6_HUMAN
P78371|342|K|34,P78371,CCT2,342,K,34,K-34,Methylation (K),TCPB_HUMAN
Q8IY81|678|K|34,Q8IY81,FTSJ3,678,K,34,K-34,Methylation (K),SPB1_HUMAN
P04844|523|K|34,P04844,RPN2,523,K,34,K-34,Methylation (K),RPN2_HUMAN
P52272|667|K|34,P52272,HNRNPM,667,K,34,K-34,Methylation (K),HNRPM_HUMAN
P32969|184|K|34,P32969,RPL9,184,K,34,K-34,Methylation (K),RL9_HUMAN
P05388|92|K|34,P05388,RPLP0,92,K,34,K-34,Methylation (K),RLA0_HUMAN
Q16718|40|K|34,Q16718,NDUFA5,40,K,34,K-34,Methylation (K),NDUA5_HUMAN
Q08211|1073|K|34,Q08211,DHX9,1073,K,34,K-34,Methylation (K),DHX9_HUMAN
P05114|95|K|34,P05114,HMGN1,95,K,34,K-34,Methylation (K),HMGN1_HUMAN
P07900|559|K|34,P07900,HSP90AA1,559,K,34,K-34,Methylation (K),HS90A_HUMAN
P05387|49|K|34,P05387,RPLP2,49,K,34,K-34,Methylation (K),RLA2_HUMAN
P10809|551|K|34,P10809,HSPD1,551,K,34,K-34,Methylation (K),CH60_HUMAN
P05387|25|K|34,P05387,RPLP2,25,K,34,K-34,Methylation (K),RLA2_HUMAN
P27797|151|K|34,P27797,CALR,151,K,34,K-34,Methylation (K),CALR_HUMAN
P05387|61|K|34,P05387,RPLP2,61,K,34,K-34,Methylation (K),RLA2_HUMAN
P10809|493|K|34,P10809,HSPD1,493,K,34,K-34,Methylation (K),CH60_HUMAN
Q01518|113|K|34,Q01518,CAP1,113,K,34,K-34,Methylation (K),CAP1_HUMAN
P14618|115|K|34,P14618,PKM,115,K,34,K-34,Methylation (K),KPYM_HUMAN
P05204|82|K|34,P05204,HMGN2,82,K,34,K-34,Methylation (K),HMGN2_HUMAN
P20962|4|K|34,P20962,PTMS,4,K,34,K-34,Methylation (K),PTMS_HUMAN
P23528|92|K|34,P23528,CFL1,92,K,34,K-34,Methylation (K),COF1_HUMAN
P05386|49|K|34,P05386,RPLP1,49,K,34,K-34,Methylation (K),RLA1_HUMAN
Q13885|379|K|34,Q13885,TUBB2A,379,K,34,K-34,Methylation (K),TBB2A_HUMAN
Q9H9J2|246|K|34,Q9H9J2,MRPL44,246,K,34,K-34,Methylation (K),RM44_HUMAN
P62328|32|K|34,P62328,TMSB4X,32,K,34,K-34,Methylation (K),TYB4_HUMAN
P62328|20|K|34,P62328,TMSB4X,20,K,34,K-34,Methylation (K),TYB4_HUMAN
P60174|142|K|34,P60174,TPI1,142,K,34,K-34,Methylation (K),TPIS_HUMAN
P63313|26|K|34,P63313,TMSB10,26,K,34,K-34,Methylation (K),TYB10_HUMAN
P04406|263|K|34,P04406,GAPDH,263,K,34,K-34,Methylation (K),G3P_HUMAN
P14618|207|K|34,P14618,PKM,207,K,34,K-34,Methylation (K),KPYM_HUMAN
P06703|47|K|34,P06703,S100A6,47,K,34,K-34,Methylation (K),S10A6_HUMAN
P61604|28|K|34,P61604,HSPE1,28,K,34,K-34,Methylation (K),CH10_HUMAN
P04406|260|K|34,P04406,GAPDH,260,K,34,K-34,Methylation (K),G3P_HUMAN
P58876|6|K|34,P58876,H2BC5,6,K,34,K-34,Methylation (K),H2B1D_HUMAN
P12111|885|K|34,P12111,COL6A3,885,K,34,K-34,Methylation (K),CO6A3_HUMAN
Q96A08|118|K|34,Q96A08,H2BC1,118,K,34,K-34,Methylation (K),H2B1A_HUMAN
Q96A08|122|K|34,Q96A08,H2BC1,122,K,34,K-34,Methylation (K),H2B1A_HUMAN
Q16695|123|K|34,Q16695,H3-4,123,K,34,K-34,Methylation (K),H31T_HUMAN
P04406|334|K|34,P04406,GAPDH,334,K,34,K-34,Methylation (K),G3P_HUMAN
P04406|5|K|34,P04406,GAPDH,5,K,34,K-34,Methylation (K),G3P_HUMAN
P10809|133|K|34,P10809,HSPD1,133,K,34,K-34,Methylation (K),CH60_HUMAN
P04406|219|K|34,P04406,GAPDH,219,K,34,K-34,Methylation (K),G3P_HUMAN
P08123|738|K|34,P08123,COL1A2,738,K,34,K-34,Methylation (K),CO1A2_HUMAN
P04406|254|K|34,P04406,GAPDH,254,K,34,K-34,Methylation (K),G3P_HUMAN
P19338|589|K|34,P19338,NCL,589,K,34,K-34,Methylation (K),NUCL_HUMAN
P35268|67|K|34,P35268,RPL22,67,K,34,K-34,Methylation (K),RL22_HUMAN
P04406|227|K|34,P04406,GAPDH,227,K,34,K-34,Methylation (K),G3P_HUMAN
P61353|93|K|34,P61353,RPL27,93,K,34,K-34,Methylation (K),RL27_HUMAN
P04792|198|K|34,P04792,HSPB1,198,K,34,K-34,Methylation (K),HSPB1_HUMAN
P04844|306|K|34,P04844,RPN2,306,K,34,K-34,Methylation (K),RPN2_HUMAN
P04792|114|K|34,P04792,HSPB1,114,K,34,K-34,Methylation (K),HSPB1_HUMAN
P31949|55|K|34,P31949,S100A11,55,K,34,K-34,Methylation (K),S10AB_HUMAN
P20908|1433|K|34,P20908,COL5A1,1433,K,34,K-34,Methylation (K),CO5A1_HUMAN
P08123|654|K|34,P08123,COL1A2,654,K,34,K-34,Methylation (K),CO1A2_HUMAN
Q6S8J3|915|K|34,Q6S8J3,POTEE,915,K,34,K-34,Methylation (K),POTEE_HUMAN
P04844|504|K|34,P04844,RPN2,504,K,34,K-34,Methylation (K),RPN2_HUMAN
P52907|193|K|34,P52907,CAPZA1,193,K,34,K-34,Methylation (K),CAZA1_HUMAN
P13804|139|K|34,P13804,ETFA,139,K,34,K-34,Methylation (K),ETFA_HUMAN
P29692|232|K|34,P29692,EEF1D,232,K,34,K-34,Methylation (K),EF1D_HUMAN
Q92900|200|K|34,Q92900,UPF1,200,K,34,K-34,Methylation (K),RENT1_HUMAN
Q15149|3258|K|34,Q15149,PLEC,3258,K,34,K-34,Methylation (K),PLEC_HUMAN
Q12905|80|K|34,Q12905,ILF2,80,K,34,K-34,Methylation (K),ILF2_HUMAN
Q9Y617|333|K|34,Q9Y617,PSAT1,333,K,34,K-34,Methylation (K),SERC_HUMAN
P63220|41|K|34,P63220,RPS21,41,K,34,K-34,Methylation (K),RS21_HUMAN
Q6PEY2|336|K|34,Q6PEY2,TUBA3E,336,K,34,K-34,Methylation (K),TBA3E_HUMAN
P04406|61|K|34,P04406,GAPDH,61,K,34,K-34,Methylation (K),G3P_HUMAN
P30101|82|K|34,P30101,PDIA3,82,K,34,K-34,Methylation (K),PDIA3_HUMAN
P37802|171|K|34,P37802,TAGLN2,171,K,34,K-34,Methylation (K),TAGL2_HUMAN
Q06830|7|K|34,Q06830,PRDX1,7,K,34,K-34,Methylation (K),PRDX1_HUMAN
Q6PEY2|326|K|34,Q6PEY2,TUBA3E,326,K,34,K-34,Methylation (K),TBA3E_HUMAN
P60981|121|K|34,P60981,DSTN,121,K,34,K-34,Methylation (K),DEST_HUMAN
P29401|204|K|34,P29401,TKT,204,K,34,K-34,Methylation (K),TKT_HUMAN
P06733|162|K|34,P06733,ENO1,162,K,34,K-34,Methylation (K),ENOA_HUMAN
P55145|62|K|34,P55145,MANF,62,K,34,K-34,Methylation (K),MANF_HUMAN
P40926|269|K|34,P40926,MDH2,269,K,34,K-34,Methylation (K),MDHM_HUMAN
P06733|221|K|34,P06733,ENO1,221,K,34,K-34,Methylation (K),ENOA_HUMAN
P18085|142|K|34,P18085,ARF4,142,K,34,K-34,Methylation (K),ARF4_HUMAN
P11021|213|K|34,P11021,HSPA5,213,K,34,K-34,Methylation (K),BIP_HUMAN
P06733|228|K|34,P06733,ENO1,228,K,34,K-34,Methylation (K),ENOA_HUMAN
P61604|56|K|34,P61604,HSPE1,56,K,34,K-34,Methylation (K),CH10_HUMAN
P06733|103|K|34,P06733,ENO1,103,K,34,K-34,Methylation (K),ENOA_HUMAN
P07900|69|K|34,P07900,HSP90AA1,69,K,34,K-34,Methylation (K),HS90A_HUMAN
P06703|40|K|34,P06703,S100A6,40,K,34,K-34,Methylation (K),S10A6_HUMAN
Q5TEC6|80|K|34,Q5TEC6,H3-7,80,K,34,K-34,Methylation (K),H37_HUMAN
P16401|100|K|34,P16401,H1-5,100,K,34,K-34,Methylation (K),H15_HUMAN
P16402|47|K|34,P16402,H1-3,47,K,34,K-34,Methylation (K),H13_HUMAN
P06733|126|K|34,P06733,ENO1,126,K,34,K-34,Methylation (K),ENOA_HUMAN
P40926|215|K|34,P40926,MDH2,215,K,34,K-34,Methylation (K),MDHM_HUMAN
P10412|160|K|34,P10412,H1-4,160,K,34,K-34,Methylation (K),H14_HUMAN
P08670|168|K|34,P08670,VIM,168,K,34,K-34,Methylation (K),VIME_HUMAN
P17096|46|K|34,P17096,HMGA1,46,K,34,K-34,Methylation (K),HMGA1_HUMAN
P07900|224|K|34,P07900,HSP90AA1,224,K,34,K-34,Methylation (K),HS90A_HUMAN
P63104|139|K|34,P63104,YWHAZ,139,K,34,K-34,Methylation (K),1433Z_HUMAN
P06733|28|K|34,P06733,ENO1,28,K,34,K-34,Methylation (K),ENOA_HUMAN
P68871|9|K|34,P68871,HBB,9,K,34,K-34,Methylation (K),HBB_HUMAN
P32119|135|K|34,P32119,PRDX2,135,K,34,K-34,Methylation (K),PRDX2_HUMAN
P06733|281|K|34,P06733,ENO1,281,K,34,K-34,Methylation (K),ENOA_HUMAN
P06733|335|K|34,P06733,ENO1,335,K,34,K-34,Methylation (K),ENOA_HUMAN
P32119|92|K|34,P32119,PRDX2,92,K,34,K-34,Methylation (K),PRDX2_HUMAN
Q02539|93|K|34,Q02539,H1-1,93,K,34,K-34,Methylation (K),H11_HUMAN
P06733|326|K|34,P06733,ENO1,326,K,34,K-34,Methylation (K),ENOA_HUMAN
P84077|142|K|34,P84077,ARF1,142,K,34,K-34,Methylation (K),ARF1_HUMAN
P49327|1866|K|34,P49327,FASN,1866,K,34,K-34,Methylation (K),FAS_HUMAN
P39023|193|K|34,P39023,RPL3,193,K,34,K-34,Methylation (K),RL3_HUMAN
Q05639|44|K|34,Q05639,EEF1A2,44,K,34,K-34,Methylation (K),EF1A2_HUMAN
Q99729|118|K|34,Q99729,HNRNPAB,118,K,34,K-34,Methylation (K),ROAA_HUMAN
P14618|206|K|34,P14618,PKM,206,K,34,K-34,Methylation (K),KPYM_HUMAN
P61604|80|K|34,P61604,HSPE1,80,K,34,K-34,Methylation (K),CH10_HUMAN
Q01105|167|K|34,Q01105,SET,167,K,34,K-34,Methylation (K),SET_HUMAN
P34932|603|K|34,P34932,HSPA4,603,K,34,K-34,Methylation (K),HSP74_HUMAN
P36578|157|K|34,P36578,RPL4,157,K,34,K-34,Methylation (K),RL4_HUMAN
P78527|3372|K|34,P78527,PRKDC,3372,K,34,K-34,Methylation (K),PRKDC_HUMAN
P11021|573|K|34,P11021,HSPA5,573,K,34,K-34,Methylation (K),BIP_HUMAN
P25786|256|K|34,P25786,PSMA1,256,K,34,K-34,Methylation (K),PSA1_HUMAN
P06733|262|K|34,P06733,ENO1,262,K,34,K-34,Methylation (K),ENOA_HUMAN
P14618|498|K|34,P14618,PKM,498,K,34,K-34,Methylation (K),KPYM_HUMAN
P31943|167|K|34,P31943,HNRNPH1,167,K,34,K-34,Methylation (K),HNRH1_HUMAN
P05455|165|K|34,P05455,SSB,165,K,34,K-34,Methylation (K),LA_HUMAN
P34932|84|K|34,P34932,HSPA4,84,K,34,K-34,Methylation (K),HSP74_HUMAN
P05997|785|K|34,P05997,COL5A2,785,K,34,K-34,Methylation (K),CO5A2_HUMAN
P27824|182|K|34,P27824,CANX,182,K,34,K-34,Methylation (K),CALX_HUMAN
P62820|173|K|34,P62820,RAB1A,173,K,34,K-34,Methylation (K),RAB1A_HUMAN
Q16836|202|K|34,Q16836,HADH,202,K,34,K-34,Methylation (K),HCDH_HUMAN
P13639|308|K|34,P13639,EEF2,308,K,34,K-34,Methylation (K),EF2_HUMAN
P06396|584|K|34,P06396,GSN,584,K,34,K-34,Methylation (K),GELS_HUMAN
P14625|168|K|34,P14625,HSP90B1,168,K,34,K-34,Methylation (K),ENPL_HUMAN
P06396|373|K|34,P06396,GSN,373,K,34,K-34,Methylation (K),GELS_HUMAN
P68133|115|K|34,P68133,ACTA1,115,K,34,K-34,Methylation (K),ACTS_HUMAN
P23284|71|K|34,P23284,PPIB,71,K,34,K-34,Methylation (K),PPIB_HUMAN
P05388|26|K|34,P05388,RPLP0,26,K,34,K-34,Methylation (K),RLA0_HUMAN
P05388|146|K|34,P05388,RPLP0,146,K,34,K-34,Methylation (K),RLA0_HUMAN
Q06830|168|K|34,Q06830,PRDX1,168,K,34,K-34,Methylation (K),PRDX1_HUMAN
P18124|212|K|34,P18124,RPL7,212,K,34,K-34,Methylation (K),RL7_HUMAN
P52272|83|K|34,P52272,HNRNPM,83,K,34,K-34,Methylation (K),HNRPM_HUMAN
P35579|29|K|34,P35579,MYH9,29,K,34,K-34,Methylation (K),MYH9_HUMAN
P13639|688|K|34,P13639,EEF2,688,K,34,K-34,Methylation (K),EF2_HUMAN
P11142|458|K|34,P11142,HSPA8,458,K,34,K-34,Methylation (K),HSP7C_HUMAN
P12236|23|K|34,P12236,SLC25A6,23,K,34,K-34,Methylation (K),ADT3_HUMAN
P12956|114|K|34,P12956,XRCC6,114,K,34,K-34,Methylation (K),XRCC6_HUMAN
P24534|176|K|34,P24534,EEF1B2,176,K,34,K-34,Methylation (K),EF1B_HUMAN
P05388|77|K|34,P05388,RPLP0,77,K,34,K-34,Methylation (K),RLA0_HUMAN
P68371|58|K|34,P68371,TUBB4B,58,K,34,K-34,Methylation (K),TBB4B_HUMAN
P63104|115|K|34,P63104,YWHAZ,115,K,34,K-34,Methylation (K),1433Z_HUMAN
Q13813|862|K|34,Q13813,SPTAN1,862,K,34,K-34,Methylation (K),SPTN1_HUMAN
Q9UQ80|344|K|34,Q9UQ80,PA2G4,344,K,34,K-34,Methylation (K),PA2G4_HUMAN
P55072|312|K|34,P55072,VCP,312,K,34,K-34,Methylation (K),TERA_HUMAN
P06576|480|K|34,P06576,ATP5F1B,480,K,34,K-34,Methylation (K),ATPB_HUMAN
Q96HR9|28|K|34,Q96HR9,REEP6,28,K,34,K-34,Methylation (K),REEP6_HUMAN
Q9BUF5|350|K|34,Q9BUF5,TUBB6,350,K,34,K-34,Methylation (K),TBB6_HUMAN
P06576|198|K|34,P06576,ATP5F1B,198,K,34,K-34,Methylation (K),ATPB_HUMAN
P06702|38|K|34,P06702,S100A9,38,K,34,K-34,Methylation (K),S10A9_HUMAN
P68133|52|K|34,P68133,ACTA1,52,K,34,K-34,Methylation (K),ACTS_HUMAN
P0DMV8|236|R|7,P0DMV8,HSPA1A,236,R,7,R-7,Citrulline,HS71A_HUMAN
P06454|15|K|34,P06454,PTMA,15,K,34,K-34,Methylation (K),PTMA_HUMAN
P62805|60|K|34,P62805,H4C1,60,K,34,K-34,Methylation (K),H4_HUMAN
P06396|720|K|34,P06396,GSN,720,K,34,K-34,Methylation (K),GELS_HUMAN
P06576|133|K|34,P06576,ATP5F1B,133,K,34,K-34,Methylation (K),ATPB_HUMAN
P11021|447|K|34,P11021,HSPA5,447,K,34,K-34,Methylation (K),BIP_HUMAN
P13667|234|K|34,P13667,PDIA4,234,K,34,K-34,Methylation (K),PDIA4_HUMAN
P16401|112|K|34,P16401,H1-5,112,K,34,K-34,Methylation (K),H15_HUMAN
P25705|194|K|34,P25705,ATP5F1A,194,K,34,K-34,Methylation (K),ATPA_HUMAN
P42126|61|K|34,P42126,ECI1,61,K,34,K-34,Methylation (K),ECI1_HUMAN
P38646|485|K|34,P38646,HSPA9,485,K,34,K-34,Methylation (K),GRP75_HUMAN
P38646|646|K|34,P38646,HSPA9,646,K,34,K-34,Methylation (K),GRP75_HUMAN
P67809|137|K|34,P67809,YBX1,137,K,34,K-34,Methylation (K),YBOX1_HUMAN
P55084|361|K|34,P55084,HADHB,361,K,34,K-34,Methylation (K),ECHB_HUMAN
P30101|494|K|34,P30101,PDIA3,494,K,34,K-34,Methylation (K),PDIA3_HUMAN
P30050|83|K|34,P30050,RPL12,83,K,34,K-34,Methylation (K),RL12_HUMAN
P10809|72|K|34,P10809,HSPD1,72,K,34,K-34,Methylation (K),CH60_HUMAN
P25705|161|K|34,P25705,ATP5F1A,161,K,34,K-34,Methylation (K),ATPA_HUMAN
Q04837|81|K|34,Q04837,SSBP1,81,K,34,K-34,Methylation (K),SSBP_HUMAN
P38646|234|K|34,P38646,HSPA9,234,K,34,K-34,Methylation (K),GRP75_HUMAN
P10809|387|K|34,P10809,HSPD1,387,K,34,K-34,Methylation (K),CH60_HUMAN
P36578|364|K|34,P36578,RPL4,364,K,34,K-34,Methylation (K),RL4_HUMAN
P25705|103|K|34,P25705,ATP5F1A,103,K,34,K-34,Methylation (K),ATPA_HUMAN
Q15717|85|R|7,Q15717,ELAVL1,85,R,7,R-7,Citrulline,ELAV1_HUMAN
P10809|473|K|34,P10809,HSPD1,473,K,34,K-34,Methylation (K),CH60_HUMAN
P11021|96|K|34,P11021,HSPA5,96,K,34,K-34,Methylation (K),BIP_HUMAN
P16402|53|K|34,P16402,H1-3,53,K,34,K-34,Methylation (K),H13_HUMAN
Q14764|701|K|34,Q14764,MVP,701,K,34,K-34,Methylation (K),MVP_HUMAN
Q05639|439|K|34,Q05639,EEF1A2,439,K,34,K-34,Methylation (K),EF1A2_HUMAN
P27816|346|K|34,P27816,MAP4,346,K,34,K-34,Methylation (K),MAP4_HUMAN
P62750|152|K|34,P62750,RPL23A,152,K,34,K-34,Methylation (K),RL23A_HUMAN
P14649|107|K|34,P14649,MYL6B,107,K,34,K-34,Methylation (K),MYL6B_HUMAN
P11021|464|K|34,P11021,HSPA5,464,K,34,K-34,Methylation (K),BIP_HUMAN
Q02878|94|K|34,Q02878,RPL6,94,K,34,K-34,Methylation (K),RL6_HUMAN
P35579|1477|K|34,P35579,MYH9,1477,K,34,K-34,Methylation (K),MYH9_HUMAN
P16401|93|K|34,P16401,H1-5,93,K,34,K-34,Methylation (K),H15_HUMAN
P11021|113|K|34,P11021,HSPA5,113,K,34,K-34,Methylation (K),BIP_HUMAN
P0DP24|116|K|34,P0DP24,CALM2,116,K,34,K-34,Methylation (K),CALM2_HUMAN
P60174|248|K|34,P60174,TPI1,248,K,34,K-34,Methylation (K),TPIS_HUMAN
P63261|68|K|34,P63261,ACTG1,68,K,34,K-34,Methylation (K),ACTG_HUMAN
P0DP24|31|K|34,P0DP24,CALM2,31,K,34,K-34,Methylation (K),CALM2_HUMAN
Q15084|216|K|34,Q15084,PDIA6,216,K,34,K-34,Methylation (K),PDIA6_HUMAN
P0DP24|22|K|34,P0DP24,CALM2,22,K,34,K-34,Methylation (K),CALM2_HUMAN
P21333|691|K|34,P21333,FLNA,691,K,34,K-34,Methylation (K),FLNA_HUMAN
P67936|44|K|34,P67936,TPM4,44,K,34,K-34,Methylation (K),TPM4_HUMAN
P0DMV8|71|K|34,P0DMV8,HSPA1A,71,K,34,K-34,Methylation (K),HS71A_HUMAN
P62829|123|K|34,P62829,RPL23,123,K,34,K-34,Methylation (K),RL23_HUMAN
P11142|524|K|34,P11142,HSPA8,524,K,34,K-34,Methylation (K),HSP7C_HUMAN
P11142|71|K|34,P11142,HSPA8,71,K,34,K-34,Methylation (K),HSP7C_HUMAN
P0DOY3|50|K|34,P0DOY3,IGLC3,50,K,34,K-34,Methylation (K),IGLC3_HUMAN
Q96A08|45|K|34,Q96A08,H2BC1,45,K,34,K-34,Methylation (K),H2B1A_HUMAN
P0DMV8|77|K|34,P0DMV8,HSPA1A,77,K,34,K-34,Methylation (K),HS71A_HUMAN
P61604|66|K|34,P61604,HSPE1,66,K,34,K-34,Methylation (K),CH10_HUMAN
P16402|35|K|34,P16402,H1-3,35,K,34,K-34,Methylation (K),H13_HUMAN
P10809|233|K|34,P10809,HSPD1,233,K,34,K-34,Methylation (K),CH60_HUMAN
P15880|275|K|34,P15880,RPS2,275,K,34,K-34,Methylation (K),RS2_HUMAN
P29401|456|K|34,P29401,TKT,456,K,34,K-34,Methylation (K),TKT_HUMAN
P40939|516|K|34,P40939,HADHA,516,K,34,K-34,Methylation (K),ECHA_HUMAN
P0DPK2|37|K|34,P0DPK2,H3Y1,37,K,34,K-34,Methylation (K),H3Y1_HUMAN
Q562R1|292|K|34,Q562R1,ACTBL2,292,K,34,K-34,Methylation (K),ACTBL_HUMAN
Q8NBS9|375|K|34,Q8NBS9,TXNDC5,375,K,34,K-34,Methylation (K),TXND5_HUMAN
P62913|85|K|34,P62913,RPL11,85,K,34,K-34,Methylation (K),RL11_HUMAN
P14618|305|K|34,P14618,PKM,305,K,34,K-34,Methylation (K),KPYM_HUMAN
P26447|7|K|34,P26447,S100A4,7,K,34,K-34,Methylation (K),S10A4_HUMAN
P67936|13|K|34,P67936,TPM4,13,K,34,K-34,Methylation (K),TPM4_HUMAN
Q5TEC6|28|K|34,Q5TEC6,H3-7,28,K,34,K-34,Methylation (K),H37_HUMAN
Q02539|67|K|34,Q02539,H1-1,67,K,34,K-34,Methylation (K),H11_HUMAN
P10412|168|K|34,P10412,H1-4,168,K,34,K-34,Methylation (K),H14_HUMAN
Q05682|733|K|34,Q05682,CALD1,733,K,34,K-34,Methylation (K),CALD1_HUMAN
P12109|652|K|34,P12109,COL6A1,652,K,34,K-34,Methylation (K),CO6A1_HUMAN
P62937|28|K|34,P62937,PPIA,28,K,34,K-34,Methylation (K),PPIA_HUMAN
P12110|197|K|34,P12110,COL6A2,197,K,34,K-34,Methylation (K),CO6A2_HUMAN
P12109|148|K|34,P12109,COL6A1,148,K,34,K-34,Methylation (K),CO6A1_HUMAN
P35579|682|K|34,P35579,MYH9,682,K,34,K-34,Methylation (K),MYH9_HUMAN
P35749|1152|K|34,P35749,MYH11,1152,K,34,K-34,Methylation (K),MYH11_HUMAN
P67936|132|K|34,P67936,TPM4,132,K,34,K-34,Methylation (K),TPM4_HUMAN
P61981|28|K|34,P61981,YWHAG,28,K,34,K-34,Methylation (K),1433G_HUMAN
P12956|46|K|34,P12956,XRCC6,46,K,34,K-34,Methylation (K),XRCC6_HUMAN
P11586|292|K|34,P11586,MTHFD1,292,K,34,K-34,Methylation (K),C1TC_HUMAN
P11586|733|K|34,P11586,MTHFD1,733,K,34,K-34,Methylation (K),C1TC_HUMAN
P55884|772|K|34,P55884,EIF3B,772,K,34,K-34,Methylation (K),EIF3B_HUMAN
Q10567|901|K|34,Q10567,AP1B1,901,K,34,K-34,Methylation (K),AP1B1_HUMAN
P42704|1236|K|34,P42704,LRPPRC,1236,K,34,K-34,Methylation (K),LPPRC_HUMAN
P40925|199|K|34,P40925,MDH1,199,K,34,K-34,Methylation (K),MDHC_HUMAN
P49411|405|K|34,P49411,TUFM,405,K,34,K-34,Methylation (K),EFTU_HUMAN
P12236|43|K|34,P12236,SLC25A6,43,K,34,K-34,Methylation (K),ADT3_HUMAN
Q01105|132|K|34,Q01105,SET,132,K,34,K-34,Methylation (K),SET_HUMAN
P12236|63|K|34,P12236,SLC25A6,63,K,34,K-34,Methylation (K),ADT3_HUMAN
P40939|303|K|34,P40939,HADHA,303,K,34,K-34,Methylation (K),ECHA_HUMAN
P15531|49|K|34,P15531,NME1,49,K,34,K-34,Methylation (K),NDKA_HUMAN
P15531|56|K|34,P15531,NME1,56,K,34,K-34,Methylation (K),NDKA_HUMAN
P53396|962|K|34,P53396,ACLY,962,K,34,K-34,Methylation (K),ACLY_HUMAN
Q02790|98|K|34,Q02790,FKBP4,98,K,34,K-34,Methylation (K),FKBP4_HUMAN
P68036|82|K|34,P68036,UBE2L3,82,K,34,K-34,Methylation (K),UB2L3_HUMAN
P18206|699|K|34,P18206,VCL,699,K,34,K-34,Methylation (K),VINC_HUMAN
P41250|615|K|34,P41250,GARS1,615,K,34,K-34,Methylation (K),GARS_HUMAN
P37837|215|K|34,P37837,TALDO1,215,K,34,K-34,Methylation (K),TALDO_HUMAN
P31946|140|K|34,P31946,YWHAB,140,K,34,K-34,Methylation (K),1433B_HUMAN
P08123|506|K|299,P08123,COL1A2,506,K,299,K-299,,CO1A2_HUMAN
Q99879|58|K|34,Q99879,H2BC14,58,K,34,K-34,Methylation (K),H2B1M_HUMAN
P45880|39|K|34,P45880,VDAC2,39,K,34,K-34,Methylation (K),VDAC2_HUMAN
P37837|269|K|34,P37837,TALDO1,269,K,34,K-34,Methylation (K),TALDO_HUMAN
P11142|126|K|34,P11142,HSPA8,126,K,34,K-34,Methylation (K),HSP7C_HUMAN
P11142|128|K|34,P11142,HSPA8,128,K,34,K-34,Methylation (K),HSP7C_HUMAN
P12956|182|K|34,P12956,XRCC6,182,K,34,K-34,Methylation (K),XRCC6_HUMAN
Q969H8|125|K|34,Q969H8,MYDGF,125,K,34,K-34,Methylation (K),MYDGF_HUMAN
P78371|154|K|34,P78371,CCT2,154,K,34,K-34,Methylation (K),TCPB_HUMAN
P11142|159|K|34,P11142,HSPA8,159,K,34,K-34,Methylation (K),HSP7C_HUMAN
P14625|434|K|34,P14625,HSP90B1,434,K,34,K-34,Methylation (K),ENPL_HUMAN
Q9NUQ9|199|K|34,Q9NUQ9,CYRIB,199,K,34,K-34,Methylation (K),CYRIB_HUMAN
Q9NY65|96|K|34,Q9NY65,TUBA8,96,K,34,K-34,Methylation (K),TBA8_HUMAN
P61981|152|K|34,P61981,YWHAG,152,K,34,K-34,Methylation (K),1433G_HUMAN
P11021|585|K|34,P11021,HSPA5,585,K,34,K-34,Methylation (K),BIP_HUMAN
P27824|371|R|7,P27824,CANX,371,R,7,R-7,Citrulline,CALX_HUMAN
P16435|438|R|7,P16435,POR,438,R,7,R-7,Citrulline,NCPR_HUMAN
P26038|458|K|34,P26038,MSN,458,K,34,K-34,Methylation (K),MOES_HUMAN
Q14914|25|K|34,Q14914,PTGR1,25,K,34,K-34,Methylation (K),PTGR1_HUMAN
Q02878|237|K|34,Q02878,RPL6,237,K,34,K-34,Methylation (K),RL6_HUMAN
Q07021|220|K|34,Q07021,C1QBP,220,K,34,K-34,Methylation (K),C1QBP_HUMAN
P11142|108|K|34,P11142,HSPA8,108,K,34,K-34,Methylation (K),HSP7C_HUMAN
P11142|3|K|34,P11142,HSPA8,3,K,34,K-34,Methylation (K),HSP7C_HUMAN
P30044|116|K|34,P30044,PRDX5,116,K,34,K-34,Methylation (K),PRDX5_HUMAN
P11142|561|K|34,P11142,HSPA8,561,K,34,K-34,Methylation (K),HSP7C_HUMAN
P13639|272|K|34,P13639,EEF2,272,K,34,K-34,Methylation (K),EF2_HUMAN
Q02790|354|K|34,Q02790,FKBP4,354,K,34,K-34,Methylation (K),FKBP4_HUMAN
P41250|204|K|34,P41250,GARS1,204,K,34,K-34,Methylation (K),GARS_HUMAN
P11142|187|K|34,P11142,HSPA8,187,K,34,K-34,Methylation (K),HSP7C_HUMAN
P68133|317|K|34,P68133,ACTA1,317,K,34,K-34,Methylation (K),ACTS_HUMAN
P11142|188|K|34,P11142,HSPA8,188,K,34,K-34,Methylation (K),HSP7C_HUMAN
P07910|89|K|34,P07910,HNRNPC,89,K,34,K-34,Methylation (K),HNRPC_HUMAN
P60174|33|K|34,P60174,TPI1,33,K,34,K-34,Methylation (K),TPIS_HUMAN
P23396|197|K|34,P23396,RPS3,197,K,34,K-34,Methylation (K),RS3_HUMAN
P08123|1064|K|34,P08123,COL1A2,1064,K,34,K-34,Methylation (K),CO1A2_HUMAN
P62805|78|K|34,P62805,H4C1,78,K,34,K-34,Methylation (K),H4_HUMAN
P08238|623|K|34,P08238,HSP90AB1,623,K,34,K-34,Methylation (K),HS90B_HUMAN
P08621|103|K|34,P08621,SNRNP70,103,K,34,K-34,Methylation (K),RU17_HUMAN
P08670|104|K|34,P08670,VIM,104,K,34,K-34,Methylation (K),VIME_HUMAN
Q8N257|12|K|34,Q8N257,H2BC26,12,K,34,K-34,Methylation (K),H2B3B_HUMAN
Q14847|128|K|34,Q14847,LASP1,128,K,34,K-34,Methylation (K),LASP1_HUMAN
P62195|389|K|34,P62195,PSMC5,389,K,34,K-34,Methylation (K),PRS8_HUMAN
P61923|39|K|34,P61923,COPZ1,39,K,34,K-34,Methylation (K),COPZ1_HUMAN
Q12906|565|K|34,Q12906,ILF3,565,K,34,K-34,Methylation (K),ILF3_HUMAN
Q13451|452|K|34,Q13451,FKBP5,452,K,34,K-34,Methylation (K),FKBP5_HUMAN
Q01082|497|K|34,Q01082,SPTBN1,497,K,34,K-34,Methylation (K),SPTB2_HUMAN
P62328|39|K|34,P62328,TMSB4X,39,K,34,K-34,Methylation (K),TYB4_HUMAN
P08238|491|K|34,P08238,HSP90AB1,491,K,34,K-34,Methylation (K),HS90B_HUMAN
Q09666|5562|K|34,Q09666,AHNAK,5562,K,34,K-34,Methylation (K),AHNK_HUMAN
P07900|191|K|34,P07900,HSP90AA1,191,K,34,K-34,Methylation (K),HS90A_HUMAN
P43686|192|K|34,P43686,PSMC4,192,K,34,K-34,Methylation (K),PRS6B_HUMAN
P35579|606|K|34,P35579,MYH9,606,K,34,K-34,Methylation (K),MYH9_HUMAN
P07900|292|K|34,P07900,HSP90AA1,292,K,34,K-34,Methylation (K),HS90A_HUMAN
P24534|22|K|34,P24534,EEF1B2,22,K,34,K-34,Methylation (K),EF1B_HUMAN
P16401|78|K|34,P16401,H1-5,78,K,34,K-34,Methylation (K),H15_HUMAN
P78371|441|K|34,P78371,CCT2,441,K,34,K-34,Methylation (K),TCPB_HUMAN
P14618|224|K|34,P14618,PKM,224,K,34,K-34,Methylation (K),KPYM_HUMAN
P07900|112|K|34,P07900,HSP90AA1,112,K,34,K-34,Methylation (K),HS90A_HUMAN
P16104|128|K|34,P16104,H2AX,128,K,34,K-34,Methylation (K),H2AX_HUMAN
P61604|70|K|34,P61604,HSPE1,70,K,34,K-34,Methylation (K),CH10_HUMAN
P40926|91|K|34,P40926,MDH2,91,K,34,K-34,Methylation (K),MDHM_HUMAN
Q05682|170|K|34,Q05682,CALD1,170,K,34,K-34,Methylation (K),CALD1_HUMAN
Q14204|1687|K|34,Q14204,DYNC1H1,1687,K,34,K-34,Methylation (K),DYHC1_HUMAN
Q14697|148|K|34,Q14697,GANAB,148,K,34,K-34,Methylation (K),GANAB_HUMAN
P62258|28|K|34,P62258,YWHAE,28,K,34,K-34,Methylation (K),1433E_HUMAN
P07900|631|K|34,P07900,HSP90AA1,631,K,34,K-34,Methylation (K),HS90A_HUMAN
P07900|615|K|34,P07900,HSP90AA1,615,K,34,K-34,Methylation (K),HS90A_HUMAN
P07900|478|K|34,P07900,HSP90AA1,478,K,34,K-34,Methylation (K),HS90A_HUMAN
Q58FF8|141|K|34,Q58FF8,HSP90AB2P,141,K,34,K-34,Methylation (K),H90B2_HUMAN
Q00610|112|K|34,Q00610,CLTC,112,K,34,K-34,Methylation (K),CLH1_HUMAN
P07900|558|K|34,P07900,HSP90AA1,558,K,34,K-34,Methylation (K),HS90A_HUMAN
P09493|168|K|34,P09493,TPM1,168,K,34,K-34,Methylation (K),TPM1_HUMAN
P02452|742|K|299,P02452,COL1A1,742,K,299,K-299,,CO1A1_HUMAN
P09493|77|K|34,P09493,TPM1,77,K,34,K-34,Methylation (K),TPM1_HUMAN
P51884|172|K|34,P51884,LUM,172,K,34,K-34,Methylation (K),LUM_HUMAN
P09651|350|K|34,P09651,HNRNPA1,350,K,34,K-34,Methylation (K),ROA1_HUMAN
P09651|161|K|34,P09651,HNRNPA1,161,K,34,K-34,Methylation (K),ROA1_HUMAN
Q92928|170|K|34,Q92928,RAB1C,170,K,34,K-34,Methylation (K),RAB1C_HUMAN
P61313|140|K|34,P61313,RPL15,140,K,34,K-34,Methylation (K),RL15_HUMAN
P14625|95|K|34,P14625,HSP90B1,95,K,34,K-34,Methylation (K),ENPL_HUMAN
P14314|301|K|34,P14314,PRKCSH,301,K,34,K-34,Methylation (K),GLU2B_HUMAN
P09493|118|K|34,P09493,TPM1,118,K,34,K-34,Methylation (K),TPM1_HUMAN
P22059|768|K|34,P22059,OSBP,768,K,34,K-34,Methylation (K),OSBP1_HUMAN
P14618|186|K|34,P14618,PKM,186,K,34,K-34,Methylation (K),KPYM_HUMAN
P40926|45|K|34,P40926,MDH2,45,K,34,K-34,Methylation (K),MDHM_HUMAN
P09874|747|K|34,P09874,PARP1,747,K,34,K-34,Methylation (K),PARP1_HUMAN
Q86VP6|373|K|34,Q86VP6,CAND1,373,K,34,K-34,Methylation (K),CAND1_HUMAN
Q8N0U8|79|K|34,Q8N0U8,VKORC1L1,79,K,34,K-34,Methylation (K),VKORL_HUMAN
P0DMV8|159|K|34,P0DMV8,HSPA1A,159,K,34,K-34,Methylation (K),HS71A_HUMAN
P22626|104|K|34,P22626,HNRNPA2B1,104,K,34,K-34,Methylation (K),ROA2_HUMAN
P09651|3|K|34,P09651,HNRNPA1,3,K,34,K-34,Methylation (K),ROA1_HUMAN
P09874|467|K|34,P09874,PARP1,467,K,34,K-34,Methylation (K),PARP1_HUMAN
P09874|695|K|34,P09874,PARP1,695,K,34,K-34,Methylation (K),PARP1_HUMAN
P28066|32|K|34,P28066,PSMA5,32,K,34,K-34,Methylation (K),PSA5_HUMAN
P31943|98|K|34,P31943,HNRNPH1,98,K,34,K-34,Methylation (K),HNRH1_HUMAN
P18669|138|K|34,P18669,PGAM1,138,K,34,K-34,Methylation (K),PGAM1_HUMAN
P09874|192|K|34,P09874,PARP1,192,K,34,K-34,Methylation (K),PARP1_HUMAN
P08670|292|K|34,P08670,VIM,292,K,34,K-34,Methylation (K),VIME_HUMAN
P09429|30|K|34,P09429,HMGB1,30,K,34,K-34,Methylation (K),HMGB1_HUMAN
P08670|188|K|34,P08670,VIM,188,K,34,K-34,Methylation (K),VIME_HUMAN
P09382|29|K|34,P09382,LGALS1,29,K,34,K-34,Methylation (K),LEG1_HUMAN
P60953|135|K|34,P60953,CDC42,135,K,34,K-34,Methylation (K),CDC42_HUMAN
Q05639|255|K|34,Q05639,EEF1A2,255,K,34,K-34,Methylation (K),EF1A2_HUMAN
P08670|97|K|34,P08670,VIM,97,K,34,K-34,Methylation (K),VIME_HUMAN
P11142|357|K|34,P11142,HSPA8,357,K,34,K-34,Methylation (K),HSP7C_HUMAN
P63104|49|K|34,P63104,YWHAZ,49,K,34,K-34,Methylation (K),1433Z_HUMAN
P68133|70|K|34,P68133,ACTA1,70,K,34,K-34,Methylation (K),ACTS_HUMAN
P07237|106|R|7,P07237,P4HB,106,R,7,R-7,Citrulline,PDIA1_HUMAN
Q9HAF1|69|K|1,Q9HAF1,MEAF6,69,K,1,K-1,Acetylation (K),EAF6_HUMAN
Q9Y2W2|13|K|1,Q9Y2W2,WBP11,13,K,1,K-1,Acetylation (K),WBP11_HUMAN
Q9HAF1|74|K|1,Q9HAF1,MEAF6,74,K,1,K-1,Acetylation (K),EAF6_HUMAN
Q9UQE7|106|K|1,Q9UQE7,SMC3,106,K,1,K-1,Acetylation (K),SMC3_HUMAN
Q9NV56|200|K|1,Q9NV56,MRGBP,200,K,1,K-1,Acetylation (K),MRGBP_HUMAN
Q9NQC1|32|K|1,Q9NQC1,JADE2,32,K,1,K-1,Acetylation (K),JADE2_HUMAN
Q9NQC1|38|K|1,Q9NQC1,JADE2,38,K,1,K-1,Acetylation (K),JADE2_HUMAN
Q9UQE7|105|K|1,Q9UQE7,SMC3,105,K,1,K-1,Acetylation (K),SMC3_HUMAN
Q9UNL4|127|K|1,Q9UNL4,ING4,127,K,1,K-1,Acetylation (K),ING4_HUMAN
Q9UNL4|129|K|1,Q9UNL4,ING4,129,K,1,K-1,Acetylation (K),ING4_HUMAN
Q99525|13|K|1,Q99525,H4C7,13,K,1,K-1,Acetylation (K),H4G_HUMAN
Q99525|9|K|1,Q99525,H4C7,9,K,1,K-1,Acetylation (K),H4G_HUMAN
Q99986|293|K|1,Q99986,VRK1,293,K,1,K-1,Acetylation (K),VRK1_HUMAN
Q07065|566|K|34,Q07065,CKAP4,566,K,34,K-34,Methylation (K),CKAP4_HUMAN
Q9BQ61|146|K|1,Q9BQ61,TRIR,146,K,1,K-1,Acetylation (K),TRIR_HUMAN
Q96HW7|26|K|1,Q96HW7,INTS4,26,K,1,K-1,Acetylation (K),INT4_HUMAN
Q9NPF5|27|K|1,Q9NPF5,DMAP1,27,K,1,K-1,Acetylation (K),DMAP1_HUMAN
Q96KR1|509|K|1,Q96KR1,ZFR,509,K,1,K-1,Acetylation (K),ZFR_HUMAN
Q9GZZ1|37|K|1,Q9GZZ1,NAA50,37,K,1,K-1,Acetylation (K),NAA50_HUMAN
Q9GZZ1|34|K|1,Q9GZZ1,NAA50,34,K,1,K-1,Acetylation (K),NAA50_HUMAN
Q5TEC6|10|K|37,Q5TEC6,H3-7,10,K,37,K-37,Methylation (K),H37_HUMAN
Q9H0E9|85|K|1,Q9H0E9,BRD8,85,K,1,K-1,Acetylation (K),BRD8_HUMAN
Q9Y6Q9|687|K|1,Q9Y6Q9,NCOA3,687,K,1,K-1,Acetylation (K),NCOA3_HUMAN
Q9H0C2|104|K|1,Q9H0C2,SLC25A31,104,K,1,K-1,Acetylation (K),ADT4_HUMAN
Q9BR39|647|K|1,Q9BR39,JPH2,647,K,1,K-1,Acetylation (K),JPH2_HUMAN
Q9BR39|651|K|1,Q9BR39,JPH2,651,K,1,K-1,Acetylation (K),JPH2_HUMAN
Q9C0J8|46|K|1,Q9C0J8,WDR33,46,K,1,K-1,Acetylation (K),WDR33_HUMAN
O43707|300|K|34,O43707,ACTN4,300,K,34,K-34,Methylation (K),ACTN4_HUMAN
O43592|752|K|34,O43592,XPOT,752,K,34,K-34,Methylation (K),XPOT_HUMAN
Q13185|141|K|34,Q13185,CBX3,141,K,34,K-34,Methylation (K),CBX3_HUMAN
O43795|1021|K|34,O43795,MYO1B,1021,K,34,K-34,Methylation (K),MYO1B_HUMAN
O75369|1449|K|34,O75369,FLNB,1449,K,34,K-34,Methylation (K),FLNB_HUMAN
O43707|853|K|34,O43707,ACTN4,853,K,34,K-34,Methylation (K),ACTN4_HUMAN
P52565|167|K|34,P52565,ARHGDIA,167,K,34,K-34,Methylation (K),GDIR1_HUMAN
O14980|88|K|34,O14980,XPO1,88,K,34,K-34,Methylation (K),XPO1_HUMAN
O75369|1207|K|34,O75369,FLNB,1207,K,34,K-34,Methylation (K),FLNB_HUMAN
O14980|810|K|34,O14980,XPO1,810,K,34,K-34,Methylation (K),XPO1_HUMAN
Q06323|35|K|34,Q06323,PSME1,35,K,34,K-34,Methylation (K),PSME1_HUMAN
Q07955|138|K|34,Q07955,SRSF1,138,K,34,K-34,Methylation (K),SRSF1_HUMAN
Q9P2R7|242|K|34,Q9P2R7,SUCLA2,242,K,34,K-34,Methylation (K),SUCB1_HUMAN
O14980|415|K|34,O14980,XPO1,415,K,34,K-34,Methylation (K),XPO1_HUMAN
Q15404|208|K|34,Q15404,RSU1,208,K,34,K-34,Methylation (K),RSU1_HUMAN
P30041|141|K|34,P30041,PRDX6,141,K,34,K-34,Methylation (K),PRDX6_HUMAN
O43390|359|K|34,O43390,HNRNPR,359,K,34,K-34,Methylation (K),HNRPR_HUMAN
P18085|30|K|34,P18085,ARF4,30,K,34,K-34,Methylation (K),ARF4_HUMAN
Q9Y490|999|K|34,Q9Y490,TLN1,999,K,34,K-34,Methylation (K),TLN1_HUMAN
Q86VP6|873|K|34,Q86VP6,CAND1,873,K,34,K-34,Methylation (K),CAND1_HUMAN
P62318|78|K|34,P62318,SNRPD3,78,K,34,K-34,Methylation (K),SMD3_HUMAN
O75323|143|K|34,O75323,NIPSNAP2,143,K,34,K-34,Methylation (K),NIPS2_HUMAN
Q15149|3590|K|34,Q15149,PLEC,3590,K,34,K-34,Methylation (K),PLEC_HUMAN
O75223|171|K|34,O75223,GGCT,171,K,34,K-34,Methylation (K),GGCT_HUMAN
Q04637|964|K|34,Q04637,EIF4G1,964,K,34,K-34,Methylation (K),IF4G1_HUMAN
O75390|43|K|34,O75390,CS,43,K,34,K-34,Methylation (K),CISY_HUMAN
O75526|63|K|34,O75526,RBMXL2,63,K,34,K-34,Methylation (K),RMXL2_HUMAN
P23284|67|K|34,P23284,PPIB,67,K,34,K-34,Methylation (K),PPIB_HUMAN
O43809|50|K|34,O43809,NUDT21,50,K,34,K-34,Methylation (K),CPSF5_HUMAN
Q15436|46|K|34,Q15436,SEC23A,46,K,34,K-34,Methylation (K),SC23A_HUMAN
Q9NX40|64|K|34,Q9NX40,OCIAD1,64,K,34,K-34,Methylation (K),OCAD1_HUMAN
Q9Y490|1780|K|34,Q9Y490,TLN1,1780,K,34,K-34,Methylation (K),TLN1_HUMAN
Q8TAQ2|872|K|34,Q8TAQ2,SMARCC2,872,K,34,K-34,Methylation (K),SMRC2_HUMAN
P53621|1044|K|34,P53621,COPA,1044,K,34,K-34,Methylation (K),COPA_HUMAN
O60506|356|K|34,O60506,SYNCRIP,356,K,34,K-34,Methylation (K),HNRPQ_HUMAN
O75934|210|K|34,O75934,BCAS2,210,K,34,K-34,Methylation (K),SPF27_HUMAN
O60701|329|K|34,O60701,UGDH,329,K,34,K-34,Methylation (K),UGDH_HUMAN
P68366|352|K|34,P68366,TUBA4A,352,K,34,K-34,Methylation (K),TBA4A_HUMAN
E9PAV3|1990|K|34,E9PAV3,NACA,1990,K,34,K-34,Methylation (K),NACAM_HUMAN
P50395|390|K|34,P50395,GDI2,390,K,34,K-34,Methylation (K),GDIB_HUMAN
P51148|180|K|34,P51148,RAB5C,180,K,34,K-34,Methylation (K),RAB5C_HUMAN
P27824|193|K|34,P27824,CANX,193,K,34,K-34,Methylation (K),CALX_HUMAN
Q15365|70|K|34,Q15365,PCBP1,70,K,34,K-34,Methylation (K),PCBP1_HUMAN
O00217|49|K|34,O00217,NDUFS8,49,K,34,K-34,Methylation (K),NDUS8_HUMAN
E9PAV3|2005|K|34,E9PAV3,NACA,2005,K,34,K-34,Methylation (K),NACAM_HUMAN
P27816|304|K|34,P27816,MAP4,304,K,34,K-34,Methylation (K),MAP4_HUMAN
O00629|475|K|34,O00629,KPNA4,475,K,34,K-34,Methylation (K),IMA3_HUMAN
P00403|98|K|34,P00403,MT-CO2,98,K,34,K-34,Methylation (K),COX2_HUMAN
A6NHL2|401|K|34,A6NHL2,TUBAL3,401,K,34,K-34,Methylation (K),TBAL3_HUMAN
O00571|440|K|34,O00571,DDX3X,440,K,34,K-34,Methylation (K),DDX3X_HUMAN
P55010|288|K|34,P55010,EIF5,288,K,34,K-34,Methylation (K),IF5_HUMAN
P01009|178|K|34,P01009,SERPINA1,178,K,34,K-34,Methylation (K),A1AT_HUMAN
Q9NR45|333|K|34,Q9NR45,NANS,333,K,34,K-34,Methylation (K),SIAS_HUMAN
O14979|197|K|34,O14979,HNRNPDL,197,K,34,K-34,Methylation (K),HNRDL_HUMAN
O00231|59|K|34,O00231,PSMD11,59,K,34,K-34,Methylation (K),PSD11_HUMAN
P12956|123|K|34,P12956,XRCC6,123,K,34,K-34,Methylation (K),XRCC6_HUMAN
Q9NR45|315|K|34,Q9NR45,NANS,315,K,34,K-34,Methylation (K),SIAS_HUMAN
O00410|632|K|34,O00410,IPO5,632,K,34,K-34,Methylation (K),IPO5_HUMAN
P00338|14|K|34,P00338,LDHA,14,K,34,K-34,Methylation (K),LDHA_HUMAN
Q562R1|329|K|1,Q562R1,ACTBL2,329,K,1,K-1,Acetylation (K),ACTBL_HUMAN
P63261|312|R|7,P63261,ACTG1,312,R,7,R-7,Citrulline,ACTG_HUMAN
Q562R1|192|K|1,Q562R1,ACTBL2,192,K,1,K-1,Acetylation (K),ACTBL_HUMAN
Q5HYC2|745|K|1,Q5HYC2,KIAA2026,745,K,1,K-1,Acetylation (K),K2026_HUMAN
Q5TEC6|19|K|1,Q5TEC6,H3-7,19,K,1,K-1,Acetylation (K),H37_HUMAN
Q3SY69|681|K|1,Q3SY69,ALDH1L2,681,K,1,K-1,Acetylation (K),AL1L2_HUMAN
Q9NR45|290|K|1,Q9NR45,NANS,290,K,1,K-1,Acetylation (K),SIAS_HUMAN
P61981|19|R|7,P61981,YWHAG,19,R,7,R-7,Citrulline,1433G_HUMAN
Q5TEC6|15|K|1,Q5TEC6,H3-7,15,K,1,K-1,Acetylation (K),H37_HUMAN
Q5QNW6|21|K|1,Q5QNW6,H2BC18,21,K,1,K-1,Acetylation (K),H2B2F_HUMAN
Q5QNW6|24|K|1,Q5QNW6,H2BC18,24,K,1,K-1,Acetylation (K),H2B2F_HUMAN
Q9P0K7|936|K|1,Q9P0K7,RAI14,936,K,1,K-1,Acetylation (K),RAI14_HUMAN
Q5QNW6|6|K|1,Q5QNW6,H2BC18,6,K,1,K-1,Acetylation (K),H2B2F_HUMAN
Q8N257|6|K|1,Q8N257,H2BC26,6,K,1,K-1,Acetylation (K),H2B3B_HUMAN
Q15185|7|K|1,Q15185,PTGES3,7,K,1,K-1,Acetylation (K),TEBP_HUMAN
Q6UB35|189|K|1,Q6UB35,MTHFD1L,189,K,1,K-1,Acetylation (K),C1TM_HUMAN
Q8N257|13|K|1,Q8N257,H2BC26,13,K,1,K-1,Acetylation (K),H2B3B_HUMAN
Q15185|35|K|1,Q15185,PTGES3,35,K,1,K-1,Acetylation (K),TEBP_HUMAN
Q92945|266|K|1,Q92945,KHSRP,266,K,1,K-1,Acetylation (K),FUBP2_HUMAN
Q9UF56|211|K|1,Q9UF56,FBXL17,211,K,1,K-1,Acetylation (K),FXL17_HUMAN
Q15554|335|K|1,Q15554,TERF2,335,K,1,K-1,Acetylation (K),TERF2_HUMAN
Q15233|371|K|1,Q15233,NONO,371,K,1,K-1,Acetylation (K),NONO_HUMAN
Q9H8E8|292|K|1,Q9H8E8,KAT14,292,K,1,K-1,Acetylation (K),CSR2B_HUMAN
Q15287|218|K|1,Q15287,RNPS1,218,K,1,K-1,Acetylation (K),RNPS1_HUMAN
P37802|182|R|7,P37802,TAGLN2,182,R,7,R-7,Citrulline,TAGL2_HUMAN
P22626|82|R|7,P22626,HNRNPA2B1,82,R,7,R-7,Citrulline,ROA2_HUMAN
Q14980|2071|K|1,Q14980,NUMA1,2071,K,1,K-1,Acetylation (K),NUMA1_HUMAN
Q96KR1|495|K|1,Q96KR1,ZFR,495,K,1,K-1,Acetylation (K),ZFR_HUMAN
Q14980|2070|K|1,Q14980,NUMA1,2070,K,1,K-1,Acetylation (K),NUMA1_HUMAN
P48735|48|K|64,P48735,IDH2,48,K,64,K-64,,IDHP_HUMAN
Q5T8P6|709|K|1,Q5T8P6,RBM26,709,K,1,K-1,Acetylation (K),RBM26_HUMAN
Q15181|57|K|1,Q15181,PPA1,57,K,1,K-1,Acetylation (K),IPYR_HUMAN
Q16630|79|K|1,Q16630,CPSF6,79,K,1,K-1,Acetylation (K),CPSF6_HUMAN
Q16181|208|K|1,Q16181,SEPTIN7,208,K,1,K-1,Acetylation (K),SEPT7_HUMAN
Q15651|13|K|1,Q15651,HMGN3,13,K,1,K-1,Acetylation (K),HMGN3_HUMAN
Q9UBE0|195|K|1,Q9UBE0,SAE1,195,K,1,K-1,Acetylation (K),SAE1_HUMAN
Q16658|41|K|1,Q16658,FSCN1,41,K,1,K-1,Acetylation (K),FSCN1_HUMAN
Q16576|119|K|1,Q16576,RBBP7,119,K,1,K-1,Acetylation (K),RBBP7_HUMAN
Q92793|1620|K|1,Q92793,CREBBP,1620,K,1,K-1,Acetylation (K),CBP_HUMAN
Q15459|486|K|1,Q15459,SF3A1,486,K,1,K-1,Acetylation (K),SF3A1_HUMAN
Q15596|780|K|1,Q15596,NCOA2,780,K,1,K-1,Acetylation (K),NCOA2_HUMAN
Q96A08|122|K|1,Q96A08,H2BC1,122,K,1,K-1,Acetylation (K),H2B1A_HUMAN
Q15596|640|K|1,Q15596,NCOA2,640,K,1,K-1,Acetylation (K),NCOA2_HUMAN
Q9Y262|465|K|1,Q9Y262,EIF3L,465,K,1,K-1,Acetylation (K),EIF3L_HUMAN
Q9UKA9|92|K|1,Q9UKA9,PTBP2,92,K,1,K-1,Acetylation (K),PTBP2_HUMAN
Q92793|1627|K|1,Q92793,CREBBP,1627,K,1,K-1,Acetylation (K),CBP_HUMAN
Q92793|1741|K|1,Q92793,CREBBP,1741,K,1,K-1,Acetylation (K),CBP_HUMAN
Q92793|1744|K|1,Q92793,CREBBP,1744,K,1,K-1,Acetylation (K),CBP_HUMAN
Q92793|1762|K|1,Q92793,CREBBP,1762,K,1,K-1,Acetylation (K),CBP_HUMAN
Q92793|1586|K|1,Q92793,CREBBP,1586,K,1,K-1,Acetylation (K),CBP_HUMAN
Q92793|1583|K|1,Q92793,CREBBP,1583,K,1,K-1,Acetylation (K),CBP_HUMAN
Q92793|1597|K|1,Q92793,CREBBP,1597,K,1,K-1,Acetylation (K),CBP_HUMAN
Q96EZ8|130|K|1,Q96EZ8,MCRS1,130,K,1,K-1,Acetylation (K),MCRS1_HUMAN
Q86V81|4|K|1,Q86V81,ALYREF,4,K,1,K-1,Acetylation (K),THOC4_HUMAN
P61956|11|K|535,P61956,SUMO2,11,K,535,K-535,K-GlyGly,SUMO2_HUMAN
Q86V81|235|K|1,Q86V81,ALYREF,235,K,1,K-1,Acetylation (K),THOC4_HUMAN
P48047|117|R|7,P48047,ATP5PO,117,R,7,R-7,Citrulline,ATPO_HUMAN
Q6IN85|655|K|1,Q6IN85,PPP4R3A,655,K,1,K-1,Acetylation (K),P4R3A_HUMAN
Q5TEC6|24|K|1,Q5TEC6,H3-7,24,K,1,K-1,Acetylation (K),H37_HUMAN
Q16695|80|K|34,Q16695,H3-4,80,K,34,K-34,Methylation (K),H31T_HUMAN
Q8TA86|118|K|1,Q8TA86,RP9,118,K,1,K-1,Acetylation (K),RP9_HUMAN
Q9BR39|652|K|1,Q9BR39,JPH2,652,K,1,K-1,Acetylation (K),JPH2_HUMAN
Q8N257|12|K|1,Q8N257,H2BC26,12,K,1,K-1,Acetylation (K),H2B3B_HUMAN
Q96JY6|282|K|1,Q96JY6,PDLIM2,282,K,1,K-1,Acetylation (K),PDLI2_HUMAN
Q8N257|24|K|1,Q8N257,H2BC26,24,K,1,K-1,Acetylation (K),H2B3B_HUMAN
Q8N257|21|K|1,Q8N257,H2BC26,21,K,1,K-1,Acetylation (K),H2B3B_HUMAN
P02452|586|K|34,P02452,COL1A1,586,K,34,K-34,Methylation (K),CO1A1_HUMAN
P69905|17|K|34,P69905,HBA1;,17,K,34,K-34,Methylation (K),HBA_HUMAN
P02452|505|K|34,P02452,COL1A1,505,K,34,K-34,Methylation (K),CO1A1_HUMAN
P02452|742|K|34,P02452,COL1A1,742,K,34,K-34,Methylation (K),CO1A1_HUMAN
P08123|380|K|34,P08123,COL1A2,380,K,34,K-34,Methylation (K),CO1A2_HUMAN
P02461|982|K|34,P02461,COL3A1,982,K,34,K-34,Methylation (K),CO3A1_HUMAN
P02452|594|K|34,P02452,COL1A1,594,K,34,K-34,Methylation (K),CO1A1_HUMAN
P02452|594|K|299,P02452,COL1A1,594,K,299,K-299,,CO1A1_HUMAN
P0DOY3|60|K|34,P0DOY3,IGLC3,60,K,34,K-34,Methylation (K),IGLC3_HUMAN
Q8NA03|13|K|34,Q8NA03,FSIP1,13,K,34,K-34,Methylation (K),FSIP1_HUMAN
P02452|442|K|34,P02452,COL1A1,442,K,34,K-34,Methylation (K),CO1A1_HUMAN
P02452|751|K|34,P02452,COL1A1,751,K,34,K-34,Methylation (K),CO1A1_HUMAN
P55072|8|K|34,P55072,VCP,8,K,34,K-34,Methylation (K),TERA_HUMAN
P02452|277|K|34,P02452,COL1A1,277,K,34,K-34,Methylation (K),CO1A1_HUMAN
P02452|468|K|34,P02452,COL1A1,468,K,34,K-34,Methylation (K),CO1A1_HUMAN
P02461|503|K|34,P02461,COL3A1,503,K,34,K-34,Methylation (K),CO3A1_HUMAN
P02452|448|K|34,P02452,COL1A1,448,K,34,K-34,Methylation (K),CO1A1_HUMAN
P08123|974|K|34,P08123,COL1A2,974,K,34,K-34,Methylation (K),CO1A2_HUMAN
P02675|247|K|34,P02675,FGB,247,K,34,K-34,Methylation (K),FIBB_HUMAN
P02461|740|K|34,P02461,COL3A1,740,K,34,K-34,Methylation (K),CO3A1_HUMAN
P02461|977|K|34,P02461,COL3A1,977,K,34,K-34,Methylation (K),CO3A1_HUMAN
P15531|100|K|34,P15531,NME1,100,K,34,K-34,Methylation (K),NDKA_HUMAN
P27482|116|K|34,P27482,CALML3,116,K,34,K-34,Methylation (K),CALL3_HUMAN
P02452|759|K|34,P02452,COL1A1,759,K,34,K-34,Methylation (K),CO1A1_HUMAN
P07585|74|K|34,P07585,DCN,74,K,34,K-34,Methylation (K),PGS2_HUMAN
P02452|984|K|34,P02452,COL1A1,984,K,34,K-34,Methylation (K),CO1A1_HUMAN
P02042|121|K|34,P02042,HBD,121,K,34,K-34,Methylation (K),HBD_HUMAN
P02787|225|K|34,P02787,TF,225,K,34,K-34,Methylation (K),TRFE_HUMAN
P01876|212|K|34,P01876,IGHA1,212,K,34,K-34,Methylation (K),IGHA1_HUMAN
P02042|145|K|34,P02042,HBD,145,K,34,K-34,Methylation (K),HBD_HUMAN
P02042|67|K|34,P02042,HBD,67,K,34,K-34,Methylation (K),HBD_HUMAN
P35579|679|K|34,P35579,MYH9,679,K,34,K-34,Methylation (K),MYH9_HUMAN
P01871|112|K|34,P01871,IGHM,112,K,34,K-34,Methylation (K),IGHM_HUMAN
P01860|264|K|34,P01860,IGHG3,264,K,34,K-34,Methylation (K),IGHG3_HUMAN
P01871|376|K|34,P01871,IGHM,376,K,34,K-34,Methylation (K),IGHM_HUMAN
Q06830|136|K|34,Q06830,PRDX1,136,K,34,K-34,Methylation (K),PRDX1_HUMAN
P02042|9|K|34,P02042,HBD,9,K,34,K-34,Methylation (K),HBD_HUMAN
P02042|96|K|34,P02042,HBD,96,K,34,K-34,Methylation (K),HBD_HUMAN
P60981|92|K|34,P60981,DSTN,92,K,34,K-34,Methylation (K),DEST_HUMAN
P02042|18|K|34,P02042,HBD,18,K,34,K-34,Methylation (K),HBD_HUMAN
P02042|60|K|34,P02042,HBD,60,K,34,K-34,Methylation (K),HBD_HUMAN
P18669|176|K|34,P18669,PGAM1,176,K,34,K-34,Methylation (K),PGAM1_HUMAN
P02763|170|K|34,P02763,ORM1,170,K,34,K-34,Methylation (K),A1AG1_HUMAN
P62937|44|K|34,P62937,PPIA,44,K,34,K-34,Methylation (K),PPIA_HUMAN
P02679|292|K|34,P02679,FGG,292,K,34,K-34,Methylation (K),FIBG_HUMAN
P02675|163|K|34,P02675,FGB,163,K,34,K-34,Methylation (K),FIBB_HUMAN
P02671|71|K|34,P02671,FGA,71,K,34,K-34,Methylation (K),FIBA_HUMAN
P04406|139|K|34,P04406,GAPDH,139,K,34,K-34,Methylation (K),G3P_HUMAN
P04083|90|K|34,P04083,ANXA1,90,K,34,K-34,Methylation (K),ANXA1_HUMAN
P04406|186|K|34,P04406,GAPDH,186,K,34,K-34,Methylation (K),G3P_HUMAN
P04406|145|K|34,P04406,GAPDH,145,K,34,K-34,Methylation (K),G3P_HUMAN
P78527|2818|K|34,P78527,PRKDC,2818,K,34,K-34,Methylation (K),PRKDC_HUMAN
P02792|106|K|34,P02792,FTL,106,K,34,K-34,Methylation (K),FRIL_HUMAN
P69905|61|K|34,P69905,HBA1;,61,K,34,K-34,Methylation (K),HBA_HUMAN
P04083|312|K|34,P04083,ANXA1,312,K,34,K-34,Methylation (K),ANXA1_HUMAN
P02545|233|K|34,P02545,LMNA,233,K,34,K-34,Methylation (K),LMNA_HUMAN
Q9Y4L1|463|K|34,Q9Y4L1,HYOU1,463,K,34,K-34,Methylation (K),HYOU1_HUMAN
P02545|470|K|34,P02545,LMNA,470,K,34,K-34,Methylation (K),LMNA_HUMAN
P02545|144|K|34,P02545,LMNA,144,K,34,K-34,Methylation (K),LMNA_HUMAN
P15311|184|K|34,P15311,EZR,184,K,34,K-34,Methylation (K),EZRI_HUMAN
P02647|157|K|34,P02647,APOA1,157,K,34,K-34,Methylation (K),APOA1_HUMAN
P02671|210|K|34,P02671,FGA,210,K,34,K-34,Methylation (K),FIBA_HUMAN
P02671|202|K|34,P02671,FGA,202,K,34,K-34,Methylation (K),FIBA_HUMAN
P62937|82|K|34,P62937,PPIA,82,K,34,K-34,Methylation (K),PPIA_HUMAN
P02647|206|K|34,P02647,APOA1,206,K,34,K-34,Methylation (K),APOA1_HUMAN
P05204|76|K|34,P05204,HMGN2,76,K,34,K-34,Methylation (K),HMGN2_HUMAN
P21333|2367|K|34,P21333,FLNA,2367,K,34,K-34,Methylation (K),FLNA_HUMAN
P02647|164|K|34,P02647,APOA1,164,K,34,K-34,Methylation (K),APOA1_HUMAN
P02647|36|K|34,P02647,APOA1,36,K,34,K-34,Methylation (K),APOA1_HUMAN
P02647|232|K|34,P02647,APOA1,232,K,34,K-34,Methylation (K),APOA1_HUMAN
P62328|26|K|34,P62328,TMSB4X,26,K,34,K-34,Methylation (K),TYB4_HUMAN
P16401|55|K|34,P16401,H1-5,55,K,34,K-34,Methylation (K),H15_HUMAN
P00338|81|K|34,P00338,LDHA,81,K,34,K-34,Methylation (K),LDHA_HUMAN
P23528|45|K|34,P23528,CFL1,45,K,34,K-34,Methylation (K),COF1_HUMAN
P00558|131|K|34,P00558,PGK1,131,K,34,K-34,Methylation (K),PGK1_HUMAN
P55072|614|K|34,P55072,VCP,614,K,34,K-34,Methylation (K),TERA_HUMAN
P00338|57|K|34,P00338,LDHA,57,K,34,K-34,Methylation (K),LDHA_HUMAN
P00338|5|K|34,P00338,LDHA,5,K,34,K-34,Methylation (K),LDHA_HUMAN
P00558|264|K|34,P00558,PGK1,264,K,34,K-34,Methylation (K),PGK1_HUMAN
P07237|222|K|34,P07237,P4HB,222,K,34,K-34,Methylation (K),PDIA1_HUMAN
P00558|220|K|34,P00558,PGK1,220,K,34,K-34,Methylation (K),PGK1_HUMAN
P01011|360|K|34,P01011,SERPINA3,360,K,34,K-34,Methylation (K),AACT_HUMAN
P51858|96|K|34,P51858,HDGF,96,K,34,K-34,Methylation (K),HDGF_HUMAN
P00966|209|K|34,P00966,ASS1,209,K,34,K-34,Methylation (K),ASSY_HUMAN
P00558|291|K|34,P00558,PGK1,291,K,34,K-34,Methylation (K),PGK1_HUMAN
P00558|279|K|34,P00558,PGK1,279,K,34,K-34,Methylation (K),PGK1_HUMAN
P00558|184|K|34,P00558,PGK1,184,K,34,K-34,Methylation (K),PGK1_HUMAN
P00558|156|K|34,P00558,PGK1,156,K,34,K-34,Methylation (K),PGK1_HUMAN
P01011|315|K|34,P01011,SERPINA3,315,K,34,K-34,Methylation (K),AACT_HUMAN
P23528|144|K|34,P23528,CFL1,144,K,34,K-34,Methylation (K),COF1_HUMAN
P07900|632|K|34,P07900,HSP90AA1,632,K,34,K-34,Methylation (K),HS90A_HUMAN
P00558|199|K|34,P00558,PGK1,199,K,34,K-34,Methylation (K),PGK1_HUMAN
P00738|131|K|34,P00738,HP,131,K,34,K-34,Methylation (K),HPT_HUMAN
O75874|260|K|34,O75874,IDH1,260,K,34,K-34,Methylation (K),IDHC_HUMAN
Q9NR30|199|K|34,Q9NR30,DDX21,199,K,34,K-34,Methylation (K),DDX21_HUMAN
O75947|95|K|34,O75947,ATP5PD,95,K,34,K-34,Methylation (K),ATP5H_HUMAN
P55060|574|K|34,P55060,CSE1L,574,K,34,K-34,Methylation (K),XPO2_HUMAN
Q01105|68|K|34,Q01105,SET,68,K,34,K-34,Methylation (K),SET_HUMAN
P21796|20|K|34,P21796,VDAC1,20,K,34,K-34,Methylation (K),VDAC1_HUMAN
O75436|51|K|34,O75436,VPS26A,51,K,34,K-34,Methylation (K),VP26A_HUMAN
P36542|79|K|34,P36542,ATP5F1C,79,K,34,K-34,Methylation (K),ATPG_HUMAN
Q15287|186|K|34,Q15287,RNPS1,186,K,34,K-34,Methylation (K),RNPS1_HUMAN
Q15691|122|K|34,Q15691,MAPRE1,122,K,34,K-34,Methylation (K),MARE1_HUMAN
O75489|71|K|34,O75489,NDUFS3,71,K,34,K-34,Methylation (K),NDUS3_HUMAN
Q562R1|192|K|34,Q562R1,ACTBL2,192,K,34,K-34,Methylation (K),ACTBL_HUMAN
O95831|337|K|34,O95831,AIFM1,337,K,34,K-34,Methylation (K),AIFM1_HUMAN
Q14103|197|K|34,Q14103,HNRNPD,197,K,34,K-34,Methylation (K),HNRPD_HUMAN
P00338|222|K|34,P00338,LDHA,222,K,34,K-34,Methylation (K),LDHA_HUMAN
P00338|224|K|34,P00338,LDHA,224,K,34,K-34,Methylation (K),LDHA_HUMAN
O95373|182|K|34,O95373,IPO7,182,K,34,K-34,Methylation (K),IPO7_HUMAN
P49327|1752|K|34,P49327,FASN,1752,K,34,K-34,Methylation (K),FAS_HUMAN
P49368|248|K|34,P49368,CCT3,248,K,34,K-34,Methylation (K),TCPG_HUMAN
O76021|276|K|34,O76021,RSL1D1,276,K,34,K-34,Methylation (K),RL1D1_HUMAN
P17980|144|K|34,P17980,PSMC3,144,K,34,K-34,Methylation (K),PRS6A_HUMAN
P48444|38|K|34,P48444,ARCN1,38,K,34,K-34,Methylation (K),COPD_HUMAN
O95394|486|K|34,O95394,PGM3,486,K,34,K-34,Methylation (K),AGM1_HUMAN
Q9H853|35|K|34,Q9H853,TUBA4B,35,K,34,K-34,Methylation (K),TBA4B_HUMAN
P01834|76|K|34,P01834,IGKC,76,K,34,K-34,Methylation (K),IGKC_HUMAN
P01834|83|K|34,P01834,IGKC,83,K,34,K-34,Methylation (K),IGKC_HUMAN
P01857|16|K|34,P01857,IGHG1,16,K,34,K-34,Methylation (K),IGHG1_HUMAN
P21333|1071|K|34,P21333,FLNA,1071,K,34,K-34,Methylation (K),FLNA_HUMAN
P01024|904|K|34,P01024,C3,904,K,34,K-34,Methylation (K),CO3_HUMAN
P06733|233|K|34,P06733,ENO1,233,K,34,K-34,Methylation (K),ENOA_HUMAN
P01834|38|K|34,P01834,IGKC,38,K,34,K-34,Methylation (K),IGKC_HUMAN
P60660|56|K|34,P60660,MYL6,56,K,34,K-34,Methylation (K),MYL6_HUMAN
P01859|213|K|34,P01859,IGHG2,213,K,34,K-34,Methylation (K),IGHG2_HUMAN
P63104|68|K|34,P63104,YWHAZ,68,K,34,K-34,Methylation (K),1433Z_HUMAN
P01859|288|K|34,P01859,IGHG2,288,K,34,K-34,Methylation (K),IGHG2_HUMAN
P01860|256|K|34,P01860,IGHG3,256,K,34,K-34,Methylation (K),IGHG3_HUMAN
P01860|247|K|34,P01860,IGHG3,247,K,34,K-34,Methylation (K),IGHG3_HUMAN
P01857|173|K|34,P01857,IGHG1,173,K,34,K-34,Methylation (K),IGHG1_HUMAN
Q8N257|35|K|34,Q8N257,H2BC26,35,K,34,K-34,Methylation (K),H2B3B_HUMAN
P01857|171|K|34,P01857,IGHG1,171,K,34,K-34,Methylation (K),IGHG1_HUMAN
P00558|86|K|34,P00558,PGK1,86,K,34,K-34,Methylation (K),PGK1_HUMAN
P00558|6|K|34,P00558,PGK1,6,K,34,K-34,Methylation (K),PGK1_HUMAN
P60174|194|K|34,P60174,TPI1,194,K,34,K-34,Methylation (K),TPIS_HUMAN
P01009|153|K|34,P01009,SERPINA1,153,K,34,K-34,Methylation (K),A1AT_HUMAN
P01009|411|K|34,P01009,SERPINA1,411,K,34,K-34,Methylation (K),A1AT_HUMAN
P00558|30|K|34,P00558,PGK1,30,K,34,K-34,Methylation (K),PGK1_HUMAN
P00558|322|K|34,P00558,PGK1,322,K,34,K-34,Methylation (K),PGK1_HUMAN
P52272|345|K|34,P52272,HNRNPM,345,K,34,K-34,Methylation (K),HNRPM_HUMAN
P60709|18|K|34,P60709,ACTB,18,K,34,K-34,Methylation (K),ACTB_HUMAN
P01011|177|K|34,P01011,SERPINA3,177,K,34,K-34,Methylation (K),AACT_HUMAN
Q6PEY2|60|K|34,Q6PEY2,TUBA3E,60,K,34,K-34,Methylation (K),TBA3E_HUMAN
P30101|395|K|34,P30101,PDIA3,395,K,34,K-34,Methylation (K),PDIA3_HUMAN
P07900|74|K|34,P07900,HSP90AA1,74,K,34,K-34,Methylation (K),HS90A_HUMAN
P04792|112|K|34,P04792,HSPB1,112,K,34,K-34,Methylation (K),HSPB1_HUMAN
P01009|314|K|34,P01009,SERPINA1,314,K,34,K-34,Methylation (K),A1AT_HUMAN
P01009|352|K|34,P01009,SERPINA1,352,K,34,K-34,Methylation (K),A1AT_HUMAN
P02545|32|K|34,P02545,LMNA,32,K,34,K-34,Methylation (K),LMNA_HUMAN
Q5VTE0|165|K|34,Q5VTE0,EEF1A1P5,165,K,34,K-34,Methylation (K),EF1A3_HUMAN
Q9UHD8|423|R|7,Q9UHD8,SEPTIN9,423,R,7,R-7,Citrulline,SEPT9_HUMAN
Q9UNM6|313|K|34,Q9UNM6,PSMD13,313,K,34,K-34,Methylation (K),PSD13_HUMAN
Q99714|212|K|34,Q99714,HSD17B10,212,K,34,K-34,Methylation (K),HCD2_HUMAN
Q5TEC6|37|K|34,Q5TEC6,H3-7,37,K,34,K-34,Methylation (K),H37_HUMAN
Q92804|206|R|36,Q92804,TAF15,206,R,36,R-36,Methylation (R),RBP56_HUMAN
P62805|24|R|36,P62805,H4C1,24,R,36,R-36,Methylation (R),H4_HUMAN
Q5TEC6|38|K|34,Q5TEC6,H3-7,38,K,34,K-34,Methylation (K),H37_HUMAN
Q5VT66|327|K|34,Q5VT66,MTARC1,327,K,34,K-34,Methylation (K),MARC1_HUMAN
Q99798|717|K|34,Q99798,ACO2,717,K,34,K-34,Methylation (K),ACON_HUMAN
Q9BQG0|202|K|34,Q9BQG0,MYBBP1A,202,K,34,K-34,Methylation (K),MBB1A_HUMAN
Q9BTM1|100|K|34,Q9BTM1,H2AJ,100,K,34,K-34,Methylation (K),H2AJ_HUMAN
Q9BTM1|96|K|34,Q9BTM1,H2AJ,96,K,34,K-34,Methylation (K),H2AJ_HUMAN
Q92841|313|K|34,Q92841,DDX17,313,K,34,K-34,Methylation (K),DDX17_HUMAN
Q9Y6M1|211|K|34,Q9Y6M1,IGF2BP2,211,K,34,K-34,Methylation (K),IF2B2_HUMAN
Q8NBS9|365|K|34,Q8NBS9,TXNDC5,365,K,34,K-34,Methylation (K),TXND5_HUMAN
Q9BV20|23|K|34,Q9BV20,MRI1,23,K,34,K-34,Methylation (K),MTNA_HUMAN
Q13148|95|K|34,Q13148,TARDBP,95,K,34,K-34,Methylation (K),TADBP_HUMAN
Q71UM5|36|K|34,Q71UM5,RPS27L,36,K,34,K-34,Methylation (K),RS27L_HUMAN
Q12905|221|K|34,Q12905,ILF2,221,K,34,K-34,Methylation (K),ILF2_HUMAN
Q9NS69|141|K|34,Q9NS69,TOMM22,141,K,34,K-34,Methylation (K),TOM22_HUMAN
Q8IUE6|89|R|34,Q8IUE6,H2AC21,89,R,34,R-34,Methylation (R),H2A2B_HUMAN
P08670|304|R|7,P08670,VIM,304,R,7,R-7,Citrulline,VIME_HUMAN
Q99879|35|K|34,Q99879,H2BC14,35,K,34,K-34,Methylation (K),H2B1M_HUMAN
Q9HCC0|382|K|34,Q9HCC0,MCCC2,382,K,34,K-34,Methylation (K),MCCB_HUMAN
Q99832|67|K|34,Q99832,CCT7,67,K,34,K-34,Methylation (K),TCPH_HUMAN
Q9Y3D6|64|K|34,Q9Y3D6,FIS1,64,K,34,K-34,Methylation (K),FIS1_HUMAN
Q9Y394|332|K|34,Q9Y394,DHRS7,332,K,34,K-34,Methylation (K),DHRS7_HUMAN
P14136|49|R|7,P14136,GFAP,49,R,7,R-7,Citrulline,GFAP_HUMAN
Q9BYN0|16|R|34,Q9BYN0,SRXN1,16,R,34,R-34,Methylation (R),SRXN1_HUMAN
Q16629|105|R|7,Q16629,SRSF7,105,R,7,R-7,Citrulline,SRSF7_HUMAN
P09651|225|R|36,P09651,HNRNPA1,225,R,36,R-36,Methylation (R),ROA1_HUMAN
P14618|106|R|7,P14618,PKM,106,R,7,R-7,Citrulline,KPYM_HUMAN
P36578|49|R|7,P36578,RPL4,49,R,7,R-7,Citrulline,RL4_HUMAN
P09651|206|R|36,P09651,HNRNPA1,206,R,36,R-36,Methylation (R),ROA1_HUMAN
P62995|241|R|36,P62995,TRA2B,241,R,36,R-36,Methylation (R),TRA2B_HUMAN
Q13509|156|R|34,Q13509,TUBB3,156,R,34,R-34,Methylation (R),TBB3_HUMAN
Q13283|435|R|36,Q13283,G3BP1,435,R,36,R-36,Methylation (R),G3BP1_HUMAN
Q99729|245|R|34,Q99729,HNRNPAB,245,R,34,R-34,Methylation (R),ROAA_HUMAN
Q99729|245|R|36,Q99729,HNRNPAB,245,R,36,R-36,Methylation (R),ROAA_HUMAN
Q86U42|238|R|34,Q86U42,PABPN1,238,R,34,R-34,Methylation (R),PABP2_HUMAN
Q13435|502|R|36,Q13435,SF3B2,502,R,36,R-36,Methylation (R),SF3B2_HUMAN
P51991|246|R|36,P51991,HNRNPA3,246,R,36,R-36,Methylation (R),ROA3_HUMAN
Q16186|34|K|535,Q16186,ADRM1,34,K,535,K-535,K-GlyGly,ADRM1_HUMAN
P51610|504|R|36,P51610,HCFC1,504,R,36,R-36,Methylation (R),HCFC1_HUMAN
P67809|231|R|7,P67809,YBX1,231,R,7,R-7,Citrulline,YBOX1_HUMAN
P50238|68|R|36,P50238,CRIP1,68,R,36,R-36,Methylation (R),CRIP1_HUMAN
P08670|113|R|7,P08670,VIM,113,R,7,R-7,Citrulline,VIME_HUMAN
P49721|70|R|7,P49721,PSMB2,70,R,7,R-7,Citrulline,PSB2_HUMAN
Q86V81|197|R|36,Q86V81,ALYREF,197,R,36,R-36,Methylation (R),THOC4_HUMAN
Q15149|992|C|53,Q15149,PLEC,992,C,53,C-53,,PLEC_HUMAN
P11940|493|R|36,P11940,PABPC1,493,R,36,R-36,Methylation (R),PABP1_HUMAN
P0DP24|116|K|37,P0DP24,CALM2,116,K,37,K-37,Methylation (K),CALM2_HUMAN
Q01844|471|R|36,Q01844,EWSR1,471,R,36,R-36,Methylation (R),EWS_HUMAN
P0CG12|201|R|36,P0CG12,DERPC,201,R,36,R-36,Methylation (R),DERPC_HUMAN
P04406|234|R|7,P04406,GAPDH,234,R,7,R-7,Citrulline,G3P_HUMAN
P0CG12|266|R|36,P0CG12,DERPC,266,R,36,R-36,Methylation (R),DERPC_HUMAN
P22626|203|R|36,P22626,HNRNPA2B1,203,R,36,R-36,Methylation (R),ROA2_HUMAN
P78527|2485|R|7,P78527,PRKDC,2485,R,7,R-7,Citrulline,PRKDC_HUMAN
O43237|397|R|34,O43237,DYNC1LI2,397,R,34,R-34,Methylation (R),DC1L2_HUMAN
Q9UN86|468|R|36,Q9UN86,G3BP2,468,R,36,R-36,Methylation (R),G3BP2_HUMAN
P31942|323|R|34,P31942,HNRNPH3,323,R,34,R-34,Methylation (R),HNRH3_HUMAN
P68133|86|K|53,P68133,ACTA1,86,K,53,K-53,HNE,ACTS_HUMAN
P62979|27|K|535,P62979,RPS27A,27,K,535,K-535,K-GlyGly,RS27A_HUMAN
P51991|214|R|34,P51991,HNRNPA3,214,R,34,R-34,Methylation (R),ROA3_HUMAN
Q92804|459|R|36,Q92804,TAF15,459,R,36,R-36,Methylation (R),RBP56_HUMAN
P51991|286|R|34,P51991,HNRNPA3,286,R,34,R-34,Methylation (R),ROA3_HUMAN
P11142|524|K|535,P11142,HSPA8,524,K,535,K-535,K-GlyGly,HSP7C_HUMAN
P50238|68|R|34,P50238,CRIP1,68,R,34,R-34,Methylation (R),CRIP1_HUMAN
P51610|504|R|34,P51610,HCFC1,504,R,34,R-34,Methylation (R),HCFC1_HUMAN
P55072|349|R|7,P55072,VCP,349,R,7,R-7,Citrulline,TERA_HUMAN
P09651|336|R|34,P09651,HNRNPA1,336,R,34,R-34,Methylation (R),ROA1_HUMAN
O75694|750|R|7,O75694,NUP155,750,R,7,R-7,Citrulline,NU155_HUMAN
P07355|145|R|7,P07355,ANXA2,145,R,7,R-7,Citrulline,ANXA2_HUMAN
Q96A08|122|K|535,Q96A08,H2BC1,122,K,535,K-535,K-GlyGly,H2B1A_HUMAN
P09651|206|R|34,P09651,HNRNPA1,206,R,34,R-34,Methylation (R),ROA1_HUMAN
Q9BUL8|95|R|7,Q9BUL8,PDCD10,95,R,7,R-7,Citrulline,PDC10_HUMAN
Q96AE4|331|R|7,Q96AE4,FUBP1,331,R,7,R-7,Citrulline,FUBP1_HUMAN
P22626|203|R|34,P22626,HNRNPA2B1,203,R,34,R-34,Methylation (R),ROA2_HUMAN
P22626|228|R|34,P22626,HNRNPA2B1,228,R,34,R-34,Methylation (R),ROA2_HUMAN
P21333|664|R|7,P21333,FLNA,664,R,7,R-7,Citrulline,FLNA_HUMAN
P25788|224|R|7,P25788,PSMA3,224,R,7,R-7,Citrulline,PSA3_HUMAN
P42704|799|R|7,P42704,LRPPRC,799,R,7,R-7,Citrulline,LPPRC_HUMAN
P61978|316|R|7,P61978,HNRNPK,316,R,7,R-7,Citrulline,HNRPK_HUMAN
Q13813|538|H|53,Q13813,SPTAN1,538,H,53,H-53,HNE,SPTN1_HUMAN
P23396|214|K|535,P23396,RPS3,214,K,535,K-535,K-GlyGly,RS3_HUMAN
P22626|213|R|34,P22626,HNRNPA2B1,213,R,34,R-34,Methylation (R),ROA2_HUMAN
P62979|11|K|34,P62979,RPS27A,11,K,34,K-34,Methylation (K),RS27A_HUMAN
P62979|48|K|34,P62979,RPS27A,48,K,34,K-34,Methylation (K),RS27A_HUMAN
Q5TEC6|19|K|34,Q5TEC6,H3-7,19,K,34,K-34,Methylation (K),H37_HUMAN
Q01105|15|K|34,Q01105,SET,15,K,34,K-34,Methylation (K),SET_HUMAN
P68871|83|K|34,P68871,HBB,83,K,34,K-34,Methylation (K),HBB_HUMAN
P68133|293|K|34,P68133,ACTA1,293,K,34,K-34,Methylation (K),ACTS_HUMAN
Q03252|516|K|34,Q03252,LMNB2,516,K,34,K-34,Methylation (K),LMNB2_HUMAN
Q15046|492|K|34,Q15046,KARS1,492,K,34,K-34,Methylation (K),SYK_HUMAN
P68133|86|K|34,P68133,ACTA1,86,K,34,K-34,Methylation (K),ACTS_HUMAN
Q8NC51|68|K|34,Q8NC51,SERBP1,68,K,34,K-34,Methylation (K),SERB1_HUMAN
P78527|3825|K|34,P78527,PRKDC,3825,K,34,K-34,Methylation (K),PRKDC_HUMAN
P62750|123|K|34,P62750,RPL23A,123,K,34,K-34,Methylation (K),RL23A_HUMAN
Q96A08|59|K|34,Q96A08,H2BC1,59,K,34,K-34,Methylation (K),H2B1A_HUMAN
P62269|106|K|34,P62269,RPS18,106,K,34,K-34,Methylation (K),RS18_HUMAN
P62316|18|K|34,P62316,SNRPD2,18,K,34,K-34,Methylation (K),SMD2_HUMAN
P62937|76|K|34,P62937,PPIA,76,K,34,K-34,Methylation (K),PPIA_HUMAN
P82673|270|K|34,P82673,MRPS35,270,K,34,K-34,Methylation (K),RT35_HUMAN
P62826|152|K|34,P62826,RAN,152,K,34,K-34,Methylation (K),RAN_HUMAN
P62826|23|K|34,P62826,RAN,23,K,34,K-34,Methylation (K),RAN_HUMAN
Q05639|154|K|34,Q05639,EEF1A2,154,K,34,K-34,Methylation (K),EF1A2_HUMAN
Q5TEC6|5|K|34,Q5TEC6,H3-7,5,K,34,K-34,Methylation (K),H37_HUMAN
Q16531|83|K|34,Q16531,DDB1,83,K,34,K-34,Methylation (K),DDB1_HUMAN
Q05639|55|K|34,Q05639,EEF1A2,55,K,34,K-34,Methylation (K),EF1A2_HUMAN
P15531|105|R|7,P15531,NME1,105,R,7,R-7,Citrulline,NDKA_HUMAN
P21333|484|R|7,P21333,FLNA,484,R,7,R-7,Citrulline,FLNA_HUMAN
Q01995|21|K|34,Q01995,TAGLN,21,K,34,K-34,Methylation (K),TAGL_HUMAN
Q13310|518|R|36,Q13310,PABPC4,518,R,36,R-36,Methylation (R),PABP4_HUMAN
Q92804|570|R|36,Q92804,TAF15,570,R,36,R-36,Methylation (R),RBP56_HUMAN
P84243|37|K|34,P84243,H3-3A,37,K,34,K-34,Methylation (K),H33_HUMAN
P84243|38|K|34,P84243,H3-3A,38,K,34,K-34,Methylation (K),H33_HUMAN
P84243|80|K|34,P84243,H3-3A,80,K,34,K-34,Methylation (K),H33_HUMAN
P62241|110|R|7,P62241,RPS8,110,R,7,R-7,Citrulline,RS8_HUMAN
P37802|139|R|7,P37802,TAGLN2,139,R,7,R-7,Citrulline,TAGL2_HUMAN
Q99832|313|R|7,Q99832,CCT7,313,R,7,R-7,Citrulline,TCPH_HUMAN
Q10713|146|R|7,Q10713,PMPCA,146,R,7,R-7,Citrulline,MPPA_HUMAN
P22314|450|R|7,P22314,UBA1,450,R,7,R-7,Citrulline,UBA1_HUMAN
P25705|182|R|7,P25705,ATP5F1A,182,R,7,R-7,Citrulline,ATPA_HUMAN
Q32P28|176|H|53,Q32P28,P3H1,176,H,53,H-53,HNE,P3H1_HUMAN
P21333|226|R|7,P21333,FLNA,226,R,7,R-7,Citrulline,FLNA_HUMAN
Q9BPX5|102|R|7,Q9BPX5,ARPC5L,102,R,7,R-7,Citrulline,ARP5L_HUMAN
P21333|2484|R|7,P21333,FLNA,2484,R,7,R-7,Citrulline,FLNA_HUMAN
Q96I24|123|R|7,Q96I24,FUBP3,123,R,7,R-7,Citrulline,FUBP3_HUMAN
Q8TAQ2|139|R|7,Q8TAQ2,SMARCC2,139,R,7,R-7,Citrulline,SMRC2_HUMAN
P23528|146|R|7,P23528,CFL1,146,R,7,R-7,Citrulline,COF1_HUMAN
Q09666|149|R|7,Q09666,AHNAK,149,R,7,R-7,Citrulline,AHNK_HUMAN
P35579|1912|R|7,P35579,MYH9,1912,R,7,R-7,Citrulline,MYH9_HUMAN
P22626|185|R|7,P22626,HNRNPA2B1,185,R,7,R-7,Citrulline,ROA2_HUMAN
P62942|58|R|7,P62942,FKBP1A,58,R,7,R-7,Citrulline,FKB1A_HUMAN
P62979|54|R|7,P62979,RPS27A,54,R,7,R-7,Citrulline,RS27A_HUMAN
P22626|228|R|7,P22626,HNRNPA2B1,228,R,7,R-7,Citrulline,ROA2_HUMAN
Q15365|95|R|7,Q15365,PCBP1,95,R,7,R-7,Citrulline,PCBP1_HUMAN
P17987|145|R|7,P17987,TCP1,145,R,7,R-7,Citrulline,TCPA_HUMAN
P34932|110|R|7,P34932,HSPA4,110,R,7,R-7,Citrulline,HSP74_HUMAN
P62424|89|R|7,P62424,RPL7A,89,R,7,R-7,Citrulline,RL7A_HUMAN
Q00610|865|R|7,Q00610,CLTC,865,R,7,R-7,Citrulline,CLH1_HUMAN
P60981|145|R|7,P60981,DSTN,145,R,7,R-7,Citrulline,DEST_HUMAN
P21333|2103|R|7,P21333,FLNA,2103,R,7,R-7,Citrulline,FLNA_HUMAN
Q04446|679|R|7,Q04446,GBE1,679,R,7,R-7,Citrulline,GLGB_HUMAN
P47813|46|R|7,P47813,EIF1AX,46,R,7,R-7,Citrulline,IF1AX_HUMAN
Q06210|258|R|7,Q06210,GFPT1,258,R,7,R-7,Citrulline,GFPT1_HUMAN
P20042|285|R|7,P20042,EIF2S2,285,R,7,R-7,Citrulline,IF2B_HUMAN
P20674|131|R|7,P20674,COX5A,131,R,7,R-7,Citrulline,COX5A_HUMAN
Q9BVP2|91|K|53,Q9BVP2,GNL3,91,K,53,K-53,HNE,GNL3_HUMAN
P31146|29|R|7,P31146,CORO1A,29,R,7,R-7,Citrulline,COR1A_HUMAN
Q5T749|286|R|7,Q5T749,KPRP,286,R,7,R-7,Citrulline,KPRP_HUMAN
P34932|374|R|7,P34932,HSPA4,374,R,7,R-7,Citrulline,HSP74_HUMAN
P35579|1322|R|7,P35579,MYH9,1322,R,7,R-7,Citrulline,MYH9_HUMAN
P57737|51|R|7,P57737,CORO7,51,R,7,R-7,Citrulline,CORO7_HUMAN
P27348|41|R|7,P27348,YWHAQ,41,R,7,R-7,Citrulline,1433T_HUMAN
P63104|41|R|7,P63104,YWHAZ,41,R,7,R-7,Citrulline,1433Z_HUMAN
P24844|45|R|7,P24844,MYL9,45,R,7,R-7,Citrulline,MYL9_HUMAN
P63261|95|R|7,P63261,ACTG1,95,R,7,R-7,Citrulline,ACTG_HUMAN
P23528|81|R|7,P23528,CFL1,81,R,7,R-7,Citrulline,COF1_HUMAN
Q9H3Z4|7|R|7,Q9H3Z4,DNAJC5,7,R,7,R-7,Citrulline,DNJC5_HUMAN
Q9Y490|2197|R|7,Q9Y490,TLN1,2197,R,7,R-7,Citrulline,TLN1_HUMAN
Q13509|162|R|7,Q13509,TUBB3,162,R,7,R-7,Citrulline,TBB3_HUMAN
P17600|679|R|7,P17600,SYN1,679,R,7,R-7,Citrulline,SYN1_HUMAN
P11413|487|R|7,P11413,G6PD,487,R,7,R-7,Citrulline,G6PD_HUMAN
P67809|166|E|299,P67809,YBX1,166,E,299,E-299,,YBOX1_HUMAN
P11142|311|R|7,P11142,HSPA8,311,R,7,R-7,Citrulline,HSP7C_HUMAN
P68366|105|R|7,P68366,TUBA4A,105,R,7,R-7,Citrulline,TBA4A_HUMAN
P55072|599|R|7,P55072,VCP,599,R,7,R-7,Citrulline,TERA_HUMAN
P16401|57|R|7,P16401,H1-5,57,R,7,R-7,Citrulline,H15_HUMAN
P53621|246|R|7,P53621,COPA,246,R,7,R-7,Citrulline,COPA_HUMAN
P14136|12|R|7,P14136,GFAP,12,R,7,R-7,Citrulline,GFAP_HUMAN
P14136|390|R|7,P14136,GFAP,390,R,7,R-7,Citrulline,GFAP_HUMAN
P61981|42|R|7,P61981,YWHAG,42,R,7,R-7,Citrulline,1433G_HUMAN
P13639|368|R|7,P13639,EEF2,368,R,7,R-7,Citrulline,EF2_HUMAN
P14136|376|R|7,P14136,GFAP,376,R,7,R-7,Citrulline,GFAP_HUMAN
P13489|34|R|7,P13489,RNH1,34,R,7,R-7,Citrulline,RINI_HUMAN
P0DP24|87|R|7,P0DP24,CALM2,87,R,7,R-7,Citrulline,CALM2_HUMAN
P10809|121|R|7,P10809,HSPD1,121,R,7,R-7,Citrulline,CH60_HUMAN
P09651|75|R|7,P09651,HNRNPA1,75,R,7,R-7,Citrulline,ROA1_HUMAN
Q5BKZ1|24|R|7,Q5BKZ1,ZNF326,24,R,7,R-7,Citrulline,ZN326_HUMAN
Q5T749|211|R|7,Q5T749,KPRP,211,R,7,R-7,Citrulline,KPRP_HUMAN
P11142|171|R|7,P11142,HSPA8,171,R,7,R-7,Citrulline,HSP7C_HUMAN
P11142|236|R|7,P11142,HSPA8,236,R,7,R-7,Citrulline,HSP7C_HUMAN
P62249|37|R|7,P62249,RPS16,37,R,7,R-7,Citrulline,RS16_HUMAN
P63104|91|R|7,P63104,YWHAZ,91,R,7,R-7,Citrulline,1433Z_HUMAN
Q00610|437|R|7,Q00610,CLTC,437,R,7,R-7,Citrulline,CLH1_HUMAN
P62258|19|R|7,P62258,YWHAE,19,R,7,R-7,Citrulline,1433E_HUMAN
P16070|694|R|7,P16070,CD44,694,R,7,R-7,Citrulline,CD44_HUMAN
P28331|655|R|7,P28331,NDUFS1,655,R,7,R-7,Citrulline,NDUS1_HUMAN
Q00839|590|R|7,Q00839,HNRNPU,590,R,7,R-7,Citrulline,HNRPU_HUMAN
Q14566|181|R|7,Q14566,MCM6,181,R,7,R-7,Citrulline,MCM6_HUMAN
Q9UPY8|160|R|7,Q9UPY8,MAPRE3,160,R,7,R-7,Citrulline,MARE3_HUMAN
Q13885|162|R|7,Q13885,TUBB2A,162,R,7,R-7,Citrulline,TBB2A_HUMAN
P18124|236|R|7,P18124,RPL7,236,R,7,R-7,Citrulline,RL7_HUMAN
P14618|339|R|7,P14618,PKM,339,R,7,R-7,Citrulline,KPYM_HUMAN
P14618|342|R|7,P14618,PKM,342,R,7,R-7,Citrulline,KPYM_HUMAN
Q9BQE3|79|R|7,Q9BQE3,TUBA1C,79,R,7,R-7,Citrulline,TBA1C_HUMAN
P17980|180|R|7,P17980,PSMC3,180,R,7,R-7,Citrulline,PRS6A_HUMAN
P14136|416|R|7,P14136,GFAP,416,R,7,R-7,Citrulline,GFAP_HUMAN
P15531|18|R|7,P15531,NME1,18,R,7,R-7,Citrulline,NDKA_HUMAN
Q9BYX7|372|R|7,Q9BYX7,POTEKP,372,R,7,R-7,Citrulline,ACTBM_HUMAN
P14625|156|R|7,P14625,HSP90B1,156,R,7,R-7,Citrulline,ENPL_HUMAN
P14866|484|R|7,P14866,HNRNPL,484,R,7,R-7,Citrulline,HNRPL_HUMAN
P62316|47|R|7,P62316,SNRPD2,47,R,7,R-7,Citrulline,SMD2_HUMAN
Q15149|4466|R|7,Q15149,PLEC,4466,R,7,R-7,Citrulline,PLEC_HUMAN
Q9Y314|240|R|7,Q9Y314,NOSIP,240,R,7,R-7,Citrulline,NOSIP_HUMAN
Q15393|1057|R|7,Q15393,SF3B3,1057,R,7,R-7,Citrulline,SF3B3_HUMAN
Q16555|227|R|7,Q16555,DPYSL2,227,R,7,R-7,Citrulline,DPYL2_HUMAN
Q15149|2767|R|7,Q15149,PLEC,2767,R,7,R-7,Citrulline,PLEC_HUMAN
P02452|759|K|299,P02452,COL1A1,759,K,299,K-299,,CO1A1_HUMAN
Q16181|425|R|7,Q16181,SEPTIN7,425,R,7,R-7,Citrulline,SEPT7_HUMAN
Q3ZCQ8|265|R|7,Q3ZCQ8,TIMM50,265,R,7,R-7,Citrulline,TIM50_HUMAN
P10809|387|K|53,P10809,HSPD1,387,K,53,K-53,HNE,CH60_HUMAN
Q08211|434|R|7,Q08211,DHX9,434,R,7,R-7,Citrulline,DHX9_HUMAN
Q92900|210|R|7,Q92900,UPF1,210,R,7,R-7,Citrulline,RENT1_HUMAN
Q14195|227|R|7,Q14195,DPYSL3,227,R,7,R-7,Citrulline,DPYL3_HUMAN
P22626|163|H|53,P22626,HNRNPA2B1,163,H,53,H-53,HNE,ROA2_HUMAN
P67809|169|E|299,P67809,YBX1,169,E,299,E-299,,YBOX1_HUMAN
Q9H1E3|12|D|299,Q9H1E3,NUCKS1,12,D,299,D-299,,NUCKS_HUMAN
Q9Y282|141|R|7,Q9Y282,ERGIC3,141,R,7,R-7,Citrulline,ERGI3_HUMAN
P11142|88|K|53,P11142,HSPA8,88,K,53,K-53,HNE,HSP7C_HUMAN
O15355|521|K|53,O15355,PPM1G,521,K,53,K-53,HNE,PPM1G_HUMAN
P09651|161|K|53,P09651,HNRNPA1,161,K,53,K-53,HNE,ROA1_HUMAN
P22626|168|K|53,P22626,HNRNPA2B1,168,K,53,K-53,HNE,ROA2_HUMAN
P43243|146|K|53,P43243,MATR3,146,K,53,K-53,HNE,MATR3_HUMAN
P46777|188|K|53,P46777,RPL5,188,K,53,K-53,HNE,RL5_HUMAN
P25398|63|K|53,P25398,RPS12,63,K,53,K-53,HNE,RS12_HUMAN
Q04760|14|E|299,Q04760,GLO1,14,E,299,E-299,,LGUL_HUMAN
Q04760|3|E|299,Q04760,GLO1,3,E,299,E-299,,LGUL_HUMAN
P62829|91|K|53,P62829,RPL23,91,K,53,K-53,HNE,RL23_HUMAN
P09651|156|H|53,P09651,HNRNPA1,156,H,53,H-53,HNE,ROA1_HUMAN
Q6IS14|3|D|299,Q6IS14,EIF5AL1,3,D,299,D-299,,IF5AL_HUMAN
P51858|189|R|7,P51858,HDGF,189,R,7,R-7,Citrulline,HDGF_HUMAN
P61978|191|R|7,P61978,HNRNPK,191,R,7,R-7,Citrulline,HNRPK_HUMAN
Q05639|134|R|7,Q05639,EEF1A2,134,R,7,R-7,Citrulline,EF1A2_HUMAN
P55786|805|R|7,P55786,NPEPPS,805,R,7,R-7,Citrulline,PSA_HUMAN
Q9H9B4|214|R|7,Q9H9B4,SFXN1,214,R,7,R-7,Citrulline,SFXN1_HUMAN
P42704|929|R|7,P42704,LRPPRC,929,R,7,R-7,Citrulline,LPPRC_HUMAN
P47756|72|R|7,P47756,CAPZB,72,R,7,R-7,Citrulline,CAPZB_HUMAN
Q03135|19|R|7,Q03135,CAV1,19,R,7,R-7,Citrulline,CAV1_HUMAN
P39019|84|R|7,P39019,RPS19,84,R,7,R-7,Citrulline,RS19_HUMAN
Q99832|306|R|7,Q99832,CCT7,306,R,7,R-7,Citrulline,TCPH_HUMAN
P68366|422|R|7,P68366,TUBA4A,422,R,7,R-7,Citrulline,TBA4A_HUMAN
P62805|68|R|7,P62805,H4C1,68,R,7,R-7,Citrulline,H4_HUMAN
P63104|18|R|7,P63104,YWHAZ,18,R,7,R-7,Citrulline,1433Z_HUMAN
P62979|11|K|535,P62979,RPS27A,11,K,535,K-535,K-GlyGly,RS27A_HUMAN
P05783|325|R|7,P05783,KRT18,325,R,7,R-7,Citrulline,K1C18_HUMAN
P62979|33|K|535,P62979,RPS27A,33,K,535,K-535,K-GlyGly,RS27A_HUMAN
P62979|29|K|535,P62979,RPS27A,29,K,535,K-535,K-GlyGly,RS27A_HUMAN
P46783|138|K|535,P46783,RPS10,138,K,535,K-535,K-GlyGly,RS10_HUMAN
Q13555|395|K|37,Q13555,CAMK2G,395,K,37,K-37,Methylation (K),KCC2G_HUMAN
Q05639|79|K|37,Q05639,EEF1A2,79,K,37,K-37,Methylation (K),EF1A2_HUMAN
O75153|539|R|7,O75153,CLUH,539,R,7,R-7,Citrulline,CLU_HUMAN
P62857|31|R|7,P62857,RPS28,31,R,7,R-7,Citrulline,RS28_HUMAN
O43399|182|R|7,O43399,TPD52L2,182,R,7,R-7,Citrulline,TPD54_HUMAN
O43172|232|R|7,O43172,PRPF4,232,R,7,R-7,Citrulline,PRP4_HUMAN
P12814|300|R|7,P12814,ACTN1,300,R,7,R-7,Citrulline,ACTN1_HUMAN
O75367|318|R|7,O75367,MACROH2A1,318,R,7,R-7,Citrulline,H2AY_HUMAN
P02786|208|R|7,P02786,TFRC,208,R,7,R-7,Citrulline,TFR1_HUMAN
P62979|48|K|535,P62979,RPS27A,48,K,535,K-535,K-GlyGly,RS27A_HUMAN
A6NHL2|327|R|7,A6NHL2,TUBAL3,327,R,7,R-7,Citrulline,TBAL3_HUMAN
Q5BKZ1|235|R|36,Q5BKZ1,ZNF326,235,R,36,R-36,Methylation (R),ZN326_HUMAN
P62753|46|K|53,P62753,RPS6,46,K,53,K-53,HNE,RS6_HUMAN
Q1KMD3|684|R|36,Q1KMD3,HNRNPUL2,684,R,36,R-36,Methylation (R),HNRL2_HUMAN
P35613|203|C|53,P35613,BSG,203,C,53,C-53,,BASI_HUMAN
P12236|52|K|37,P12236,SLC25A6,52,K,37,K-37,Methylation (K),ADT3_HUMAN
P02751|265|R|7,P02751,FN1,265,R,7,R-7,Citrulline,FINC_HUMAN
Q01844|506|R|36,Q01844,EWSR1,506,R,36,R-36,Methylation (R),EWS_HUMAN
P21333|2395|R|7,P21333,FLNA,2395,R,7,R-7,Citrulline,FLNA_HUMAN
Q00839|739|R|36,Q00839,HNRNPU,739,R,36,R-36,Methylation (R),HNRPU_HUMAN
Q13283|447|R|36,Q13283,G3BP1,447,R,36,R-36,Methylation (R),G3BP1_HUMAN
P05141|52|K|37,P05141,SLC25A5,52,K,37,K-37,Methylation (K),ADT2_HUMAN
P11021|585|K|37,P11021,HSPA5,585,K,37,K-37,Methylation (K),BIP_HUMAN
Q92804|483|R|36,Q92804,TAF15,483,R,36,R-36,Methylation (R),RBP56_HUMAN
P07355|68|R|7,P07355,ANXA2,68,R,7,R-7,Citrulline,ANXA2_HUMAN
P11021|60|R|7,P11021,HSPA5,60,R,7,R-7,Citrulline,BIP_HUMAN
P07384|413|R|7,P07384,CAPN1,413,R,7,R-7,Citrulline,CAN1_HUMAN
P07814|352|R|7,P07814,EPRS1,352,R,7,R-7,Citrulline,SYEP_HUMAN
P08670|321|R|7,P08670,VIM,321,R,7,R-7,Citrulline,VIME_HUMAN
P07437|162|R|7,P07437,TUBB,162,R,7,R-7,Citrulline,TBB5_HUMAN
P08670|450|R|7,P08670,VIM,450,R,7,R-7,Citrulline,VIME_HUMAN
P06576|143|R|7,P06576,ATP5F1B,143,R,7,R-7,Citrulline,ATPB_HUMAN
P08238|82|R|7,P08238,HSP90AB1,82,R,7,R-7,Citrulline,HS90B_HUMAN
P06576|241|R|7,P06576,ATP5F1B,241,R,7,R-7,Citrulline,ATPB_HUMAN
P05783|353|R|7,P05783,KRT18,353,R,7,R-7,Citrulline,K1C18_HUMAN
P07237|452|R|7,P07237,P4HB,452,R,7,R-7,Citrulline,PDIA1_HUMAN
Q13347|77|R|7,Q13347,EIF3I,77,R,7,R-7,Citrulline,EIF3I_HUMAN
P06733|50|R|7,P06733,ENO1,50,R,7,R-7,Citrulline,ENOA_HUMAN
P17844|252|R|7,P17844,DDX5,252,R,7,R-7,Citrulline,DDX5_HUMAN
P14618|516|R|7,P14618,PKM,516,R,7,R-7,Citrulline,KPYM_HUMAN
P08670|28|R|7,P08670,VIM,28,R,7,R-7,Citrulline,VIME_HUMAN
Q01518|29|R|7,Q01518,CAP1,29,R,7,R-7,Citrulline,CAP1_HUMAN
P08670|310|R|7,P08670,VIM,310,R,7,R-7,Citrulline,VIME_HUMAN
P09382|49|R|7,P09382,LGALS1,49,R,7,R-7,Citrulline,LEG1_HUMAN
P50993|704|R|7,P50993,ATP1A2,704,R,7,R-7,Citrulline,AT1A2_HUMAN
P08865|205|R|7,P08865,RPSA,205,R,7,R-7,Citrulline,RSSA_HUMAN
P41250|318|K|53,P41250,GARS1,318,K,53,K-53,HNE,GARS_HUMAN
P08195|313|R|7,P08195,SLC3A2,313,R,7,R-7,Citrulline,4F2_HUMAN
P08195|603|R|7,P08195,SLC3A2,603,R,7,R-7,Citrulline,4F2_HUMAN
Q13813|204|R|7,Q13813,SPTAN1,204,R,7,R-7,Citrulline,SPTN1_HUMAN
P07900|620|R|7,P07900,HSP90AA1,620,R,7,R-7,Citrulline,HS90A_HUMAN
P08670|207|R|7,P08670,VIM,207,R,7,R-7,Citrulline,VIME_HUMAN
P02545|527|R|7,P02545,LMNA,527,R,7,R-7,Citrulline,LMNA_HUMAN
Q00839|442|R|7,Q00839,HNRNPU,442,R,7,R-7,Citrulline,HNRPU_HUMAN
P02545|427|R|7,P02545,LMNA,427,R,7,R-7,Citrulline,LMNA_HUMAN
P02686|177|R|7,P02686,MBP,177,R,7,R-7,Citrulline,MBP_HUMAN
P02686|199|R|7,P02686,MBP,199,R,7,R-7,Citrulline,MBP_HUMAN
P02686|213|R|7,P02686,MBP,213,R,7,R-7,Citrulline,MBP_HUMAN
P02686|264|R|7,P02686,MBP,264,R,7,R-7,Citrulline,MBP_HUMAN
P00558|171|R|7,P00558,PGK1,171,R,7,R-7,Citrulline,PGK1_HUMAN
P00505|68|R|7,P00505,GOT2,68,R,7,R-7,Citrulline,AATM_HUMAN
P00338|157|R|7,P00338,LDHA,157,R,7,R-7,Citrulline,LDHA_HUMAN
P02545|386|R|7,P02545,LMNA,386,R,7,R-7,Citrulline,LMNA_HUMAN
P00558|66|R|7,P00558,PGK1,66,R,7,R-7,Citrulline,PGK1_HUMAN
P04406|80|R|7,P04406,GAPDH,80,R,7,R-7,Citrulline,G3P_HUMAN
P04406|248|R|7,P04406,GAPDH,248,R,7,R-7,Citrulline,G3P_HUMAN
P29401|186|R|7,P29401,TKT,186,R,7,R-7,Citrulline,TKT_HUMAN
P05387|38|R|7,P05387,RPLP2,38,R,7,R-7,Citrulline,RLA2_HUMAN
P35579|1226|R|7,P35579,MYH9,1226,R,7,R-7,Citrulline,MYH9_HUMAN
P04843|204|R|7,P04843,RPN1,204,R,7,R-7,Citrulline,RPN1_HUMAN
P04792|79|R|7,P04792,HSPB1,79,R,7,R-7,Citrulline,HSPB1_HUMAN
P04350|162|R|7,P04350,TUBB4A,162,R,7,R-7,Citrulline,TBB4A_HUMAN
P04406|200|R|7,P04406,GAPDH,200,R,7,R-7,Citrulline,G3P_HUMAN
P21333|1372|K|34,P21333,FLNA,1372,K,34,K-34,Methylation (K),FLNA_HUMAN
P21333|2361|K|34,P21333,FLNA,2361,K,34,K-34,Methylation (K),FLNA_HUMAN
P35579|1474|K|34,P35579,MYH9,1474,K,34,K-34,Methylation (K),MYH9_HUMAN
P02452|1096|K|299,P02452,COL1A1,1096,K,299,K-299,,CO1A1_HUMAN
P21796|252|K|34,P21796,VDAC1,252,K,34,K-34,Methylation (K),VDAC1_HUMAN
P24752|124|K|34,P24752,ACAT1,124,K,34,K-34,Methylation (K),THIL_HUMAN
P62979|29|K|34,P62979,RPS27A,29,K,34,K-34,Methylation (K),RS27A_HUMAN
P21333|891|K|34,P21333,FLNA,891,K,34,K-34,Methylation (K),FLNA_HUMAN
P21333|936|K|34,P21333,FLNA,936,K,34,K-34,Methylation (K),FLNA_HUMAN
P27797|87|K|34,P27797,CALR,87,K,34,K-34,Methylation (K),CALR_HUMAN
P21333|569|K|34,P21333,FLNA,569,K,34,K-34,Methylation (K),FLNA_HUMAN
P33991|439|K|34,P33991,MCM4,439,K,34,K-34,Methylation (K),MCM4_HUMAN
P40926|296|K|34,P40926,MDH2,296,K,34,K-34,Methylation (K),MDHM_HUMAN
P16615|984|K|34,P16615,ATP2A2,984,K,34,K-34,Methylation (K),AT2A2_HUMAN
P84085|127|K|34,P84085,ARF5,127,K,34,K-34,Methylation (K),ARF5_HUMAN
P55084|348|K|34,P55084,HADHB,348,K,34,K-34,Methylation (K),ECHB_HUMAN
P35232|186|K|34,P35232,PHB1,186,K,34,K-34,Methylation (K),PHB1_HUMAN
P25786|30|K|34,P25786,PSMA1,30,K,34,K-34,Methylation (K),PSA1_HUMAN
Q05519|120|K|34,Q05519,SRSF11,120,K,34,K-34,Methylation (K),SRS11_HUMAN
P23246|330|K|34,P23246,SFPQ,330,K,34,K-34,Methylation (K),SFPQ_HUMAN
P30101|433|K|34,P30101,PDIA3,433,K,34,K-34,Methylation (K),PDIA3_HUMAN
P25705|503|K|34,P25705,ATP5F1A,503,K,34,K-34,Methylation (K),ATPA_HUMAN
P25705|506|K|34,P25705,ATP5F1A,506,K,34,K-34,Methylation (K),ATPA_HUMAN
P25788|206|K|34,P25788,PSMA3,206,K,34,K-34,Methylation (K),PSA3_HUMAN
P25705|230|K|34,P25705,ATP5F1A,230,K,34,K-34,Methylation (K),ATPA_HUMAN
P27797|62|K|34,P27797,CALR,62,K,34,K-34,Methylation (K),CALR_HUMAN
P27797|64|K|34,P27797,CALR,64,K,34,K-34,Methylation (K),CALR_HUMAN
P27797|209|K|34,P27797,CALR,209,K,34,K-34,Methylation (K),CALR_HUMAN
P27797|215|K|34,P27797,CALR,215,K,34,K-34,Methylation (K),CALR_HUMAN
P26583|157|K|34,P26583,HMGB2,157,K,34,K-34,Methylation (K),HMGB2_HUMAN
P26583|43|K|34,P26583,HMGB2,43,K,34,K-34,Methylation (K),HMGB2_HUMAN
P49327|957|K|34,P49327,FASN,957,K,34,K-34,Methylation (K),FAS_HUMAN
P46778|78|K|34,P46778,RPL21,78,K,34,K-34,Methylation (K),RL21_HUMAN
P83731|93|K|34,P83731,RPL24,93,K,34,K-34,Methylation (K),RL24_HUMAN
P35268|69|K|34,P35268,RPL22,69,K,34,K-34,Methylation (K),RL22_HUMAN
Q00839|524|K|34,Q00839,HNRNPU,524,K,34,K-34,Methylation (K),HNRPU_HUMAN
P23528|73|K|34,P23528,CFL1,73,K,34,K-34,Methylation (K),COF1_HUMAN
P45880|31|K|34,P45880,VDAC2,31,K,34,K-34,Methylation (K),VDAC2_HUMAN
P23396|227|K|34,P23396,RPS3,227,K,34,K-34,Methylation (K),RS3_HUMAN
P38646|555|K|34,P38646,HSPA9,555,K,34,K-34,Methylation (K),GRP75_HUMAN
P23528|53|K|34,P23528,CFL1,53,K,34,K-34,Methylation (K),COF1_HUMAN
P27797|238|K|34,P27797,CALR,238,K,34,K-34,Methylation (K),CALR_HUMAN
P23528|22|K|34,P23528,CFL1,22,K,34,K-34,Methylation (K),COF1_HUMAN
P14618|422|K|34,P14618,PKM,422,K,34,K-34,Methylation (K),KPYM_HUMAN
P38646|498|K|34,P38646,HSPA9,498,K,34,K-34,Methylation (K),GRP75_HUMAN
P14618|475|K|34,P14618,PKM,475,K,34,K-34,Methylation (K),KPYM_HUMAN
P49411|447|K|34,P49411,TUFM,447,K,34,K-34,Methylation (K),EFTU_HUMAN
P13639|400|K|34,P13639,EEF2,400,K,34,K-34,Methylation (K),EF2_HUMAN
P16402|64|K|34,P16402,H1-3,64,K,34,K-34,Methylation (K),H13_HUMAN
P49327|1739|K|34,P49327,FASN,1739,K,34,K-34,Methylation (K),FAS_HUMAN
Q9H0C2|104|K|34,Q9H0C2,SLC25A31,104,K,34,K-34,Methylation (K),ADT4_HUMAN
P14625|682|K|34,P14625,HSP90B1,682,K,34,K-34,Methylation (K),ENPL_HUMAN
P60842|202|K|34,P60842,EIF4A1,202,K,34,K-34,Methylation (K),IF4A1_HUMAN
P13667|386|K|34,P13667,PDIA4,386,K,34,K-34,Methylation (K),PDIA4_HUMAN
P27824|87|K|34,P27824,CANX,87,K,34,K-34,Methylation (K),CALX_HUMAN
P16401|120|K|34,P16401,H1-5,120,K,34,K-34,Methylation (K),H15_HUMAN
P16401|113|K|34,P16401,H1-5,113,K,34,K-34,Methylation (K),H15_HUMAN
P20962|15|K|34,P20962,PTMS,15,K,34,K-34,Methylation (K),PTMS_HUMAN
P37802|88|K|34,P37802,TAGLN2,88,K,34,K-34,Methylation (K),TAGL2_HUMAN
P16401|67|K|34,P16401,H1-5,67,K,34,K-34,Methylation (K),H15_HUMAN
P46777|241|K|34,P46777,RPL5,241,K,34,K-34,Methylation (K),RL5_HUMAN
P15311|427|K|34,P15311,EZR,427,K,34,K-34,Methylation (K),EZRI_HUMAN
P15880|142|K|34,P15880,RPS2,142,K,34,K-34,Methylation (K),RS2_HUMAN
P34932|124|K|34,P34932,HSPA4,124,K,34,K-34,Methylation (K),HSP74_HUMAN
P16104|119|K|34,P16104,H2AX,119,K,34,K-34,Methylation (K),H2AX_HUMAN
Q7KZF4|886|K|34,Q7KZF4,SND1,886,K,34,K-34,Methylation (K),SND1_HUMAN
P49368|425|K|34,P49368,CCT3,425,K,34,K-34,Methylation (K),TCPG_HUMAN
Q00610|1545|K|34,Q00610,CLTC,1545,K,34,K-34,Methylation (K),CLH1_HUMAN
P41219|288|K|34,P41219,PRPH,288,K,34,K-34,Methylation (K),PERI_HUMAN
P47914|5|K|34,P47914,RPL29,5,K,34,K-34,Methylation (K),RL29_HUMAN
P54577|391|K|34,P54577,YARS1,391,K,34,K-34,Methylation (K),SYYC_HUMAN
P63261|18|K|34,P63261,ACTG1,18,K,34,K-34,Methylation (K),ACTG_HUMAN
P61978|456|K|34,P61978,HNRNPK,456,K,34,K-34,Methylation (K),HNRPK_HUMAN
P55010|224|K|34,P55010,EIF5,224,K,34,K-34,Methylation (K),IF5_HUMAN
P53618|679|K|34,P53618,COPB1,679,K,34,K-34,Methylation (K),COPB_HUMAN
P60174|188|K|34,P60174,TPI1,188,K,34,K-34,Methylation (K),TPIS_HUMAN
Q06830|109|K|34,Q06830,PRDX1,109,K,34,K-34,Methylation (K),PRDX1_HUMAN
P31947|140|K|34,P31947,SFN,140,K,34,K-34,Methylation (K),1433S_HUMAN
P51572|158|K|34,P51572,BCAP31,158,K,34,K-34,Methylation (K),BAP31_HUMAN
P31949|3|K|34,P31949,S100A11,3,K,34,K-34,Methylation (K),S10AB_HUMAN
P30876|1052|K|34,P30876,POLR2B,1052,K,34,K-34,Methylation (K),RPB2_HUMAN
P35579|1295|K|34,P35579,MYH9,1295,K,34,K-34,Methylation (K),MYH9_HUMAN
P34897|262|K|34,P34897,SHMT2,262,K,34,K-34,Methylation (K),GLYM_HUMAN
P31949|27|K|34,P31949,S100A11,27,K,34,K-34,Methylation (K),S10AB_HUMAN
P61604|36|K|34,P61604,HSPE1,36,K,34,K-34,Methylation (K),CH10_HUMAN
Q14103|183|K|34,Q14103,HNRNPD,183,K,34,K-34,Methylation (K),HNRPD_HUMAN
P30101|362|K|34,P30101,PDIA3,362,K,34,K-34,Methylation (K),PDIA3_HUMAN
P35579|1716|K|34,P35579,MYH9,1716,K,34,K-34,Methylation (K),MYH9_HUMAN
P30046|87|K|34,P30046,DDT,87,K,34,K-34,Methylation (K),DOPD_HUMAN
P40429|159|K|34,P40429,RPL13A,159,K,34,K-34,Methylation (K),RL13A_HUMAN
P49411|91|K|34,P49411,TUFM,91,K,34,K-34,Methylation (K),EFTU_HUMAN
P40925|142|K|34,P40925,MDH1,142,K,34,K-34,Methylation (K),MDHC_HUMAN
Q15149|3285|K|34,Q15149,PLEC,3285,K,34,K-34,Methylation (K),PLEC_HUMAN
P35579|1492|K|34,P35579,MYH9,1492,K,34,K-34,Methylation (K),MYH9_HUMAN
P63313|4|K|34,P63313,TMSB10,4,K,34,K-34,Methylation (K),TYB10_HUMAN
Q01995|89|K|34,Q01995,TAGLN,89,K,34,K-34,Methylation (K),TAGL_HUMAN
P35579|637|K|34,P35579,MYH9,637,K,34,K-34,Methylation (K),MYH9_HUMAN
Q92541|531|K|34,Q92541,RTF1,531,K,34,K-34,Methylation (K),RTF1_HUMAN
Q9BQA1|5|T|21,Q9BQA1,WDR77,5,T,21,T-21,Phospho (ST),MEP50_HUMAN
Q9P1Y6|917|T|21,Q9P1Y6,PHRF1,917,T,21,T-21,Phospho (ST),PHRF1_HUMAN
Q99549|401|T|21,Q99549,MPHOSPH8,401,T,21,T-21,Phospho (ST),MPP8_HUMAN
Q96I25|71|T|21,Q96I25,RBM17,71,T,21,T-21,Phospho (ST),SPF45_HUMAN
Q96JM3|458|T|21,Q96JM3,CHAMP1,458,T,21,T-21,Phospho (ST),CHAP1_HUMAN
Q96PK6|206|T|21,Q96PK6,RBM14,206,T,21,T-21,Phospho (ST),RBM14_HUMAN
Q9H4G0|78|T|21,Q9H4G0,EPB41L1,78,T,21,T-21,Phospho (ST),E41L1_HUMAN
Q9H4G0|79|T|21,Q9H4G0,EPB41L1,79,T,21,T-21,Phospho (ST),E41L1_HUMAN
Q99700|771|T|21,Q99700,ATXN2,771,T,21,T-21,Phospho (ST),ATX2_HUMAN
Q96SB4|305|K|53,Q96SB4,SRPK1,305,K,53,K-53,HNE,SRPK1_HUMAN
Q8IYB3|727|T|21,Q8IYB3,SRRM1,727,T,21,T-21,Phospho (ST),SRRM1_HUMAN
Q8IYB3|693|T|21,Q8IYB3,SRRM1,693,T,21,T-21,Phospho (ST),SRRM1_HUMAN
Q8IYB3|718|T|21,Q8IYB3,SRRM1,718,T,21,T-21,Phospho (ST),SRRM1_HUMAN
Q96T60|118|T|21,Q96T60,PNKP,118,T,21,T-21,Phospho (ST),PNKP_HUMAN
Q86WB0|55|T|21,Q86WB0,ZC3HC1,55,T,21,T-21,Phospho (ST),ZC3C1_HUMAN
Q8IVT2|377|T|21,Q8IVT2,MISP,377,T,21,T-21,Phospho (ST),MISP_HUMAN
Q8WWM7|588|T|21,Q8WWM7,ATXN2L,588,T,21,T-21,Phospho (ST),ATX2L_HUMAN
O75676|686|R|7,O75676,RPS6KA4,686,R,7,R-7,Citrulline,KS6A4_HUMAN
Q8WVK2|60|T|21,Q8WVK2,SNRNP27,60,T,21,T-21,Phospho (ST),SNR27_HUMAN
Q9ULJ3|418|R|7,Q9ULJ3,ZBTB21,418,R,7,R-7,Citrulline,ZBT21_HUMAN
P08581|1234|Y|21,P08581,MET,1234,Y,21,Y-21,Phospho (Y),MET_HUMAN
Q8IZP0|213|Y|21,Q8IZP0,ABI1,213,Y,21,Y-21,Phospho (Y),ABI1_HUMAN
P02686|148|Y|21,P02686,MBP,148,Y,21,Y-21,Phospho (Y),MBP_HUMAN
O00461|641|Y|21,O00461,GOLIM4,641,Y,21,Y-21,Phospho (Y),GOLI4_HUMAN
O60264|99|T|23,O60264,SMARCA5,99,T,23,T-23,Phospho (ST),SMCA5_HUMAN
P00533|1172|Y|21,P00533,EGFR,1172,Y,21,Y-21,Phospho (Y),EGFR_HUMAN
Q96QD8|41|Y|21,Q96QD8,SLC38A2,41,Y,21,Y-21,Phospho (Y),S38A2_HUMAN
P29317|594|Y|21,P29317,EPHA2,594,Y,21,Y-21,Phospho (Y),EPHA2_HUMAN
P60174|209|Y|21,P60174,TPI1,209,Y,21,Y-21,Phospho (Y),TPIS_HUMAN
Q13185|92|K|53,Q13185,CBX3,92,K,53,K-53,HNE,CBX3_HUMAN
Q9ULU4|751|T|21,Q9ULU4,ZMYND8,751,T,21,T-21,Phospho (ST),ZMYD8_HUMAN
Q9NQ84|423|T|21,Q9NQ84,GPRC5C,423,T,21,T-21,Phospho (ST),GPC5C_HUMAN
Q9NRL2|731|T|21,Q9NRL2,BAZ1A,731,T,21,T-21,Phospho (ST),BAZ1A_HUMAN
Q9Y3Q8|229|T|21,Q9Y3Q8,TSC22D4,229,T,21,T-21,Phospho (ST),T22D4_HUMAN
P62805|45|K|34,P62805,H4C1,45,K,34,K-34,Methylation (K),H4_HUMAN
P80723|36|T|21,P80723,BASP1,36,T,21,T-21,Phospho (ST),BASP1_HUMAN
Q14671|711|T|21,Q14671,PUM1,711,T,21,T-21,Phospho (ST),PUM1_HUMAN
Q8N684|203|T|21,Q8N684,CPSF7,203,T,21,T-21,Phospho (ST),CPSF7_HUMAN
P52292|61|T|21,P52292,KPNA2,61,T,21,T-21,Phospho (ST),IMA1_HUMAN
Q13263|541|T|21,Q13263,TRIM28,541,T,21,T-21,Phospho (ST),TIF1B_HUMAN
Q14847|68|T|21,Q14847,LASP1,68,T,21,T-21,Phospho (ST),LASP1_HUMAN
Q13595|204|T|21,Q13595,TRA2A,204,T,21,T-21,Phospho (ST),TRA2A_HUMAN
Q06210|262|T|21,Q06210,GFPT1,262,T,21,T-21,Phospho (ST),GFPT1_HUMAN
Q5VT52|732|T|21,Q5VT52,RPRD2,732,T,21,T-21,Phospho (ST),RPRD2_HUMAN
Q08357|387|T|21,Q08357,SLC20A2,387,T,21,T-21,Phospho (ST),S20A2_HUMAN
Q09666|3716|T|21,Q09666,AHNAK,3716,T,21,T-21,Phospho (ST),AHNK_HUMAN
Q09666|4564|T|21,Q09666,AHNAK,4564,T,21,T-21,Phospho (ST),AHNK_HUMAN
Q01130|25|T|21,Q01130,SRSF2,25,T,21,T-21,Phospho (ST),SRSF2_HUMAN
Q12906|609|R|36,Q12906,ILF3,609,R,36,R-36,Methylation (R),ILF3_HUMAN
P42167|208|T|21,P42167,TMPO,208,T,21,T-21,Phospho (ST),LAP2B_HUMAN
P42166|74|T|21,P42166,TMPO,74,T,21,T-21,Phospho (ST),LAP2A_HUMAN
P23396|221|T|21,P23396,RPS3,221,T,21,T-21,Phospho (ST),RS3_HUMAN
P28482|181|T|21,P28482,MAPK1,181,T,21,T-21,Phospho (ST),MK01_HUMAN
P31943|107|T|21,P31943,HNRNPH1,107,T,21,T-21,Phospho (ST),HNRH1_HUMAN
P49407|410|T|21,P49407,ARRB1,410,T,21,T-21,Phospho (ST),ARRB1_HUMAN
P41212|18|T|21,P41212,ETV6,18,T,21,T-21,Phospho (ST),ETV6_HUMAN
Q5T5C0|784|T|21,Q5T5C0,STXBP5,784,T,21,T-21,Phospho (ST),STXB5_HUMAN
Q16539|180|T|21,Q16539,MAPK14,180,T,21,T-21,Phospho (ST),MK14_HUMAN
Q8TD55|311|T|21,Q8TD55,PLEKHO2,311,T,21,T-21,Phospho (ST),PKHO2_HUMAN
Q7Z6Z7|1905|T|21,Q7Z6Z7,HUWE1,1905,T,21,T-21,Phospho (ST),HUWE1_HUMAN
P06241|420|Y|21,P06241,FYN,420,Y,21,Y-21,Phospho (Y),FYN_HUMAN
Q6T4R5|996|T|21,Q6T4R5,NHS,996,T,21,T-21,Phospho (ST),NHS_HUMAN
Q6T4R5|997|T|21,Q6T4R5,NHS,997,T,21,T-21,Phospho (ST),NHS_HUMAN
Q13443|761|T|21,Q13443,ADAM9,761,T,21,T-21,Phospho (ST),ADAM9_HUMAN
Q6UN15|494|T|21,Q6UN15,FIP1L1,494,T,21,T-21,Phospho (ST),FIP1_HUMAN
Q13595|202|T|21,Q13595,TRA2A,202,T,21,T-21,Phospho (ST),TRA2A_HUMAN
Q13620|49|T|21,Q13620,CUL4B,49,T,21,T-21,Phospho (ST),CUL4B_HUMAN
Q13610|55|T|21,Q13610,PWP1,55,T,21,T-21,Phospho (ST),PWP1_HUMAN
Q13501|269|T|21,Q13501,SQSTM1,269,T,21,T-21,Phospho (ST),SQSTM_HUMAN
Q2M2I8|606|T|21,Q2M2I8,AAK1,606,T,21,T-21,Phospho (ST),AAK1_HUMAN
Q12888|1055|T|21,Q12888,TP53BP1,1055,T,21,T-21,Phospho (ST),TP53B_HUMAN
Q12888|1056|T|21,Q12888,TP53BP1,1056,T,21,T-21,Phospho (ST),TP53B_HUMAN
Q09666|5839|T|21,Q09666,AHNAK,5839,T,21,T-21,Phospho (ST),AHNK_HUMAN
Q12830|739|T|21,Q12830,BPTF,739,T,21,T-21,Phospho (ST),BPTF_HUMAN
Q12834|69|T|21,Q12834,CDC20,69,T,21,T-21,Phospho (ST),CDC20_HUMAN
Q12834|70|T|21,Q12834,CDC20,70,T,21,T-21,Phospho (ST),CDC20_HUMAN
Q12906|469|T|21,Q12906,ILF3,469,T,21,T-21,Phospho (ST),ILF3_HUMAN
Q16181|228|T|21,Q16181,SEPTIN7,228,T,21,T-21,Phospho (ST),SEPT7_HUMAN
Q16512|774|T|21,Q16512,PKN1,774,T,21,T-21,Phospho (ST),PKN1_HUMAN
Q16512|778|T|21,Q16512,PKN1,778,T,21,T-21,Phospho (ST),PKN1_HUMAN
Q92508|1644|T|21,Q92508,PIEZO1,1644,T,21,T-21,Phospho (ST),PIEZ1_HUMAN
P23284|129|K|1,P23284,PPIB,129,K,1,K-1,Acetylation (K),PPIB_HUMAN
P42568|254|K|1,P42568,MLLT3,254,K,1,K-1,Acetylation (K),AF9_HUMAN
P23528|144|K|1,P23528,CFL1,144,K,1,K-1,Acetylation (K),COF1_HUMAN
Q13263|377|K|1,Q13263,TRIM28,377,K,1,K-1,Acetylation (K),TIF1B_HUMAN
P35579|656|K|1,P35579,MYH9,656,K,1,K-1,Acetylation (K),MYH9_HUMAN
P35637|332|K|1,P35637,FUS,332,K,1,K-1,Acetylation (K),FUS_HUMAN
Q02539|88|K|1,Q02539,H1-1,88,K,1,K-1,Acetylation (K),H11_HUMAN
P62256|64|K|1,P62256,UBE2H,64,K,1,K-1,Acetylation (K),UBE2H_HUMAN
P62913|67|K|1,P62913,RPL11,67,K,1,K-1,Acetylation (K),RL11_HUMAN
P62979|6|K|1,P62979,RPS27A,6,K,1,K-1,Acetylation (K),RS27A_HUMAN
P60842|146|K|1,P60842,EIF4A1,146,K,1,K-1,Acetylation (K),IF4A1_HUMAN
P51991|126|K|1,P51991,HNRNPA3,126,K,1,K-1,Acetylation (K),ROA3_HUMAN
P52272|698|K|1,P52272,HNRNPM,698,K,1,K-1,Acetylation (K),HNRPM_HUMAN
P23368|156|K|1,P23368,ME2,156,K,1,K-1,Acetylation (K),MAOM_HUMAN
P49327|1752|K|1,P49327,FASN,1752,K,1,K-1,Acetylation (K),FAS_HUMAN
Q00839|635|K|1,Q00839,HNRNPU,635,K,1,K-1,Acetylation (K),HNRPU_HUMAN
P62906|91|K|1,P62906,RPL10A,91,K,1,K-1,Acetylation (K),RL10A_HUMAN
P22626|173|K|1,P22626,HNRNPA2B1,173,K,1,K-1,Acetylation (K),ROA2_HUMAN
P60174|188|K|1,P60174,TPI1,188,K,1,K-1,Acetylation (K),TPIS_HUMAN
P22626|112|K|1,P22626,HNRNPA2B1,112,K,1,K-1,Acetylation (K),ROA2_HUMAN
P23246|271|K|1,P23246,SFPQ,271,K,1,K-1,Acetylation (K),SFPQ_HUMAN
P62979|33|K|1,P62979,RPS27A,33,K,1,K-1,Acetylation (K),RS27A_HUMAN
P78371|248|K|1,P78371,CCT2,248,K,1,K-1,Acetylation (K),TCPB_HUMAN
Q04917|77|K|1,Q04917,YWHAH,77,K,1,K-1,Acetylation (K),1433F_HUMAN
Q09472|14|K|1,Q09472,EP300,14,K,1,K-1,Acetylation (K),EP300_HUMAN
P24752|202|K|1,P24752,ACAT1,202,K,1,K-1,Acetylation (K),THIL_HUMAN
Q9H0A0|426|K|1,Q9H0A0,NAT10,426,K,1,K-1,Acetylation (K),NAT10_HUMAN
P46060|524|K|1,P46060,RANGAP1,524,K,1,K-1,Acetylation (K),RAGP1_HUMAN
P50213|100|K|1,P50213,IDH3A,100,K,1,K-1,Acetylation (K),IDH3A_HUMAN
P60660|79|K|1,P60660,MYL6,79,K,1,K-1,Acetylation (K),MYL6_HUMAN
P24752|174|K|1,P24752,ACAT1,174,K,1,K-1,Acetylation (K),THIL_HUMAN
P62805|17|K|1,P62805,H4C1,17,K,1,K-1,Acetylation (K),H4_HUMAN
P23528|44|K|1,P23528,CFL1,44,K,1,K-1,Acetylation (K),COF1_HUMAN
P50990|400|K|1,P50990,CCT8,400,K,1,K-1,Acetylation (K),TCPQ_HUMAN
P62805|92|K|1,P62805,H4C1,92,K,1,K-1,Acetylation (K),H4_HUMAN
P23528|19|K|1,P23528,CFL1,19,K,1,K-1,Acetylation (K),COF1_HUMAN
Q13951|177|K|1,Q13951,CBFB,177,K,1,K-1,Acetylation (K),PEBB_HUMAN
P82979|119|K|1,P82979,SARNP,119,K,1,K-1,Acetylation (K),SARNP_HUMAN
P49207|36|K|1,P49207,RPL34,36,K,1,K-1,Acetylation (K),RL34_HUMAN
P55201|896|K|1,P55201,BRPF1,896,K,1,K-1,Acetylation (K),BRPF1_HUMAN
P33778|6|K|1,P33778,H2BC3,6,K,1,K-1,Acetylation (K),H2B1B_HUMAN
P24534|176|K|1,P24534,EEF1B2,176,K,1,K-1,Acetylation (K),EF1B_HUMAN
P19338|646|K|1,P19338,NCL,646,K,1,K-1,Acetylation (K),NUCL_HUMAN
P62913|52|K|1,P62913,RPL11,52,K,1,K-1,Acetylation (K),RL11_HUMAN
P22087|121|K|1,P22087,FBL,121,K,1,K-1,Acetylation (K),FBRL_HUMAN
P50914|85|K|1,P50914,RPL14,85,K,1,K-1,Acetylation (K),RL14_HUMAN
P61353|93|K|1,P61353,RPL27,93,K,1,K-1,Acetylation (K),RL27_HUMAN
P20700|483|K|1,P20700,LMNB1,483,K,1,K-1,Acetylation (K),LMNB1_HUMAN
Q6NVY1|301|K|1,Q6NVY1,HIBCH,301,K,1,K-1,Acetylation (K),HIBCH_HUMAN
P17987|400|K|1,P17987,TCP1,400,K,1,K-1,Acetylation (K),TCPA_HUMAN
P17844|40|K|1,P17844,DDX5,40,K,1,K-1,Acetylation (K),DDX5_HUMAN
Q14498|232|K|1,Q14498,RBM39,232,K,1,K-1,Acetylation (K),RBM39_HUMAN
P18583|2055|K|1,P18583,SON,2055,K,1,K-1,Acetylation (K),SON_HUMAN
Q12888|1626|K|1,Q12888,TP53BP1,1626,K,1,K-1,Acetylation (K),TP53B_HUMAN
P22234|246|K|1,P22234,PAICS,246,K,1,K-1,Acetylation (K),PUR6_HUMAN
P60953|153|K|1,P60953,CDC42,153,K,1,K-1,Acetylation (K),CDC42_HUMAN
P22234|283|K|1,P22234,PAICS,283,K,1,K-1,Acetylation (K),PUR6_HUMAN
P52272|716|K|1,P52272,HNRNPM,716,K,1,K-1,Acetylation (K),HNRPM_HUMAN
P40926|324|K|1,P40926,MDH2,324,K,1,K-1,Acetylation (K),MDHM_HUMAN
P21333|700|K|1,P21333,FLNA,700,K,1,K-1,Acetylation (K),FLNA_HUMAN
P54577|146|K|1,P54577,YARS1,146,K,1,K-1,Acetylation (K),SYYC_HUMAN
P33991|858|K|1,P33991,MCM4,858,K,1,K-1,Acetylation (K),MCM4_HUMAN
P33992|396|K|1,P33992,MCM5,396,K,1,K-1,Acetylation (K),MCM5_HUMAN
Q02078|249|K|1,Q02078,MEF2A,249,K,1,K-1,Acetylation (K),MEF2A_HUMAN
Q08752|331|K|1,Q08752,PPID,331,K,1,K-1,Acetylation (K),PPID_HUMAN
Q00839|551|K|1,Q00839,HNRNPU,551,K,1,K-1,Acetylation (K),HNRPU_HUMAN
P36542|49|K|1,P36542,ATP5F1C,49,K,1,K-1,Acetylation (K),ATPG_HUMAN
P34897|464|K|1,P34897,SHMT2,464,K,1,K-1,Acetylation (K),GLYM_HUMAN
Q05639|44|K|1,Q05639,EEF1A2,44,K,1,K-1,Acetylation (K),EF1A2_HUMAN
P31947|122|K|1,P31947,SFN,122,K,1,K-1,Acetylation (K),1433S_HUMAN
P62851|52|K|1,P62851,RPS25,52,K,1,K-1,Acetylation (K),RS25_HUMAN
P31948|364|K|1,P31948,STIP1,364,K,1,K-1,Acetylation (K),STIP1_HUMAN
P38117|248|K|1,P38117,ETFB,248,K,1,K-1,Acetylation (K),ETFB_HUMAN
P42568|324|K|1,P42568,MLLT3,324,K,1,K-1,Acetylation (K),AF9_HUMAN
P31943|167|K|1,P31943,HNRNPH1,167,K,1,K-1,Acetylation (K),HNRH1_HUMAN
P33778|12|K|1,P33778,H2BC3,12,K,1,K-1,Acetylation (K),H2B1B_HUMAN
P40939|60|K|1,P40939,HADHA,60,K,1,K-1,Acetylation (K),ECHA_HUMAN
Q9H0E9|481|K|1,Q9H0E9,BRD8,481,K,1,K-1,Acetylation (K),BRD8_HUMAN
Q14847|42|K|1,Q14847,LASP1,42,K,1,K-1,Acetylation (K),LASP1_HUMAN
P35579|74|K|1,P35579,MYH9,74,K,1,K-1,Acetylation (K),MYH9_HUMAN
P60866|8|K|1,P60866,RPS20,8,K,1,K-1,Acetylation (K),RS20_HUMAN
P40939|406|K|1,P40939,HADHA,406,K,1,K-1,Acetylation (K),ECHA_HUMAN
P35914|48|K|1,P35914,HMGCL,48,K,1,K-1,Acetylation (K),HMGCL_HUMAN
P35579|1802|K|1,P35579,MYH9,1802,K,1,K-1,Acetylation (K),MYH9_HUMAN
Q14315|1994|K|1,Q14315,FLNC,1994,K,1,K-1,Acetylation (K),FLNC_HUMAN
P35579|1525|K|1,P35579,MYH9,1525,K,1,K-1,Acetylation (K),MYH9_HUMAN
Q9Y262|549|K|1,Q9Y262,EIF3L,549,K,1,K-1,Acetylation (K),EIF3L_HUMAN
P25705|539|K|1,P25705,ATP5F1A,539,K,1,K-1,Acetylation (K),ATPA_HUMAN
P62280|58|K|1,P62280,RPS11,58,K,1,K-1,Acetylation (K),RS11_HUMAN
P46783|138|K|1,P46783,RPS10,138,K,1,K-1,Acetylation (K),RS10_HUMAN
P26639|636|K|1,P26639,TARS1,636,K,1,K-1,Acetylation (K),SYTC_HUMAN
P26639|660|K|1,P26639,TARS1,660,K,1,K-1,Acetylation (K),SYTC_HUMAN
Q16836|185|K|1,Q16836,HADH,185,K,1,K-1,Acetylation (K),HCDH_HUMAN
P26447|35|K|1,P26447,S100A4,35,K,1,K-1,Acetylation (K),S10A4_HUMAN
P60981|44|K|1,P60981,DSTN,44,K,1,K-1,Acetylation (K),DEST_HUMAN
P39019|111|K|1,P39019,RPS19,111,K,1,K-1,Acetylation (K),RS19_HUMAN
Q13435|870|K|1,Q13435,SF3B2,870,K,1,K-1,Acetylation (K),SF3B2_HUMAN
P25705|230|K|1,P25705,ATP5F1A,230,K,1,K-1,Acetylation (K),ATPA_HUMAN
P25705|427|K|1,P25705,ATP5F1A,427,K,1,K-1,Acetylation (K),ATPA_HUMAN
P07237|69|K|34,P07237,P4HB,69,K,34,K-34,Methylation (K),PDIA1_HUMAN
Q13825|204|K|1,Q13825,AUH,204,K,1,K-1,Acetylation (K),AUHM_HUMAN
P25705|434|K|1,P25705,ATP5F1A,434,K,1,K-1,Acetylation (K),ATPA_HUMAN
P62753|64|K|1,P62753,RPS6,64,K,1,K-1,Acetylation (K),RS6_HUMAN
P78406|108|K|1,P78406,RAE1,108,K,1,K-1,Acetylation (K),RAE1L_HUMAN
P30566|295|K|1,P30566,ADSL,295,K,1,K-1,Acetylation (K),PUR8_HUMAN
P30101|94|K|1,P30101,PDIA3,94,K,1,K-1,Acetylation (K),PDIA3_HUMAN
Q09472|1546|K|1,Q09472,EP300,1546,K,1,K-1,Acetylation (K),EP300_HUMAN
Q9HB71|178|K|1,Q9HB71,CACYBP,178,K,1,K-1,Acetylation (K),CYBP_HUMAN
Q06830|27|K|1,Q06830,PRDX1,27,K,1,K-1,Acetylation (K),PRDX1_HUMAN
P27797|62|K|1,P27797,CALR,62,K,1,K-1,Acetylation (K),CALR_HUMAN
P10809|96|K|1,P10809,HSPD1,96,K,1,K-1,Acetylation (K),CH60_HUMAN
P11021|547|K|1,P11021,HSPA5,547,K,1,K-1,Acetylation (K),BIP_HUMAN
P11142|126|K|1,P11142,HSPA8,126,K,1,K-1,Acetylation (K),HSP7C_HUMAN
P13639|42|K|1,P13639,EEF2,42,K,1,K-1,Acetylation (K),EF2_HUMAN
P11021|96|K|1,P11021,HSPA5,96,K,1,K-1,Acetylation (K),BIP_HUMAN
Q00325|99|K|1,Q00325,SLC25A3,99,K,1,K-1,Acetylation (K),S25A3_HUMAN
P10809|301|K|1,P10809,HSPD1,301,K,1,K-1,Acetylation (K),CH60_HUMAN
P10809|359|K|1,P10809,HSPD1,359,K,1,K-1,Acetylation (K),CH60_HUMAN
P12270|748|K|1,P12270,TPR,748,K,1,K-1,Acetylation (K),TPR_HUMAN
P10809|417|K|1,P10809,HSPD1,417,K,1,K-1,Acetylation (K),CH60_HUMAN
P11142|246|K|1,P11142,HSPA8,246,K,1,K-1,Acetylation (K),HSP7C_HUMAN
Q5JRX3|946|K|1,Q5JRX3,PITRM1,946,K,1,K-1,Acetylation (K),PREP_HUMAN
P11142|557|K|1,P11142,HSPA8,557,K,1,K-1,Acetylation (K),HSP7C_HUMAN
P11413|497|K|1,P11413,G6PD,497,K,1,K-1,Acetylation (K),G6PD_HUMAN
P11142|524|K|1,P11142,HSPA8,524,K,1,K-1,Acetylation (K),HSP7C_HUMAN
P11142|71|K|1,P11142,HSPA8,71,K,1,K-1,Acetylation (K),HSP7C_HUMAN
P41219|288|K|1,P41219,PRPH,288,K,1,K-1,Acetylation (K),PERI_HUMAN
P11142|601|K|1,P11142,HSPA8,601,K,1,K-1,Acetylation (K),HSP7C_HUMAN
P11142|187|K|1,P11142,HSPA8,187,K,1,K-1,Acetylation (K),HSP7C_HUMAN
Q9NSE4|74|K|1,Q9NSE4,IARS2,74,K,1,K-1,Acetylation (K),SYIM_HUMAN
P60174|14|K|1,P60174,TPI1,14,K,1,K-1,Acetylation (K),TPIS_HUMAN
P09622|420|K|1,P09622,DLD,420,K,1,K-1,Acetylation (K),DLDH_HUMAN
P09651|166|K|1,P09651,HNRNPA1,166,K,1,K-1,Acetylation (K),ROA1_HUMAN
P08865|89|K|1,P08865,RPSA,89,K,1,K-1,Acetylation (K),RSSA_HUMAN
P62826|60|K|1,P62826,RAN,60,K,1,K-1,Acetylation (K),RAN_HUMAN
Q99460|838|K|1,Q99460,PSMD1,838,K,1,K-1,Acetylation (K),PSMD1_HUMAN
Q12931|424|K|1,Q12931,TRAP1,424,K,1,K-1,Acetylation (K),TRAP1_HUMAN
P13639|498|K|1,P13639,EEF2,498,K,1,K-1,Acetylation (K),EF2_HUMAN
P36578|327|K|1,P36578,RPL4,327,K,1,K-1,Acetylation (K),RL4_HUMAN
P08670|439|K|1,P08670,VIM,439,K,1,K-1,Acetylation (K),VIME_HUMAN
P09493|48|K|1,P09493,TPM1,48,K,1,K-1,Acetylation (K),TPM1_HUMAN
P09493|118|K|1,P09493,TPM1,118,K,1,K-1,Acetylation (K),TPM1_HUMAN
Q99436|249|K|1,Q99436,PSMB7,249,K,1,K-1,Acetylation (K),PSB7_HUMAN
P0DP24|116|K|1,P0DP24,CALM2,116,K,1,K-1,Acetylation (K),CALM2_HUMAN
P29401|302|R|7,P29401,TKT,302,R,7,R-7,Citrulline,TKT_HUMAN
P0DP24|22|K|1,P0DP24,CALM2,22,K,1,K-1,Acetylation (K),CALM2_HUMAN
P10412|17|K|1,P10412,H1-4,17,K,1,K-1,Acetylation (K),H14_HUMAN
P40926|241|K|1,P40926,MDH2,241,K,1,K-1,Acetylation (K),MDHM_HUMAN
P62805|13|K|1,P62805,H4C1,13,K,1,K-1,Acetylation (K),H4_HUMAN
P16401|109|K|1,P16401,H1-5,109,K,1,K-1,Acetylation (K),H15_HUMAN
P48047|162|K|1,P48047,ATP5PO,162,K,1,K-1,Acetylation (K),ATPO_HUMAN
Q05639|255|K|1,Q05639,EEF1A2,255,K,1,K-1,Acetylation (K),EF1A2_HUMAN
P09651|3|K|1,P09651,HNRNPA1,3,K,1,K-1,Acetylation (K),ROA1_HUMAN
Q96AE4|44|K|1,Q96AE4,FUBP1,44,K,1,K-1,Acetylation (K),FUBP1_HUMAN
P16401|17|K|1,P16401,H1-5,17,K,1,K-1,Acetylation (K),H15_HUMAN
P09651|350|K|1,P09651,HNRNPA1,350,K,1,K-1,Acetylation (K),ROA1_HUMAN
P09972|147|K|1,P09972,ALDOC,147,K,1,K-1,Acetylation (K),ALDOC_HUMAN
Q15233|198|K|1,Q15233,NONO,198,K,1,K-1,Acetylation (K),NONO_HUMAN
P09972|111|K|1,P09972,ALDOC,111,K,1,K-1,Acetylation (K),ALDOC_HUMAN
P52565|141|K|1,P52565,ARHGDIA,141,K,1,K-1,Acetylation (K),GDIR1_HUMAN
P53999|68|K|1,P53999,SUB1,68,K,1,K-1,Acetylation (K),TCP4_HUMAN
P62241|128|K|1,P62241,RPS8,128,K,1,K-1,Acetylation (K),RS8_HUMAN
P14625|142|K|1,P14625,HSP90B1,142,K,1,K-1,Acetylation (K),ENPL_HUMAN
P16402|64|K|1,P16402,H1-3,64,K,1,K-1,Acetylation (K),H13_HUMAN
P16402|17|K|1,P16402,H1-3,17,K,1,K-1,Acetylation (K),H13_HUMAN
P14618|188|K|1,P14618,PKM,188,K,1,K-1,Acetylation (K),KPYM_HUMAN
P14618|135|K|1,P14618,PKM,135,K,1,K-1,Acetylation (K),KPYM_HUMAN
P14618|311|K|1,P14618,PKM,311,K,1,K-1,Acetylation (K),KPYM_HUMAN
P14618|206|K|1,P14618,PKM,206,K,1,K-1,Acetylation (K),KPYM_HUMAN
P16949|119|K|1,P16949,STMN1,119,K,1,K-1,Acetylation (K),STMN1_HUMAN
Q15149|2452|K|1,Q15149,PLEC,2452,K,1,K-1,Acetylation (K),PLEC_HUMAN
P12004|80|K|1,P12004,PCNA,80,K,1,K-1,Acetylation (K),PCNA_HUMAN
P12235|23|K|1,P12235,SLC25A4,23,K,1,K-1,Acetylation (K),ADT1_HUMAN
P40926|239|K|1,P40926,MDH2,239,K,1,K-1,Acetylation (K),MDHM_HUMAN
Q02539|78|K|1,Q02539,H1-1,78,K,1,K-1,Acetylation (K),H11_HUMAN
P61956|33|K|1,P61956,SUMO2,33,K,1,K-1,Acetylation (K),SUMO2_HUMAN
Q09666|497|K|1,Q09666,AHNAK,497,K,1,K-1,Acetylation (K),AHNK_HUMAN
P11586|553|K|1,P11586,MTHFD1,553,K,1,K-1,Acetylation (K),C1TC_HUMAN
Q99460|720|K|1,Q99460,PSMD1,720,K,1,K-1,Acetylation (K),PSMD1_HUMAN
P23528|45|K|1,P23528,CFL1,45,K,1,K-1,Acetylation (K),COF1_HUMAN
P14324|123|K|1,P14324,FDPS,123,K,1,K-1,Acetylation (K),FPPS_HUMAN
P12956|461|K|1,P12956,XRCC6,461,K,1,K-1,Acetylation (K),XRCC6_HUMAN
P13639|337|K|1,P13639,EEF2,337,K,1,K-1,Acetylation (K),EF2_HUMAN
P13639|272|K|1,P13639,EEF2,272,K,1,K-1,Acetylation (K),EF2_HUMAN
P58876|6|K|1,P58876,H2BC5,6,K,1,K-1,Acetylation (K),H2B1D_HUMAN
P68133|63|K|1,P68133,ACTA1,63,K,1,K-1,Acetylation (K),ACTS_HUMAN
P69905|8|K|1,P69905,HBA1;,8,K,1,K-1,Acetylation (K),HBA_HUMAN
Q05639|41|K|1,Q05639,EEF1A2,41,K,1,K-1,Acetylation (K),EF1A2_HUMAN
P63279|65|K|1,P63279,UBE2I,65,K,1,K-1,Acetylation (K),UBC9_HUMAN
Q13177|62|K|1,Q13177,PAK2,62,K,1,K-1,Acetylation (K),PAK2_HUMAN
Q01995|121|K|1,Q01995,TAGLN,121,K,1,K-1,Acetylation (K),TAGL_HUMAN
P62805|9|K|1,P62805,H4C1,9,K,1,K-1,Acetylation (K),H4_HUMAN
P62841|72|K|1,P62841,RPS15,72,K,1,K-1,Acetylation (K),RS15_HUMAN
P62979|27|K|1,P62979,RPS27A,27,K,1,K-1,Acetylation (K),RS27A_HUMAN
Q14103|197|K|1,Q14103,HNRNPD,197,K,1,K-1,Acetylation (K),HNRPD_HUMAN
Q13111|467|K|1,Q13111,CHAF1A,467,K,1,K-1,Acetylation (K),CAF1A_HUMAN
Q13418|426|K|1,Q13418,ILK,426,K,1,K-1,Acetylation (K),ILK_HUMAN
Q14151|225|K|1,Q14151,SAFB2,225,K,1,K-1,Acetylation (K),SAFB2_HUMAN
Q14204|4283|K|1,Q14204,DYNC1H1,4283,K,1,K-1,Acetylation (K),DYHC1_HUMAN
Q92793|1797|K|1,Q92793,CREBBP,1797,K,1,K-1,Acetylation (K),CBP_HUMAN
Q09666|942|K|1,Q09666,AHNAK,942,K,1,K-1,Acetylation (K),AHNK_HUMAN
Q09472|1707|K|1,Q09472,EP300,1707,K,1,K-1,Acetylation (K),EP300_HUMAN
Q14315|35|K|1,Q14315,FLNC,35,K,1,K-1,Acetylation (K),FLNC_HUMAN
Q8IY81|233|K|1,Q8IY81,FTSJ3,233,K,1,K-1,Acetylation (K),SPB1_HUMAN
Q09472|1558|K|1,Q09472,EP300,1558,K,1,K-1,Acetylation (K),EP300_HUMAN
Q09472|1560|K|1,Q09472,EP300,1560,K,1,K-1,Acetylation (K),EP300_HUMAN
Q15493|244|K|1,Q15493,RGN,244,K,1,K-1,Acetylation (K),RGN_HUMAN
P48735|106|K|1,P48735,IDH2,106,K,1,K-1,Acetylation (K),IDHP_HUMAN
Q00839|565|K|1,Q00839,HNRNPU,565,K,1,K-1,Acetylation (K),HNRPU_HUMAN
P43487|150|K|1,P43487,RANBP1,150,K,1,K-1,Acetylation (K),RANG_HUMAN
P47756|199|K|1,P47756,CAPZB,199,K,1,K-1,Acetylation (K),CAPZB_HUMAN
P49756|135|K|1,P49756,RBM25,135,K,1,K-1,Acetylation (K),RBM25_HUMAN
Q16695|80|K|1,Q16695,H3-4,80,K,1,K-1,Acetylation (K),H31T_HUMAN
P62851|66|K|1,P62851,RPS25,66,K,1,K-1,Acetylation (K),RS25_HUMAN
P49327|1582|K|1,P49327,FASN,1582,K,1,K-1,Acetylation (K),FAS_HUMAN
Q09472|1583|K|1,Q09472,EP300,1583,K,1,K-1,Acetylation (K),EP300_HUMAN
P49368|248|K|1,P49368,CCT3,248,K,1,K-1,Acetylation (K),TCPG_HUMAN
P49327|1704|K|1,P49327,FASN,1704,K,1,K-1,Acetylation (K),FAS_HUMAN
P38646|610|K|1,P38646,HSPA9,610,K,1,K-1,Acetylation (K),GRP75_HUMAN
P38646|600|K|1,P38646,HSPA9,600,K,1,K-1,Acetylation (K),GRP75_HUMAN
P61353|3|K|1,P61353,RPL27,3,K,1,K-1,Acetylation (K),RL27_HUMAN
P62424|20|K|1,P62424,RPL7A,20,K,1,K-1,Acetylation (K),RL7A_HUMAN
P36578|14|K|1,P36578,RPL4,14,K,1,K-1,Acetylation (K),RL4_HUMAN
P38646|567|K|1,P38646,HSPA9,567,K,1,K-1,Acetylation (K),GRP75_HUMAN
Q92945|109|K|1,Q92945,KHSRP,109,K,1,K-1,Acetylation (K),FUBP2_HUMAN
Q09472|1546|K|535,Q09472,EP300,1546,K,535,K-535,K-GlyGly,EP300_HUMAN
P53396|538|K|1,P53396,ACLY,538,K,1,K-1,Acetylation (K),ACLY_HUMAN
P40926|301|K|1,P40926,MDH2,301,K,1,K-1,Acetylation (K),MDHM_HUMAN
Q96A08|48|K|1,Q96A08,H2BC1,48,K,1,K-1,Acetylation (K),H2B1A_HUMAN
P62861|51|K|1,P62861,FAU,51,K,1,K-1,Acetylation (K),RS30_HUMAN
P62424|150|K|1,P62424,RPL7A,150,K,1,K-1,Acetylation (K),RL7A_HUMAN
P62280|45|K|1,P62280,RPS11,45,K,1,K-1,Acetylation (K),RS11_HUMAN
Q92793|1595|K|1,Q92793,CREBBP,1595,K,1,K-1,Acetylation (K),CBP_HUMAN
P53621|271|K|1,P53621,COPA,271,K,1,K-1,Acetylation (K),COPA_HUMAN
P51826|538|K|1,P51826,AFF3,538,K,1,K-1,Acetylation (K),AFF3_HUMAN
P60660|26|K|1,P60660,MYL6,26,K,1,K-1,Acetylation (K),MYL6_HUMAN
P60866|4|K|1,P60866,RPS20,4,K,1,K-1,Acetylation (K),RS20_HUMAN
Q07955|157|T|23,Q07955,SRSF1,157,T,23,T-23,Phospho (ST),SRSF1_HUMAN
P61978|268|R|36,P61978,HNRNPK,268,R,36,R-36,Methylation (R),HNRPK_HUMAN
Q08945|399|T|23,Q08945,SSRP1,399,T,23,T-23,Phospho (ST),SSRP1_HUMAN
P35606|824|Y|23,P35606,COPB2,824,Y,23,Y-23,Phospho (Y),COPB2_HUMAN
Q14157|322|T|23,Q14157,UBAP2L,322,T,23,T-23,Phospho (ST),UBP2L_HUMAN
O43169|94|Y|23,O43169,CYB5B,94,Y,23,Y-23,Phospho (Y),CYB5B_HUMAN
P36578|52|Y|23,P36578,RPL4,52,Y,23,Y-23,Phospho (Y),RL4_HUMAN
Q07065|431|T|23,Q07065,CKAP4,431,T,23,T-23,Phospho (ST),CKAP4_HUMAN
Q15149|1412|Y|23,Q15149,PLEC,1412,Y,23,Y-23,Phospho (Y),PLEC_HUMAN
Q16543|248|Y|23,Q16543,CDC37,248,Y,23,Y-23,Phospho (Y),CDC37_HUMAN
Q8WWM7|3|K|1,Q8WWM7,ATXN2L,3,K,1,K-1,Acetylation (K),ATX2L_HUMAN
Q15287|244|R|7,Q15287,RNPS1,244,R,7,R-7,Citrulline,RNPS1_HUMAN
P35579|1361|T|23,P35579,MYH9,1361,T,23,T-23,Phospho (ST),MYH9_HUMAN
P62899|25|Y|23,P62899,RPL31,25,Y,23,Y-23,Phospho (Y),RL31_HUMAN
P42765|216|T|23,P42765,ACAA2,216,T,23,T-23,Phospho (ST),THIM_HUMAN
Q13315|2973|R|7,Q13315,ATM,2973,R,7,R-7,Citrulline,ATM_HUMAN
Q9NUK0|85|R|7,Q9NUK0,MBNL3,85,R,7,R-7,Citrulline,MBNL3_HUMAN
P21333|2409|T|23,P21333,FLNA,2409,T,23,T-23,Phospho (ST),FLNA_HUMAN
P60201|106|T|23,P60201,PLP1,106,T,23,T-23,Phospho (ST),MYPR_HUMAN
P49327|1829|T|23,P49327,FASN,1829,T,23,T-23,Phospho (ST),FAS_HUMAN
Q9NUU7|81|R|7,Q9NUU7,DDX19A,81,R,7,R-7,Citrulline,DD19A_HUMAN
P07737|129|Y|23,P07737,PFN1,129,Y,23,Y-23,Phospho (Y),PROF1_HUMAN
P53597|69|T|23,P53597,SUCLG1,69,T,23,T-23,Phospho (ST),SUCA_HUMAN
Q14697|379|Y|23,Q14697,GANAB,379,Y,23,Y-23,Phospho (Y),GANAB_HUMAN
P62241|178|R|7,P62241,RPS8,178,R,7,R-7,Citrulline,RS8_HUMAN
Q08211|251|Y|23,Q08211,DHX9,251,Y,23,Y-23,Phospho (Y),DHX9_HUMAN
P11021|49|R|7,P11021,HSPA5,49,R,7,R-7,Citrulline,BIP_HUMAN
E9PAV3|2005|K|1,E9PAV3,NACA,2005,K,1,K-1,Acetylation (K),NACAM_HUMAN
A6NHL2|408|K|1,A6NHL2,TUBAL3,408,K,1,K-1,Acetylation (K),TBAL3_HUMAN
O95696|519|K|1,O95696,BRD1,519,K,1,K-1,Acetylation (K),BRD1_HUMAN
P04406|219|K|1,P04406,GAPDH,219,K,1,K-1,Acetylation (K),G3P_HUMAN
O00193|174|K|1,O00193,SMAP,174,K,1,K-1,Acetylation (K),SMAP_HUMAN
P13796|28|Y|23,P13796,LCP1,28,Y,23,Y-23,Phospho (Y),PLSL_HUMAN
P23246|251|Y|23,P23246,SFPQ,251,Y,23,Y-23,Phospho (Y),SFPQ_HUMAN
P61158|256|Y|23,P61158,ACTR3,256,Y,23,Y-23,Phospho (Y),ARP3_HUMAN
P04179|99|S|23,P04179,SOD2,99,S,23,S-23,Phospho (ST),SODM_HUMAN
P24539|142|S|23,P24539,ATP5PB,142,S,23,S-23,Phospho (ST),AT5F1_HUMAN
Q9BUJ2|151|T|23,Q9BUJ2,HNRNPUL1,151,T,23,T-23,Phospho (ST),HNRL1_HUMAN
O43670|288|S|23,O43670,ZNF207,288,S,23,S-23,Phospho (ST),ZN207_HUMAN
O43175|37|S|23,O43175,PHGDH,37,S,23,S-23,Phospho (ST),SERA_HUMAN
O43670|289|T|23,O43670,ZNF207,289,T,23,T-23,Phospho (ST),ZN207_HUMAN
O43707|839|T|23,O43707,ACTN4,839,T,23,T-23,Phospho (ST),ACTN4_HUMAN
P21333|2016|T|23,P21333,FLNA,2016,T,23,T-23,Phospho (ST),FLNA_HUMAN
P08238|526|K|53,P08238,HSP90AB1,526,K,53,K-53,HNE,HS90B_HUMAN
P08865|43|S|23,P08865,RPSA,43,S,23,S-23,Phospho (ST),RSSA_HUMAN
O00231|408|S|23,O00231,PSMD11,408,S,23,S-23,Phospho (ST),PSD11_HUMAN
O15212|101|S|23,O15212,PFDN6,101,S,23,S-23,Phospho (ST),PFD6_HUMAN
Q9UNL2|11|S|23,Q9UNL2,SSR3,11,S,23,S-23,Phospho (ST),SSRG_HUMAN
P18859|56|T|23,P18859,ATP5PF,56,T,23,T-23,Phospho (ST),ATP5J_HUMAN
P20290|144|T|23,P20290,BTF3,144,T,23,T-23,Phospho (ST),BTF3_HUMAN
P11021|156|T|23,P11021,HSPA5,156,T,23,T-23,Phospho (ST),BIP_HUMAN
P14618|129|T|23,P14618,PKM,129,T,23,T-23,Phospho (ST),KPYM_HUMAN
P08670|20|T|23,P08670,VIM,20,T,23,T-23,Phospho (ST),VIME_HUMAN
P51148|124|S|23,P51148,RAB5C,124,S,23,S-23,Phospho (ST),RAB5C_HUMAN
P35579|1195|S|23,P35579,MYH9,1195,S,23,S-23,Phospho (ST),MYH9_HUMAN
Q15149|2859|S|23,Q15149,PLEC,2859,S,23,S-23,Phospho (ST),PLEC_HUMAN
P62979|123|S|23,P62979,RPS27A,123,S,23,S-23,Phospho (ST),RS27A_HUMAN
P06748|154|K|1,P06748,NPM1,154,K,1,K-1,Acetylation (K),NPM_HUMAN
P06748|248|K|1,P06748,NPM1,248,K,1,K-1,Acetylation (K),NPM_HUMAN
P06733|406|K|1,P06733,ENO1,406,K,1,K-1,Acetylation (K),ENOA_HUMAN
P08238|438|K|1,P08238,HSP90AB1,438,K,1,K-1,Acetylation (K),HS90B_HUMAN
P06733|335|K|1,P06733,ENO1,335,K,1,K-1,Acetylation (K),ENOA_HUMAN
P07108|55|K|1,P07108,DBI,55,K,1,K-1,Acetylation (K),ACBP_HUMAN
P06733|80|K|1,P06733,ENO1,80,K,1,K-1,Acetylation (K),ENOA_HUMAN
P07237|65|K|1,P07237,P4HB,65,K,1,K-1,Acetylation (K),PDIA1_HUMAN
P06753|153|K|1,P06753,TPM3,153,K,1,K-1,Acetylation (K),TPM3_HUMAN
P06753|150|K|1,P06753,TPM3,150,K,1,K-1,Acetylation (K),TPM3_HUMAN
P07237|436|K|1,P07237,P4HB,436,K,1,K-1,Acetylation (K),PDIA1_HUMAN
P06748|267|K|1,P06748,NPM1,267,K,1,K-1,Acetylation (K),NPM_HUMAN
P06748|257|K|1,P06748,NPM1,257,K,1,K-1,Acetylation (K),NPM_HUMAN
Q01196|43|K|1,Q01196,RUNX1,43,K,1,K-1,Acetylation (K),RUNX1_HUMAN
P06748|32|K|1,P06748,NPM1,32,K,1,K-1,Acetylation (K),NPM_HUMAN
P05091|368|K|1,P05091,ALDH2,368,K,1,K-1,Acetylation (K),ALDH2_HUMAN
P05387|21|K|1,P05387,RPLP2,21,K,1,K-1,Acetylation (K),RLA2_HUMAN
P08133|442|K|1,P08133,ANXA6,442,K,1,K-1,Acetylation (K),ANXA6_HUMAN
P05141|23|K|1,P05141,SLC25A5,23,K,1,K-1,Acetylation (K),ADT2_HUMAN
P12236|23|K|1,P12236,SLC25A6,23,K,1,K-1,Acetylation (K),ADT3_HUMAN
Q92945|87|K|1,Q92945,KHSRP,87,K,1,K-1,Acetylation (K),FUBP2_HUMAN
P04406|66|K|1,P04406,GAPDH,66,K,1,K-1,Acetylation (K),G3P_HUMAN
P04406|84|K|1,P04406,GAPDH,84,K,1,K-1,Acetylation (K),G3P_HUMAN
P06576|133|K|1,P06576,ATP5F1B,133,K,1,K-1,Acetylation (K),ATPB_HUMAN
P21796|224|K|1,P21796,VDAC1,224,K,1,K-1,Acetylation (K),VDAC1_HUMAN
P06733|126|K|1,P06733,ENO1,126,K,1,K-1,Acetylation (K),ENOA_HUMAN
P07355|302|K|1,P07355,ANXA2,302,K,1,K-1,Acetylation (K),ANXA2_HUMAN
P07900|112|K|1,P07900,HSP90AA1,112,K,1,K-1,Acetylation (K),HS90A_HUMAN
P06703|47|K|1,P06703,S100A6,47,K,1,K-1,Acetylation (K),S10A6_HUMAN
P06454|15|K|1,P06454,PTMA,15,K,1,K-1,Acetylation (K),PTMA_HUMAN
P06703|40|K|1,P06703,S100A6,40,K,1,K-1,Acetylation (K),S10A6_HUMAN
P21333|569|K|1,P21333,FLNA,569,K,1,K-1,Acetylation (K),FLNA_HUMAN
P07355|152|K|1,P07355,ANXA2,152,K,1,K-1,Acetylation (K),ANXA2_HUMAN
P08559|321|K|1,P08559,PDHA1,321,K,1,K-1,Acetylation (K),ODPA_HUMAN
P08238|623|K|1,P08238,HSP90AB1,623,K,1,K-1,Acetylation (K),HS90B_HUMAN
P08670|104|K|1,P08670,VIM,104,K,1,K-1,Acetylation (K),VIME_HUMAN
P08133|299|K|1,P08133,ANXA6,299,K,1,K-1,Acetylation (K),ANXA6_HUMAN
P42766|43|K|1,P42766,RPL35,43,K,1,K-1,Acetylation (K),RL35_HUMAN
P08670|294|K|1,P08670,VIM,294,K,1,K-1,Acetylation (K),VIME_HUMAN
P08670|373|K|1,P08670,VIM,373,K,1,K-1,Acetylation (K),VIME_HUMAN
P08670|188|K|1,P08670,VIM,188,K,1,K-1,Acetylation (K),VIME_HUMAN
P08670|168|K|1,P08670,VIM,168,K,1,K-1,Acetylation (K),VIME_HUMAN
P08670|235|K|1,P08670,VIM,235,K,1,K-1,Acetylation (K),VIME_HUMAN
P20962|4|K|1,P20962,PTMS,4,K,1,K-1,Acetylation (K),PTMS_HUMAN
P07814|300|K|1,P07814,EPRS1,300,K,1,K-1,Acetylation (K),SYEP_HUMAN
P07355|115|K|1,P07355,ANXA2,115,K,1,K-1,Acetylation (K),ANXA2_HUMAN
P07900|407|K|1,P07900,HSP90AA1,407,K,1,K-1,Acetylation (K),HS90A_HUMAN
P07900|558|K|1,P07900,HSP90AA1,558,K,1,K-1,Acetylation (K),HS90A_HUMAN
P07900|631|K|1,P07900,HSP90AA1,631,K,1,K-1,Acetylation (K),HS90A_HUMAN
P07900|362|K|1,P07900,HSP90AA1,362,K,1,K-1,Acetylation (K),HS90A_HUMAN
P24534|185|K|1,P24534,EEF1B2,185,K,1,K-1,Acetylation (K),EF1B_HUMAN
P07900|292|K|1,P07900,HSP90AA1,292,K,1,K-1,Acetylation (K),HS90A_HUMAN
O75530|19|K|1,O75530,EED,19,K,1,K-1,Acetylation (K),EED_HUMAN
P40926|241|K|34,P40926,MDH2,241,K,34,K-34,Methylation (K),MDHM_HUMAN
O75822|210|K|1,O75822,EIF3J,210,K,1,K-1,Acetylation (K),EIF3J_HUMAN
P02545|155|K|1,P02545,LMNA,155,K,1,K-1,Acetylation (K),LMNA_HUMAN
P02545|32|K|1,P02545,LMNA,32,K,1,K-1,Acetylation (K),LMNA_HUMAN
O75940|219|K|1,O75940,SMNDC1,219,K,1,K-1,Acetylation (K),SPF30_HUMAN
O75368|17|K|1,O75368,SH3BGRL,17,K,1,K-1,Acetylation (K),SH3L1_HUMAN
P00387|42|K|1,P00387,CYB5R3,42,K,1,K-1,Acetylation (K),NB5R3_HUMAN
O75150|20|K|1,O75150,RNF40,20,K,1,K-1,Acetylation (K),BRE1B_HUMAN
O75390|393|K|1,O75390,CS,393,K,1,K-1,Acetylation (K),CISY_HUMAN
O95619|131|K|1,O95619,YEATS4,131,K,1,K-1,Acetylation (K),YETS4_HUMAN
O95696|516|K|1,O95696,BRD1,516,K,1,K-1,Acetylation (K),BRD1_HUMAN
O95347|1158|K|1,O95347,SMC2,1158,K,1,K-1,Acetylation (K),SMC2_HUMAN
O95347|320|K|1,O95347,SMC2,320,K,1,K-1,Acetylation (K),SMC2_HUMAN
O14979|180|K|1,O14979,HNRNPDL,180,K,1,K-1,Acetylation (K),HNRDL_HUMAN
P06733|92|K|1,P06733,ENO1,92,K,1,K-1,Acetylation (K),ENOA_HUMAN
O43143|17|K|1,O43143,DHX15,17,K,1,K-1,Acetylation (K),DHX15_HUMAN
O15042|88|K|1,O15042,U2SURP,88,K,1,K-1,Acetylation (K),SR140_HUMAN
O00512|94|K|1,O00512,BCL9,94,K,1,K-1,Acetylation (K),BCL9_HUMAN
O00512|86|K|1,O00512,BCL9,86,K,1,K-1,Acetylation (K),BCL9_HUMAN
O14686|3079|K|1,O14686,KMT2D,3079,K,1,K-1,Acetylation (K),KMT2D_HUMAN
O43809|23|K|1,O43809,NUDT21,23,K,1,K-1,Acetylation (K),CPSF5_HUMAN
P04406|194|K|1,P04406,GAPDH,194,K,1,K-1,Acetylation (K),G3P_HUMAN
O43707|417|K|1,O43707,ACTN4,417,K,1,K-1,Acetylation (K),ACTN4_HUMAN
O60264|440|K|1,O60264,SMARCA5,440,K,1,K-1,Acetylation (K),SMCA5_HUMAN
O43707|323|K|1,O43707,ACTN4,323,K,1,K-1,Acetylation (K),ACTN4_HUMAN
P04083|312|K|1,P04083,ANXA1,312,K,1,K-1,Acetylation (K),ANXA1_HUMAN
P04179|68|K|1,P04179,SOD2,68,K,1,K-1,Acetylation (K),SODM_HUMAN
P02545|270|K|1,P02545,LMNA,270,K,1,K-1,Acetylation (K),LMNA_HUMAN
Q16576|4|K|1,Q16576,RBBP7,4,K,1,K-1,Acetylation (K),RBBP7_HUMAN
P04406|251|K|1,P04406,GAPDH,251,K,1,K-1,Acetylation (K),G3P_HUMAN
P04406|227|K|1,P04406,GAPDH,227,K,1,K-1,Acetylation (K),G3P_HUMAN
P04406|254|K|1,P04406,GAPDH,254,K,1,K-1,Acetylation (K),G3P_HUMAN
P04406|215|K|1,P04406,GAPDH,215,K,1,K-1,Acetylation (K),G3P_HUMAN
P00505|122|K|1,P00505,GOT2,122,K,1,K-1,Acetylation (K),AATM_HUMAN
O95696|903|K|1,O95696,BRD1,903,K,1,K-1,Acetylation (K),BRD1_HUMAN
P00558|361|K|1,P00558,PGK1,361,K,1,K-1,Acetylation (K),PGK1_HUMAN
P00558|30|K|1,P00558,PGK1,30,K,1,K-1,Acetylation (K),PGK1_HUMAN
P16401|78|K|1,P16401,H1-5,78,K,1,K-1,Acetylation (K),H15_HUMAN
P01857|173|K|1,P01857,IGHG1,173,K,1,K-1,Acetylation (K),IGHG1_HUMAN
P01106|148|K|1,P01106,MYC,148,K,1,K-1,Acetylation (K),MYC_HUMAN
P00558|220|K|1,P00558,PGK1,220,K,1,K-1,Acetylation (K),PGK1_HUMAN
P00505|363|K|1,P00505,GOT2,363,K,1,K-1,Acetylation (K),AATM_HUMAN
P00558|291|K|1,P00558,PGK1,291,K,1,K-1,Acetylation (K),PGK1_HUMAN
Q7Z434|253|S|21,Q7Z434,MAVS,253,S,21,S-21,Phospho (ST),MAVS_HUMAN
Q7Z434|258|S|21,Q7Z434,MAVS,258,S,21,S-21,Phospho (ST),MAVS_HUMAN
Q7Z460|598|S|21,Q7Z460,CLASP1,598,S,21,S-21,Phospho (ST),CLAP1_HUMAN
Q9C0B5|398|S|21,Q9C0B5,ZDHHC5,398,S,21,S-21,Phospho (ST),ZDHC5_HUMAN
Q7Z422|37|S|21,Q7Z422,SZRD1,37,S,21,S-21,Phospho (ST),SZRD1_HUMAN
Q9NRL2|1413|S|21,Q9NRL2,BAZ1A,1413,S,21,S-21,Phospho (ST),BAZ1A_HUMAN
Q7Z422|107|S|21,Q7Z422,SZRD1,107,S,21,S-21,Phospho (ST),SZRD1_HUMAN
P07355|24|Y|21,P07355,ANXA2,24,Y,21,Y-21,Phospho (Y),ANXA2_HUMAN
Q7Z422|39|S|21,Q7Z422,SZRD1,39,S,21,S-21,Phospho (ST),SZRD1_HUMAN
Q7Z422|51|S|21,Q7Z422,SZRD1,51,S,21,S-21,Phospho (ST),SZRD1_HUMAN
Q9BQG0|1259|S|21,Q9BQG0,MYBBP1A,1259,S,21,S-21,Phospho (ST),MBB1A_HUMAN
Q7Z4S6|854|S|21,Q7Z4S6,KIF21A,854,S,21,S-21,Phospho (ST),KI21A_HUMAN
Q7Z4S6|855|S|21,Q7Z4S6,KIF21A,855,S,21,S-21,Phospho (ST),KI21A_HUMAN
Q7Z4S6|1275|S|21,Q7Z4S6,KIF21A,1275,S,21,S-21,Phospho (ST),KI21A_HUMAN
Q8NFC6|1531|S|21,Q8NFC6,BOD1L1,1531,S,21,S-21,Phospho (ST),BD1L1_HUMAN
Q7Z4V5|232|S|21,Q7Z4V5,HDGFL2,232,S,21,S-21,Phospho (ST),HDGR2_HUMAN
Q7Z4V5|234|S|21,Q7Z4V5,HDGFL2,234,S,21,S-21,Phospho (ST),HDGR2_HUMAN
Q8WXF7|23|S|21,Q8WXF7,ATL1,23,S,21,S-21,Phospho (ST),ATLA1_HUMAN
Q7Z4V5|230|S|21,Q7Z4V5,HDGFL2,230,S,21,S-21,Phospho (ST),HDGR2_HUMAN
Q7Z460|600|S|21,Q7Z460,CLASP1,600,S,21,S-21,Phospho (ST),CLAP1_HUMAN
Q9UMZ2|936|S|21,Q9UMZ2,SYNRG,936,S,21,S-21,Phospho (ST),SYNRG_HUMAN
Q7Z3C6|735|S|21,Q7Z3C6,ATG9A,735,S,21,S-21,Phospho (ST),ATG9A_HUMAN
Q7Z3C6|741|S|21,Q7Z3C6,ATG9A,741,S,21,S-21,Phospho (ST),ATG9A_HUMAN
Q7Z3B3|827|S|21,Q7Z3B3,KANSL1,827,S,21,S-21,Phospho (ST),KANL1_HUMAN
Q9ULJ3|343|S|21,Q9ULJ3,ZBTB21,343,S,21,S-21,Phospho (ST),ZBT21_HUMAN
Q7Z3B3|830|S|21,Q7Z3B3,KANSL1,830,S,21,S-21,Phospho (ST),KANL1_HUMAN
Q7Z2Z1|838|S|21,Q7Z2Z1,TICRR,838,S,21,S-21,Phospho (ST),TICRR_HUMAN
Q7Z333|1017|S|21,Q7Z333,SETX,1017,S,21,S-21,Phospho (ST),SETX_HUMAN
Q7Z333|1019|S|21,Q7Z333,SETX,1019,S,21,S-21,Phospho (ST),SETX_HUMAN
Q7Z417|230|S|21,Q7Z417,NUFIP2,230,S,21,S-21,Phospho (ST),NUFP2_HUMAN
Q7Z417|374|S|21,Q7Z417,NUFIP2,374,S,21,S-21,Phospho (ST),NUFP2_HUMAN
Q7Z417|572|S|21,Q7Z417,NUFIP2,572,S,21,S-21,Phospho (ST),NUFP2_HUMAN
Q96J02|240|S|21,Q96J02,ITCH,240,S,21,S-21,Phospho (ST),ITCH_HUMAN
Q86SQ0|384|S|21,Q86SQ0,PHLDB2,384,S,21,S-21,Phospho (ST),PHLB2_HUMAN
Q96D71|475|S|21,Q96D71,REPS1,475,S,21,S-21,Phospho (ST),REPS1_HUMAN
Q7Z7F0|571|S|21,Q7Z7F0,KHDC4,571,S,21,S-21,Phospho (ST),KHDC4_HUMAN
Q86TB9|179|S|21,Q86TB9,PATL1,179,S,21,S-21,Phospho (ST),PATL1_HUMAN
Q86TI0|573|S|21,Q86TI0,TBC1D1,573,S,21,S-21,Phospho (ST),TBCD1_HUMAN
Q86SQ0|418|S|21,Q86SQ0,PHLDB2,418,S,21,S-21,Phospho (ST),PHLB2_HUMAN
Q96JM3|476|S|21,Q96JM3,CHAMP1,476,S,21,S-21,Phospho (ST),CHAP1_HUMAN
Q86SQ0|937|S|21,Q86SQ0,PHLDB2,937,S,21,S-21,Phospho (ST),PHLB2_HUMAN
Q7Z5J4|921|S|21,Q7Z5J4,RAI1,921,S,21,S-21,Phospho (ST),RAI1_HUMAN
Q96I24|539|S|21,Q96I24,FUBP3,539,S,21,S-21,Phospho (ST),FUBP3_HUMAN
Q7Z5K2|77|S|21,Q7Z5K2,WAPL,77,S,21,S-21,Phospho (ST),WAPL_HUMAN
Q7Z5L9|175|S|21,Q7Z5L9,IRF2BP2,175,S,21,S-21,Phospho (ST),I2BP2_HUMAN
Q7Z4V5|454|S|21,Q7Z4V5,HDGFL2,454,S,21,S-21,Phospho (ST),HDGR2_HUMAN
Q9BSJ8|820|S|21,Q9BSJ8,ESYT1,820,S,21,S-21,Phospho (ST),ESYT1_HUMAN
Q7Z4V5|608|S|21,Q7Z4V5,HDGFL2,608,S,21,S-21,Phospho (ST),HDGR2_HUMAN
Q99536|18|S|21,Q99536,VAT1,18,S,21,S-21,Phospho (ST),VAT1_HUMAN
Q7Z6E9|1179|S|21,Q7Z6E9,RBBP6,1179,S,21,S-21,Phospho (ST),RBBP6_HUMAN
P06744|109|T|21,P06744,GPI,109,T,21,T-21,Phospho (ST),G6PI_HUMAN
Q7Z6Z7|2362|S|21,Q7Z6Z7,HUWE1,2362,S,21,S-21,Phospho (ST),HUWE1_HUMAN
Q96BY6|1292|S|21,Q96BY6,DOCK10,1292,S,21,S-21,Phospho (ST),DOC10_HUMAN
Q7Z6Z7|2365|S|21,Q7Z6Z7,HUWE1,2365,S,21,S-21,Phospho (ST),HUWE1_HUMAN
Q7Z5Q1|89|S|21,Q7Z5Q1,CPEB2,89,S,21,S-21,Phospho (ST),CPEB2_HUMAN
Q7Z5Q1|92|S|21,Q7Z5Q1,CPEB2,92,S,21,S-21,Phospho (ST),CPEB2_HUMAN
Q6ZRV2|523|S|21,Q6ZRV2,FAM83H,523,S,21,S-21,Phospho (ST),FA83H_HUMAN
Q8TDB6|532|S|21,Q8TDB6,DTX3L,532,S,21,S-21,Phospho (ST),DTX3L_HUMAN
Q6ZRV2|924|S|21,Q6ZRV2,FAM83H,924,S,21,S-21,Phospho (ST),FA83H_HUMAN
Q6ZRV2|925|S|21,Q6ZRV2,FAM83H,925,S,21,S-21,Phospho (ST),FA83H_HUMAN
Q6ZNB6|106|S|21,Q6ZNB6,NFXL1,106,S,21,S-21,Phospho (ST),NFXL1_HUMAN
Q92508|1395|S|21,Q92508,PIEZO1,1395,S,21,S-21,Phospho (ST),PIEZ1_HUMAN
Q6ZNB6|107|S|21,Q6ZNB6,NFXL1,107,S,21,S-21,Phospho (ST),NFXL1_HUMAN
Q9P2Y5|571|S|21,Q9P2Y5,UVRAG,571,S,21,S-21,Phospho (ST),UVRAG_HUMAN
Q96AY2|84|S|21,Q96AY2,EME1,84,S,21,S-21,Phospho (ST),EME1_HUMAN
Q70CQ2|3384|S|21,Q70CQ2,USP34,3384,S,21,S-21,Phospho (ST),UBP34_HUMAN
Q70CQ2|3386|S|21,Q70CQ2,USP34,3386,S,21,S-21,Phospho (ST),UBP34_HUMAN
Q9UK58|372|S|21,Q9UK58,CCNL1,372,S,21,S-21,Phospho (ST),CCNL1_HUMAN
Q9UGU5|101|S|21,Q9UGU5,HMGXB4,101,S,21,S-21,Phospho (ST),HMGX4_HUMAN
Q8WYH8|118|S|21,Q8WYH8,ING5,118,S,21,S-21,Phospho (ST),ING5_HUMAN
Q70E73|17|S|21,Q70E73,RAPH1,17,S,21,S-21,Phospho (ST),RAPH1_HUMAN
Q70E73|5|S|21,Q70E73,RAPH1,5,S,21,S-21,Phospho (ST),RAPH1_HUMAN
Q9Y3X0|390|S|21,Q9Y3X0,CCDC9,390,S,21,S-21,Phospho (ST),CCDC9_HUMAN
Q70CQ2|3381|T|21,Q70CQ2,USP34,3381,T,21,T-21,Phospho (ST),UBP34_HUMAN
Q6WKZ4|190|S|21,Q6WKZ4,RAB11FIP1,190,S,21,S-21,Phospho (ST),RFIP1_HUMAN
Q9Y2W1|190|S|21,Q9Y2W1,THRAP3,190,S,21,S-21,Phospho (ST),TR150_HUMAN
Q6WCQ1|289|S|21,Q6WCQ1,MPRIP,289,S,21,S-21,Phospho (ST),MPRIP_HUMAN
Q6WCQ1|292|S|21,Q6WCQ1,MPRIP,292,S,21,S-21,Phospho (ST),MPRIP_HUMAN
Q8TEW0|695|S|21,Q8TEW0,PARD3,695,S,21,S-21,Phospho (ST),PARD3_HUMAN
Q6Y7W6|26|S|21,Q6Y7W6,GIGYF2,26,S,21,S-21,Phospho (ST),GGYF2_HUMAN
Q6ZN18|18|S|21,Q6ZN18,AEBP2,18,S,21,S-21,Phospho (ST),AEBP2_HUMAN
Q6ZN18|24|S|21,Q6ZN18,AEBP2,24,S,21,S-21,Phospho (ST),AEBP2_HUMAN
Q8TAP6|82|S|21,Q8TAP6,CEP76,82,S,21,S-21,Phospho (ST),CEP76_HUMAN
Q96GX5|370|S|21,Q96GX5,MASTL,370,S,21,S-21,Phospho (ST),GWL_HUMAN
Q6WKZ4|356|S|21,Q6WKZ4,RAB11FIP1,356,S,21,S-21,Phospho (ST),RFIP1_HUMAN
Q6Y7W6|20|S|21,Q6Y7W6,GIGYF2,20,S,21,S-21,Phospho (ST),GGYF2_HUMAN
Q7L4I2|17|S|21,Q7L4I2,RSRC2,17,S,21,S-21,Phospho (ST),RSRC2_HUMAN
Q7L2J0|57|S|21,Q7L2J0,MEPCE,57,S,21,S-21,Phospho (ST),MEPCE_HUMAN
Q7L4I2|222|S|21,Q7L4I2,RSRC2,222,S,21,S-21,Phospho (ST),RSRC2_HUMAN
Q7L2J0|254|S|21,Q7L2J0,MEPCE,254,S,21,S-21,Phospho (ST),MEPCE_HUMAN
Q9UBB9|210|S|21,Q9UBB9,TFIP11,210,S,21,S-21,Phospho (ST),TFP11_HUMAN
Q7Z2W4|257|S|21,Q7Z2W4,ZC3HAV1,257,S,21,S-21,Phospho (ST),ZCCHV_HUMAN
Q9UH62|61|S|21,Q9UH62,ARMCX3,61,S,21,S-21,Phospho (ST),ARMX3_HUMAN
Q7Z2W4|335|S|21,Q7Z2W4,ZC3HAV1,335,S,21,S-21,Phospho (ST),ZCCHV_HUMAN
Q9H5Y7|652|S|21,Q9H5Y7,SLITRK6,652,S,21,S-21,Phospho (ST),SLIK6_HUMAN
Q9BST9|520|S|21,Q9BST9,RTKN,520,S,21,S-21,Phospho (ST),RTKN_HUMAN
Q7Z2W4|386|S|21,Q7Z2W4,ZC3HAV1,386,S,21,S-21,Phospho (ST),ZCCHV_HUMAN
Q13177|143|T|21,Q13177,PAK2,143,T,21,T-21,Phospho (ST),PAK2_HUMAN
Q96D09|512|S|21,Q96D09,GPRASP2,512,S,21,S-21,Phospho (ST),GASP2_HUMAN
Q7L7X3|965|S|21,Q7L7X3,TAOK1,965,S,21,S-21,Phospho (ST),TAOK1_HUMAN
Q96EV2|973|S|21,Q96EV2,RBM33,973,S,21,S-21,Phospho (ST),RBM33_HUMAN
Q765P7|264|S|21,Q765P7,MTSS2,264,S,21,S-21,Phospho (ST),MTSS2_HUMAN
Q765P7|257|S|21,Q765P7,MTSS2,257,S,21,S-21,Phospho (ST),MTSS2_HUMAN
Q86V48|570|S|21,Q86V48,LUZP1,570,S,21,S-21,Phospho (ST),LUZP1_HUMAN
Q86U86|14|S|21,Q86U86,PBRM1,14,S,21,S-21,Phospho (ST),PB1_HUMAN
Q71RC2|722|S|21,Q71RC2,LARP4,722,S,21,S-21,Phospho (ST),LARP4_HUMAN
Q16181|426|T|21,Q16181,SEPTIN7,426,T,21,T-21,Phospho (ST),SEPT7_HUMAN
Q71F23|108|S|21,Q71F23,CENPU,108,S,21,S-21,Phospho (ST),CENPU_HUMAN
Q8TEK3|899|S|21,Q8TEK3,DOT1L,899,S,21,S-21,Phospho (ST),DOT1L_HUMAN
Q719H9|12|S|21,Q719H9,KCTD1,12,S,21,S-21,Phospho (ST),KCTD1_HUMAN
Q719H9|9|S|21,Q719H9,KCTD1,9,S,21,S-21,Phospho (ST),KCTD1_HUMAN
Q9UPQ0|204|S|21,Q9UPQ0,LIMCH1,204,S,21,S-21,Phospho (ST),LIMC1_HUMAN
Q7KZ85|73|S|21,Q7KZ85,SUPT6H,73,S,21,S-21,Phospho (ST),SPT6H_HUMAN
Q8NE00|91|S|21,Q8NE00,TMEM104,91,S,21,S-21,Phospho (ST),TM104_HUMAN
Q7KZF4|426|S|21,Q7KZF4,SND1,426,S,21,S-21,Phospho (ST),SND1_HUMAN
Q8NBN3|540|S|21,Q8NBN3,TMEM87A,540,S,21,S-21,Phospho (ST),TM87A_HUMAN
Q9ULT8|1772|S|21,Q9ULT8,HECTD1,1772,S,21,S-21,Phospho (ST),HECD1_HUMAN
Q76FK4|304|S|21,Q76FK4,NOL8,304,S,21,S-21,Phospho (ST),NOL8_HUMAN
Q76L83|139|S|21,Q76L83,ASXL2,139,S,21,S-21,Phospho (ST),ASXL2_HUMAN
Q76L83|146|S|21,Q76L83,ASXL2,146,S,21,S-21,Phospho (ST),ASXL2_HUMAN
Q96T23|1223|S|21,Q96T23,RSF1,1223,S,21,S-21,Phospho (ST),RSF1_HUMAN
Q8WYP5|1160|S|21,Q8WYP5,AHCTF1,1160,S,21,S-21,Phospho (ST),ELYS_HUMAN
Q76FK4|298|S|21,Q76FK4,NOL8,298,S,21,S-21,Phospho (ST),NOL8_HUMAN
Q76L83|834|S|21,Q76L83,ASXL2,834,S,21,S-21,Phospho (ST),ASXL2_HUMAN
Q76L83|845|S|21,Q76L83,ASXL2,845,S,21,S-21,Phospho (ST),ASXL2_HUMAN
Q86WR7|45|T|21,Q86WR7,PROSER2,45,T,21,T-21,Phospho (ST),PRSR2_HUMAN
Q96JY6|124|S|21,Q96JY6,PDLIM2,124,S,21,S-21,Phospho (ST),PDLI2_HUMAN
Q8IVT2|395|S|21,Q8IVT2,MISP,395,S,21,S-21,Phospho (ST),MISP_HUMAN
Q9Y618|2223|S|21,Q9Y618,NCOR2,2223,S,21,S-21,Phospho (ST),NCOR2_HUMAN
Q96PU5|448|S|21,Q96PU5,NEDD4L,448,S,21,S-21,Phospho (ST),NED4L_HUMAN
Q8IVT2|394|S|21,Q8IVT2,MISP,394,S,21,S-21,Phospho (ST),MISP_HUMAN
Q14980|2000|T|21,Q14980,NUMA1,2000,T,21,T-21,Phospho (ST),NUMA1_HUMAN
Q8IWS0|154|S|21,Q8IWS0,PHF6,154,S,21,S-21,Phospho (ST),PHF6_HUMAN
Q8IWS0|155|S|21,Q8IWS0,PHF6,155,S,21,S-21,Phospho (ST),PHF6_HUMAN
Q9NYF8|385|S|21,Q9NYF8,BCLAF1,385,S,21,S-21,Phospho (ST),BCLF1_HUMAN
Q8IWI9|1422|S|21,Q8IWI9,MGA,1422,S,21,S-21,Phospho (ST),MGAP_HUMAN
Q9UMZ2|756|S|21,Q9UMZ2,SYNRG,756,S,21,S-21,Phospho (ST),SYNRG_HUMAN
Q8IWW6|103|S|21,Q8IWW6,ARHGAP12,103,S,21,S-21,Phospho (ST),RHG12_HUMAN
Q8IWT6|199|S|21,Q8IWT6,LRRC8A,199,S,21,S-21,Phospho (ST),LRC8A_HUMAN
Q8N4C8|782|S|21,Q8N4C8,MINK1,782,S,21,S-21,Phospho (ST),MINK1_HUMAN
Q8IWB9|265|S|21,Q8IWB9,TEX2,265,S,21,S-21,Phospho (ST),TEX2_HUMAN
Q8IWB9|269|T|21,Q8IWB9,TEX2,269,T,21,T-21,Phospho (ST),TEX2_HUMAN
Q9H501|180|S|21,Q9H501,ESF1,180,S,21,S-21,Phospho (ST),ESF1_HUMAN
Q86YV5|800|S|21,Q86YV5,PRAG1,800,S,21,S-21,Phospho (ST),PRAG1_HUMAN
Q86YS7|260|S|21,Q86YS7,C2CD5,260,S,21,S-21,Phospho (ST),C2CD5_HUMAN
Q8IVF2|294|S|21,Q8IVF2,AHNAK2,294,S,21,S-21,Phospho (ST),AHNK2_HUMAN
Q9NQW6|562|S|21,Q9NQW6,ANLN,562,S,21,S-21,Phospho (ST),ANLN_HUMAN
Q8IV63|59|S|21,Q8IV63,VRK3,59,S,21,S-21,Phospho (ST),VRK3_HUMAN
Q9HAW4|1156|S|21,Q9HAW4,CLSPN,1156,S,21,S-21,Phospho (ST),CLSPN_HUMAN
Q8NDX1|143|S|21,Q8NDX1,PSD4,143,S,21,S-21,Phospho (ST),PSD4_HUMAN
Q96P11|327|S|21,Q96P11,NSUN5,327,S,21,S-21,Phospho (ST),NSUN5_HUMAN
Q96N67|964|S|21,Q96N67,DOCK7,964,S,21,S-21,Phospho (ST),DOCK7_HUMAN
Q8IVF2|842|S|21,Q8IVF2,AHNAK2,842,S,21,S-21,Phospho (ST),AHNK2_HUMAN
Q5T200|851|Y|21,Q5T200,ZC3H13,851,Y,21,Y-21,Phospho (Y),ZC3HD_HUMAN
Q8IU81|66|S|21,Q8IU81,IRF2BP1,66,S,21,S-21,Phospho (ST),I2BP1_HUMAN
Q8IUD2|21|S|21,Q8IUD2,ERC1,21,S,21,S-21,Phospho (ST),RB6I2_HUMAN
Q8IYB3|416|T|21,Q8IYB3,SRRM1,416,T,21,T-21,Phospho (ST),SRRM1_HUMAN
Q8IYB3|402|S|21,Q8IYB3,SRRM1,402,S,21,S-21,Phospho (ST),SRRM1_HUMAN
Q9BQG0|1267|S|21,Q9BQG0,MYBBP1A,1267,S,21,S-21,Phospho (ST),MBB1A_HUMAN
Q92922|330|S|21,Q92922,SMARCC1,330,S,21,S-21,Phospho (ST),SMRC1_HUMAN
Q92922|328|S|21,Q92922,SMARCC1,328,S,21,S-21,Phospho (ST),SMRC1_HUMAN
Q8IYB3|452|S|21,Q8IYB3,SRRM1,452,S,21,S-21,Phospho (ST),SRRM1_HUMAN
Q8TB72|136|S|21,Q8TB72,PUM2,136,S,21,S-21,Phospho (ST),PUM2_HUMAN
Q8IYB3|463|S|21,Q8IYB3,SRRM1,463,S,21,S-21,Phospho (ST),SRRM1_HUMAN
Q9HAU0|937|S|21,Q9HAU0,PLEKHA5,937,S,21,S-21,Phospho (ST),PKHA5_HUMAN
Q8IYB3|209|S|21,Q8IYB3,SRRM1,209,S,21,S-21,Phospho (ST),SRRM1_HUMAN
Q8IYB3|211|S|21,Q8IYB3,SRRM1,211,S,21,S-21,Phospho (ST),SRRM1_HUMAN
Q8IYB3|616|S|21,Q8IYB3,SRRM1,616,S,21,S-21,Phospho (ST),SRRM1_HUMAN
Q8IYB3|685|S|21,Q8IYB3,SRRM1,685,S,21,S-21,Phospho (ST),SRRM1_HUMAN
Q8IYB3|562|S|21,Q8IYB3,SRRM1,562,S,21,S-21,Phospho (ST),SRRM1_HUMAN
Q8IYB3|549|S|21,Q8IYB3,SRRM1,549,S,21,S-21,Phospho (ST),SRRM1_HUMAN
Q8IYB3|551|S|21,Q8IYB3,SRRM1,551,S,21,S-21,Phospho (ST),SRRM1_HUMAN
Q8IYB3|605|S|21,Q8IYB3,SRRM1,605,S,21,S-21,Phospho (ST),SRRM1_HUMAN
P11137|1605|T|21,P11137,MAP2,1605,T,21,T-21,Phospho (ST),MTAP2_HUMAN
Q8IYB3|607|S|21,Q8IYB3,SRRM1,607,S,21,S-21,Phospho (ST),SRRM1_HUMAN
Q8IYB3|583|S|21,Q8IYB3,SRRM1,583,S,21,S-21,Phospho (ST),SRRM1_HUMAN
Q8IX07|668|S|21,Q8IX07,ZFPM1,668,S,21,S-21,Phospho (ST),FOG1_HUMAN
Q8IXJ6|366|S|21,Q8IXJ6,SIRT2,366,S,21,S-21,Phospho (ST),SIR2_HUMAN
Q8IX12|697|S|21,Q8IX12,CCAR1,697,S,21,S-21,Phospho (ST),CCAR1_HUMAN
Q8IWW6|213|S|21,Q8IWW6,ARHGAP12,213,S,21,S-21,Phospho (ST),RHG12_HUMAN
Q8IWW6|215|S|21,Q8IWW6,ARHGAP12,215,S,21,S-21,Phospho (ST),RHG12_HUMAN
Q8IWX8|830|S|21,Q8IWX8,CHERP,830,S,21,S-21,Phospho (ST),CHERP_HUMAN
Q8IY67|14|S|21,Q8IY67,RAVER1,14,S,21,S-21,Phospho (ST),RAVR1_HUMAN
Q8IY67|17|S|21,Q8IY67,RAVER1,17,S,21,S-21,Phospho (ST),RAVR1_HUMAN
Q8IXJ9|503|S|21,Q8IXJ9,ASXL1,503,S,21,S-21,Phospho (ST),ASXL1_HUMAN
Q8IXJ6|368|S|21,Q8IXJ6,SIRT2,368,S,21,S-21,Phospho (ST),SIR2_HUMAN
Q96E09|270|S|21,Q96E09,PABIR1,270,S,21,S-21,Phospho (ST),PBIR1_HUMAN
Q86UV5|888|S|21,Q86UV5,USP48,888,S,21,S-21,Phospho (ST),UBP48_HUMAN
Q9Y6R1|1029|S|21,Q9Y6R1,SLC4A4,1029,S,21,S-21,Phospho (ST),S4A4_HUMAN
Q9UQB8|360|T|21,Q9UQB8,BAIAP2,360,T,21,T-21,Phospho (ST),BAIP2_HUMAN
Q9BYW2|905|S|21,Q9BYW2,SETD2,905,S,21,S-21,Phospho (ST),SETD2_HUMAN
Q86UU1|428|T|21,Q86UU1,PHLDB1,428,T,21,T-21,Phospho (ST),PHLB1_HUMAN
Q86UU1|520|S|21,Q86UU1,PHLDB1,520,S,21,S-21,Phospho (ST),PHLB1_HUMAN
Q86UU1|518|S|21,Q86UU1,PHLDB1,518,S,21,S-21,Phospho (ST),PHLB1_HUMAN
Q92619|564|S|21,Q92619,ARHGAP45,564,S,21,S-21,Phospho (ST),HMHA1_HUMAN
Q86VM9|24|S|21,Q86VM9,ZC3H18,24,S,21,S-21,Phospho (ST),ZCH18_HUMAN
Q96HI0|293|S|21,Q96HI0,SENP5,293,S,21,S-21,Phospho (ST),SENP5_HUMAN
Q86VM9|44|R|7,Q86VM9,ZC3H18,44,R,7,R-7,Citrulline,ZCH18_HUMAN
Q9BW71|142|S|21,Q9BW71,HIRIP3,142,S,21,S-21,Phospho (ST),HIRP3_HUMAN
Q86VI3|1424|S|21,Q86VI3,IQGAP3,1424,S,21,S-21,Phospho (ST),IQGA3_HUMAN
Q86UE4|568|S|21,Q86UE4,MTDH,568,S,21,S-21,Phospho (ST),LYRIC_HUMAN
Q86UE8|41|S|21,Q86UE8,TLK2,41,S,21,S-21,Phospho (ST),TLK2_HUMAN
Q86UE8|44|S|21,Q86UE8,TLK2,44,S,21,S-21,Phospho (ST),TLK2_HUMAN
Q86UE4|415|S|21,Q86UE4,MTDH,415,S,21,S-21,Phospho (ST),LYRIC_HUMAN
Q86U86|1119|S|21,Q86U86,PBRM1,1119,S,21,S-21,Phospho (ST),PB1_HUMAN
Q96BT3|400|S|21,Q96BT3,CENPT,400,S,21,S-21,Phospho (ST),CENPT_HUMAN
Q86UU0|934|S|21,Q86UU0,BCL9L,934,S,21,S-21,Phospho (ST),BCL9L_HUMAN
Q86UU0|987|S|21,Q86UU0,BCL9L,987,S,21,S-21,Phospho (ST),BCL9L_HUMAN
Q86UU0|991|S|21,Q86UU0,BCL9L,991,S,21,S-21,Phospho (ST),BCL9L_HUMAN
Q8NEZ4|2809|K|1,Q8NEZ4,KMT2C,2809,K,1,K-1,Acetylation (K),KMT2C_HUMAN
Q86WB0|359|S|21,Q86WB0,ZC3HC1,359,S,21,S-21,Phospho (ST),ZC3C1_HUMAN
Q86WB0|363|R|7,Q86WB0,ZC3HC1,363,R,7,R-7,Citrulline,ZC3C1_HUMAN
Q86WB0|62|S|21,Q86WB0,ZC3HC1,62,S,21,S-21,Phospho (ST),ZC3C1_HUMAN
Q86WB0|411|S|21,Q86WB0,ZC3HC1,411,S,21,S-21,Phospho (ST),ZC3C1_HUMAN
Q86YD1|53|S|21,Q86YD1,PTOV1,53,S,21,S-21,Phospho (ST),PTOV1_HUMAN
Q96T37|127|S|21,Q96T37,RBM15,127,S,21,S-21,Phospho (ST),RBM15_HUMAN
Q86YP4|100|S|21,Q86YP4,GATAD2A,100,S,21,S-21,Phospho (ST),P66A_HUMAN
Q86YP4|107|S|21,Q86YP4,GATAD2A,107,S,21,S-21,Phospho (ST),P66A_HUMAN
Q9Y5B6|295|S|21,Q9Y5B6,PAXBP1,295,S,21,S-21,Phospho (ST),PAXB1_HUMAN
Q86X29|436|S|21,Q86X29,LSR,436,S,21,S-21,Phospho (ST),LSR_HUMAN
Q96T23|1345|S|21,Q96T23,RSF1,1345,S,21,S-21,Phospho (ST),RSF1_HUMAN
Q86X27|329|S|21,Q86X27,RALGPS2,329,S,21,S-21,Phospho (ST),RGPS2_HUMAN
Q86X27|326|T|21,Q86X27,RALGPS2,326,T,21,T-21,Phospho (ST),RGPS2_HUMAN
Q86X29|646|S|21,Q86X29,LSR,646,S,21,S-21,Phospho (ST),LSR_HUMAN
Q86VX9|188|S|21,Q86VX9,MON1A,188,S,21,S-21,Phospho (ST),MON1A_HUMAN
Q86W56|286|S|21,Q86W56,PARG,286,S,21,S-21,Phospho (ST),PARG_HUMAN
Q9HC52|311|S|21,Q9HC52,CBX8,311,S,21,S-21,Phospho (ST),CBX8_HUMAN
Q86W92|1001|S|21,Q86W92,PPFIBP1,1001,S,21,S-21,Phospho (ST),LIPB1_HUMAN
Q86W56|261|S|21,Q86W56,PARG,261,S,21,S-21,Phospho (ST),PARG_HUMAN
Q86VQ1|405|S|21,Q86VQ1,GLCCI1,405,S,21,S-21,Phospho (ST),GLCI1_HUMAN
Q86VQ1|406|S|21,Q86VQ1,GLCCI1,406,S,21,S-21,Phospho (ST),GLCI1_HUMAN
Q8IWC1|185|S|21,Q8IWC1,MAP7D3,185,S,21,S-21,Phospho (ST),MA7D3_HUMAN
Q86VR2|313|S|21,Q86VR2,RETREG3,313,S,21,S-21,Phospho (ST),RETR3_HUMAN
Q8WXI9|122|S|21,Q8WXI9,GATAD2B,122,S,21,S-21,Phospho (ST),P66B_HUMAN
Q86W92|999|S|21,Q86W92,PPFIBP1,999,S,21,S-21,Phospho (ST),LIPB1_HUMAN
Q96N67|900|S|21,Q96N67,DOCK7,900,S,21,S-21,Phospho (ST),DOCK7_HUMAN
Q86WB0|358|S|21,Q86WB0,ZC3HC1,358,S,21,S-21,Phospho (ST),ZC3C1_HUMAN
Q86W92|361|S|21,Q86W92,PPFIBP1,361,S,21,S-21,Phospho (ST),LIPB1_HUMAN
Q96CW1|156|T|21,Q96CW1,AP2M1,156,T,21,T-21,Phospho (ST),AP2M1_HUMAN
Q86W92|364|S|21,Q86W92,PPFIBP1,364,S,21,S-21,Phospho (ST),LIPB1_HUMAN
Q9Y4E1|539|S|21,Q9Y4E1,WASHC2C,539,S,21,S-21,Phospho (ST),WAC2C_HUMAN
Q5THK1|1029|S|21,Q5THK1,PRR14L,1029,S,21,S-21,Phospho (ST),PR14L_HUMAN
Q9UKV3|400|S|21,Q9UKV3,ACIN1,400,S,21,S-21,Phospho (ST),ACINU_HUMAN
Q9UEY8|423|S|21,Q9UEY8,ADD3,423,S,21,S-21,Phospho (ST),ADDG_HUMAN
Q5TGY3|1064|S|21,Q5TGY3,AHDC1,1064,S,21,S-21,Phospho (ST),AHDC1_HUMAN
Q9C0C2|1158|S|21,Q9C0C2,TNKS1BP1,1158,S,21,S-21,Phospho (ST),TB182_HUMAN
Q5TGY3|1399|S|21,Q5TGY3,AHDC1,1399,S,21,S-21,Phospho (ST),AHDC1_HUMAN
Q5TGY3|1403|S|21,Q5TGY3,AHDC1,1403,S,21,S-21,Phospho (ST),AHDC1_HUMAN
Q5UIP0|2157|S|21,Q5UIP0,RIF1,2157,S,21,S-21,Phospho (ST),RIF1_HUMAN
Q5UIP0|2161|S|21,Q5UIP0,RIF1,2161,S,21,S-21,Phospho (ST),RIF1_HUMAN
Q9UKI8|77|S|21,Q9UKI8,TLK1,77,S,21,S-21,Phospho (ST),TLK1_HUMAN
Q5UIP0|2172|S|21,Q5UIP0,RIF1,2172,S,21,S-21,Phospho (ST),RIF1_HUMAN
Q5UIP0|2176|S|21,Q5UIP0,RIF1,2176,S,21,S-21,Phospho (ST),RIF1_HUMAN
Q5UIP0|2393|S|21,Q5UIP0,RIF1,2393,S,21,S-21,Phospho (ST),RIF1_HUMAN
Q9H6S0|1202|S|21,Q9H6S0,YTHDC2,1202,S,21,S-21,Phospho (ST),YTDC2_HUMAN
Q5UIP0|1547|S|21,Q5UIP0,RIF1,1547,S,21,S-21,Phospho (ST),RIF1_HUMAN
Q8N108|160|S|21,Q8N108,MIER1,160,S,21,S-21,Phospho (ST),MIER1_HUMAN
Q5UIP0|1873|S|21,Q5UIP0,RIF1,1873,S,21,S-21,Phospho (ST),RIF1_HUMAN
Q8WYQ5|373|S|21,Q8WYQ5,DGCR8,373,S,21,S-21,Phospho (ST),DGCR8_HUMAN
Q5T5C0|781|S|21,Q5T5C0,STXBP5,781,S,21,S-21,Phospho (ST),STXB5_HUMAN
Q5T4S7|619|S|21,Q5T4S7,UBR4,619,S,21,S-21,Phospho (ST),UBR4_HUMAN
Q9Y2K5|855|S|21,Q9Y2K5,R3HDM2,855,S,21,S-21,Phospho (ST),R3HD2_HUMAN
Q8TDZ2|617|S|21,Q8TDZ2,MICAL1,617,S,21,S-21,Phospho (ST),MICA1_HUMAN
Q5T4S7|620|S|21,Q5T4S7,UBR4,620,S,21,S-21,Phospho (ST),UBR4_HUMAN
Q5T4S7|2718|S|21,Q5T4S7,UBR4,2718,S,21,S-21,Phospho (ST),UBR4_HUMAN
Q5T4S7|2719|S|21,Q5T4S7,UBR4,2719,S,21,S-21,Phospho (ST),UBR4_HUMAN
Q5T8P6|127|S|21,Q5T8P6,RBM26,127,S,21,S-21,Phospho (ST),RBM26_HUMAN
Q5T8D3|200|S|21,Q5T8D3,ACBD5,200,S,21,S-21,Phospho (ST),ACBD5_HUMAN
Q5TCQ9|697|S|21,Q5TCQ9,MAGI3,697,S,21,S-21,Phospho (ST),MAGI3_HUMAN
Q5TEC6|11|S|21,Q5TEC6,H3-7,11,S,21,S-21,Phospho (ST),H37_HUMAN
Q9C0B5|694|S|21,Q9C0B5,ZDHHC5,694,S,21,S-21,Phospho (ST),ZDHC5_HUMAN
Q5T8D3|196|S|21,Q5T8D3,ACBD5,196,S,21,S-21,Phospho (ST),ACBD5_HUMAN
Q92797|494|S|21,Q92797,SYMPK,494,S,21,S-21,Phospho (ST),SYMPK_HUMAN
Q9P2F8|1652|S|21,Q9P2F8,SIPA1L2,1652,S,21,S-21,Phospho (ST),SI1L2_HUMAN
Q5VWG9|243|S|21,Q5VWG9,TAF3,243,S,21,S-21,Phospho (ST),TAF3_HUMAN
Q5VZ89|1125|S|21,Q5VZ89,DENND4C,1125,S,21,S-21,Phospho (ST),DEN4C_HUMAN
Q5VV41|107|S|21,Q5VV41,ARHGEF16,107,S,21,S-21,Phospho (ST),ARHGG_HUMAN
Q9H0G5|33|S|21,Q9H0G5,NSRP1,33,S,21,S-21,Phospho (ST),NSRP1_HUMAN
Q5VUA4|2189|S|21,Q5VUA4,ZNF318,2189,S,21,S-21,Phospho (ST),ZN318_HUMAN
Q5VUA4|2192|S|21,Q5VUA4,ZNF318,2192,S,21,S-21,Phospho (ST),ZN318_HUMAN
Q5VV41|6|S|21,Q5VV41,ARHGEF16,6,S,21,S-21,Phospho (ST),ARHGG_HUMAN
Q8N8S7|508|S|21,Q8N8S7,ENAH,508,S,21,S-21,Phospho (ST),ENAH_HUMAN
Q9UEY8|461|S|21,Q9UEY8,ADD3,461,S,21,S-21,Phospho (ST),ADDG_HUMAN
Q6R327|21|S|21,Q6R327,RICTOR,21,S,21,S-21,Phospho (ST),RICTR_HUMAN
Q5VZ89|741|S|21,Q5VZ89,DENND4C,741,S,21,S-21,Phospho (ST),DEN4C_HUMAN
Q5VZ89|968|S|21,Q5VZ89,DENND4C,968,S,21,S-21,Phospho (ST),DEN4C_HUMAN
Q5VZ89|973|S|21,Q5VZ89,DENND4C,973,S,21,S-21,Phospho (ST),DEN4C_HUMAN
Q5VZK9|1094|S|21,Q5VZK9,CARMIL1,1094,S,21,S-21,Phospho (ST),CARL1_HUMAN
Q5VZK9|968|S|21,Q5VZK9,CARMIL1,968,S,21,S-21,Phospho (ST),CARL1_HUMAN
Q8IVT2|575|S|21,Q8IVT2,MISP,575,S,21,S-21,Phospho (ST),MISP_HUMAN
Q6WCQ1|993|S|21,Q6WCQ1,MPRIP,993,S,21,S-21,Phospho (ST),MPRIP_HUMAN
Q5VT52|730|S|21,Q5VT52,RPRD2,730,S,21,S-21,Phospho (ST),RPRD2_HUMAN
Q5VSL9|335|S|21,Q5VSL9,STRIP1,335,S,21,S-21,Phospho (ST),STRP1_HUMAN
Q96T23|604|S|21,Q96T23,RSF1,604,S,21,S-21,Phospho (ST),RSF1_HUMAN
Q5VTR2|136|S|21,Q5VTR2,RNF20,136,S,21,S-21,Phospho (ST),BRE1A_HUMAN
Q5VT52|769|S|21,Q5VT52,RPRD2,769,S,21,S-21,Phospho (ST),RPRD2_HUMAN
Q5VT52|765|S|21,Q5VT52,RPRD2,765,S,21,S-21,Phospho (ST),RPRD2_HUMAN
Q5VT52|766|S|21,Q5VT52,RPRD2,766,S,21,S-21,Phospho (ST),RPRD2_HUMAN
Q8TAQ2|302|S|21,Q8TAQ2,SMARCC2,302,S,21,S-21,Phospho (ST),SMRC2_HUMAN
Q5VTL8|527|S|21,Q5VTL8,PRPF38B,527,S,21,S-21,Phospho (ST),PR38B_HUMAN
Q8IYB3|740|S|21,Q8IYB3,SRRM1,740,S,21,S-21,Phospho (ST),SRRM1_HUMAN
Q6VN20|369|S|21,Q6VN20,RANBP10,369,S,21,S-21,Phospho (ST),RBP10_HUMAN
Q96ST2|398|S|21,Q96ST2,IWS1,398,S,21,S-21,Phospho (ST),IWS1_HUMAN
Q96JM3|311|S|21,Q96JM3,CHAMP1,311,S,21,S-21,Phospho (ST),CHAP1_HUMAN
Q5PRF9|238|S|21,Q5PRF9,SAMD4B,238,S,21,S-21,Phospho (ST),SMAG2_HUMAN
Q5SY16|487|S|21,Q5SY16,NOL9,487,S,21,S-21,Phospho (ST),NOL9_HUMAN
Q5M775|361|S|21,Q5M775,SPECC1,361,S,21,S-21,Phospho (ST),CYTSB_HUMAN
Q5M775|364|S|21,Q5M775,SPECC1,364,S,21,S-21,Phospho (ST),CYTSB_HUMAN
Q6ZRV2|892|S|21,Q6ZRV2,FAM83H,892,S,21,S-21,Phospho (ST),FA83H_HUMAN
Q5SW79|1162|S|21,Q5SW79,CEP170,1162,S,21,S-21,Phospho (ST),CE170_HUMAN
Q6UUV9|64|S|21,Q6UUV9,CRTC1,64,S,21,S-21,Phospho (ST),CRTC1_HUMAN
Q5SW79|1112|S|21,Q5SW79,CEP170,1112,S,21,S-21,Phospho (ST),CE170_HUMAN
Q8NFC6|3029|S|21,Q8NFC6,BOD1L1,3029,S,21,S-21,Phospho (ST),BD1L1_HUMAN
Q5SSJ5|441|S|21,Q5SSJ5,HP1BP3,441,S,21,S-21,Phospho (ST),HP1B3_HUMAN
Q5JSZ5|1489|S|21,Q5JSZ5,PRRC2B,1489,S,21,S-21,Phospho (ST),PRC2B_HUMAN
Q5JSH3|582|S|21,Q5JSH3,WDR44,582,S,21,S-21,Phospho (ST),WDR44_HUMAN
Q9HCG8|61|S|21,Q9HCG8,CWC22,61,S,21,S-21,Phospho (ST),CWC22_HUMAN
Q5JTV8|143|S|21,Q5JTV8,TOR1AIP1,143,S,21,S-21,Phospho (ST),TOIP1_HUMAN
Q5T200|265|S|21,Q5T200,ZC3H13,265,S,21,S-21,Phospho (ST),ZC3HD_HUMAN
Q5M775|131|S|21,Q5M775,SPECC1,131,S,21,S-21,Phospho (ST),CYTSB_HUMAN
Q9NPH3|556|S|21,Q9NPH3,IL1RAP,556,S,21,S-21,Phospho (ST),IL1AP_HUMAN
Q5M775|344|S|21,Q5M775,SPECC1,344,S,21,S-21,Phospho (ST),CYTSB_HUMAN
Q5M775|347|S|21,Q5M775,SPECC1,347,S,21,S-21,Phospho (ST),CYTSB_HUMAN
Q5T200|207|S|21,Q5T200,ZC3H13,207,S,21,S-21,Phospho (ST),ZC3HD_HUMAN
Q5T200|209|S|21,Q5T200,ZC3H13,209,S,21,S-21,Phospho (ST),ZC3HD_HUMAN
Q5T200|316|S|21,Q5T200,ZC3H13,316,S,21,S-21,Phospho (ST),ZC3HD_HUMAN
Q5T200|318|S|21,Q5T200,ZC3H13,318,S,21,S-21,Phospho (ST),ZC3HD_HUMAN
Q5T200|241|S|21,Q5T200,ZC3H13,241,S,21,S-21,Phospho (ST),ZC3HD_HUMAN
Q9UKV3|386|S|21,Q9UKV3,ACIN1,386,S,21,S-21,Phospho (ST),ACINU_HUMAN
P46100|1346|T|21,P46100,ATRX,1346,T,21,T-21,Phospho (ST),ATRX_HUMAN
Q5T200|1014|S|21,Q5T200,ZC3H13,1014,S,21,S-21,Phospho (ST),ZC3HD_HUMAN
Q5T200|1017|S|21,Q5T200,ZC3H13,1017,S,21,S-21,Phospho (ST),ZC3HD_HUMAN
Q5T200|1404|S|21,Q5T200,ZC3H13,1404,S,21,S-21,Phospho (ST),ZC3HD_HUMAN
Q5T200|1409|S|21,Q5T200,ZC3H13,1409,S,21,S-21,Phospho (ST),ZC3HD_HUMAN
Q5T200|1406|S|21,Q5T200,ZC3H13,1406,S,21,S-21,Phospho (ST),ZC3HD_HUMAN
Q5T200|848|S|21,Q5T200,ZC3H13,848,S,21,S-21,Phospho (ST),ZC3HD_HUMAN
Q5T200|845|S|21,Q5T200,ZC3H13,845,S,21,S-21,Phospho (ST),ZC3HD_HUMAN
Q69YH5|936|S|21,Q69YH5,CDCA2,936,S,21,S-21,Phospho (ST),CDCA2_HUMAN
Q5T200|356|S|21,Q5T200,ZC3H13,356,S,21,S-21,Phospho (ST),ZC3HD_HUMAN
Q5T200|354|T|21,Q5T200,ZC3H13,354,T,21,T-21,Phospho (ST),ZC3HD_HUMAN
Q5SYE7|1386|S|21,Q5SYE7,NHSL1,1386,S,21,S-21,Phospho (ST),NHSL1_HUMAN
Q9GZT3|101|T|21,Q9GZT3,SLIRP,101,T,21,T-21,Phospho (ST),SLIRP_HUMAN
Q5T0N5|488|S|21,Q5T0N5,FNBP1L,488,S,21,S-21,Phospho (ST),FBP1L_HUMAN
Q92609|554|S|21,Q92609,TBC1D5,554,S,21,S-21,Phospho (ST),TBCD5_HUMAN
Q9UJ41|390|S|21,Q9UJ41,RABGEF1,390,S,21,S-21,Phospho (ST),RABX5_HUMAN
Q5T1V6|64|S|21,Q5T1V6,DDX59,64,S,21,S-21,Phospho (ST),DDX59_HUMAN
Q5T1V6|76|S|21,Q5T1V6,DDX59,76,S,21,S-21,Phospho (ST),DDX59_HUMAN
Q5T1M5|960|S|21,Q5T1M5,FKBP15,960,S,21,S-21,Phospho (ST),FKB15_HUMAN
P17096|18|K|1,P17096,HMGA1,18,K,1,K-1,Acetylation (K),HMGA1_HUMAN
Q5T0W9|869|S|21,Q5T0W9,FAM83B,869,S,21,S-21,Phospho (ST),FA83B_HUMAN
Q9UKE5|680|S|21,Q9UKE5,TNIK,680,S,21,S-21,Phospho (ST),TNIK_HUMAN
Q5T0W9|809|S|21,Q5T0W9,FAM83B,809,S,21,S-21,Phospho (ST),FA83B_HUMAN
Q5JSH3|559|R|7,Q5JSH3,WDR44,559,R,7,R-7,Citrulline,WDR44_HUMAN
Q5T1M5|1162|S|21,Q5T1M5,FKBP15,1162,S,21,S-21,Phospho (ST),FKB15_HUMAN
Q5T1M5|1164|S|21,Q5T1M5,FKBP15,1164,S,21,S-21,Phospho (ST),FKB15_HUMAN
Q6P3S6|545|S|21,Q6P3S6,FBXO42,545,S,21,S-21,Phospho (ST),FBX42_HUMAN
Q6P3S6|552|S|21,Q6P3S6,FBXO42,552,S,21,S-21,Phospho (ST),FBX42_HUMAN
Q6PD62|941|S|21,Q6PD62,CTR9,941,S,21,S-21,Phospho (ST),CTR9_HUMAN
Q6PD62|943|S|21,Q6PD62,CTR9,943,S,21,S-21,Phospho (ST),CTR9_HUMAN
Q6PD62|1017|S|21,Q6PD62,CTR9,1017,S,21,S-21,Phospho (ST),CTR9_HUMAN
Q96BT3|403|S|21,Q96BT3,CENPT,403,S,21,S-21,Phospho (ST),CENPT_HUMAN
Q6PD74|310|S|21,Q6PD74,AAGAB,310,S,21,S-21,Phospho (ST),AAGAB_HUMAN
Q6PD74|311|S|21,Q6PD74,AAGAB,311,S,21,S-21,Phospho (ST),AAGAB_HUMAN
Q6P6C2|64|S|21,Q6P6C2,ALKBH5,64,S,21,S-21,Phospho (ST),ALKB5_HUMAN
Q6P6C2|69|S|21,Q6P6C2,ALKBH5,69,S,21,S-21,Phospho (ST),ALKB5_HUMAN
Q6PCB5|6|S|21,Q6PCB5,RSBN1L,6,S,21,S-21,Phospho (ST),RSBNL_HUMAN
Q6NZI2|365|S|21,Q6NZI2,CAVIN1,365,S,21,S-21,Phospho (ST),CAVN1_HUMAN
Q86U86|343|S|21,Q86U86,PBRM1,343,S,21,S-21,Phospho (ST),PB1_HUMAN
Q6KC79|306|S|21,Q6KC79,NIPBL,306,S,21,S-21,Phospho (ST),NIPBL_HUMAN
Q9UHB6|366|R|7,Q9UHB6,LIMA1,366,R,7,R-7,Citrulline,LIMA1_HUMAN
Q6L8Q7|214|S|21,Q6L8Q7,PDE12,214,S,21,S-21,Phospho (ST),PDE12_HUMAN
Q6L8Q7|215|S|21,Q6L8Q7,PDE12,215,S,21,S-21,Phospho (ST),PDE12_HUMAN
Q6KC79|349|S|21,Q6KC79,NIPBL,349,S,21,S-21,Phospho (ST),NIPBL_HUMAN
Q6KC79|350|S|21,Q6KC79,NIPBL,350,S,21,S-21,Phospho (ST),NIPBL_HUMAN
Q6P1M3|965|S|21,Q6P1M3,LLGL2,965,S,21,S-21,Phospho (ST),L2GL2_HUMAN
Q6P1L5|449|S|21,Q6P1L5,FAM117B,449,S,21,S-21,Phospho (ST),F117B_HUMAN
Q9UIF9|1397|S|21,Q9UIF9,BAZ2A,1397,S,21,S-21,Phospho (ST),BAZ2A_HUMAN
Q6P1X6|16|S|21,Q6P1X6,C8orf82,16,S,21,S-21,Phospho (ST),CH082_HUMAN
Q6P0N0|1008|S|21,Q6P0N0,MIS18BP1,1008,S,21,S-21,Phospho (ST),M18BP_HUMAN
Q7KZI7|486|S|21,Q7KZI7,MARK2,486,S,21,S-21,Phospho (ST),MARK2_HUMAN
Q6UN15|259|S|21,Q6UN15,FIP1L1,259,S,21,S-21,Phospho (ST),FIP1_HUMAN
Q9Y2U8|140|S|21,Q9Y2U8,LEMD3,140,S,21,S-21,Phospho (ST),MAN1_HUMAN
Q9UDY2|415|S|21,Q9UDY2,TJP2,415,S,21,S-21,Phospho (ST),ZO2_HUMAN
Q8N3V7|758|S|21,Q8N3V7,SYNPO,758,S,21,S-21,Phospho (ST),SYNPO_HUMAN
Q6UUV7|396|S|21,Q6UUV7,CRTC3,396,S,21,S-21,Phospho (ST),CRTC3_HUMAN
Q96K83|605|S|21,Q96K83,ZNF521,605,S,21,S-21,Phospho (ST),ZN521_HUMAN
Q96NB3|351|S|21,Q96NB3,ZNF830,351,S,21,S-21,Phospho (ST),ZN830_HUMAN
Q86XP3|185|S|21,Q86XP3,DDX42,185,S,21,S-21,Phospho (ST),DDX42_HUMAN
Q96MY1|18|S|21,Q96MY1,NOL4L,18,S,21,S-21,Phospho (ST),NOL4L_HUMAN
Q8IX12|626|S|21,Q8IX12,CCAR1,626,S,21,S-21,Phospho (ST),CCAR1_HUMAN
Q6UUV9|151|S|21,Q6UUV9,CRTC1,151,S,21,S-21,Phospho (ST),CRTC1_HUMAN
Q8NI08|183|S|21,Q8NI08,NCOA7,183,S,21,S-21,Phospho (ST),NCOA7_HUMAN
Q6UUV7|410|S|21,Q6UUV7,CRTC3,410,S,21,S-21,Phospho (ST),CRTC3_HUMAN
Q6UWZ7|386|S|21,Q6UWZ7,ABRAXAS1,386,S,21,S-21,Phospho (ST),ABRX1_HUMAN
Q96G46|277|S|21,Q96G46,DUS3L,277,S,21,S-21,Phospho (ST),DUS3L_HUMAN
Q6PJG2|700|S|21,Q6PJG2,MIDEAS,700,S,21,S-21,Phospho (ST),MDEAS_HUMAN
Q92604|233|S|21,Q92604,LPGAT1,233,S,21,S-21,Phospho (ST),LGAT1_HUMAN
Q15149|115|H|53,Q15149,PLEC,115,H,53,H-53,HNE,PLEC_HUMAN
Q96C19|74|S|21,Q96C19,EFHD2,74,S,21,S-21,Phospho (ST),EFHD2_HUMAN
Q6PKG0|521|S|21,Q6PKG0,LARP1,521,S,21,S-21,Phospho (ST),LARP1_HUMAN
Q6PKG0|143|S|21,Q6PKG0,LARP1,143,S,21,S-21,Phospho (ST),LARP1_HUMAN
Q9H1E3|19|S|21,Q9H1E3,NUCKS1,19,S,21,S-21,Phospho (ST),NUCKS_HUMAN
Q6PKG0|517|S|21,Q6PKG0,LARP1,517,S,21,S-21,Phospho (ST),LARP1_HUMAN
Q9C0E8|177|S|21,Q9C0E8,LNPK,177,S,21,S-21,Phospho (ST),LNP_HUMAN
Q8TE77|16|S|21,Q8TE77,SSH3,16,S,21,S-21,Phospho (ST),SSH3_HUMAN
Q6PKG0|627|S|21,Q6PKG0,LARP1,627,S,21,S-21,Phospho (ST),LARP1_HUMAN
Q6PKG0|631|S|21,Q6PKG0,LARP1,631,S,21,S-21,Phospho (ST),LARP1_HUMAN
Q6PKG0|554|S|21,Q6PKG0,LARP1,554,S,21,S-21,Phospho (ST),LARP1_HUMAN
Q9H4G0|578|S|21,Q9H4G0,EPB41L1,578,S,21,S-21,Phospho (ST),E41L1_HUMAN
Q68DQ2|2086|S|21,Q68DQ2,CRYBG3,2086,S,21,S-21,Phospho (ST),CRBG3_HUMAN
Q68DQ2|2104|S|21,Q68DQ2,CRYBG3,2104,S,21,S-21,Phospho (ST),CRBG3_HUMAN
Q68E01|537|S|21,Q68E01,INTS3,537,S,21,S-21,Phospho (ST),INT3_HUMAN
Q7KZI7|390|S|21,Q7KZI7,MARK2,390,S,21,S-21,Phospho (ST),MARK2_HUMAN
Q63ZY6|260|S|21,Q63ZY6,NSUN5P2,260,S,21,S-21,Phospho (ST),NSN5C_HUMAN
Q641Q2|284|S|21,Q641Q2,WASHC2A,284,S,21,S-21,Phospho (ST),WAC2A_HUMAN
Q92766|1175|S|21,Q92766,RREB1,1175,S,21,S-21,Phospho (ST),RREB1_HUMAN
Q9BXK5|426|S|21,Q9BXK5,BCL2L13,426,S,21,S-21,Phospho (ST),B2L13_HUMAN
Q92667|151|S|21,Q92667,AKAP1,151,S,21,S-21,Phospho (ST),AKAP1_HUMAN
Q96N16|382|S|21,Q96N16,JAKMIP1,382,S,21,S-21,Phospho (ST),JKIP1_HUMAN
Q5XUX1|18|S|21,Q5XUX1,FBXW9,18,S,21,S-21,Phospho (ST),FBXW9_HUMAN
Q66K74|741|S|21,Q66K74,MAP1S,741,S,21,S-21,Phospho (ST),MAP1S_HUMAN
Q641Q2|802|S|21,Q641Q2,WASHC2A,802,S,21,S-21,Phospho (ST),WAC2A_HUMAN
Q658Y4|686|S|21,Q658Y4,FAM91A1,686,S,21,S-21,Phospho (ST),F91A1_HUMAN
Q96NM4|207|S|21,Q96NM4,TOX2,207,S,21,S-21,Phospho (ST),TOX2_HUMAN
Q6KC79|2490|S|21,Q6KC79,NIPBL,2490,S,21,S-21,Phospho (ST),NIPBL_HUMAN
Q6IQ23|903|S|21,Q6IQ23,PLEKHA7,903,S,21,S-21,Phospho (ST),PKHA7_HUMAN
Q6JBY9|105|S|21,Q6JBY9,RCSD1,105,S,21,S-21,Phospho (ST),CPZIP_HUMAN
Q6JBY9|108|S|21,Q6JBY9,RCSD1,108,S,21,S-21,Phospho (ST),CPZIP_HUMAN
Q6IQ49|278|S|21,Q6IQ49,SDE2,278,S,21,S-21,Phospho (ST),SDE2_HUMAN
Q6ISB3|210|S|21,Q6ISB3,GRHL2,210,S,21,S-21,Phospho (ST),GRHL2_HUMAN
Q8N684|205|S|21,Q8N684,CPSF7,205,S,21,S-21,Phospho (ST),CPSF7_HUMAN
Q8WXI9|333|S|21,Q8WXI9,GATAD2B,333,S,21,S-21,Phospho (ST),P66B_HUMAN
Q6IN85|758|S|21,Q6IN85,PPP4R3A,758,S,21,S-21,Phospho (ST),P4R3A_HUMAN
Q6IN85|771|S|21,Q6IN85,PPP4R3A,771,S,21,S-21,Phospho (ST),P4R3A_HUMAN
Q96T23|227|S|21,Q96T23,RSF1,227,S,21,S-21,Phospho (ST),RSF1_HUMAN
Q6JBY9|216|S|21,Q6JBY9,RCSD1,216,S,21,S-21,Phospho (ST),CPZIP_HUMAN
Q6JBY9|120|S|21,Q6JBY9,RCSD1,120,S,21,S-21,Phospho (ST),CPZIP_HUMAN
Q8TAD8|49|S|21,Q8TAD8,SNIP1,49,S,21,S-21,Phospho (ST),SNIP1_HUMAN
Q9H4L7|152|S|21,Q9H4L7,SMARCAD1,152,S,21,S-21,Phospho (ST),SMRCD_HUMAN
Q6JBY9|268|S|21,Q6JBY9,RCSD1,268,S,21,S-21,Phospho (ST),CPZIP_HUMAN
Q69YQ0|384|S|21,Q69YQ0,SPECC1L,384,S,21,S-21,Phospho (ST),CYTSA_HUMAN
Q9BWW4|347|S|21,Q9BWW4,SSBP3,347,S,21,S-21,Phospho (ST),SSBP3_HUMAN
Q6BDS2|1103|S|21,Q6BDS2,BLTP3A,1103,S,21,S-21,Phospho (ST),BLT3A_HUMAN
Q6BDS2|1106|S|21,Q6BDS2,BLTP3A,1106,S,21,S-21,Phospho (ST),BLT3A_HUMAN
Q69YQ0|868|S|21,Q69YQ0,SPECC1L,868,S,21,S-21,Phospho (ST),CYTSA_HUMAN
Q6GYQ0|860|S|21,Q6GYQ0,RALGAPA1,860,S,21,S-21,Phospho (ST),RGPA1_HUMAN
Q6GYQ0|861|S|21,Q6GYQ0,RALGAPA1,861,S,21,S-21,Phospho (ST),RGPA1_HUMAN
Q6IAA8|27|S|21,Q6IAA8,LAMTOR1,27,S,21,S-21,Phospho (ST),LTOR1_HUMAN
Q96JM3|416|S|21,Q96JM3,CHAMP1,416,S,21,S-21,Phospho (ST),CHAP1_HUMAN
Q6GQQ9|471|S|21,Q6GQQ9,OTUD7B,471,S,21,S-21,Phospho (ST),OTU7B_HUMAN
Q86UU0|984|S|21,Q86UU0,BCL9L,984,S,21,S-21,Phospho (ST),BCL9L_HUMAN
Q6GYQ0|797|S|21,Q6GYQ0,RALGAPA1,797,S,21,S-21,Phospho (ST),RGPA1_HUMAN
Q6GYQ0|796|S|21,Q6GYQ0,RALGAPA1,796,S,21,S-21,Phospho (ST),RGPA1_HUMAN
Q9H5Y7|743|S|21,Q9H5Y7,SLITRK6,743,S,21,S-21,Phospho (ST),SLIK6_HUMAN
Q96ER3|6|S|21,Q96ER3,SAAL1,6,S,21,S-21,Phospho (ST),SAAL1_HUMAN
Q9ULU4|547|S|21,Q9ULU4,ZMYND8,547,S,21,S-21,Phospho (ST),ZMYD8_HUMAN
Q96EV2|765|S|21,Q96EV2,RBM33,765,S,21,S-21,Phospho (ST),RBM33_HUMAN
Q96EY5|170|S|21,Q96EY5,MVB12A,170,S,21,S-21,Phospho (ST),MB12A_HUMAN
Q9H4G0|784|S|21,Q9H4G0,EPB41L1,784,S,21,S-21,Phospho (ST),E41L1_HUMAN
Q9H0B6|589|S|21,Q9H0B6,KLC2,589,S,21,S-21,Phospho (ST),KLC2_HUMAN
Q96RT1|1158|S|21,Q96RT1,ERBIN,1158,S,21,S-21,Phospho (ST),ERBIN_HUMAN
Q96NY9|95|S|21,Q96NY9,MUS81,95,S,21,S-21,Phospho (ST),MUS81_HUMAN
Q96G46|272|S|21,Q96G46,DUS3L,272,S,21,S-21,Phospho (ST),DUS3L_HUMAN
Q9UBI9|264|S|21,Q9UBI9,HECA,264,S,21,S-21,Phospho (ST),HDC_HUMAN
Q96F24|113|S|21,Q96F24,NRBF2,113,S,21,S-21,Phospho (ST),NRBF2_HUMAN
Q9ULT8|632|S|21,Q9ULT8,HECTD1,632,S,21,S-21,Phospho (ST),HECD1_HUMAN
Q9NVP1|86|S|21,Q9NVP1,DDX18,86,S,21,S-21,Phospho (ST),DDX18_HUMAN
Q9P206|339|S|21,Q9P206,NHSL3,339,S,21,S-21,Phospho (ST),NHSL3_HUMAN
Q96F63|257|S|21,Q96F63,CCDC97,257,S,21,S-21,Phospho (ST),CCD97_HUMAN
Q99638|272|S|21,Q99638,RAD9A,272,S,21,S-21,Phospho (ST),RAD9A_HUMAN
Q96CP6|16|S|21,Q96CP6,GRAMD1A,16,S,21,S-21,Phospho (ST),ASTRA_HUMAN
Q96D71|274|S|21,Q96D71,REPS1,274,S,21,S-21,Phospho (ST),REPS1_HUMAN
Q9UKY7|107|S|21,Q9UKY7,CDV3,107,S,21,S-21,Phospho (ST),CDV3_HUMAN
Q96D71|537|S|21,Q96D71,REPS1,537,S,21,S-21,Phospho (ST),REPS1_HUMAN
Q96CX2|200|S|21,Q96CX2,KCTD12,200,S,21,S-21,Phospho (ST),KCD12_HUMAN
Q96CX2|196|T|21,Q96CX2,KCTD12,196,T,21,T-21,Phospho (ST),KCD12_HUMAN
Q96CX2|185|S|21,Q96CX2,KCTD12,185,S,21,S-21,Phospho (ST),KCD12_HUMAN
P08670|458|T|21,P08670,VIM,458,T,21,T-21,Phospho (ST),VIME_HUMAN
Q9ULD2|1203|S|21,Q9ULD2,MTUS1,1203,S,21,S-21,Phospho (ST),MTUS1_HUMAN
Q96JM3|204|S|21,Q96JM3,CHAMP1,204,S,21,S-21,Phospho (ST),CHAP1_HUMAN
Q96JM3|214|S|21,Q96JM3,CHAMP1,214,S,21,S-21,Phospho (ST),CHAP1_HUMAN
Q96JM3|145|S|21,Q96JM3,CHAMP1,145,S,21,S-21,Phospho (ST),CHAP1_HUMAN
Q96SU4|329|S|21,Q96SU4,OSBPL9,329,S,21,S-21,Phospho (ST),OSBL9_HUMAN
Q96JK2|632|S|21,Q96JK2,DCAF5,632,S,21,S-21,Phospho (ST),DCAF5_HUMAN
Q96JM3|142|S|21,Q96JM3,CHAMP1,142,S,21,S-21,Phospho (ST),CHAP1_HUMAN
Q96JM3|297|S|21,Q96JM3,CHAMP1,297,S,21,S-21,Phospho (ST),CHAP1_HUMAN
Q96JH7|749|S|21,Q96JH7,VCPIP1,749,S,21,S-21,Phospho (ST),VCIP1_HUMAN
Q96JH7|761|T|21,Q96JH7,VCPIP1,761,T,21,T-21,Phospho (ST),VCIP1_HUMAN
Q96JH7|997|S|21,Q96JH7,VCPIP1,997,S,21,S-21,Phospho (ST),VCIP1_HUMAN
Q96JH7|998|S|21,Q96JH7,VCPIP1,998,S,21,S-21,Phospho (ST),VCIP1_HUMAN
Q96JM3|459|S|21,Q96JM3,CHAMP1,459,S,21,S-21,Phospho (ST),CHAP1_HUMAN
Q96JM3|386|S|21,Q96JM3,CHAMP1,386,S,21,S-21,Phospho (ST),CHAP1_HUMAN
Q12906|592|T|21,Q12906,ILF3,592,T,21,T-21,Phospho (ST),ILF3_HUMAN
Q96JM3|405|S|21,Q96JM3,CHAMP1,405,S,21,S-21,Phospho (ST),CHAP1_HUMAN
Q96JM3|445|S|21,Q96JM3,CHAMP1,445,S,21,S-21,Phospho (ST),CHAP1_HUMAN
Q96JM3|452|S|21,Q96JM3,CHAMP1,452,S,21,S-21,Phospho (ST),CHAP1_HUMAN
Q96JM3|432|S|21,Q96JM3,CHAMP1,432,S,21,S-21,Phospho (ST),CHAP1_HUMAN
Q96HC4|111|S|21,Q96HC4,PDLIM5,111,S,21,S-21,Phospho (ST),PDLI5_HUMAN
Q96PU5|342|S|21,Q96PU5,NEDD4L,342,S,21,S-21,Phospho (ST),NED4L_HUMAN
Q96HC4|309|S|21,Q96HC4,PDLIM5,309,S,21,S-21,Phospho (ST),PDLI5_HUMAN
Q96HC4|313|S|21,Q96HC4,PDLIM5,313,S,21,S-21,Phospho (ST),PDLI5_HUMAN
P19338|121|T|21,P19338,NCL,121,T,21,T-21,Phospho (ST),NUCL_HUMAN
Q14195|514|T|21,Q14195,DPYSL3,514,T,21,T-21,Phospho (ST),DPYL3_HUMAN
Q96GP6|687|S|21,Q96GP6,SCARF2,687,S,21,S-21,Phospho (ST),SREC2_HUMAN
Q96H79|257|S|21,Q96H79,ZC3HAV1L,257,S,21,S-21,Phospho (ST),ZCCHL_HUMAN
Q96HA1|345|S|21,Q96HA1,POM121,345,S,21,S-21,Phospho (ST),P121A_HUMAN
Q9H2K8|331|S|21,Q9H2K8,TAOK3,331,S,21,S-21,Phospho (ST),TAOK3_HUMAN
Q92576|1799|R|36,Q92576,PHF3,1799,R,36,R-36,Methylation (R),PHF3_HUMAN
Q96JG6|494|S|21,Q96JG6,VPS50,494,S,21,S-21,Phospho (ST),VPS50_HUMAN
Q96JG6|498|S|21,Q96JG6,VPS50,498,S,21,S-21,Phospho (ST),VPS50_HUMAN
Q9NVF7|344|S|21,Q9NVF7,FBXO28,344,S,21,S-21,Phospho (ST),FBX28_HUMAN
Q96IG2|417|T|21,Q96IG2,FBXL20,417,T,21,T-21,Phospho (ST),FXL20_HUMAN
Q92870|336|S|21,Q92870,APBB2,336,S,21,S-21,Phospho (ST),APBB2_HUMAN
Q92870|334|S|21,Q92870,APBB2,334,S,21,S-21,Phospho (ST),APBB2_HUMAN
Q9H2G2|341|S|21,Q9H2G2,SLK,341,S,21,S-21,Phospho (ST),SLK_HUMAN
Q92844|225|S|21,Q92844,TANK,225,S,21,S-21,Phospho (ST),TANK_HUMAN
Q92769|422|S|21,Q92769,HDAC2,422,S,21,S-21,Phospho (ST),HDAC2_HUMAN
Q92769|424|S|21,Q92769,HDAC2,424,S,21,S-21,Phospho (ST),HDAC2_HUMAN
Q92766|42|S|21,Q92766,RREB1,42,S,21,S-21,Phospho (ST),RREB1_HUMAN
Q92917|471|S|21,Q92917,GPKOW,471,S,21,S-21,Phospho (ST),GPKOW_HUMAN
Q02156|710|T|21,Q02156,PRKCE,710,T,21,T-21,Phospho (ST),KPCE_HUMAN
Q92890|247|S|21,Q92890,UFD1,247,S,21,S-21,Phospho (ST),UFD1_HUMAN
Q9H6Z4|126|S|21,Q9H6Z4,RANBP3,126,S,21,S-21,Phospho (ST),RANB3_HUMAN
Q92903|37|S|21,Q92903,CDS1,37,S,21,S-21,Phospho (ST),CDS1_HUMAN
Q92903|35|S|21,Q92903,CDS1,35,S,21,S-21,Phospho (ST),CDS1_HUMAN
Q9BW71|370|S|21,Q9BW71,HIRIP3,370,S,21,S-21,Phospho (ST),HIRP3_HUMAN
Q92614|94|S|21,Q92614,MYO18A,94,S,21,S-21,Phospho (ST),MY18A_HUMAN
Q92614|98|S|21,Q92614,MYO18A,98,S,21,S-21,Phospho (ST),MY18A_HUMAN
Q92614|2041|S|21,Q92614,MYO18A,2041,S,21,S-21,Phospho (ST),MY18A_HUMAN
Q92614|2007|S|21,Q92614,MYO18A,2007,S,21,S-21,Phospho (ST),MY18A_HUMAN
Q92614|2020|S|21,Q92614,MYO18A,2020,S,21,S-21,Phospho (ST),MY18A_HUMAN
Q92733|157|S|21,Q92733,PRCC,157,S,21,S-21,Phospho (ST),PRCC_HUMAN
Q92733|159|S|21,Q92733,PRCC,159,S,21,S-21,Phospho (ST),PRCC_HUMAN
Q96K49|469|S|21,Q96K49,TMEM87B,469,S,21,S-21,Phospho (ST),TM87B_HUMAN
Q96AQ6|70|S|21,Q96AQ6,PBXIP1,70,S,21,S-21,Phospho (ST),PBIP1_HUMAN
Q96AQ6|72|S|21,Q96AQ6,PBXIP1,72,S,21,S-21,Phospho (ST),PBIP1_HUMAN
Q96AP0|339|S|21,Q96AP0,ACD,339,S,21,S-21,Phospho (ST),ACD_HUMAN
Q9ULJ3|435|S|21,Q9ULJ3,ZBTB21,435,S,21,S-21,Phospho (ST),ZBT21_HUMAN
Q96AP0|349|S|21,Q96AP0,ACD,349,S,21,S-21,Phospho (ST),ACD_HUMAN
Q96B01|19|S|21,Q96B01,RAD51AP1,19,S,21,S-21,Phospho (ST),R51A1_HUMAN
Q96B01|21|S|21,Q96B01,RAD51AP1,21,S,21,S-21,Phospho (ST),R51A1_HUMAN
Q96AT1|50|S|21,Q96AT1,KIAA1143,50,S,21,S-21,Phospho (ST),K1143_HUMAN
Q96AC1|159|S|21,Q96AC1,FERMT2,159,S,21,S-21,Phospho (ST),FERM2_HUMAN
Q96R06|135|S|21,Q96R06,SPAG5,135,S,21,S-21,Phospho (ST),SPAG5_HUMAN
Q9NVH1|6|S|21,Q9NVH1,DNAJC11,6,S,21,S-21,Phospho (ST),DJC11_HUMAN
Q96BD5|447|S|21,Q96BD5,PHF21A,447,S,21,S-21,Phospho (ST),PF21A_HUMAN
Q96BD5|455|S|21,Q96BD5,PHF21A,455,S,21,S-21,Phospho (ST),PF21A_HUMAN
Q9UKT5|12|S|21,Q9UKT5,FBXO4,12,S,21,S-21,Phospho (ST),FBX4_HUMAN
Q96B23|69|S|21,Q96B23,ARK2N,69,S,21,S-21,Phospho (ST),ARK2N_HUMAN
Q7Z309|121|T|21,Q7Z309,PABIR2,121,T,21,T-21,Phospho (ST),PBIR2_HUMAN
Q96B23|67|S|21,Q96B23,ARK2N,67,S,21,S-21,Phospho (ST),ARK2N_HUMAN
Q96B36|88|S|21,Q96B36,AKT1S1,88,S,21,S-21,Phospho (ST),AKTS1_HUMAN
Q96B36|92|S|21,Q96B36,AKT1S1,92,S,21,S-21,Phospho (ST),AKTS1_HUMAN
Q96B36|212|S|21,Q96B36,AKT1S1,212,S,21,S-21,Phospho (ST),AKTS1_HUMAN
Q09666|5824|T|21,Q09666,AHNAK,5824,T,21,T-21,Phospho (ST),AHNK_HUMAN
Q92974|956|S|21,Q92974,ARHGEF2,956,S,21,S-21,Phospho (ST),ARHG2_HUMAN
Q92974|960|S|21,Q92974,ARHGEF2,960,S,21,S-21,Phospho (ST),ARHG2_HUMAN
Q9NRA8|564|S|21,Q9NRA8,EIF4ENIF1,564,S,21,S-21,Phospho (ST),4ET_HUMAN
Q9UKA4|1242|S|21,Q9UKA4,AKAP11,1242,S,21,S-21,Phospho (ST),AKA11_HUMAN
Q969R5|689|S|21,Q969R5,L3MBTL2,689,S,21,S-21,Phospho (ST),LMBL2_HUMAN
Q96A00|128|S|21,Q96A00,PPP1R14A,128,S,21,S-21,Phospho (ST),PP14A_HUMAN
O15075|336|T|21,O15075,DCLK1,336,T,21,T-21,Phospho (ST),DCLK1_HUMAN
Q96A00|130|S|21,Q96A00,PPP1R14A,130,S,21,S-21,Phospho (ST),PP14A_HUMAN
Q96A00|136|S|21,Q96A00,PPP1R14A,136,S,21,S-21,Phospho (ST),PP14A_HUMAN
Q93074|635|S|21,Q93074,MED12,635,S,21,S-21,Phospho (ST),MED12_HUMAN
Q9H7E2|256|S|21,Q9H7E2,TDRD3,256,S,21,S-21,Phospho (ST),TDRD3_HUMAN
Q93052|609|S|21,Q93052,LPP,609,S,21,S-21,Phospho (ST),LPP_HUMAN
Q99549|400|S|21,Q99549,MPHOSPH8,400,S,21,S-21,Phospho (ST),MPP8_HUMAN
Q9NW82|638|S|21,Q9NW82,WDR70,638,S,21,S-21,Phospho (ST),WDR70_HUMAN
Q99549|136|S|21,Q99549,MPHOSPH8,136,S,21,S-21,Phospho (ST),MPP8_HUMAN
Q99549|138|S|21,Q99549,MPHOSPH8,138,S,21,S-21,Phospho (ST),MPP8_HUMAN
Q96TC7|50|S|21,Q96TC7,RMDN3,50,S,21,S-21,Phospho (ST),RMD3_HUMAN
Q99081|559|S|21,Q99081,TCF12,559,S,21,S-21,Phospho (ST),HTF4_HUMAN
Q99442|356|S|21,Q99442,SEC62,356,S,21,S-21,Phospho (ST),SEC62_HUMAN
Q99590|344|S|21,Q99590,SCAF11,344,S,21,S-21,Phospho (ST),SCAFB_HUMAN
Q5VZL5|107|T|21,Q5VZL5,ZMYM4,107,T,21,T-21,Phospho (ST),ZMYM4_HUMAN
Q99575|730|S|21,Q99575,POP1,730,S,21,S-21,Phospho (ST),POP1_HUMAN
Q99575|367|S|21,Q99575,POP1,367,S,21,S-21,Phospho (ST),POP1_HUMAN
Q9Y4W2|560|S|21,Q9Y4W2,LAS1L,560,S,21,S-21,Phospho (ST),LAS1L_HUMAN
Q99590|413|S|21,Q99590,SCAF11,413,S,21,S-21,Phospho (ST),SCAFB_HUMAN
Q99567|44|S|21,Q99567,NUP88,44,S,21,S-21,Phospho (ST),NUP88_HUMAN
Q99567|45|S|21,Q99567,NUP88,45,S,21,S-21,Phospho (ST),NUP88_HUMAN
Q9UGU0|574|S|21,Q9UGU0,TCF20,574,S,21,S-21,Phospho (ST),TCF20_HUMAN
Q9H2P0|921|S|21,Q9H2P0,ADNP,921,S,21,S-21,Phospho (ST),ADNP_HUMAN
Q96T23|1221|S|21,Q96T23,RSF1,1221,S,21,S-21,Phospho (ST),RSF1_HUMAN
Q96SW2|25|S|21,Q96SW2,CRBN,25,S,21,S-21,Phospho (ST),CRBN_HUMAN
Q96T23|1226|S|21,Q96T23,RSF1,1226,S,21,S-21,Phospho (ST),RSF1_HUMAN
Q8NEY8|204|T|21,Q8NEY8,PPHLN1,204,T,21,T-21,Phospho (ST),PPHLN_HUMAN
Q96T23|1359|S|21,Q96T23,RSF1,1359,S,21,S-21,Phospho (ST),RSF1_HUMAN
Q96T23|1375|S|21,Q96T23,RSF1,1375,S,21,S-21,Phospho (ST),RSF1_HUMAN
Q96T23|1277|S|21,Q96T23,RSF1,1277,S,21,S-21,Phospho (ST),RSF1_HUMAN
Q96T23|1282|S|21,Q96T23,RSF1,1282,S,21,S-21,Phospho (ST),RSF1_HUMAN
Q96T58|2120|S|21,Q96T58,SPEN,2120,S,21,S-21,Phospho (ST),MINT_HUMAN
P52948|616|R|7,P52948,NUP98,616,R,7,R-7,Citrulline,NUP98_HUMAN
Q96T58|1380|S|21,Q96T58,SPEN,1380,S,21,S-21,Phospho (ST),MINT_HUMAN
Q9BZF1|328|S|21,Q9BZF1,OSBPL8,328,S,21,S-21,Phospho (ST),OSBL8_HUMAN
Q96T58|1382|S|21,Q96T58,SPEN,1382,S,21,S-21,Phospho (ST),MINT_HUMAN
Q9BRD0|197|S|21,Q9BRD0,BUD13,197,S,21,S-21,Phospho (ST),BUD13_HUMAN
Q9BRD0|185|S|21,Q9BRD0,BUD13,185,S,21,S-21,Phospho (ST),BUD13_HUMAN
Q9BRD0|184|S|21,Q9BRD0,BUD13,184,S,21,S-21,Phospho (ST),BUD13_HUMAN
Q9BRD0|325|S|21,Q9BRD0,BUD13,325,S,21,S-21,Phospho (ST),BUD13_HUMAN
Q9BQG0|1163|S|21,Q9BQG0,MYBBP1A,1163,S,21,S-21,Phospho (ST),MBB1A_HUMAN
Q9BRD0|147|T|21,Q9BRD0,BUD13,147,T,21,T-21,Phospho (ST),BUD13_HUMAN
Q9BRR8|6|S|21,Q9BRR8,GPATCH1,6,S,21,S-21,Phospho (ST),GPTC1_HUMAN
Q9BRR8|8|S|21,Q9BRR8,GPATCH1,8,S,21,S-21,Phospho (ST),GPTC1_HUMAN
Q9BSQ5|384|S|21,Q9BSQ5,CCM2,384,S,21,S-21,Phospho (ST),CCM2_HUMAN
Q9BRK4|102|S|21,Q9BRK4,LZTS2,102,S,21,S-21,Phospho (ST),LZTS2_HUMAN
Q99700|861|S|21,Q99700,ATXN2,861,S,21,S-21,Phospho (ST),ATX2_HUMAN
Q99700|863|S|21,Q99700,ATXN2,863,S,21,S-21,Phospho (ST),ATX2_HUMAN
Q99700|865|S|21,Q99700,ATXN2,865,S,21,S-21,Phospho (ST),ATX2_HUMAN
Q99683|986|S|21,Q99683,MAP3K5,986,S,21,S-21,Phospho (ST),M3K5_HUMAN
Q9BWG6|219|S|21,Q9BWG6,SCNM1,219,S,21,S-21,Phospho (ST),SCNM1_HUMAN
Q99683|977|S|21,Q99683,MAP3K5,977,S,21,S-21,Phospho (ST),M3K5_HUMAN
Q9H5I1|384|S|21,Q9H5I1,SUV39H2,384,S,21,S-21,Phospho (ST),SUV92_HUMAN
Q99717|463|S|21,Q99717,SMAD5,463,S,21,S-21,Phospho (ST),SMAD5_HUMAN
Q99717|465|S|21,Q99717,SMAD5,465,S,21,S-21,Phospho (ST),SMAD5_HUMAN
Q99717|462|S|21,Q99717,SMAD5,462,S,21,S-21,Phospho (ST),SMAD5_HUMAN
Q99618|199|S|21,Q99618,CDCA3,199,S,21,S-21,Phospho (ST),CDCA3_HUMAN
Q99618|209|S|21,Q99618,CDCA3,209,S,21,S-21,Phospho (ST),CDCA3_HUMAN
Q99590|798|S|21,Q99590,SCAF11,798,S,21,S-21,Phospho (ST),SCAFB_HUMAN
Q9C0B5|345|S|21,Q9C0B5,ZDHHC5,345,S,21,S-21,Phospho (ST),ZDHC5_HUMAN
Q99638|380|S|21,Q99638,RAD9A,380,S,21,S-21,Phospho (ST),RAD9A_HUMAN
Q5JSH3|4|E|299,Q5JSH3,WDR44,4,E,299,E-299,,WDR44_HUMAN
Q99959|151|S|21,Q99959,PKP2,151,S,21,S-21,Phospho (ST),PKP2_HUMAN
Q9BYG3|238|T|21,Q9BYG3,NIFK,238,T,21,T-21,Phospho (ST),MK67I_HUMAN
Q9BQE3|439|S|21,Q9BQE3,TUBA1C,439,S,21,S-21,Phospho (ST),TBA1C_HUMAN
Q9UGV2|352|S|21,Q9UGV2,NDRG3,352,S,21,S-21,Phospho (ST),NDRG3_HUMAN
Q9BPY3|9|S|21,Q9BPY3,FAM118B,9,S,21,S-21,Phospho (ST),F118B_HUMAN
Q99759|175|S|21,Q99759,MAP3K3,175,S,21,S-21,Phospho (ST),M3K3_HUMAN
Q99759|176|S|21,Q99759,MAP3K3,176,S,21,S-21,Phospho (ST),M3K3_HUMAN
Q9P206|341|S|21,Q9P206,NHSL3,341,S,21,S-21,Phospho (ST),NHSL3_HUMAN
Q9Y4E8|229|S|21,Q9Y4E8,USP15,229,S,21,S-21,Phospho (ST),UBP15_HUMAN
Q96N67|1434|S|21,Q96N67,DOCK7,1434,S,21,S-21,Phospho (ST),DOCK7_HUMAN
Q96PK6|582|S|21,Q96PK6,RBM14,582,S,21,S-21,Phospho (ST),RBM14_HUMAN
Q96PC5|1202|S|21,Q96PC5,MIA2,1202,S,21,S-21,Phospho (ST),MIA2_HUMAN
Q96PC5|1204|S|21,Q96PC5,MIA2,1204,S,21,S-21,Phospho (ST),MIA2_HUMAN
Q96P47|538|S|21,Q96P47,AGAP3,538,S,21,S-21,Phospho (ST),AGAP3_HUMAN
Q96K76|1013|S|21,Q96K76,USP47,1013,S,21,S-21,Phospho (ST),UBP47_HUMAN
Q8NBU5|329|R|7,Q8NBU5,ATAD1,329,R,7,R-7,Citrulline,ATAD1_HUMAN
Q9Y490|425|S|21,Q9Y490,TLN1,425,S,21,S-21,Phospho (ST),TLN1_HUMAN
Q96LR5|19|S|21,Q96LR5,UBE2E2,19,S,21,S-21,Phospho (ST),UB2E2_HUMAN
Q9HA82|342|S|21,Q9HA82,CERS4,342,S,21,S-21,Phospho (ST),CERS4_HUMAN
Q96LR5|18|S|21,Q96LR5,UBE2E2,18,S,21,S-21,Phospho (ST),UB2E2_HUMAN
Q96L91|315|S|21,Q96L91,EP400,315,S,21,S-21,Phospho (ST),EP400_HUMAN
Q96L91|321|S|21,Q96L91,EP400,321,S,21,S-21,Phospho (ST),EP400_HUMAN
Q96MU7|146|S|21,Q96MU7,YTHDC1,146,S,21,S-21,Phospho (ST),YTDC1_HUMAN
Q96MU7|148|T|21,Q96MU7,YTHDC1,148,T,21,T-21,Phospho (ST),YTDC1_HUMAN
Q96KC8|479|S|21,Q96KC8,DNAJC1,479,S,21,S-21,Phospho (ST),DNJC1_HUMAN
Q96RL1|677|S|21,Q96RL1,UIMC1,677,S,21,S-21,Phospho (ST),UIMC1_HUMAN
Q96KR1|1054|S|21,Q96KR1,ZFR,1054,S,21,S-21,Phospho (ST),ZFR_HUMAN
Q96Q42|1464|S|21,Q96Q42,ALS2,1464,S,21,S-21,Phospho (ST),ALS2_HUMAN
Q96KQ4|335|S|21,Q96KQ4,PPP1R13B,335,S,21,S-21,Phospho (ST),ASPP1_HUMAN
Q96RU3|296|S|21,Q96RU3,FNBP1,296,S,21,S-21,Phospho (ST),FNBP1_HUMAN
Q9Y2D5|152|S|21,Q9Y2D5,PALM2AKAP2,152,S,21,S-21,Phospho (ST),PLAK2_HUMAN
Q96S94|330|S|21,Q96S94,CCNL2,330,S,21,S-21,Phospho (ST),CCNL2_HUMAN
Q05655|507|T|21,Q05655,PRKCD,507,T,21,T-21,Phospho (ST),KPCD_HUMAN
Q96S90|3|S|21,Q96S90,LYSMD1,3,S,21,S-21,Phospho (ST),LYSM1_HUMAN
Q96RT1|714|S|21,Q96RT1,ERBIN,714,S,21,S-21,Phospho (ST),ERBIN_HUMAN
Q96RT1|715|S|21,Q96RT1,ERBIN,715,S,21,S-21,Phospho (ST),ERBIN_HUMAN
Q96RT1|917|T|21,Q96RT1,ERBIN,917,T,21,T-21,Phospho (ST),ERBIN_HUMAN
Q96ST2|420|S|21,Q96ST2,IWS1,420,S,21,S-21,Phospho (ST),IWS1_HUMAN
Q96ST2|407|S|21,Q96ST2,IWS1,407,S,21,S-21,Phospho (ST),IWS1_HUMAN
Q96ST2|415|S|21,Q96ST2,IWS1,415,S,21,S-21,Phospho (ST),IWS1_HUMAN
Q96SU4|324|S|21,Q96SU4,OSBPL9,324,S,21,S-21,Phospho (ST),OSBL9_HUMAN
Q96SU4|326|S|21,Q96SU4,OSBPL9,326,S,21,S-21,Phospho (ST),OSBL9_HUMAN
Q96SU4|325|S|21,Q96SU4,OSBPL9,325,S,21,S-21,Phospho (ST),OSBL9_HUMAN
Q96ST2|511|S|21,Q96ST2,IWS1,511,S,21,S-21,Phospho (ST),IWS1_HUMAN
Q96SB3|192|S|21,Q96SB3,PPP1R9B,192,S,21,S-21,Phospho (ST),NEB2_HUMAN
Q96SI1|35|S|21,Q96SI1,KCTD15,35,S,21,S-21,Phospho (ST),KCD15_HUMAN
Q96SI1|38|S|21,Q96SI1,KCTD15,38,S,21,S-21,Phospho (ST),KCD15_HUMAN
Q96ST2|400|S|21,Q96ST2,IWS1,400,S,21,S-21,Phospho (ST),IWS1_HUMAN
Q96Q15|3556|S|21,Q96Q15,SMG1,3556,S,21,S-21,Phospho (ST),SMG1_HUMAN
Q96RL1|44|S|21,Q96RL1,UIMC1,44,S,21,S-21,Phospho (ST),UIMC1_HUMAN
Q96RL1|46|S|21,Q96RL1,UIMC1,46,S,21,S-21,Phospho (ST),UIMC1_HUMAN
Q96RS0|405|S|21,Q96RS0,TGS1,405,S,21,S-21,Phospho (ST),TGS1_HUMAN
Q96RS0|412|S|21,Q96RS0,TGS1,412,S,21,S-21,Phospho (ST),TGS1_HUMAN
Q9NYF8|153|S|21,Q9NYF8,BCLAF1,153,S,21,S-21,Phospho (ST),BCLF1_HUMAN
Q96RK0|1382|S|21,Q96RK0,CIC,1382,S,21,S-21,Phospho (ST),CIC_HUMAN
Q96RK0|1366|R|7,Q96RK0,CIC,1366,R,7,R-7,Citrulline,CIC_HUMAN
Q96RK0|1245|S|21,Q96RK0,CIC,1245,S,21,S-21,Phospho (ST),CIC_HUMAN
Q9ULT0|647|S|21,Q9ULT0,TTC7A,647,S,21,S-21,Phospho (ST),TTC7A_HUMAN
Q96RK0|301|S|21,Q96RK0,CIC,301,S,21,S-21,Phospho (ST),CIC_HUMAN
Q96E09|149|T|21,Q96E09,PABIR1,149,T,21,T-21,Phospho (ST),PBIR1_HUMAN
Q8NC56|138|S|21,Q8NC56,LEMD2,138,S,21,S-21,Phospho (ST),LEMD2_HUMAN
Q8NC51|247|S|21,Q8NC51,SERBP1,247,S,21,S-21,Phospho (ST),SERB1_HUMAN
Q8NC51|252|S|21,Q8NC51,SERBP1,252,S,21,S-21,Phospho (ST),SERB1_HUMAN
Q8NCF5|204|S|21,Q8NCF5,NFATC2IP,204,S,21,S-21,Phospho (ST),NF2IP_HUMAN
Q9H4L5|304|S|21,Q9H4L5,OSBPL3,304,S,21,S-21,Phospho (ST),OSBL3_HUMAN
Q8WXI9|334|S|21,Q8WXI9,GATAD2B,334,S,21,S-21,Phospho (ST),P66B_HUMAN
Q8NBU5|319|S|21,Q8NBU5,ATAD1,319,S,21,S-21,Phospho (ST),ATAD1_HUMAN
Q8NBN3|475|S|21,Q8NBN3,TMEM87A,475,S,21,S-21,Phospho (ST),TM87A_HUMAN
Q8NBN3|527|S|21,Q8NBN3,TMEM87A,527,S,21,S-21,Phospho (ST),TM87A_HUMAN
Q8ND56|192|S|21,Q8ND56,LSM14A,192,S,21,S-21,Phospho (ST),LS14A_HUMAN
Q8WWM7|111|S|21,Q8WWM7,ATXN2L,111,S,21,S-21,Phospho (ST),ATX2L_HUMAN
Q8NCP5|161|S|21,Q8NCP5,ZBTB44,161,S,21,S-21,Phospho (ST),ZBT44_HUMAN
Q8NCY6|100|S|21,Q8NCY6,MSANTD4,100,S,21,S-21,Phospho (ST),MSD4_HUMAN
Q8NCY6|101|S|21,Q8NCY6,MSANTD4,101,S,21,S-21,Phospho (ST),MSD4_HUMAN
Q15233|450|T|21,Q15233,NONO,450,T,21,T-21,Phospho (ST),NONO_HUMAN
Q8TEW0|892|S|21,Q8TEW0,PARD3,892,S,21,S-21,Phospho (ST),PARD3_HUMAN
Q8N6T3|361|S|21,Q8N6T3,ARFGAP1,361,S,21,S-21,Phospho (ST),ARFG1_HUMAN
Q68EM7|682|T|21,Q68EM7,ARHGAP17,682,T,21,T-21,Phospho (ST),RHG17_HUMAN
Q8N7R7|342|S|21,Q8N7R7,CCNYL1,342,S,21,S-21,Phospho (ST),CCYL1_HUMAN
Q9BUR4|491|S|21,Q9BUR4,WRAP53,491,S,21,S-21,Phospho (ST),TCAB1_HUMAN
Q8N9U0|156|S|21,Q8N9U0,TC2N,156,S,21,S-21,Phospho (ST),TAC2N_HUMAN
Q8N9T8|171|S|21,Q8N9T8,KRI1,171,S,21,S-21,Phospho (ST),KRI1_HUMAN
Q9NYF8|397|S|21,Q9NYF8,BCLAF1,397,S,21,S-21,Phospho (ST),BCLF1_HUMAN
Q8N8A6|83|S|21,Q8N8A6,DDX51,83,S,21,S-21,Phospho (ST),DDX51_HUMAN
Q96T37|294|S|21,Q96T37,RBM15,294,S,21,S-21,Phospho (ST),RBM15_HUMAN
Q8N9M1|151|S|21,Q8N9M1,C19orf47,151,S,21,S-21,Phospho (ST),CS047_HUMAN
Q9NWH9|551|S|21,Q9NWH9,SLTM,551,S,21,S-21,Phospho (ST),SLTM_HUMAN
Q8N8S7|488|S|21,Q8N8S7,ENAH,488,S,21,S-21,Phospho (ST),ENAH_HUMAN
Q8NFD5|1559|S|21,Q8NFD5,ARID1B,1559,S,21,S-21,Phospho (ST),ARI1B_HUMAN
Q9H410|57|S|21,Q9H410,DSN1,57,S,21,S-21,Phospho (ST),DSN1_HUMAN
Q8NFD5|1555|S|21,Q8NFD5,ARID1B,1555,S,21,S-21,Phospho (ST),ARI1B_HUMAN
Q8NFA0|1422|S|21,Q8NFA0,USP32,1422,S,21,S-21,Phospho (ST),UBP32_HUMAN
Q8NFA0|1587|S|21,Q8NFA0,USP32,1587,S,21,S-21,Phospho (ST),UBP32_HUMAN
Q8NFA0|1588|S|21,Q8NFA0,USP32,1588,S,21,S-21,Phospho (ST),UBP32_HUMAN
Q8NFA0|1423|S|21,Q8NFA0,USP32,1423,S,21,S-21,Phospho (ST),UBP32_HUMAN
Q8NHG8|19|S|21,Q8NHG8,ZNRF2,19,S,21,S-21,Phospho (ST),ZNRF2_HUMAN
Q8NHG8|113|S|21,Q8NHG8,ZNRF2,113,S,21,S-21,Phospho (ST),ZNRF2_HUMAN
Q8NHQ9|594|S|21,Q8NHQ9,DDX55,594,S,21,S-21,Phospho (ST),DDX55_HUMAN
Q9Y446|313|S|21,Q9Y446,PKP3,313,S,21,S-21,Phospho (ST),PKP3_HUMAN
Q8NFH5|279|S|21,Q8NFH5,NUP35,279,S,21,S-21,Phospho (ST),NUP35_HUMAN
Q9BZL4|399|S|21,Q9BZL4,PPP1R12C,399,S,21,S-21,Phospho (ST),PP12C_HUMAN
Q8NFH5|73|S|21,Q8NFH5,NUP35,73,S,21,S-21,Phospho (ST),NUP35_HUMAN
Q9H2Y7|1370|S|21,Q9H2Y7,ZNF106,1370,S,21,S-21,Phospho (ST),ZN106_HUMAN
Q9NRY4|970|S|21,Q9NRY4,ARHGAP35,970,S,21,S-21,Phospho (ST),RHG35_HUMAN
Q8NFJ5|345|S|21,Q8NFJ5,GPRC5A,345,S,21,S-21,Phospho (ST),RAI3_HUMAN
Q8NFQ8|158|S|21,Q8NFQ8,TOR1AIP2,158,S,21,S-21,Phospho (ST),TOIP2_HUMAN
Q8NFQ8|163|S|21,Q8NFQ8,TOR1AIP2,163,S,21,S-21,Phospho (ST),TOIP2_HUMAN
Q8NE00|90|S|21,Q8NE00,TMEM104,90,S,21,S-21,Phospho (ST),TM104_HUMAN
Q9BYW2|2082|S|21,Q9BYW2,SETD2,2082,S,21,S-21,Phospho (ST),SETD2_HUMAN
Q8NDC0|6|S|21,Q8NDC0,MAPK1IP1L,6,S,21,S-21,Phospho (ST),MISSL_HUMAN
Q8NEL9|723|S|21,Q8NEL9,DDHD1,723,S,21,S-21,Phospho (ST),DDHD1_HUMAN
Q8NEL9|727|S|21,Q8NEL9,DDHD1,727,S,21,S-21,Phospho (ST),DDHD1_HUMAN
Q8WUY3|595|S|21,Q8WUY3,PRUNE2,595,S,21,S-21,Phospho (ST),PRUN2_HUMAN
Q9UN81|27|S|21,Q9UN81,L1RE1,27,S,21,S-21,Phospho (ST),LORF1_HUMAN
Q9UHD8|85|S|21,Q9UHD8,SEPTIN9,85,S,21,S-21,Phospho (ST),SEPT9_HUMAN
Q8NEJ9|143|S|21,Q8NEJ9,NGDN,143,S,21,S-21,Phospho (ST),NGDN_HUMAN
Q8IZP0|319|S|21,Q8IZP0,ABI1,319,S,21,S-21,Phospho (ST),ABI1_HUMAN
Q8IZP0|323|S|21,Q8IZP0,ABI1,323,S,21,S-21,Phospho (ST),ABI1_HUMAN
Q8N108|488|S|21,Q8N108,MIER1,488,S,21,S-21,Phospho (ST),MIER1_HUMAN
Q8WYP5|1297|S|21,Q8WYP5,AHCTF1,1297,S,21,S-21,Phospho (ST),ELYS_HUMAN
Q8IZL8|477|S|21,Q8IZL8,PELP1,477,S,21,S-21,Phospho (ST),PELP1_HUMAN
Q8N3F8|640|S|21,Q8N3F8,MICALL1,640,S,21,S-21,Phospho (ST),MILK1_HUMAN
Q8IZP0|216|S|21,Q8IZP0,ABI1,216,S,21,S-21,Phospho (ST),ABI1_HUMAN
Q8IZP0|183|S|21,Q8IZP0,ABI1,183,S,21,S-21,Phospho (ST),ABI1_HUMAN
Q9UQ35|1320|S|21,Q9UQ35,SRRM2,1320,S,21,S-21,Phospho (ST),SRRM2_HUMAN
Q8N1G0|266|S|21,Q8N1G0,ZNF687,266,S,21,S-21,Phospho (ST),ZN687_HUMAN
Q9UGU0|559|S|21,Q9UGU0,TCF20,559,S,21,S-21,Phospho (ST),TCF20_HUMAN
Q96RT1|931|S|21,Q96RT1,ERBIN,931,S,21,S-21,Phospho (ST),ERBIN_HUMAN
Q8WUA7|150|S|21,Q8WUA7,TBC1D22A,150,S,21,S-21,Phospho (ST),TB22A_HUMAN
Q8N122|881|S|21,Q8N122,RPTOR,881,S,21,S-21,Phospho (ST),RPTOR_HUMAN
Q9UK61|927|S|21,Q9UK61,TASOR,927,S,21,S-21,Phospho (ST),TASOR_HUMAN
Q8IYB3|754|S|21,Q8IYB3,SRRM1,754,S,21,S-21,Phospho (ST),SRRM1_HUMAN
Q8IYB3|756|S|21,Q8IYB3,SRRM1,756,S,21,S-21,Phospho (ST),SRRM1_HUMAN
Q8IYB3|694|S|21,Q8IYB3,SRRM1,694,S,21,S-21,Phospho (ST),SRRM1_HUMAN
Q8IYB3|725|S|21,Q8IYB3,SRRM1,725,S,21,S-21,Phospho (ST),SRRM1_HUMAN
Q8IZ21|344|S|21,Q8IZ21,PHACTR4,344,S,21,S-21,Phospho (ST),PHAR4_HUMAN
Q9ULL5|651|S|21,Q9ULL5,PRR12,651,S,21,S-21,Phospho (ST),PRR12_HUMAN
Q8IYH5|130|S|21,Q8IYH5,ZZZ3,130,S,21,S-21,Phospho (ST),ZZZ3_HUMAN
Q8IYH5|135|S|21,Q8IYH5,ZZZ3,135,S,21,S-21,Phospho (ST),ZZZ3_HUMAN
Q8IYD8|1673|S|21,Q8IYD8,FANCM,1673,S,21,S-21,Phospho (ST),FANCM_HUMAN
Q8IYD8|1674|S|21,Q8IYD8,FANCM,1674,S,21,S-21,Phospho (ST),FANCM_HUMAN
Q8IYB7|875|S|21,Q8IYB7,DIS3L2,875,S,21,S-21,Phospho (ST),DI3L2_HUMAN
Q8IYW5|411|S|21,Q8IYW5,RNF168,411,S,21,S-21,Phospho (ST),RN168_HUMAN
Q9NRL2|1417|S|21,Q9NRL2,BAZ1A,1417,S,21,S-21,Phospho (ST),BAZ1A_HUMAN
Q8IYL3|182|S|21,Q8IYL3,C1orf174,182,S,21,S-21,Phospho (ST),CA174_HUMAN
Q96CW1|153|S|21,Q96CW1,AP2M1,153,S,21,S-21,Phospho (ST),AP2M1_HUMAN
Q8N3X1|499|S|21,Q8N3X1,FNBP4,499,S,21,S-21,Phospho (ST),FNBP4_HUMAN
Q9UBC2|250|S|21,Q9UBC2,EPS15L1,250,S,21,S-21,Phospho (ST),EP15R_HUMAN
Q8N3V7|754|S|21,Q8N3V7,SYNPO,754,S,21,S-21,Phospho (ST),SYNPO_HUMAN
Q8N3X1|18|S|21,Q8N3X1,FNBP4,18,S,21,S-21,Phospho (ST),FNBP4_HUMAN
Q9H7N4|239|S|21,Q9H7N4,SCAF1,239,S,21,S-21,Phospho (ST),SFR19_HUMAN
Q8N5Y2|400|S|21,Q8N5Y2,MSL3,400,S,21,S-21,Phospho (ST),MS3L1_HUMAN
Q8N5Y2|367|S|21,Q8N5Y2,MSL3,367,S,21,S-21,Phospho (ST),MS3L1_HUMAN
Q8N556|283|S|21,Q8N556,AFAP1,283,S,21,S-21,Phospho (ST),AFAP1_HUMAN
Q8N556|264|S|21,Q8N556,AFAP1,264,S,21,S-21,Phospho (ST),AFAP1_HUMAN
Q8N556|265|S|21,Q8N556,AFAP1,265,S,21,S-21,Phospho (ST),AFAP1_HUMAN
P55265|601|T|21,P55265,ADAR,601,T,21,T-21,Phospho (ST),DSRAD_HUMAN
Q8TEA8|196|S|21,Q8TEA8,DTD1,196,S,21,S-21,Phospho (ST),DTD1_HUMAN
Q8N302|11|S|21,Q8N302,AGGF1,11,S,21,S-21,Phospho (ST),AGGF1_HUMAN
Q8N302|17|S|21,Q8N302,AGGF1,17,S,21,S-21,Phospho (ST),AGGF1_HUMAN
Q8N1G2|29|S|21,Q8N1G2,CMTR1,29,S,21,S-21,Phospho (ST),CMTR1_HUMAN
Q9UPP1|852|Y|21,Q9UPP1,PHF8,852,Y,21,Y-21,Phospho (Y),PHF8_HUMAN
Q8N1G2|66|S|21,Q8N1G2,CMTR1,66,S,21,S-21,Phospho (ST),CMTR1_HUMAN
Q8N3U4|1058|S|21,Q8N3U4,STAG2,1058,S,21,S-21,Phospho (ST),STAG2_HUMAN
Q8N3U4|1064|S|21,Q8N3U4,STAG2,1064,S,21,S-21,Phospho (ST),STAG2_HUMAN
Q8N3F8|486|S|21,Q8N3F8,MICALL1,486,S,21,S-21,Phospho (ST),MILK1_HUMAN
Q96CV9|526|S|21,Q96CV9,OPTN,526,S,21,S-21,Phospho (ST),OPTN_HUMAN
Q8N3F8|644|S|21,Q8N3F8,MICALL1,644,S,21,S-21,Phospho (ST),MILK1_HUMAN
Q96EY9|18|S|21,Q96EY9,ADAT3,18,S,21,S-21,Phospho (ST),ADAT3_HUMAN
Q8N3U4|1061|S|21,Q8N3U4,STAG2,1061,S,21,S-21,Phospho (ST),STAG2_HUMAN
Q8N3D4|191|S|21,Q8N3D4,EHBP1L1,191,S,21,S-21,Phospho (ST),EH1L1_HUMAN
Q8N3D4|1257|S|21,Q8N3D4,EHBP1L1,1257,S,21,S-21,Phospho (ST),EH1L1_HUMAN
Q8N3F8|470|S|21,Q8N3F8,MICALL1,470,S,21,S-21,Phospho (ST),MILK1_HUMAN
Q8N3F8|467|T|21,Q8N3F8,MICALL1,467,T,21,T-21,Phospho (ST),MILK1_HUMAN
Q8N3F8|471|S|21,Q8N3F8,MICALL1,471,S,21,S-21,Phospho (ST),MILK1_HUMAN
Q8N3E9|498|R|7,Q8N3E9,PLCD3,498,R,7,R-7,Citrulline,PLCD3_HUMAN
Q8WWM7|680|S|21,Q8WWM7,ATXN2L,680,S,21,S-21,Phospho (ST),ATX2L_HUMAN
Q92785|142|S|21,Q92785,DPF2,142,S,21,S-21,Phospho (ST),REQU_HUMAN
Q8WWQ0|880|S|21,Q8WWQ0,PHIP,880,S,21,S-21,Phospho (ST),PHIP_HUMAN
Q9HCE3|298|S|21,Q9HCE3,ZNF532,298,S,21,S-21,Phospho (ST),ZN532_HUMAN
Q8WWQ0|1281|S|21,Q8WWQ0,PHIP,1281,S,21,S-21,Phospho (ST),PHIP_HUMAN
Q8WWQ0|1283|S|21,Q8WWQ0,PHIP,1283,S,21,S-21,Phospho (ST),PHIP_HUMAN
Q8WWM7|339|S|21,Q8WWM7,ATXN2L,339,S,21,S-21,Phospho (ST),ATX2L_HUMAN
Q9UNZ2|114|S|21,Q9UNZ2,NSFL1C,114,S,21,S-21,Phospho (ST),NSF1C_HUMAN
Q8WXF7|22|S|21,Q8WXF7,ATL1,22,S,21,S-21,Phospho (ST),ATLA1_HUMAN
Q8WX93|984|S|21,Q8WX93,PALLD,984,S,21,S-21,Phospho (ST),PALLD_HUMAN
Q8WX93|1118|S|21,Q8WX93,PALLD,1118,S,21,S-21,Phospho (ST),PALLD_HUMAN
Q8WX93|1121|S|21,Q8WX93,PALLD,1121,S,21,S-21,Phospho (ST),PALLD_HUMAN
Q8WVJ9|55|S|21,Q8WVJ9,TWIST2,55,S,21,S-21,Phospho (ST),TWST2_HUMAN
Q8WVJ9|57|S|21,Q8WVJ9,TWIST2,57,S,21,S-21,Phospho (ST),TWST2_HUMAN
Q8WVC0|212|S|21,Q8WVC0,LEO1,212,S,21,S-21,Phospho (ST),LEO1_HUMAN
Q8WVC0|220|S|21,Q8WVC0,LEO1,220,S,21,S-21,Phospho (ST),LEO1_HUMAN
Q99536|2|S|21,Q99536,VAT1,2,S,21,S-21,Phospho (ST),VAT1_HUMAN
Q9NZ63|17|S|21,Q9NZ63,C9orf78,17,S,21,S-21,Phospho (ST),TLS1_HUMAN
Q8WVC0|277|S|21,Q8WVC0,LEO1,277,S,21,S-21,Phospho (ST),LEO1_HUMAN
Q8WVC0|279|S|21,Q8WVC0,LEO1,279,S,21,S-21,Phospho (ST),LEO1_HUMAN
Q8WVC0|607|S|21,Q8WVC0,LEO1,607,S,21,S-21,Phospho (ST),LEO1_HUMAN
Q8WVC0|608|S|21,Q8WVC0,LEO1,608,S,21,S-21,Phospho (ST),LEO1_HUMAN
Q8WWI1|865|S|21,Q8WWI1,LMO7,865,S,21,S-21,Phospho (ST),LMO7_HUMAN
Q8WWI1|867|S|21,Q8WWI1,LMO7,867,S,21,S-21,Phospho (ST),LMO7_HUMAN
Q8WWA1|137|S|21,Q8WWA1,TMEM40,137,S,21,S-21,Phospho (ST),TMM40_HUMAN
Q9Y266|145|T|21,Q9Y266,NUDC,145,T,21,T-21,Phospho (ST),NUDC_HUMAN
Q92560|595|S|21,Q92560,BAP1,595,S,21,S-21,Phospho (ST),BAP1_HUMAN
Q92560|596|S|21,Q92560,BAP1,596,S,21,S-21,Phospho (ST),BAP1_HUMAN
Q92538|1784|S|21,Q92538,GBF1,1784,S,21,S-21,Phospho (ST),GBF1_HUMAN
Q92552|301|S|21,Q92552,MRPS27,301,S,21,S-21,Phospho (ST),RT27_HUMAN
Q9UJF2|89|S|21,Q9UJF2,RASAL2,89,S,21,S-21,Phospho (ST),NGAP_HUMAN
Q92609|538|S|21,Q92609,TBC1D5,538,S,21,S-21,Phospho (ST),TBCD5_HUMAN
Q92598|809|S|21,Q92598,HSPH1,809,S,21,S-21,Phospho (ST),HS105_HUMAN
Q8WYP5|1214|S|21,Q8WYP5,AHCTF1,1214,S,21,S-21,Phospho (ST),ELYS_HUMAN
Q8WYP5|1222|S|21,Q8WYP5,AHCTF1,1222,S,21,S-21,Phospho (ST),ELYS_HUMAN
Q96EZ8|282|S|21,Q96EZ8,MCRS1,282,S,21,S-21,Phospho (ST),MCRS1_HUMAN
Q8WXI9|135|S|21,Q8WXI9,GATAD2B,135,S,21,S-21,Phospho (ST),P66B_HUMAN
Q9NYF8|496|S|21,Q9NYF8,BCLAF1,496,S,21,S-21,Phospho (ST),BCLF1_HUMAN
Q92508|1391|S|21,Q92508,PIEZO1,1391,S,21,S-21,Phospho (ST),PIEZ1_HUMAN
Q92508|1646|S|21,Q92508,PIEZO1,1646,S,21,S-21,Phospho (ST),PIEZ1_HUMAN
Q8WZ73|226|S|21,Q8WZ73,RFFL,226,S,21,S-21,Phospho (ST),RFFL_HUMAN
Q8WZ73|229|S|21,Q8WZ73,RFFL,229,S,21,S-21,Phospho (ST),RFFL_HUMAN
Q8WYQ5|95|S|21,Q8WYQ5,DGCR8,95,S,21,S-21,Phospho (ST),DGCR8_HUMAN
Q9NSY1|689|S|21,Q9NSY1,BMP2K,689,S,21,S-21,Phospho (ST),BMP2K_HUMAN
Q8TD16|331|S|21,Q8TD16,BICD2,331,S,21,S-21,Phospho (ST),BICD2_HUMAN
Q93008|1609|S|21,Q93008,USP9X,1609,S,21,S-21,Phospho (ST),USP9X_HUMAN
Q8TD16|582|S|21,Q8TD16,BICD2,582,S,21,S-21,Phospho (ST),BICD2_HUMAN
Q8TD19|331|S|21,Q8TD19,NEK9,331,S,21,S-21,Phospho (ST),NEK9_HUMAN
Q96RT1|915|S|21,Q96RT1,ERBIN,915,S,21,S-21,Phospho (ST),ERBIN_HUMAN
Q8TBF4|216|S|21,Q8TBF4,ZCRB1,216,S,21,S-21,Phospho (ST),ZCRB1_HUMAN
Q9UQN3|199|S|21,Q9UQN3,CHMP2B,199,S,21,S-21,Phospho (ST),CHM2B_HUMAN
Q8TDW0|212|S|21,Q8TDW0,LRRC8C,212,S,21,S-21,Phospho (ST),LRC8C_HUMAN
Q8TDW0|215|S|21,Q8TDW0,LRRC8C,215,S,21,S-21,Phospho (ST),LRC8C_HUMAN
Q8TDW0|210|S|21,Q8TDW0,LRRC8C,210,S,21,S-21,Phospho (ST),LRC8C_HUMAN
Q9Y2H0|973|S|21,Q9Y2H0,DLGAP4,973,S,21,S-21,Phospho (ST),DLGP4_HUMAN
Q8TDY2|647|S|21,Q8TDY2,RB1CC1,647,S,21,S-21,Phospho (ST),RBCC1_HUMAN
Q9NW07|487|S|21,Q9NW07,ZNF358,487,S,21,S-21,Phospho (ST),ZN358_HUMAN
Q8TDB6|9|S|21,Q8TDB6,DTX3L,9,S,21,S-21,Phospho (ST),DTX3L_HUMAN
Q8WWI1|1593|S|21,Q8WWI1,LMO7,1593,S,21,S-21,Phospho (ST),LMO7_HUMAN
Q8NI08|502|S|21,Q8NI08,NCOA7,502,S,21,S-21,Phospho (ST),NCOA7_HUMAN
Q13247|314|S|23,Q13247,SRSF6,314,S,23,S-23,Phospho (ST),SRSF6_HUMAN
Q8NI08|208|S|21,Q8NI08,NCOA7,208,S,21,S-21,Phospho (ST),NCOA7_HUMAN
Q8TAQ2|813|S|21,Q8TAQ2,SMARCC2,813,S,21,S-21,Phospho (ST),SMRC2_HUMAN
Q9UQ35|1925|S|21,Q9UQ35,SRRM2,1925,S,21,S-21,Phospho (ST),SRRM2_HUMAN
Q9GZY8|157|S|21,Q9GZY8,MFF,157,S,21,S-21,Phospho (ST),MFF_HUMAN
Q8TAQ2|347|S|21,Q8TAQ2,SMARCC2,347,S,21,S-21,Phospho (ST),SMRC2_HUMAN
Q8TB72|178|S|21,Q8TB72,PUM2,178,S,21,S-21,Phospho (ST),PUM2_HUMAN
Q8TB45|265|S|21,Q8TB45,DEPTOR,265,S,21,S-21,Phospho (ST),DPTOR_HUMAN
Q9P1Y6|936|S|21,Q9P1Y6,PHRF1,936,S,21,S-21,Phospho (ST),PHRF1_HUMAN
Q8TAQ2|283|S|21,Q8TAQ2,SMARCC2,283,S,21,S-21,Phospho (ST),SMRC2_HUMAN
Q9H9P5|15|S|21,Q9H9P5,UNKL,15,S,21,S-21,Phospho (ST),UNKL_HUMAN
Q8WUA4|892|S|21,Q8WUA4,GTF3C2,892,S,21,S-21,Phospho (ST),TF3C2_HUMAN
Q8WUA4|893|S|21,Q8WUA4,GTF3C2,893,S,21,S-21,Phospho (ST),TF3C2_HUMAN
Q8TF40|760|S|21,Q8TF40,FNIP1,760,S,21,S-21,Phospho (ST),FNIP1_HUMAN
Q8TF40|763|S|21,Q8TF40,FNIP1,763,S,21,S-21,Phospho (ST),FNIP1_HUMAN
Q8WVB6|73|S|21,Q8WVB6,CHTF18,73,S,21,S-21,Phospho (ST),CTF18_HUMAN
Q8WVB6|64|S|21,Q8WVB6,CHTF18,64,S,21,S-21,Phospho (ST),CTF18_HUMAN
Q8WUY3|597|S|21,Q8WUY3,PRUNE2,597,S,21,S-21,Phospho (ST),PRUN2_HUMAN
Q8WVC0|10|S|21,Q8WVC0,LEO1,10,S,21,S-21,Phospho (ST),LEO1_HUMAN
Q8WVC0|14|S|21,Q8WVC0,LEO1,14,S,21,S-21,Phospho (ST),LEO1_HUMAN
Q8WVC0|154|S|21,Q8WVC0,LEO1,154,S,21,S-21,Phospho (ST),LEO1_HUMAN
Q8WUM9|269|S|21,Q8WUM9,SLC20A1,269,S,21,S-21,Phospho (ST),S20A1_HUMAN
Q96PE2|461|S|21,Q96PE2,ARHGEF17,461,S,21,S-21,Phospho (ST),ARHGH_HUMAN
Q8WUM9|265|S|21,Q8WUM9,SLC20A1,265,S,21,S-21,Phospho (ST),S20A1_HUMAN
Q8WUM9|417|S|21,Q8WUM9,SLC20A1,417,S,21,S-21,Phospho (ST),S20A1_HUMAN
Q8TEK3|902|S|21,Q8TEK3,DOT1L,902,S,21,S-21,Phospho (ST),DOT1L_HUMAN
Q8TE77|70|S|21,Q8TE77,SSH3,70,S,21,S-21,Phospho (ST),SSH3_HUMAN
Q96JQ2|635|S|21,Q96JQ2,CLMN,635,S,21,S-21,Phospho (ST),CLMN_HUMAN
Q8TEA8|197|S|21,Q8TEA8,DTD1,197,S,21,S-21,Phospho (ST),DTD1_HUMAN
Q8TEW0|807|S|21,Q8TEW0,PARD3,807,S,21,S-21,Phospho (ST),PARD3_HUMAN
Q8TEW0|809|S|21,Q8TEW0,PARD3,809,S,21,S-21,Phospho (ST),PARD3_HUMAN
Q8TEW0|220|S|21,Q8TEW0,PARD3,220,S,21,S-21,Phospho (ST),PARD3_HUMAN
Q9H3Q1|64|S|21,Q9H3Q1,CDC42EP4,64,S,21,S-21,Phospho (ST),BORG4_HUMAN
Q8TEV9|492|S|21,Q8TEV9,SMCR8,492,S,21,S-21,Phospho (ST),SMCR8_HUMAN
Q8TEQ6|757|S|21,Q8TEQ6,GEMIN5,757,S,21,S-21,Phospho (ST),GEMI5_HUMAN
Q9BRP8|6|S|21,Q9BRP8,PYM1,6,S,21,S-21,Phospho (ST),PYM1_HUMAN
Q8TEV9|521|S|21,Q8TEV9,SMCR8,521,S,21,S-21,Phospho (ST),SMCR8_HUMAN
Q8TEV9|513|S|21,Q8TEV9,SMCR8,513,S,21,S-21,Phospho (ST),SMCR8_HUMAN
Q8TEV9|516|S|21,Q8TEV9,SMCR8,516,S,21,S-21,Phospho (ST),SMCR8_HUMAN
O14936|589|S|21,O14936,CASK,589,S,21,S-21,Phospho (ST),CSKP_HUMAN
Q9P0K7|297|T|21,Q9P0K7,RAI14,297,T,21,T-21,Phospho (ST),RAI14_HUMAN
O60716|252|S|21,O60716,CTNND1,252,S,21,S-21,Phospho (ST),CTND1_HUMAN
O14828|32|S|21,O14828,SCAMP3,32,S,21,S-21,Phospho (ST),SCAM3_HUMAN
Q86UU0|959|S|21,Q86UU0,BCL9L,959,S,21,S-21,Phospho (ST),BCL9L_HUMAN
O14745|290|S|21,O14745,NHERF1,290,S,21,S-21,Phospho (ST),NHRF1_HUMAN
Q04726|285|T|21,Q04726,TLE3,285,T,21,T-21,Phospho (ST),TLE3_HUMAN
O60716|288|S|21,O60716,CTNND1,288,S,21,S-21,Phospho (ST),CTND1_HUMAN
O75381|271|S|21,O75381,PEX14,271,S,21,S-21,Phospho (ST),PEX14_HUMAN
Q02952|388|S|21,Q02952,AKAP12,388,S,21,S-21,Phospho (ST),AKA12_HUMAN
O14874|31|S|21,O14874,BCKDK,31,S,21,S-21,Phospho (ST),BCKD_HUMAN
O14874|32|T|21,O14874,BCKDK,32,T,21,T-21,Phospho (ST),BCKD_HUMAN
O14920|672|S|21,O14920,IKBKB,672,S,21,S-21,Phospho (ST),IKKB_HUMAN
Q3KQU3|544|S|21,Q3KQU3,MAP7D1,544,S,21,S-21,Phospho (ST),MA7D1_HUMAN
O14976|780|S|21,O14976,GAK,780,S,21,S-21,Phospho (ST),GAK_HUMAN
P46013|127|S|21,P46013,MKI67,127,S,21,S-21,Phospho (ST),KI67_HUMAN
O14976|770|S|21,O14976,GAK,770,S,21,S-21,Phospho (ST),GAK_HUMAN
O14976|778|S|21,O14976,GAK,778,S,21,S-21,Phospho (ST),GAK_HUMAN
O14974|472|S|21,O14974,PPP1R12A,472,S,21,S-21,Phospho (ST),MYPT1_HUMAN
O14974|445|S|21,O14974,PPP1R12A,445,S,21,S-21,Phospho (ST),MYPT1_HUMAN
O75381|260|S|21,O75381,PEX14,260,S,21,S-21,Phospho (ST),PEX14_HUMAN
O75381|275|S|21,O75381,PEX14,275,S,21,S-21,Phospho (ST),PEX14_HUMAN
O75385|758|S|21,O75385,ULK1,758,S,21,S-21,Phospho (ST),ULK1_HUMAN
O14974|507|S|21,O14974,PPP1R12A,507,S,21,S-21,Phospho (ST),MYPT1_HUMAN
O14647|207|S|21,O14647,CHD2,207,S,21,S-21,Phospho (ST),CHD2_HUMAN
O14647|1801|S|21,O14647,CHD2,1801,S,21,S-21,Phospho (ST),CHD2_HUMAN
O14647|208|S|21,O14647,CHD2,208,S,21,S-21,Phospho (ST),CHD2_HUMAN
O14681|326|S|21,O14681,EI24,326,S,21,S-21,Phospho (ST),EI24_HUMAN
O60716|4|S|21,O60716,CTNND1,4,S,21,S-21,Phospho (ST),CTND1_HUMAN
Q9Y4E6|1154|S|21,Q9Y4E6,WDR7,1154,S,21,S-21,Phospho (ST),WDR7_HUMAN
O14646|1699|S|21,O14646,CHD1,1699,S,21,S-21,Phospho (ST),CHD1_HUMAN
O60716|920|S|21,O60716,CTNND1,920,S,21,S-21,Phospho (ST),CTND1_HUMAN
O14646|215|S|21,O14646,CHD1,215,S,21,S-21,Phospho (ST),CHD1_HUMAN
O14646|216|S|21,O14646,CHD1,216,S,21,S-21,Phospho (ST),CHD1_HUMAN
O14647|1369|S|21,O14647,CHD2,1369,S,21,S-21,Phospho (ST),CHD2_HUMAN
O14647|1373|S|21,O14647,CHD2,1373,S,21,S-21,Phospho (ST),CHD2_HUMAN
O60551|68|S|21,O60551,NMT2,68,S,21,S-21,Phospho (ST),NMT2_HUMAN
O75167|16|S|21,O75167,PHACTR2,16,S,21,S-21,Phospho (ST),PHAR2_HUMAN
Q9P0K8|7|S|21,Q9P0K8,FOXJ2,7,S,21,S-21,Phospho (ST),FOXJ2_HUMAN
O60716|346|S|21,O60716,CTNND1,346,S,21,S-21,Phospho (ST),CTND1_HUMAN
O14683|14|S|21,O14683,TP53I11,14,S,21,S-21,Phospho (ST),P5I11_HUMAN
O14713|11|S|21,O14713,ITGB1BP1,11,S,21,S-21,Phospho (ST),ITBP1_HUMAN
O60240|126|S|21,O60240,PLIN1,126,S,21,S-21,Phospho (ST),PLIN1_HUMAN
O14686|3620|S|21,O14686,KMT2D,3620,S,21,S-21,Phospho (ST),KMT2D_HUMAN
Q53ET0|613|S|21,Q53ET0,CRTC2,613,S,21,S-21,Phospho (ST),CRTC2_HUMAN
O15061|1044|S|21,O15061,SYNM,1044,S,21,S-21,Phospho (ST),SYNEM_HUMAN
O15061|1049|S|21,O15061,SYNM,1049,S,21,S-21,Phospho (ST),SYNEM_HUMAN
O60551|7|S|21,O60551,NMT2,7,S,21,S-21,Phospho (ST),NMT2_HUMAN
O15047|508|S|21,O15047,SETD1A,508,S,21,S-21,Phospho (ST),SET1A_HUMAN
O60307|711|S|21,O60307,MAST3,711,S,21,S-21,Phospho (ST),MAST3_HUMAN
P51153|178|S|21,P51153,RAB13,178,S,21,S-21,Phospho (ST),RAB13_HUMAN
O15042|67|S|21,O15042,U2SURP,67,S,21,S-21,Phospho (ST),SR140_HUMAN
Q14684|245|S|21,Q14684,RRP1B,245,S,21,S-21,Phospho (ST),RRP1B_HUMAN
O15037|10|S|21,O15037,KHNYN,10,S,21,S-21,Phospho (ST),KHNYN_HUMAN
O15164|811|S|21,O15164,TRIM24,811,S,21,S-21,Phospho (ST),TIF1A_HUMAN
O60315|782|T|21,O60315,ZEB2,782,T,21,T-21,Phospho (ST),ZEB2_HUMAN
O15047|468|S|21,O15047,SETD1A,468,S,21,S-21,Phospho (ST),SET1A_HUMAN
O15047|470|S|21,O15047,SETD1A,470,S,21,S-21,Phospho (ST),SET1A_HUMAN
O15075|337|S|21,O15075,DCLK1,337,S,21,S-21,Phospho (ST),DCLK1_HUMAN
O15075|346|S|21,O15075,DCLK1,346,S,21,S-21,Phospho (ST),DCLK1_HUMAN
O15075|353|S|21,O15075,DCLK1,353,S,21,S-21,Phospho (ST),DCLK1_HUMAN
O75376|2187|S|21,O75376,NCOR1,2187,S,21,S-21,Phospho (ST),NCOR1_HUMAN
O15075|332|S|21,O15075,DCLK1,332,S,21,S-21,Phospho (ST),DCLK1_HUMAN
O15075|720|S|21,O15075,DCLK1,720,S,21,S-21,Phospho (ST),DCLK1_HUMAN
P46108|43|S|21,P46108,CRK,43,S,21,S-21,Phospho (ST),CRK_HUMAN
P78559|896|S|21,P78559,MAP1A,896,S,21,S-21,Phospho (ST),MAP1A_HUMAN
O60504|530|S|21,O60504,SORBS3,530,S,21,S-21,Phospho (ST),VINEX_HUMAN
O15075|313|S|21,O15075,DCLK1,313,S,21,S-21,Phospho (ST),DCLK1_HUMAN
O60551|66|S|21,O60551,NMT2,66,S,21,S-21,Phospho (ST),NMT2_HUMAN
O15075|307|S|21,O15075,DCLK1,307,S,21,S-21,Phospho (ST),DCLK1_HUMAN
O15075|330|S|21,O15075,DCLK1,330,S,21,S-21,Phospho (ST),DCLK1_HUMAN
Q9Y2X3|350|T|21,Q9Y2X3,NOP58,350,T,21,T-21,Phospho (ST),NOP58_HUMAN
O60711|23|S|21,O60711,LPXN,23,S,21,S-21,Phospho (ST),LPXN_HUMAN
O75379|90|S|21,O75379,VAMP4,90,S,21,S-21,Phospho (ST),VAMP4_HUMAN
O15014|467|S|21,O15014,ZNF609,467,S,21,S-21,Phospho (ST),ZN609_HUMAN
Q8IVT2|376|S|21,Q8IVT2,MISP,376,S,21,S-21,Phospho (ST),MISP_HUMAN
O75170|770|S|21,O75170,PPP6R2,770,S,21,S-21,Phospho (ST),PP6R2_HUMAN
O15014|842|S|21,O15014,ZNF609,842,S,21,S-21,Phospho (ST),ZN609_HUMAN
O15014|846|S|21,O15014,ZNF609,846,S,21,S-21,Phospho (ST),ZN609_HUMAN
O14980|391|S|21,O14980,XPO1,391,S,21,S-21,Phospho (ST),XPO1_HUMAN
Q6PCE3|173|T|21,Q6PCE3,PGM2L1,173,T,21,T-21,Phospho (ST),PGM2L_HUMAN
O14979|116|S|21,O14979,HNRNPDL,116,S,21,S-21,Phospho (ST),HNRDL_HUMAN
Q16513|952|S|21,Q16513,PKN2,952,S,21,S-21,Phospho (ST),PKN2_HUMAN
O60716|168|S|21,O60716,CTNND1,168,S,21,S-21,Phospho (ST),CTND1_HUMAN
O75909|8|S|21,O75909,CCNK,8,S,21,S-21,Phospho (ST),CCNK_HUMAN
O15014|1055|S|21,O15014,ZNF609,1055,S,21,S-21,Phospho (ST),ZN609_HUMAN
O15027|1398|S|21,O15027,SEC16A,1398,S,21,S-21,Phospho (ST),SC16A_HUMAN
O60641|300|S|21,O60641,SNAP91,300,S,21,S-21,Phospho (ST),AP180_HUMAN
O15027|1371|S|21,O15027,SEC16A,1371,S,21,S-21,Phospho (ST),SC16A_HUMAN
O15027|74|S|21,O15027,SEC16A,74,S,21,S-21,Phospho (ST),SC16A_HUMAN
O75379|88|S|21,O75379,VAMP4,88,S,21,S-21,Phospho (ST),VAMP4_HUMAN
O15027|2083|S|21,O15027,SEC16A,2083,S,21,S-21,Phospho (ST),SC16A_HUMAN
O15027|1069|S|21,O15027,SEC16A,1069,S,21,S-21,Phospho (ST),SC16A_HUMAN
P49916|241|S|21,P49916,LIG3,241,S,21,S-21,Phospho (ST),DNLI3_HUMAN
O60711|19|S|21,O60711,LPXN,19,S,21,S-21,Phospho (ST),LPXN_HUMAN
P78559|1146|S|21,P78559,MAP1A,1146,S,21,S-21,Phospho (ST),MAP1A_HUMAN
O15014|845|Y|21,O15014,ZNF609,845,Y,21,Y-21,Phospho (Y),ZN609_HUMAN
O60664|130|S|21,O60664,PLIN3,130,S,21,S-21,Phospho (ST),PLIN3_HUMAN
Q8TDD1|75|S|21,Q8TDD1,DDX54,75,S,21,S-21,Phospho (ST),DDX54_HUMAN
P06493|15|Y|21,P06493,CDK1,15,Y,21,Y-21,Phospho (Y),CDK1_HUMAN
O60885|469|S|21,O60885,BRD4,469,S,21,S-21,Phospho (ST),BRD4_HUMAN
O75387|267|S|21,O75387,SLC43A1,267,S,21,S-21,Phospho (ST),LAT3_HUMAN
P28290|1175|S|21,P28290,ITPRID2,1175,S,21,S-21,Phospho (ST),ITPI2_HUMAN
O00567|520|S|21,O00567,NOP56,520,S,21,S-21,Phospho (ST),NOP56_HUMAN
O00566|242|S|21,O00566,MPHOSPH10,242,S,21,S-21,Phospho (ST),MPP10_HUMAN
P18615|113|S|21,P18615,NELFE,113,S,21,S-21,Phospho (ST),NELFE_HUMAN
O00515|356|S|21,O00515,LAD1,356,S,21,S-21,Phospho (ST),LAD1_HUMAN
Q8WWI1|1424|T|21,Q8WWI1,LMO7,1424,T,21,T-21,Phospho (ST),LMO7_HUMAN
O00515|38|S|21,O00515,LAD1,38,S,21,S-21,Phospho (ST),LAD1_HUMAN
O00515|39|S|21,O00515,LAD1,39,S,21,S-21,Phospho (ST),LAD1_HUMAN
O00515|355|S|21,O00515,LAD1,355,S,21,S-21,Phospho (ST),LAD1_HUMAN
O60885|601|S|21,O60885,BRD4,601,S,21,S-21,Phospho (ST),BRD4_HUMAN
P29966|145|S|21,P29966,MARCKS,145,S,21,S-21,Phospho (ST),MARCS_HUMAN
O00515|394|S|21,O00515,LAD1,394,S,21,S-21,Phospho (ST),LAD1_HUMAN
Q6ZRV2|1003|S|21,Q6ZRV2,FAM83H,1003,S,21,S-21,Phospho (ST),FA83H_HUMAN
Q6ZRV2|936|S|21,Q6ZRV2,FAM83H,936,S,21,S-21,Phospho (ST),FA83H_HUMAN
P35568|636|S|21,P35568,IRS1,636,S,21,S-21,Phospho (ST),IRS1_HUMAN
O00712|265|S|21,O00712,NFIB,265,S,21,S-21,Phospho (ST),NFIB_HUMAN
O00629|60|S|21,O00629,KPNA4,60,S,21,S-21,Phospho (ST),IMA3_HUMAN
O00567|569|S|21,O00567,NOP56,569,S,21,S-21,Phospho (ST),NOP56_HUMAN
O00567|570|S|21,O00567,NOP56,570,S,21,S-21,Phospho (ST),NOP56_HUMAN
O00567|563|S|21,O00567,NOP56,563,S,21,S-21,Phospho (ST),NOP56_HUMAN
Q9BVP2|504|S|21,Q9BVP2,GNL3,504,S,21,S-21,Phospho (ST),GNL3_HUMAN
O00592|519|S|21,O00592,PODXL,519,S,21,S-21,Phospho (ST),PODXL_HUMAN
Q9UP95|967|S|21,Q9UP95,SLC12A4,967,S,21,S-21,Phospho (ST),S12A4_HUMAN
O60841|222|S|21,O60841,EIF5B,222,S,21,S-21,Phospho (ST),IF2P_HUMAN
O15355|183|S|21,O15355,PPM1G,183,S,21,S-21,Phospho (ST),PPM1G_HUMAN
O00571|23|S|21,O00571,DDX3X,23,S,21,S-21,Phospho (ST),DDX3X_HUMAN
O43491|598|S|21,O43491,EPB41L2,598,S,21,S-21,Phospho (ST),E41L2_HUMAN
O75385|763|S|21,O75385,ULK1,763,S,21,S-21,Phospho (ST),ULK1_HUMAN
O00472|305|S|21,O00472,ELL2,305,S,21,S-21,Phospho (ST),ELL2_HUMAN
Q7Z6B7|1029|S|21,Q7Z6B7,SRGAP1,1029,S,21,S-21,Phospho (ST),SRGP1_HUMAN
O75152|758|S|21,O75152,ZC3H11A,758,S,21,S-21,Phospho (ST),ZC11A_HUMAN
O00499|296|S|21,O00499,BIN1,296,S,21,S-21,Phospho (ST),BIN1_HUMAN
O00499|298|S|21,O00499,BIN1,298,S,21,S-21,Phospho (ST),BIN1_HUMAN
O00488|133|S|21,O00488,ZNF593,133,S,21,S-21,Phospho (ST),ZN593_HUMAN
O14497|607|S|21,O14497,ARID1A,607,S,21,S-21,Phospho (ST),ARI1A_HUMAN
O00472|503|S|21,O00472,ELL2,503,S,21,S-21,Phospho (ST),ELL2_HUMAN
Q15583|142|S|21,Q15583,TGIF1,142,S,21,S-21,Phospho (ST),TGIF1_HUMAN
O75052|374|S|21,O75052,NOS1AP,374,S,21,S-21,Phospho (ST),CAPON_HUMAN
Q92576|680|S|21,Q92576,PHF3,680,S,21,S-21,Phospho (ST),PHF3_HUMAN
O75069|438|S|21,O75069,TMCC2,438,S,21,S-21,Phospho (ST),TMCC2_HUMAN
O00425|184|S|21,O00425,IGF2BP3,184,S,21,S-21,Phospho (ST),IF2B3_HUMAN
Q05655|307|S|21,Q05655,PRKCD,307,S,21,S-21,Phospho (ST),KPCD_HUMAN
O00425|180|S|21,O00425,IGF2BP3,180,S,21,S-21,Phospho (ST),IF2B3_HUMAN
O60930|76|S|21,O60930,RNASEH1,76,S,21,S-21,Phospho (ST),RNH1_HUMAN
O00512|153|S|21,O00512,BCL9,153,S,21,S-21,Phospho (ST),BCL9_HUMAN
P15336|136|S|21,P15336,ATF2,136,S,21,S-21,Phospho (ST),ATF2_HUMAN
O60888|54|S|21,O60888,CUTA,54,S,21,S-21,Phospho (ST),CUTA_HUMAN
P23634|328|S|21,P23634,ATP2B4,328,S,21,S-21,Phospho (ST),AT2B4_HUMAN
O00515|177|S|21,O00515,LAD1,177,S,21,S-21,Phospho (ST),LAD1_HUMAN
O00512|687|S|21,O00512,BCL9,687,S,21,S-21,Phospho (ST),BCL9_HUMAN
O75396|137|S|21,O75396,SEC22B,137,S,21,S-21,Phospho (ST),SC22B_HUMAN
P15924|2209|S|21,P15924,DSP,2209,S,21,S-21,Phospho (ST),DESP_HUMAN
O75152|759|S|21,O75152,ZC3H11A,759,S,21,S-21,Phospho (ST),ZC11A_HUMAN
O75152|761|S|21,O75152,ZC3H11A,761,S,21,S-21,Phospho (ST),ZC11A_HUMAN
O00512|104|S|21,O00512,BCL9,104,S,21,S-21,Phospho (ST),BCL9_HUMAN
O00512|107|S|21,O00512,BCL9,107,S,21,S-21,Phospho (ST),BCL9_HUMAN
O00505|60|S|21,O00505,KPNA3,60,S,21,S-21,Phospho (ST),IMA4_HUMAN
O94888|280|S|21,O94888,UBXN7,280,S,21,S-21,Phospho (ST),UBXN7_HUMAN
O60934|432|S|21,O60934,NBN,432,S,21,S-21,Phospho (ST),NBN_HUMAN
Q86UE4|426|S|21,Q86UE4,MTDH,426,S,21,S-21,Phospho (ST),LYRIC_HUMAN
O14617|688|S|21,O14617,AP3D1,688,S,21,S-21,Phospho (ST),AP3D1_HUMAN
O14617|686|S|21,O14617,AP3D1,686,S,21,S-21,Phospho (ST),AP3D1_HUMAN
O60825|466|S|21,O60825,PFKFB2,466,S,21,S-21,Phospho (ST),F262_HUMAN
O95782|655|S|21,O95782,AP2A1,655,S,21,S-21,Phospho (ST),AP2A1_HUMAN
O14639|362|S|21,O14639,ABLIM1,362,S,21,S-21,Phospho (ST),ABLM1_HUMAN
O60565|76|S|21,O60565,GREM1,76,S,21,S-21,Phospho (ST),GREM1_HUMAN
O14639|363|S|21,O14639,ABLIM1,363,S,21,S-21,Phospho (ST),ABLM1_HUMAN
O14639|355|S|21,O14639,ABLIM1,355,S,21,S-21,Phospho (ST),ABLM1_HUMAN
O14639|352|S|21,O14639,ABLIM1,352,S,21,S-21,Phospho (ST),ABLM1_HUMAN
O14545|409|S|21,O14545,TRAFD1,409,S,21,S-21,Phospho (ST),TRAD1_HUMAN
O14545|415|S|21,O14545,TRAFD1,415,S,21,S-21,Phospho (ST),TRAD1_HUMAN
O75153|664|S|21,O75153,CLUH,664,S,21,S-21,Phospho (ST),CLU_HUMAN
O14617|685|S|21,O14617,AP3D1,685,S,21,S-21,Phospho (ST),AP3D1_HUMAN
Q7Z6Z7|1907|S|21,Q7Z6Z7,HUWE1,1907,S,21,S-21,Phospho (ST),HUWE1_HUMAN
O60749|119|S|21,O60749,SNX2,119,S,21,S-21,Phospho (ST),SNX2_HUMAN
O14639|455|S|21,O14639,ABLIM1,455,S,21,S-21,Phospho (ST),ABLM1_HUMAN
P04049|296|S|21,P04049,RAF1,296,S,21,S-21,Phospho (ST),RAF1_HUMAN
O14639|367|S|21,O14639,ABLIM1,367,S,21,S-21,Phospho (ST),ABLM1_HUMAN
O60763|942|S|21,O60763,USO1,942,S,21,S-21,Phospho (ST),USO1_HUMAN
O75382|7|S|21,O75382,TRIM3,7,S,21,S-21,Phospho (ST),TRIM3_HUMAN
O14639|431|S|21,O14639,ABLIM1,431,S,21,S-21,Phospho (ST),ABLM1_HUMAN
P51610|598|S|21,P51610,HCFC1,598,S,21,S-21,Phospho (ST),HCFC1_HUMAN
Q13033|229|S|21,Q13033,STRN3,229,S,21,S-21,Phospho (ST),STRN3_HUMAN
O14639|426|S|21,O14639,ABLIM1,426,S,21,S-21,Phospho (ST),ABLM1_HUMAN
O14639|428|R|7,O14639,ABLIM1,428,R,7,R-7,Citrulline,ABLM1_HUMAN
O75385|719|S|21,O75385,ULK1,719,S,21,S-21,Phospho (ST),ULK1_HUMAN
O60841|107|S|21,O60841,EIF5B,107,S,21,S-21,Phospho (ST),IF2P_HUMAN
O14497|381|S|21,O14497,ARID1A,381,S,21,S-21,Phospho (ST),ARI1A_HUMAN
O14497|1755|S|21,O14497,ARID1A,1755,S,21,S-21,Phospho (ST),ARI1A_HUMAN
Q13330|386|S|21,Q13330,MTA1,386,S,21,S-21,Phospho (ST),MTA1_HUMAN
O14497|363|S|21,O14497,ARID1A,363,S,21,S-21,Phospho (ST),ARI1A_HUMAN
O14497|696|S|21,O14497,ARID1A,696,S,21,S-21,Phospho (ST),ARI1A_HUMAN
O60841|164|S|21,O60841,EIF5B,164,S,21,S-21,Phospho (ST),IF2P_HUMAN
Q9C0C2|1666|S|21,Q9C0C2,TNKS1BP1,1666,S,21,S-21,Phospho (ST),TB182_HUMAN
O14495|19|S|21,O14495,PLPP3,19,S,21,S-21,Phospho (ST),PLPP3_HUMAN
O00712|333|S|21,O00712,NFIB,333,S,21,S-21,Phospho (ST),NFIB_HUMAN
P28290|641|S|21,P28290,ITPRID2,641,S,21,S-21,Phospho (ST),ITPI2_HUMAN
O14497|1600|S|21,O14497,ARID1A,1600,S,21,S-21,Phospho (ST),ARI1A_HUMAN
O14523|662|S|21,O14523,C2CD2L,662,S,21,S-21,Phospho (ST),C2C2L_HUMAN
Q9Y2U5|239|S|21,Q9Y2U5,MAP3K2,239,S,21,S-21,Phospho (ST),M3K2_HUMAN
O60832|21|S|21,O60832,DKC1,21,S,21,S-21,Phospho (ST),DKC1_HUMAN
Q01831|94|S|21,Q01831,XPC,94,S,21,S-21,Phospho (ST),XPC_HUMAN
O14523|468|S|21,O14523,C2CD2L,468,S,21,S-21,Phospho (ST),C2C2L_HUMAN
Q6ZRS2|274|S|21,Q6ZRS2,SRCAP,274,S,21,S-21,Phospho (ST),SRCAP_HUMAN
O75385|716|S|21,O75385,ULK1,716,S,21,S-21,Phospho (ST),ULK1_HUMAN
O60828|247|S|21,O60828,PQBP1,247,S,21,S-21,Phospho (ST),PQBP1_HUMAN
O14545|325|S|21,O14545,TRAFD1,325,S,21,S-21,Phospho (ST),TRAD1_HUMAN
O14545|326|S|21,O14545,TRAFD1,326,S,21,S-21,Phospho (ST),TRAD1_HUMAN
O60832|494|S|21,O60832,DKC1,494,S,21,S-21,Phospho (ST),DKC1_HUMAN
O14497|698|S|21,O14497,ARID1A,698,S,21,S-21,Phospho (ST),ARI1A_HUMAN
O43524|7|S|21,O43524,FOXO3,7,S,21,S-21,Phospho (ST),FOXO3_HUMAN
O43524|12|S|21,O43524,FOXO3,12,S,21,S-21,Phospho (ST),FOXO3_HUMAN
O75179|2045|S|21,O75179,ANKRD17,2045,S,21,S-21,Phospho (ST),ANR17_HUMAN
O43583|73|S|21,O43583,DENR,73,S,21,S-21,Phospho (ST),DENR_HUMAN
O43493|298|S|21,O43493,TGOLN2,298,S,21,S-21,Phospho (ST),TGON2_HUMAN
O43493|351|S|21,O43493,TGOLN2,351,S,21,S-21,Phospho (ST),TGON2_HUMAN
O43491|683|S|21,O43491,EPB41L2,683,S,21,S-21,Phospho (ST),E41L2_HUMAN
O43491|87|S|21,O43491,EPB41L2,87,S,21,S-21,Phospho (ST),E41L2_HUMAN
Q9Y6R9|376|S|21,Q9Y6R9,CCDC61,376,S,21,S-21,Phospho (ST),CCD61_HUMAN
O60293|1304|S|21,O60293,ZFC3H1,1304,S,21,S-21,Phospho (ST),ZC3H1_HUMAN
O75367|166|S|21,O75367,MACROH2A1,166,S,21,S-21,Phospho (ST),H2AY_HUMAN
O60292|171|S|21,O60292,SIPA1L3,171,S,21,S-21,Phospho (ST),SI1L3_HUMAN
Q5JSP0|128|S|21,Q5JSP0,FGD3,128,S,21,S-21,Phospho (ST),FGD3_HUMAN
O43719|498|S|21,O43719,HTATSF1,498,S,21,S-21,Phospho (ST),HTSF1_HUMAN
Q9ULL5|332|S|21,Q9ULL5,PRR12,332,S,21,S-21,Phospho (ST),PRR12_HUMAN
O43639|90|S|21,O43639,NCK2,90,S,21,S-21,Phospho (ST),NCK2_HUMAN
O43639|94|S|21,O43639,NCK2,94,S,21,S-21,Phospho (ST),NCK2_HUMAN
O60292|177|S|21,O60292,SIPA1L3,177,S,21,S-21,Phospho (ST),SI1L3_HUMAN
O94763|451|T|21,O94763,URI1,451,T,21,T-21,Phospho (ST),RMP_HUMAN
O43602|306|S|21,O43602,DCX,306,S,21,S-21,Phospho (ST),DCX_HUMAN
Q9HCM3|1388|S|21,Q9HCM3,KIAA1549,1388,S,21,S-21,Phospho (ST),K1549_HUMAN
O60293|1301|S|21,O60293,ZFC3H1,1301,S,21,S-21,Phospho (ST),ZC3H1_HUMAN
Q7Z309|119|S|21,Q7Z309,PABIR2,119,S,21,S-21,Phospho (ST),PBIR2_HUMAN
Q86YS7|295|S|21,Q86YS7,C2CD5,295,S,21,S-21,Phospho (ST),C2CD5_HUMAN
O43663|466|S|21,O43663,PRC1,466,S,21,S-21,Phospho (ST),PRC1_HUMAN
Q12923|936|S|21,Q12923,PTPN13,936,S,21,S-21,Phospho (ST),PTN13_HUMAN
O43395|619|S|21,O43395,PRPF3,619,S,21,S-21,Phospho (ST),PRPF3_HUMAN
P57081|391|S|21,P57081,WDR4,391,S,21,S-21,Phospho (ST),WDR4_HUMAN
O43399|12|S|21,O43399,TPD52L2,12,S,21,S-21,Phospho (ST),TPD54_HUMAN
Q12888|1028|S|21,Q12888,TP53BP1,1028,S,21,S-21,Phospho (ST),TP53B_HUMAN
O43399|3|S|21,O43399,TPD52L2,3,S,21,S-21,Phospho (ST),TPD54_HUMAN
Q99590|771|S|21,Q99590,SCAF11,771,S,21,S-21,Phospho (ST),SCAFB_HUMAN
O43314|1172|S|21,O43314,PPIP5K2,1172,S,21,S-21,Phospho (ST),VIP2_HUMAN
O75179|1700|S|21,O75179,ANKRD17,1700,S,21,S-21,Phospho (ST),ANR17_HUMAN
O60293|949|S|21,O60293,ZFC3H1,949,S,21,S-21,Phospho (ST),ZC3H1_HUMAN
O60293|953|S|21,O60293,ZFC3H1,953,S,21,S-21,Phospho (ST),ZC3H1_HUMAN
O43379|1232|S|21,O43379,WDR62,1232,S,21,S-21,Phospho (ST),WDR62_HUMAN
Q96MU7|308|S|21,Q96MU7,YTHDC1,308,S,21,S-21,Phospho (ST),YTDC1_HUMAN
O60293|717|S|21,O60293,ZFC3H1,717,S,21,S-21,Phospho (ST),ZC3H1_HUMAN
O60293|714|S|21,O60293,ZFC3H1,714,S,21,S-21,Phospho (ST),ZC3H1_HUMAN
Q8WX93|1101|S|21,Q8WX93,PALLD,1101,S,21,S-21,Phospho (ST),PALLD_HUMAN
O43491|676|S|21,O43491,EPB41L2,676,S,21,S-21,Phospho (ST),E41L2_HUMAN
O43426|1391|S|21,O43426,SYNJ1,1391,S,21,S-21,Phospho (ST),SYNJ1_HUMAN
O43463|391|S|21,O43463,SUV39H1,391,S,21,S-21,Phospho (ST),SUV91_HUMAN
O43432|230|S|21,O43432,EIF4G3,230,S,21,S-21,Phospho (ST),IF4G3_HUMAN
O43432|232|S|21,O43432,EIF4G3,232,S,21,S-21,Phospho (ST),IF4G3_HUMAN
Q8NFG4|73|S|21,Q8NFG4,FLCN,73,S,21,S-21,Phospho (ST),FLCN_HUMAN
O60271|329|S|21,O60271,SPAG9,329,S,21,S-21,Phospho (ST),JIP4_HUMAN
O60231|106|S|21,O60231,DHX16,106,S,21,S-21,Phospho (ST),DHX16_HUMAN
Q9H2G2|571|S|21,Q9H2G2,SLK,571,S,21,S-21,Phospho (ST),SLK_HUMAN
O43896|674|S|21,O43896,KIF1C,674,S,21,S-21,Phospho (ST),KIF1C_HUMAN
O43896|676|S|21,O43896,KIF1C,676,S,21,S-21,Phospho (ST),KIF1C_HUMAN
O60271|183|S|21,O60271,SPAG9,183,S,21,S-21,Phospho (ST),JIP4_HUMAN
Q96CP6|267|S|21,Q96CP6,GRAMD1A,267,S,21,S-21,Phospho (ST),ASTRA_HUMAN
O60245|1011|S|21,O60245,PCDH7,1011,S,21,S-21,Phospho (ST),PCDH7_HUMAN
O60264|116|S|21,O60264,SMARCA5,116,S,21,S-21,Phospho (ST),SMCA5_HUMAN
O75179|2059|S|21,O75179,ANKRD17,2059,S,21,S-21,Phospho (ST),ANR17_HUMAN
O60256|219|S|21,O60256,PRPSAP2,219,S,21,S-21,Phospho (ST),KPRB_HUMAN
P49327|2156|S|21,P49327,FASN,2156,S,21,S-21,Phospho (ST),FAS_HUMAN
O60240|382|S|21,O60240,PLIN1,382,S,21,S-21,Phospho (ST),PLIN1_HUMAN
O75179|2065|S|21,O75179,ANKRD17,2065,S,21,S-21,Phospho (ST),ANR17_HUMAN
O75351|102|S|21,O75351,VPS4B,102,S,21,S-21,Phospho (ST),VPS4B_HUMAN
O43719|713|S|21,O43719,HTATSF1,713,S,21,S-21,Phospho (ST),HTSF1_HUMAN
Q13586|618|S|21,Q13586,STIM1,618,S,21,S-21,Phospho (ST),STIM1_HUMAN
O43719|702|S|21,O43719,HTATSF1,702,S,21,S-21,Phospho (ST),HTSF1_HUMAN
O60292|1364|S|21,O60292,SIPA1L3,1364,S,21,S-21,Phospho (ST),SI1L3_HUMAN
O43719|714|S|21,O43719,HTATSF1,714,S,21,S-21,Phospho (ST),HTSF1_HUMAN
O43719|676|S|21,O43719,HTATSF1,676,S,21,S-21,Phospho (ST),HTSF1_HUMAN
Q96JP5|83|S|21,Q96JP5,ZFP91,83,S,21,S-21,Phospho (ST),ZFP91_HUMAN
O43719|721|S|21,O43719,HTATSF1,721,S,21,S-21,Phospho (ST),HTSF1_HUMAN
O60292|1544|S|21,O60292,SIPA1L3,1544,S,21,S-21,Phospho (ST),SI1L3_HUMAN
Q3MII6|506|S|21,Q3MII6,TBC1D25,506,S,21,S-21,Phospho (ST),TBC25_HUMAN
O43719|616|S|21,O43719,HTATSF1,616,S,21,S-21,Phospho (ST),HTSF1_HUMAN
O43719|624|S|21,O43719,HTATSF1,624,S,21,S-21,Phospho (ST),HTSF1_HUMAN
O43719|529|S|21,O43719,HTATSF1,529,S,21,S-21,Phospho (ST),HTSF1_HUMAN
O43719|642|S|21,O43719,HTATSF1,642,S,21,S-21,Phospho (ST),HTSF1_HUMAN
P11717|2409|S|21,P11717,IGF2R,2409,S,21,S-21,Phospho (ST),MPRI_HUMAN
O43815|239|S|21,O43815,STRN,239,S,21,S-21,Phospho (ST),STRN_HUMAN
O60279|241|S|21,O60279,SUSD5,241,S,21,S-21,Phospho (ST),SUSD5_HUMAN
O43815|245|S|21,O43815,STRN,245,S,21,S-21,Phospho (ST),STRN_HUMAN
O43768|67|S|21,O43768,ENSA,67,S,21,S-21,Phospho (ST),ENSA_HUMAN
O43823|339|S|21,O43823,AKAP8,339,S,21,S-21,Phospho (ST),AKAP8_HUMAN
Q92619|25|S|21,Q92619,ARHGAP45,25,S,21,S-21,Phospho (ST),HMHA1_HUMAN
Q8ND30|363|S|21,Q8ND30,PPFIBP2,363,S,21,S-21,Phospho (ST),LIPB2_HUMAN
O60271|730|S|21,O60271,SPAG9,730,S,21,S-21,Phospho (ST),JIP4_HUMAN
O43741|182|S|21,O43741,PRKAB2,182,S,21,S-21,Phospho (ST),AAKB2_HUMAN
Q9BUT9|86|T|21,Q9BUT9,MCRIP2,86,T,21,T-21,Phospho (ST),MCRI2_HUMAN
P49407|412|S|21,P49407,ARRB1,412,S,21,S-21,Phospho (ST),ARRB1_HUMAN
O43741|108|S|21,O43741,PRKAB2,108,S,21,S-21,Phospho (ST),AAKB2_HUMAN
O43765|77|S|21,O43765,SGTA,77,S,21,S-21,Phospho (ST),SGTA_HUMAN
O43765|305|S|21,O43765,SGTA,305,S,21,S-21,Phospho (ST),SGTA_HUMAN
O60341|849|S|21,O60341,KDM1A,849,S,21,S-21,Phospho (ST),KDM1A_HUMAN
O15234|148|S|21,O15234,CASC3,148,S,21,S-21,Phospho (ST),CASC3_HUMAN
Q9UQ35|1064|S|21,Q9UQ35,SRRM2,1064,S,21,S-21,Phospho (ST),SRRM2_HUMAN
O15258|90|S|21,O15258,RER1,90,S,21,S-21,Phospho (ST),RER1_HUMAN
O15234|363|S|21,O15234,CASC3,363,S,21,S-21,Phospho (ST),CASC3_HUMAN
O15231|465|S|21,O15231,ZNF185,465,S,21,S-21,Phospho (ST),ZN185_HUMAN
O60343|341|S|21,O60343,TBC1D4,341,S,21,S-21,Phospho (ST),TBCD4_HUMAN
Q5JTV8|315|S|21,Q5JTV8,TOR1AIP1,315,S,21,S-21,Phospho (ST),TOIP1_HUMAN
O75179|1696|S|21,O75179,ANKRD17,1696,S,21,S-21,Phospho (ST),ANR17_HUMAN
O15231|446|S|21,O15231,ZNF185,446,S,21,S-21,Phospho (ST),ZN185_HUMAN
Q09666|115|S|21,Q09666,AHNAK,115,S,21,S-21,Phospho (ST),AHNK_HUMAN
O15231|512|S|21,O15231,ZNF185,512,S,21,S-21,Phospho (ST),ZN185_HUMAN
O15231|519|S|21,O15231,ZNF185,519,S,21,S-21,Phospho (ST),ZN185_HUMAN
O60341|131|S|21,O60341,KDM1A,131,S,21,S-21,Phospho (ST),KDM1A_HUMAN
O60341|137|S|21,O60341,KDM1A,137,S,21,S-21,Phospho (ST),KDM1A_HUMAN
O15400|129|S|21,O15400,STX7,129,S,21,S-21,Phospho (ST),STX7_HUMAN
Q14C86|466|S|21,Q14C86,GAPVD1,466,S,21,S-21,Phospho (ST),GAPD1_HUMAN
O15417|995|S|21,O15417,TNRC18,995,S,21,S-21,Phospho (ST),TNC18_HUMAN
Q8IY18|12|S|21,Q8IY18,SMC5,12,S,21,S-21,Phospho (ST),SMC5_HUMAN
O15438|908|S|21,O15438,ABCC3,908,S,21,S-21,Phospho (ST),MRP3_HUMAN
O15438|911|S|21,O15438,ABCC3,911,S,21,S-21,Phospho (ST),MRP3_HUMAN
O15417|991|S|21,O15417,TNRC18,991,S,21,S-21,Phospho (ST),TNC18_HUMAN
O75376|158|S|21,O75376,NCOR1,158,S,21,S-21,Phospho (ST),NCOR1_HUMAN
Q01082|2138|S|21,Q01082,SPTBN1,2138,S,21,S-21,Phospho (ST),SPTB2_HUMAN
O75376|2184|S|21,O75376,NCOR1,2184,S,21,S-21,Phospho (ST),NCOR1_HUMAN
O60353|624|S|21,O60353,FZD6,624,S,21,S-21,Phospho (ST),FZD6_HUMAN
O15085|655|S|21,O15085,ARHGEF11,655,S,21,S-21,Phospho (ST),ARHGB_HUMAN
O15085|35|S|21,O15085,ARHGEF11,35,S,21,S-21,Phospho (ST),ARHGB_HUMAN
Q8WXH0|166|S|21,Q8WXH0,SYNE2,166,S,21,S-21,Phospho (ST),SYNE2_HUMAN
O60343|597|S|21,O60343,TBC1D4,597,S,21,S-21,Phospho (ST),TBCD4_HUMAN
O15119|435|S|21,O15119,TBX3,435,S,21,S-21,Phospho (ST),TBX3_HUMAN
O15119|707|S|21,O15119,TBX3,707,S,21,S-21,Phospho (ST),TBX3_HUMAN
O15119|432|S|21,O15119,TBX3,432,S,21,S-21,Phospho (ST),TBX3_HUMAN
Q96RK0|1409|S|21,Q96RK0,CIC,1409,S,21,S-21,Phospho (ST),CIC_HUMAN
O75179|1693|S|21,O75179,ANKRD17,1693,S,21,S-21,Phospho (ST),ANR17_HUMAN
Q6PFW1|944|S|21,Q6PFW1,PPIP5K1,944,S,21,S-21,Phospho (ST),VIP1_HUMAN
Q9NYV4|249|S|21,Q9NYV4,CDK12,249,S,21,S-21,Phospho (ST),CDK12_HUMAN
O15085|251|S|21,O15085,ARHGEF11,251,S,21,S-21,Phospho (ST),ARHGB_HUMAN
O15085|255|S|21,O15085,ARHGEF11,255,S,21,S-21,Phospho (ST),ARHGB_HUMAN
O15085|1295|S|21,O15085,ARHGEF11,1295,S,21,S-21,Phospho (ST),ARHGB_HUMAN
O15085|253|R|7,O15085,ARHGEF11,253,R,7,R-7,Citrulline,ARHGB_HUMAN
O15173|208|S|21,O15173,PGRMC2,208,S,21,S-21,Phospho (ST),PGRC2_HUMAN
O15231|153|S|21,O15231,ZNF185,153,S,21,S-21,Phospho (ST),ZN185_HUMAN
O15231|155|S|21,O15231,ZNF185,155,S,21,S-21,Phospho (ST),ZN185_HUMAN
O15143|310|S|21,O15143,ARPC1B,310,S,21,S-21,Phospho (ST),ARC1B_HUMAN
O15143|311|S|21,O15143,ARPC1B,311,S,21,S-21,Phospho (ST),ARC1B_HUMAN
O15164|1025|S|21,O15164,TRIM24,1025,S,21,S-21,Phospho (ST),TIF1A_HUMAN
O15155|50|S|21,O15155,BET1,50,S,21,S-21,Phospho (ST),BET1_HUMAN
O60343|588|S|21,O60343,TBC1D4,588,S,21,S-21,Phospho (ST),TBCD4_HUMAN
Q9C0C2|691|S|21,Q9C0C2,TNKS1BP1,691,S,21,S-21,Phospho (ST),TB182_HUMAN
O43237|443|S|21,O43237,DYNC1LI2,443,S,21,S-21,Phospho (ST),DC1L2_HUMAN
O43237|446|S|21,O43237,DYNC1LI2,446,S,21,S-21,Phospho (ST),DC1L2_HUMAN
O75369|2478|S|21,O75369,FLNB,2478,S,21,S-21,Phospho (ST),FLNB_HUMAN
O60315|1122|S|21,O60315,ZEB2,1122,S,21,S-21,Phospho (ST),ZEB2_HUMAN
O43166|210|S|21,O43166,SIPA1L1,210,S,21,S-21,Phospho (ST),SI1L1_HUMAN
O75369|2107|S|21,O75369,FLNB,2107,S,21,S-21,Phospho (ST),FLNB_HUMAN
Q9Y446|314|S|21,Q9Y446,PKP3,314,S,21,S-21,Phospho (ST),PKP3_HUMAN
O60307|709|S|21,O60307,MAST3,709,S,21,S-21,Phospho (ST),MAST3_HUMAN
O43290|448|S|21,O43290,SART1,448,S,21,S-21,Phospho (ST),SNUT1_HUMAN
O43166|1588|S|21,O43166,SIPA1L1,1588,S,21,S-21,Phospho (ST),SI1L1_HUMAN
P78559|1203|S|21,P78559,MAP1A,1203,S,21,S-21,Phospho (ST),MAP1A_HUMAN
O75369|2481|S|21,O75369,FLNB,2481,S,21,S-21,Phospho (ST),FLNB_HUMAN
O43166|1572|S|21,O43166,SIPA1L1,1572,S,21,S-21,Phospho (ST),SI1L1_HUMAN
Q12797|29|S|21,Q12797,ASPH,29,S,21,S-21,Phospho (ST),ASPH_HUMAN
O60315|353|S|21,O60315,ZEB2,353,S,21,S-21,Phospho (ST),ZEB2_HUMAN
O43166|176|S|21,O43166,SIPA1L1,176,S,21,S-21,Phospho (ST),SI1L1_HUMAN
Q9Y580|136|S|21,Q9Y580,RBM7,136,S,21,S-21,Phospho (ST),RBM7_HUMAN
P28482|187|Y|21,P28482,MAPK1,187,Y,21,Y-21,Phospho (Y),MK01_HUMAN
O43294|192|S|21,O43294,TGFB1I1,192,S,21,S-21,Phospho (ST),TGFI1_HUMAN
O43294|187|S|21,O43294,TGFB1I1,187,S,21,S-21,Phospho (ST),TGFI1_HUMAN
O43294|194|S|21,O43294,TGFB1I1,194,S,21,S-21,Phospho (ST),TGFI1_HUMAN
O60296|775|S|21,O60296,TRAK2,775,S,21,S-21,Phospho (ST),TRAK2_HUMAN
O60296|780|S|21,O60296,TRAK2,780,S,21,S-21,Phospho (ST),TRAK2_HUMAN
O43295|837|S|21,O43295,SRGAP3,837,S,21,S-21,Phospho (ST),SRGP3_HUMAN
Q14938|280|S|21,Q14938,NFIX,280,S,21,S-21,Phospho (ST),NFIX_HUMAN
O43293|311|S|21,O43293,DAPK3,311,S,21,S-21,Phospho (ST),DAPK3_HUMAN
P27816|585|T|21,P27816,MAP4,585,T,21,T-21,Phospho (ST),MAP4_HUMAN
O43293|312|S|21,O43293,DAPK3,312,S,21,S-21,Phospho (ST),DAPK3_HUMAN
Q9Y2D5|393|S|21,Q9Y2D5,PALM2AKAP2,393,S,21,S-21,Phospho (ST),PLAK2_HUMAN
Q96KQ7|173|S|21,Q96KQ7,EHMT2,173,S,21,S-21,Phospho (ST),EHMT2_HUMAN
O43294|141|S|21,O43294,TGFB1I1,141,S,21,S-21,Phospho (ST),TGFI1_HUMAN
Q9UN79|335|S|21,Q9UN79,SOX13,335,S,21,S-21,Phospho (ST),SOX13_HUMAN
Q8WWI1|956|T|21,Q8WWI1,LMO7,956,T,21,T-21,Phospho (ST),LMO7_HUMAN
P28290|318|S|21,P28290,ITPRID2,318,S,21,S-21,Phospho (ST),ITPI2_HUMAN
O15541|6|S|21,O15541,RNF113A,6,S,21,S-21,Phospho (ST),R113A_HUMAN
O15541|85|S|21,O15541,RNF113A,85,S,21,S-21,Phospho (ST),R113A_HUMAN
Q05519|207|S|21,Q05519,SRSF11,207,S,21,S-21,Phospho (ST),SRS11_HUMAN
O15440|509|S|21,O15440,ABCC5,509,S,21,S-21,Phospho (ST),MRP5_HUMAN
Q13523|852|S|21,Q13523,PRPF4B,852,S,21,S-21,Phospho (ST),PRP4B_HUMAN
O75179|1699|S|21,O75179,ANKRD17,1699,S,21,S-21,Phospho (ST),ANR17_HUMAN
Q9NYV4|393|S|21,Q9NYV4,CDK12,393,S,21,S-21,Phospho (ST),CDK12_HUMAN
O60315|780|S|21,O60315,ZEB2,780,S,21,S-21,Phospho (ST),ZEB2_HUMAN
O43156|828|S|21,O43156,TTI1,828,S,21,S-21,Phospho (ST),TTI1_HUMAN
Q16181|334|S|21,Q16181,SEPTIN7,334,S,21,S-21,Phospho (ST),SEPT7_HUMAN
Q8TDJ6|1140|S|21,Q8TDJ6,DMXL2,1140,S,21,S-21,Phospho (ST),DMXL2_HUMAN
O43166|1568|S|21,O43166,SIPA1L1,1568,S,21,S-21,Phospho (ST),SI1L1_HUMAN
O43166|1565|S|21,O43166,SIPA1L1,1565,S,21,S-21,Phospho (ST),SI1L1_HUMAN
O60315|356|S|21,O60315,ZEB2,356,S,21,S-21,Phospho (ST),ZEB2_HUMAN
O60315|784|S|21,O60315,ZEB2,784,S,21,S-21,Phospho (ST),ZEB2_HUMAN
O43149|1518|S|21,O43149,ZZEF1,1518,S,21,S-21,Phospho (ST),ZZEF1_HUMAN
O15551|199|S|21,O15551,CLDN3,199,S,21,S-21,Phospho (ST),CLD3_HUMAN
O15551|203|S|21,O15551,CLDN3,203,S,21,S-21,Phospho (ST),CLD3_HUMAN
O43150|701|S|21,O43150,ASAP2,701,S,21,S-21,Phospho (ST),ASAP2_HUMAN
O00151|130|S|21,O00151,PDLIM1,130,S,21,S-21,Phospho (ST),PDLI1_HUMAN
O00267|670|S|21,O00267,SUPT5H,670,S,21,S-21,Phospho (ST),SPT5H_HUMAN
O75122|955|S|21,O75122,CLASP2,955,S,21,S-21,Phospho (ST),CLAP2_HUMAN
O00178|25|S|21,O00178,GTPBP1,25,S,21,S-21,Phospho (ST),GTPB1_HUMAN
Q8WWI1|1026|S|21,Q8WWI1,LMO7,1026,S,21,S-21,Phospho (ST),LMO7_HUMAN
A1A4S6|591|S|21,A1A4S6,ARHGAP10,591,S,21,S-21,Phospho (ST),RHG10_HUMAN
O75151|879|S|21,O75151,PHF2,879,S,21,S-21,Phospho (ST),PHF2_HUMAN
O75122|461|S|21,O75122,CLASP2,461,S,21,S-21,Phospho (ST),CLAP2_HUMAN
A2RRP1|473|S|21,A2RRP1,NBAS,473,S,21,S-21,Phospho (ST),NBAS_HUMAN
E9PAV3|2029|S|21,E9PAV3,NACA,2029,S,21,S-21,Phospho (ST),NACAM_HUMAN
O75151|882|S|21,O75151,PHF2,882,S,21,S-21,Phospho (ST),PHF2_HUMAN
A6NNZ2|126|S|21,A6NNZ2,TUBB8B,126,S,21,S-21,Phospho (ST),TBB8B_HUMAN
O00178|580|S|21,O00178,GTPBP1,580,S,21,S-21,Phospho (ST),GTPB1_HUMAN
A6NKD9|246|S|21,A6NKD9,CCDC85C,246,S,21,S-21,Phospho (ST),CC85C_HUMAN
Q02952|381|S|21,Q02952,AKAP12,381,S,21,S-21,Phospho (ST),AKA12_HUMAN
O75122|596|S|21,O75122,CLASP2,596,S,21,S-21,Phospho (ST),CLAP2_HUMAN
A1L390|1081|S|21,A1L390,PLEKHG3,1081,S,21,S-21,Phospho (ST),PKHG3_HUMAN
Q147X3|199|S|21,Q147X3,NAA30,199,S,21,S-21,Phospho (ST),NAA30_HUMAN
A3KN83|693|S|21,A3KN83,SBNO1,693,S,21,S-21,Phospho (ST),SBNO1_HUMAN
A1L170|222|S|21,A1L170,C1orf226,222,S,21,S-21,Phospho (ST),CA226_HUMAN
A1L170|223|S|21,A1L170,C1orf226,223,S,21,S-21,Phospho (ST),CA226_HUMAN
O00264|181|S|21,O00264,PGRMC1,181,S,21,S-21,Phospho (ST),PGRC1_HUMAN
A0MZ66|506|S|21,A0MZ66,SHTN1,506,S,21,S-21,Phospho (ST),SHOT1_HUMAN
O75128|269|S|21,O75128,COBL,269,S,21,S-21,Phospho (ST),COBL_HUMAN
A1X283|291|S|21,A1X283,SH3PXD2B,291,S,21,S-21,Phospho (ST),SPD2B_HUMAN
O75122|327|S|21,O75122,CLASP2,327,S,21,S-21,Phospho (ST),CLAP2_HUMAN
A0MZ66|532|S|21,A0MZ66,SHTN1,532,S,21,S-21,Phospho (ST),SHOT1_HUMAN
A0MZ66|534|S|21,A0MZ66,SHTN1,534,S,21,S-21,Phospho (ST),SHOT1_HUMAN
A7E2V4|1153|S|21,A7E2V4,ZSWIM8,1153,S,21,S-21,Phospho (ST),ZSWM8_HUMAN
P21127|763|S|21,P21127,CDK11B,763,S,21,S-21,Phospho (ST),CD11B_HUMAN
O75152|290|S|21,O75152,ZC3H11A,290,S,21,S-21,Phospho (ST),ZC11A_HUMAN
Q68EM7|162|S|21,Q68EM7,ARHGAP17,162,S,21,S-21,Phospho (ST),RHG17_HUMAN
O60841|113|S|21,O60841,EIF5B,113,S,21,S-21,Phospho (ST),IF2P_HUMAN
P55201|460|S|21,P55201,BRPF1,460,S,21,S-21,Phospho (ST),BRPF1_HUMAN
A5YM69|184|S|21,A5YM69,ARHGEF35,184,S,21,S-21,Phospho (ST),ARG35_HUMAN
A7E2V4|53|S|21,A7E2V4,ZSWIM8,53,S,21,S-21,Phospho (ST),ZSWM8_HUMAN
O75410|55|S|21,O75410,TACC1,55,S,21,S-21,Phospho (ST),TACC1_HUMAN
A7E2V4|1092|S|21,A7E2V4,ZSWIM8,1092,S,21,S-21,Phospho (ST),ZSWM8_HUMAN
P53999|13|S|21,P53999,SUB1,13,S,21,S-21,Phospho (ST),TCP4_HUMAN
O00161|5|S|21,O00161,SNAP23,5,S,21,S-21,Phospho (ST),SNP23_HUMAN
Q5VT52|592|Y|21,Q5VT52,RPRD2,592,Y,21,Y-21,Phospho (Y),RPRD2_HUMAN
A0MZ66|494|S|21,A0MZ66,SHTN1,494,S,21,S-21,Phospho (ST),SHOT1_HUMAN
Q9UPN3|4496|S|21,Q9UPN3,MACF1,4496,S,21,S-21,Phospho (ST),MACF1_HUMAN
O00161|161|S|21,O00161,SNAP23,161,S,21,S-21,Phospho (ST),SNP23_HUMAN
A1L390|76|S|21,A1L390,PLEKHG3,76,S,21,S-21,Phospho (ST),PKHG3_HUMAN
O75448|862|S|21,O75448,MED24,862,S,21,S-21,Phospho (ST),MED24_HUMAN
O75427|21|S|21,O75427,LRCH4,21,S,21,S-21,Phospho (ST),LRCH4_HUMAN
O75427|25|S|21,O75427,LRCH4,25,S,21,S-21,Phospho (ST),LRCH4_HUMAN
O75122|370|S|21,O75122,CLASP2,370,S,21,S-21,Phospho (ST),CLAP2_HUMAN
P53396|455|S|21,P53396,ACLY,455,S,21,S-21,Phospho (ST),ACLY_HUMAN
A6NKT7|782|S|21,A6NKT7,RGPD3,782,S,21,S-21,Phospho (ST),RGPD3_HUMAN
A6NKT7|789|S|21,A6NKT7,RGPD3,789,S,21,S-21,Phospho (ST),RGPD3_HUMAN
A2RUB6|258|S|21,A2RUB6,CCDC66,258,S,21,S-21,Phospho (ST),CCD66_HUMAN
A2RUB6|259|S|21,A2RUB6,CCDC66,259,S,21,S-21,Phospho (ST),CCD66_HUMAN
B2RUZ4|22|S|21,B2RUZ4,SMIM1,22,S,21,S-21,Phospho (ST),SMIM1_HUMAN
O75122|463|S|21,O75122,CLASP2,463,S,21,S-21,Phospho (ST),CLAP2_HUMAN
O75140|496|S|21,O75140,DEPDC5,496,S,21,S-21,Phospho (ST),DEPD5_HUMAN
Q01581|516|S|21,Q01581,HMGCS1,516,S,21,S-21,Phospho (ST),HMCS1_HUMAN
O00161|110|S|21,O00161,SNAP23,110,S,21,S-21,Phospho (ST),SNP23_HUMAN
O00410|827|S|21,O00410,IPO5,827,S,21,S-21,Phospho (ST),IPO5_HUMAN
B5ME19|39|S|21,B5ME19,EIF3CL,39,S,21,S-21,Phospho (ST),EIFCL_HUMAN
O75122|326|S|21,O75122,CLASP2,326,S,21,S-21,Phospho (ST),CLAP2_HUMAN
O00264|57|S|21,O00264,PGRMC1,57,S,21,S-21,Phospho (ST),PGRC1_HUMAN
P57768|108|S|21,P57768,SNX16,108,S,21,S-21,Phospho (ST),SNX16_HUMAN
O75400|888|S|21,O75400,PRPF40A,888,S,21,S-21,Phospho (ST),PR40A_HUMAN
A6NKF1|402|S|21,A6NKF1,SAC3D1,402,S,21,S-21,Phospho (ST),SAC31_HUMAN
Q96GM8|5|S|21,Q96GM8,TOE1,5,S,21,S-21,Phospho (ST),TOE1_HUMAN
O75140|503|S|21,O75140,DEPDC5,503,S,21,S-21,Phospho (ST),DEPD5_HUMAN
