unimod_id,code_name,full_name,avg_mass,mono_mass,composition,residue,classification,misc_notes_x,misc_notes_y
1,Acetyl,Acetylation,42.0367,42.0106,H(2) C(2) O,T,Post-translational,,
1,Acetyl,Acetylation,42.0367,42.0106,H(2) C(2) O,N-term,Post-translational,,
1,Acetyl,Acetylation,42.0367,42.0106,H(2) C(2) O,S,Post-translational,,
1,Acetyl,Acetylation,42.0367,42.0106,H(2) C(2) O,C,Post-translational,,
2,Amide,Amidation,-0.9848,-0.984,H N O(-1),C-term,Post-translational,,
3,Biotin,Biotinylation,226.2954,226.0776,H(14) C(10) N(2) O(2) S,K,Post-translational,,
5,Carbamyl,Carbamylation,43.0247,43.0058,H C N O,N-term,Post-translational,Carbamylation is an irreversible process of non-enzymatic modification of proteins by the breakdown products of urea isocyanic acid reacts with the N-term of a proteine or side chains of lysine and arginine residues,
7,Deamidation,Deamidation,0.9848,0.984,H(-1) N(-1) O,R,Post-translational,,Protein which is post-translationally modified by the de-imination of one or more arginine residues; Peptidylarginine deiminase (PAD) converts protein bound to citrulline
7,Deamidation,Deamidation,0.9848,0.984,H(-1) N(-1) O,F,Post-translational,,
21,Phospho,Phosphorylation,79.9799,79.9663,H O(3) P,E,Post-translational,"Neutral loss of phosphate is typically observed from Y/H/D/E/K/C, rather than the preferential loss of phosphoric acid from S/T.",
21,Phospho,Phosphorylation,79.9799,79.9663,H O(3) P,R,Post-translational,"Neutral loss of phosphate is typically observed from Y/H/D/E/K/C, rather than the preferential loss of phosphoric acid from S/T.",
21,Phospho,Phosphorylation,79.9799,79.9663,H O(3) P,K,Post-translational,"Neutral loss of phosphate is typically observed from Y/H/D/E/K/C, rather than the preferential loss of phosphoric acid from S/T.",
21,Phospho,Phosphorylation,79.9799,79.9663,H O(3) P,H,Post-translational,"Neutral loss of phosphate is typically observed from Y/H/D/E/K/C, rather than the preferential loss of phosphoric acid from S/T.",Rare
21,Phospho,Phosphorylation,79.9799,79.9663,H O(3) P,C,Post-translational,"Neutral loss of phosphate is typically observed from Y/H/D/E/K/C, rather than the preferential loss of phosphoric acid from S/T.",Rare
21,Phospho,Phosphorylation,79.9799,79.9663,H O(3) P,D,Post-translational,"Neutral loss of phosphate is typically observed from Y/H/D/E/K/C, rather than the preferential loss of phosphoric acid from S/T.",Rare
21,Phospho,Phosphorylation,79.9799,79.9663,H O(3) P,Y,Post-translational,"Neutral loss of phosphate is typically observed from Y/H/D/E/K/C, rather than the preferential loss of phosphoric acid from S/T.",
21,Phospho,Phosphorylation,79.9799,79.9663,H O(3) P,T,Post-translational,"Neutral loss of phosphate is typically observed from Y/H/D/E/K/C, rather than the preferential loss of phosphoric acid from S/T.",
21,Phospho,Phosphorylation,79.9799,79.9663,H O(3) P,S,Post-translational,"Neutral loss of phosphate is typically observed from Y/H/D/E/K/C, rather than the preferential loss of phosphoric acid from S/T.",
23,Phospho+PL,Dehydration,-18.0153,-18.0106,H(-2) O(-1),Y,Post-translational,,beta-elimination
23,Phospho+PL,Dehydration,-18.0153,-18.0106,H(-2) O(-1),T,Post-translational,,beta-elimination
23,Phospho+PL,Dehydration,-18.0153,-18.0106,H(-2) O(-1),S,Post-translational,,beta-elimination
23,Phospho+PL,Dehydration,-18.0153,-18.0106,H(-2) O(-1),N,Post-translational,,
23,Phospho+PL,Dehydration,-18.0153,-18.0106,H(-2) O(-1),Q,Post-translational,,
34,Methyl,Methylation,14.0266,14.0157,H(2) C,E,Post-translational,,
34,Methyl,Methylation,14.0266,14.0157,H(2) C,D,Post-translational,,
34,Methyl,Methylation,14.0266,14.0157,H(2) C,N-term,Post-translational,,
34,Methyl,Methylation,14.0266,14.0157,H(2) C,L,Post-translational,,
34,Methyl,Methylation,14.0266,14.0157,H(2) C,I,Post-translational,,
34,Methyl,Methylation,14.0266,14.0157,H(2) C,R,Post-translational,,
34,Methyl,Methylation,14.0266,14.0157,H(2) C,Q,Post-translational,,
34,Methyl,Methylation,14.0266,14.0157,H(2) C,N,Post-translational,,
34,Methyl,Methylation,14.0266,14.0157,H(2) C,K,Post-translational,,
34,Methyl,Methylation,14.0266,14.0157,H(2) C,H,Post-translational,,
34,Methyl,Methylation,14.0266,14.0157,H(2) C,C,Post-translational,,
34,Methyl,Methylation,14.0266,14.0157,H(2) C,S,Post-translational,,
34,Methyl,Methylation,14.0266,14.0157,H(2) C,T,Post-translational,,
35,Hydroxylation,Oxidation or Hydroxylation,15.9994,15.9949,O,C,Post-translational,,sulfenic acid
35,Hydroxylation,Oxidation or Hydroxylation,15.9994,15.9949,O,R,Post-translational,,
35,Hydroxylation,Oxidation or Hydroxylation,15.9994,15.9949,O,Y,Post-translational,,dihydroxyphenylalanine (DOPA)
35,Hydroxylation,Oxidation or Hydroxylation,15.9994,15.9949,O,P,Post-translational,,glutamic semialdehyde
35,Hydroxylation,Oxidation or Hydroxylation,15.9994,15.9949,O,N,Post-translational,,3-hydroxyasparagine
35,Hydroxylation,Oxidation or Hydroxylation,15.9994,15.9949,O,K,Post-translational,,
35,Hydroxylation,Oxidation or Hydroxylation,15.9994,15.9949,O,D,Post-translational,,3-hydroxyaspartic acid
36,di-Methylation,di-Methylation,28.0532,28.0313,H(4) C(2),P,Post-translational,,
36,di-Methylation,di-Methylation,28.0532,28.0313,H(4) C(2),N,Post-translational,,
36,di-Methylation,di-Methylation,28.0532,28.0313,H(4) C(2),R,Post-translational,,
37,tri-Methylation,tri-Methylation,42.0797,42.047,H(6) C(3),A,Post-translational,,
37,tri-Methylation,tri-Methylation,42.0797,42.047,H(6) C(3),K,Post-translational,,
39,b-methylthiol,Beta-methylthiolation,46.0916,45.9877,H(2) C S,N,Post-translational,,
39,b-methylthiol,Beta-methylthiolation,46.0916,45.9877,H(2) C S,D,Post-translational,,
40,Sulfation,O-Sulfonation,80.0632,79.9568,O(3) S,S,Post-translational,,"Because the modification is quantitatively lost on CID, site assigment is not possible when there is a choice of sites"
40,Sulfation,O-Sulfonation,80.0632,79.9568,O(3) S,T,Post-translational,,"Because the modification is quantitatively lost on CID, site assigment is not possible when there is a choice of sites"
40,Sulfation,O-Sulfonation,80.0632,79.9568,O(3) S,Y,Post-translational,,"Because the modification is quantitatively lost on CID, site assigment is not possible when there is a choice of sites"
40,Sulfation,O-Sulfonation,80.0632,79.9568,O(3) S,C,Post-translational,,Sulfitolysis
42,Lipoyl,Lipoyl,188.3103,188.033,H(12) C(8) O S(2),K,Post-translational,This group is normally a substituent on N6 of a lysine residue of an enzyme or other protein,
44,Farnesylation,Farnesylation,204.3511,204.1878,H(24) C(15),C,Post-translational,,
45,Myristoylation,Myristoylation,210.3556,210.1984,H(26) C(14) O,C,Post-translational,,
45,Myristoylation,Myristoylation,210.3556,210.1984,H(26) C(14) O,K,Post-translational,,
45,Myristoylation,Myristoylation,210.3556,210.1984,H(26) C(14) O,G,Post-translational,,
46,Pyridoxal-phos,Pyridoxal phosphate,229.1266,229.014,H(8) C(8) N O(5) P,K,Post-translational,"The co-enzyme derivative of vitamin B6. Forms Schiff\'s bases of substrate amino acids during catalysis of transamination, decarboxylation and racemisation reactions.",
47,Palmitoylation,Palmitoylation,238.4088,238.2297,H(30) C(16) O,T,Post-translational,"Palmitoylation is a post-translational modification that consists in the addition of a 16 carbons fatty acid, palmitate, to a cysteine residue through the creation of a thioester link.",
47,Palmitoylation,Palmitoylation,238.4088,238.2297,H(30) C(16) O,S,Post-translational,"Palmitoylation is a post-translational modification that consists in the addition of a 16 carbons fatty acid, palmitate, to a cysteine residue through the creation of a thioester link.",
47,Palmitoylation,Palmitoylation,238.4088,238.2297,H(30) C(16) O,K,Post-translational,"Palmitoylation is a post-translational modification that consists in the addition of a 16 carbons fatty acid, palmitate, to a cysteine residue through the creation of a thioester link.",
47,Palmitoylation,Palmitoylation,238.4088,238.2297,H(30) C(16) O,C,Post-translational,"Palmitoylation is a post-translational modification that consists in the addition of a 16 carbons fatty acid, palmitate, to a cysteine residue through the creation of a thioester link.",
47,Palmitoylation,Palmitoylation,238.4088,238.2297,H(30) C(16) O,N-term,Post-translational,"Palmitoylation is a post-translational modification that consists in the addition of a 16 carbons fatty acid, palmitate, to a cysteine residue through the creation of a thioester link.",
48,Geranyl-geranyl,Geranyl-geranyl,272.4681,272.2504,H(32) C(20),C,Post-translational,,
49,p-pantetheine,Phosphopantetheine,340.333,340.0858,H(21) C(11) N(2) O(6) P S,S,Post-translational,"Protein which contains at least one phosphopantetheine as the prosthetic group. In acyl carrier proteins (ACP) for example, it serves as a \'swinging arm\' for the attachment of activated fatty acid and amino-acid groups.",
50,FAD,Flavin adenine dinucleotide,783.5339,783.1415,H(31) C(27) N(9) O(15) P(2),Y,Post-translational,,
50,FAD,Flavin adenine dinucleotide,783.5339,783.1415,H(31) C(27) N(9) O(15) P(2),H,Post-translational,,
50,FAD,Flavin adenine dinucleotide,783.5339,783.1415,H(31) C(27) N(9) O(15) P(2),C,Post-translational,,
51,Tripalmitate,N-acyl diglyceride cysteine,789.3049,788.7258,H(96) C(51) O(5),C,Post-translational,,
53,HNE,4-hydroxynonenal (HNE),156.2221,156.115,H(16) C(9) O(2),K,Post-translational,"A lipid-type modification. HNE forms a Michael addition product on Cysteine, Histidine and Lysines. Unusually, it doesn\'t replace a hydrogen on the amino acid side chain.",
53,HNE,4-hydroxynonenal (HNE),156.2221,156.115,H(16) C(9) O(2),H,Post-translational,"A lipid-type modification. HNE forms a Michael addition product on Cysteine, Histidine and Lysines. Unusually, it doesn\'t replace a hydrogen on the amino acid side chain.",
53,HNE,4-hydroxynonenal (HNE),156.2221,156.115,H(16) C(9) O(2),C,Post-translational,"A lipid-type modification. HNE forms a Michael addition product on Cysteine, Histidine and Lysines. Unusually, it doesn\'t replace a hydrogen on the amino acid side chain.",
53,HNE,4-hydroxynonenal (HNE),156.2221,156.115,H(16) C(9) O(2),A,Post-translational,"A lipid-type modification. HNE forms a Michael addition product on Cysteine, Histidine and Lysines. Unusually, it doesn\'t replace a hydrogen on the amino acid side chain.",GFAP from human brain tissues
53,HNE,4-hydroxynonenal (HNE),156.2221,156.115,H(16) C(9) O(2),L,Post-translational,"A lipid-type modification. HNE forms a Michael addition product on Cysteine, Histidine and Lysines. Unusually, it doesn\'t replace a hydrogen on the amino acid side chain.",GFAP from human brain tissues
55,Glutathione,glutathione disulfide,305.3076,305.0682,H(15) C(10) N(3) O(6) S,C,Post-translational,,
64,Suc_anh_light,Succinic anhydride labeling reagent light form (N-term & K),100.0728,100.016,H(4) C(4) O(3),N-term,Post-translational,,
352,Lysaminoadipicsealde,Lysine oxidation to aminoadipic semialdehyde,-1.0311,-1.0316,H(-3) N(-1) O,K,Post-translational,,
121,GlyGly,ubiquitinylation residue,114.1026,114.0429,H(6) C(4) N(2) O(2),N-term,Post-translational,The two glycine residues left on ubiquitinylated lysine after tryptic digestion.,
122,Formyl,Formylation,28.0101,27.9949,C O,N-term,Post-translational,,A protein in which either the N-terminal N-formylmethionine has not been processed by the methionyl-tRNA formyltransferase or which is posttranslationally modified by the attachment of at least one formyl group.
340,bromo,bromination,78.8961,77.9105,H(-1) Br,F,Post-translational,,
340,bromo,bromination,78.8961,77.9105,H(-1) Br,H,Post-translational,,
340,bromo,bromination,78.8961,77.9105,H(-1) Br,W,Post-translational,,
275,SNO,nitrosylation,28.9982,28.9902,H(-1) N O,C,Post-translational,,S-nitrosylation
281,CysCoA,Cysteine modified Coenzyme A,765.5182,765.0996,H(34) C(21) N(7) O(16) P(3) S,C,Post-translational,,
528,Methyl+Deamidated,Deamidation followed by a methylation,15.0113,14.9997,H C N(-1) O,Q,Post-translational,,
529,Delta:H(5)C(2),Dimethylation of proline residue,29.0611,29.0391,H(5) C(2),P,Post-translational,,
299,carboxyl,Carboxylation,44.0095,43.9898,C O(2),E,Post-translational,,Gamma-carboxylation
299,carboxyl,Carboxylation,44.0095,43.9898,C O(2),D,Post-translational,,Gamma-carboxylation
299,carboxyl,Carboxylation,44.0095,43.9898,C O(2),K,Post-translational,,
299,carboxyl,Carboxylation,44.0095,43.9898,C O(2),M,Post-translational,,
2035,Pro+O(2),Photo-induced Proline adduct,129.114,129.0426,H(7) C(5) N O(3),H,Post-translational,,
313,-K,Loss of Lysine,-128.1723,-128.095,H(-12) C(-6) N(-2) O(-1),K,Post-translational,,
375,Diphthamide,Diphthamide,142.1989,142.1106,H(14) C(7) N(2) O,H,Post-translational,,
376,hydroxyfarnesyl,hydroxyfarnesyl,220.3505,220.1827,H(24) C(15) O,C,Post-translational,,
377,diacylglycerol,diacylglycerol,576.9334,576.5118,H(68) C(37) O(4),C,Post-translational,,
378,carboxyethyl,carboxyethyl,72.0627,72.0211,H(4) C(3) O(2),K,Post-translational,,
379,hypusine,hypusine,87.1204,87.0684,H(9) C(4) N O,K,Post-translational,,
380,retinal,retinal,266.4204,266.2035,H(26) C(20),K,Post-translational,,
381,aminoadipic,alpha-amino adipic acid,14.9683,14.9633,H(-3) N(-1) O(2),K,Post-translational,,
382,pyruvicC,pyruvic acid from N-term cys,-33.0961,-33.0037,H(-3) N(-1) O S(-1),C,Post-translational,,
385,N-oxobutanoic,Loss of ammonia,-17.0305,-17.0265,H(-3) N(-1),S,Post-translational,,
385,N-oxobutanoic,Loss of ammonia,-17.0305,-17.0265,H(-3) N(-1),T,Post-translational,,
387,phycocyanobilin,phycocyanobilin,586.678,586.2791,H(38) C(33) N(4) O(6),C,Post-translational,phycocyanobilin and phycobiliviolin have different structures but the same empirical formula,
388,phycoerythrobilin,phycoerythrobilin,588.6939,588.2948,H(40) C(33) N(4) O(6),C,Post-translational,,
389,phytochromobilin,phytochromobilin,584.6621,584.2635,H(36) C(33) N(4) O(6),C,Post-translational,,
390,heme,heme,616.4873,616.1773,H(32) C(34) N(4) O(4) Fe,H,Post-translational,,
390,heme,heme,616.4873,616.1773,H(32) C(34) N(4) O(4) Fe,C,Post-translational,,
391,molybdopterin,molybdopterin,520.2668,521.8841,H(11) C(10) N(5) O(8) P S(2) Mo,C,Post-translational,,
392,quinone,quinone,29.9829,29.9742,H(-2) O(2),W,Post-translational,,
392,quinone,quinone,29.9829,29.9742,H(-2) O(2),Y,Post-translational,,
394,GPI-anchor,glycosylphosphatidylinositol,123.0477,123.0085,H(6) C(2) N O(3) P,C-term,Post-translational,,
395,pRibodePcoA,phosphoribosyl dephospho-coenzyme A,881.6335,881.1469,H(42) C(26) N(7) O(19) P(3) S,S,Post-translational,,
396,glycerylPE,glycerylphosphorylethanolamine,197.1262,197.0453,H(12) C(5) N O(5) P,E,Post-translational,,
397,triiodo,triiodo,469.785,469.7162,H C(6) O I(3),Y,Post-translational,,
398,tetraiodo,tetraiodo,595.6815,595.6128,C(6) O I(4),Y,Post-translational,,
400,DehydroalaY,Dehydroalanine (from Tyrosine),-94.1112,-94.0419,H(-6) C(-6) O(-1),Y,Post-translational,,
401,didehydro,2-amino-3-oxo-butanoic_acid,-2.0159,-2.0156,H(-2),S,Post-translational,,oxoalanine formylglycine
401,didehydro,2-amino-3-oxo-butanoic_acid,-2.0159,-2.0156,H(-2),Y,Post-translational,,
402,oxoalanine,oxoalanine,-18.0815,-17.9928,H(-2) O S(-1),C,Post-translational,,
403,lactic,lactic acid from N-term Ser,-15.0146,-15.0109,H(-1) N(-1),S,Post-translational,,
451,-Glu-Glu-,diglutamyl,258.228,258.0852,H(14) C(10) N(2) O(6),E,Post-translational,,
451,-Glu-Glu-,diglutamyl,258.228,258.0852,H(14) C(10) N(2) O(6),C-term,Post-translational,,
405,p-adenosine,AMP,329.2059,329.0525,H(12) C(10) N(5) O(6) P,S,Post-translational,,
405,p-adenosine,AMP,329.2059,329.0525,H(12) C(10) N(5) O(6) P,H,Post-translational,,
405,p-adenosine,AMP,329.2059,329.0525,H(12) C(10) N(5) O(6) P,T,Post-translational,,
405,p-adenosine,AMP,329.2059,329.0525,H(12) C(10) N(5) O(6) P,Y,Post-translational,,
405,p-adenosine,AMP,329.2059,329.0525,H(12) C(10) N(5) O(6) P,K,Post-translational,,
450,-Glu-,monoglutamyl,129.114,129.0426,H(7) C(5) N O(3),E,Post-translational,,
407,hydroxycinnamyl,hydroxycinnamyl,146.1427,146.0368,H(6) C(9) O(2),C,Post-translational,,
409,FMN,flavin mononucleotide,454.3279,454.089,H(19) C(17) N(4) O(9) P,H,Post-translational,,
409,FMN,flavin mononucleotide,454.3279,454.089,H(19) C(17) N(4) O(9) P,C,Post-translational,,
410,S-archaeol,S-diphytanylglycerol diether,635.1417,634.6628,H(86) C(43) O(2),C,Post-translational,,
413,p-guanosine,phospho-guanosine,345.2053,345.0474,H(12) C(10) N(5) O(7) P,H,Post-translational,,
413,p-guanosine,phospho-guanosine,345.2053,345.0474,H(12) C(10) N(5) O(7) P,K,Post-translational,,
414,hydroxymethyl,hydroxymethyl,30.026,30.0106,H(2) C O,N,Post-translational,,
415,molybdopterin-se,L-selenocysteinyl molybdenum bis(molybdopterin guanine dinucleotide),1618.9096,1620.9302,H(47) C(40) N(20) O(26) P(4) S(3) Se Mo,C,Post-translational,,
416,dipyrrole,dipyrrolylmethanemethyl,418.3973,418.1376,H(22) C(20) N(2) O(8),C,Post-translational,,
417,p-uridine,uridine phosphodiester,306.166,306.0253,H(11) C(9) N(2) O(8) P,H,Post-translational,,
417,p-uridine,uridine phosphodiester,306.166,306.0253,H(11) C(9) N(2) O(8) P,Y,Post-translational,,
419,glycerophospho,glycerophospho,154.0584,154.0031,H(7) C(3) O(5) P,S,Post-translational,,
420,thiocarboxy,thiocarboxylic acid,16.0656,15.9772,O(-1) S,G,Post-translational,,
421,persulfide,persulfide,32.065,31.9721,S,D,Post-translational,,beta-thiolation
421,persulfide,persulfide,32.065,31.9721,S,C,Post-translational,,
422,pyruv-iminyl,N-pyruvic acid 2-iminyl,70.0468,70.0055,H(2) C(3) O(2),K,Post-translational,,
422,pyruv-iminyl,N-pyruvic acid 2-iminyl,70.0468,70.0055,H(2) C(3) O(2),V,Post-translational,,
422,pyruv-iminyl,N-pyruvic acid 2-iminyl,70.0468,70.0055,H(2) C(3) O(2),C,Post-translational,,
423,selenyl,selenyl,78.96,79.9165,Se,C,Post-translational,,
424,molybdopterin-gd,molybdenum bis(molybdopterin guanine dinucleotide),1572.0146,1572.9858,H(47) C(40) N(20) O(26) P(4) S(4) Mo,D,Post-translational,,
424,molybdopterin-gd,molybdenum bis(molybdopterin guanine dinucleotide),1572.0146,1572.9858,H(47) C(40) N(20) O(26) P(4) S(4) Mo,C,Post-translational,,
424,molybdopterin-gd,molybdenum bis(molybdopterin guanine dinucleotide),1572.0146,1572.9858,H(47) C(40) N(20) O(26) P(4) S(4) Mo,U,Post-translational,,
425,dihydroxy,dihydroxy,31.9988,31.9898,O(2),C,Post-translational,,sulfinic acid
425,dihydroxy,dihydroxy,31.9988,31.9898,O(2),Y,Post-translational,,trihydroxyphenylalanine
425,dihydroxy,dihydroxy,31.9988,31.9898,O(2),M,Post-translational,,Sulphone
425,dihydroxy,dihydroxy,31.9988,31.9898,O(2),K,Post-translational,,
425,dihydroxy,dihydroxy,31.9988,31.9898,O(2),R,Post-translational,,
425,dihydroxy,dihydroxy,31.9988,31.9898,O(2),P,Post-translational,,
426,octanoyl,octanoyl,126.1962,126.1045,H(14) C(8) O,T,Post-translational,,
426,octanoyl,octanoyl,126.1962,126.1045,H(14) C(8) O,S,Post-translational,,
426,octanoyl,octanoyl,126.1962,126.1045,H(14) C(8) O,C,Post-translational,,
431,palmitoleyl,palmitoleyl,236.3929,236.214,H(28) C(16) O,C,Post-translational,,
431,palmitoleyl,palmitoleyl,236.3929,236.214,H(28) C(16) O,S,Post-translational,,
432,C-cholesterol,cholesterol ester,368.6383,368.3443,H(44) C(27),C-term,Post-translational,,
433,didehydroretinyl,"3,4-didehydroretinylidene",264.4046,264.1878,H(24) C(20),K,Post-translational,,
434,LTP1-lipid,"cis-14-hydroxy-10,13-dioxo-7-heptadecenoic ester",294.3859,294.1831,H(26) C(17) O(4),D,Post-translational,,
435,me-pyrroline,4-methyl-delta-1-pyrroline-5-carboxyl,109.1259,109.0528,H(7) C(6) N O,K,Post-translational,,
436,hydroxyheme,hydroxyheme,614.4714,614.1616,H(30) C(34) N(4) O(4) Fe,E,Post-translational,,
437,C-Asn-deriv,(3-aminopropyl)(L-aspartyl-1-amino)phosphoryl-5-adenosine,386.3003,386.1104,H(19) C(13) N(6) O(6) P,C-term,Post-translational,,
438,cyano,cyano,25.0095,24.9952,H(-1) C N,C,Post-translational,,
439,Fe-cluster,hydrogenase diiron subcluster,342.876,342.7869,H(-1) C(5) N(2) O(5) S(2) Fe(2),C,Post-translational,,
440,amidino,amidino,42.04,42.0218,H(2) C N(2),C,Post-translational,,
442,FMN2,O3-(riboflavin phosphoryl),438.3285,438.0941,H(19) C(17) N(4) O(8) P,S,Post-translational,,
442,FMN2,O3-(riboflavin phosphoryl),438.3285,438.0941,H(19) C(17) N(4) O(8) P,T,Post-translational,,
443,FMN3,S-(4a-FMN),456.3438,456.1046,H(21) C(17) N(4) O(9) P,C,Post-translational,,
444,CuSMo,copper sulfido molybdopterin cytosine dinuncleotide,922.067,922.8349,H(24) C(19) N(8) O(15) P(2) S(3) Cu Mo,C,Post-translational,,
445,trimethyl-OH,"5-hydroxy-N6,N6,N6-trimethyl",59.0871,59.0497,H(7) C(3) O,K,Post-translational,,
447,semialdehyde,reduction,-15.9994,-15.9949,O(-1),D,Post-translational,,
448,microcin,microcin E492 siderophore ester from serine,831.6871,831.197,H(37) C(36) N(3) O(20),C-term,Post-translational,,
449,decanoyl,lipid,154.2493,154.1358,H(18) C(10) O,T,Post-translational,,
449,decanoyl,lipid,154.2493,154.1358,H(18) C(10) O,S,Post-translational,,
452,-Glu-Glu-Glu-,triglutamyl,387.3419,387.1278,H(21) C(15) N(3) O(9),C-term,Post-translational,,
452,-Glu-Glu-Glu-,triglutamyl,387.3419,387.1278,H(21) C(15) N(3) O(9),E,Post-translational,,
453,-Glu-Glu-Glu-Glu-,tetraglutamyl,516.4559,516.1704,H(28) C(20) N(4) O(12),C-term,Post-translational,,
453,-Glu-Glu-Glu-Glu-,tetraglutamyl,516.4559,516.1704,H(28) C(20) N(4) O(12),E,Post-translational,,
503,LG-lactam-K,Levuglandinyl - lysine lactam adduct,332.4339,332.1988,H(28) C(20) O(4),N-term,Post-translational,,
503,LG-lactam-K,Levuglandinyl - lysine lactam adduct,332.4339,332.1988,H(28) C(20) O(4),K,Post-translational,,
504,LG-Hlactam-K,Levuglandinyl - lysine hydroxylactam adduct,348.4333,348.1937,H(28) C(20) O(5),N-term,Post-translational,,
504,LG-Hlactam-K,Levuglandinyl - lysine hydroxylactam adduct,348.4333,348.1937,H(28) C(20) O(5),K,Post-translational,,
505,LG-lactam-R,Levuglandinyl - arginine lactam adduct,290.3939,290.177,H(26) C(19) N(-2) O(4),R,Post-translational,,
506,LG-Hlactam-R,Levuglandinyl - arginine hydroxylactam adduct,306.3933,306.1719,H(26) C(19) N(-2) O(5),R,Post-translational,,
685,NA-LNO2,Nitroalkylation by Nitro Linoleic Acid,325.443,325.2253,H(31) C(18) N O(4),C,Post-translational,Reversible post-translational modification of proteins by nitrated fatty acids,
685,NA-LNO2,Nitroalkylation by Nitro Linoleic Acid,325.443,325.2253,H(31) C(18) N O(4),H,Post-translational,Reversible post-translational modification of proteins by nitrated fatty acids,
686,NA-OA-NO2,Nitroalkylation by Nitro Oleic Acid,327.4589,327.241,H(33) C(18) N O(4),C,Post-translational,Reversible post-translational modification of proteins by nitrated fatty acids,
686,NA-OA-NO2,Nitroalkylation by Nitro Oleic Acid,327.4589,327.241,H(33) C(18) N O(4),H,Post-translational,Reversible post-translational modification of proteins by nitrated fatty acids,
747,Malonyl,Malonylation,86.0462,86.0004,H(2) C(3) O(3),K,Post-translational,,
822,Gly-loss+Amide,Enzymatic glycine removal leaving an amidated C-terminus,-58.0361,-58.0055,H(-2) C(-2) O(-2),G,Post-translational,,
849,cGMP,S-guanylation,343.1895,343.0318,H(10) C(10) N(5) O(7) P,S,Post-translational,Protein which is posttranslationally modified by the attachment of cGMP on the sulfur atom of Cys or hydroxyl group of Ser residues.,
849,cGMP,S-guanylation,343.1895,343.0318,H(10) C(10) N(5) O(7) P,C,Post-translational,Protein which is posttranslationally modified by the attachment of cGMP on the sulfur atom of Cys or hydroxyl group of Ser residues.,
851,cGMP+RMP-loss,S-guanylation-2,150.1182,150.0416,H(4) C(5) N(5) O,C,Post-translational,"Protein which is posttranslationally modified by the attachment of cGMP that has lost ribose 3\',5\'-cyclic monophosphate moiety on the sulfur atom of Cys or hydroxyl group of Ser.",
851,cGMP+RMP-loss,S-guanylation-2,150.1182,150.0416,H(4) C(5) N(5) O,S,Post-translational,"Protein which is posttranslationally modified by the attachment of cGMP that has lost ribose 3\',5\'-cyclic monophosphate moiety on the sulfur atom of Cys or hydroxyl group of Ser.",
853,Label:2H(4)+GG,Ubiquitination 2H4 lysine,118.1273,118.068,H(2) 2H(4) C(4) N(2) O(2),K,Post-translational,,
898,pyrophospho,pyrophosphorylation of Ser/Thr,159.9598,159.9327,H(2) O(6) P(2),T,Post-translational,,
898,pyrophospho,pyrophosphorylation of Ser/Thr,159.9598,159.9327,H(2) O(6) P(2),S,Post-translational,,
902,DimethylArsino,Reaction with dimethylarsinous (AsIII) acid,103.9827,103.9607,H(5) C(2) As,C,Post-translational,Protein from animals exposed to organoarsenicals,
2039,LTX+Lophotoxin,addition of lophotoxin to tyrosine,416.4212,416.1471,H(24) C(22) O(8),Y,Post-translational,,
946,LG-anhydrolactam,Levuglandinyl-lysine anhydrolactam adduct,314.4186,314.1882,H(26) C(20) O(3),N-term,Post-translational,,
946,LG-anhydrolactam,Levuglandinyl-lysine anhydrolactam adduct,314.4186,314.1882,H(26) C(20) O(3),K,Post-translational,,
947,LG-pyrrole,Levuglandinyl-lysine pyrrole adduct,316.4345,316.2038,H(28) C(20) O(3),C,Post-translational,,15-deoxy-PGJ2 (15d-PGJ2) influences multiple signaling pathways by covalently binding with key signaling molecules
947,LG-pyrrole,Levuglandinyl-lysine pyrrole adduct,316.4345,316.2038,H(28) C(20) O(3),N-term,Post-translational,,
947,LG-pyrrole,Levuglandinyl-lysine pyrrole adduct,316.4345,316.2038,H(28) C(20) O(3),K,Post-translational,,
948,LG-anhyropyrrole,Levuglandinyl-lysine anhyropyrrole adduct,298.4192,298.1933,H(26) C(20) O(2),N-term,Post-translational,,
948,LG-anhyropyrrole,Levuglandinyl-lysine anhyropyrrole adduct,298.4192,298.1933,H(26) C(20) O(2),K,Post-translational,,
1992,serotonylation,5-glutamyl serotonin,159.1846,159.0684,H(9) C(10) N O,Q,Post-translational,,
971,maleimide3,maleimide-3-saccharide,969.8975,969.3662,H(59) C(37) N(7) O(23),K,Post-translational,Created for Bindu Abraham 12/22/09,
971,maleimide3,maleimide-3-saccharide,969.8975,969.3662,H(59) C(37) N(7) O(23),C,Post-translational,Created for Bindu Abraham 12/22/09,
972,maleimide5,maleimide-5-saccharide,1294.1787,1293.4719,H(79) C(49) N(7) O(33),K,Post-translational,Created for Bindu Abraham 12/22/09,
972,maleimide5,maleimide-5-saccharide,1294.1787,1293.4719,H(79) C(49) N(7) O(33),C,Post-translational,Created for Bindu Abraham 12/22/09,
1002,EGCG1,(-)-epigallocatechin-3-gallate,456.3558,456.0693,H(16) C(22) O(11),C,Post-translational,Created for Bindu Abraham 2010-10-05,
1003,EGCG2,(-)-dehydroepigallocatechin,287.2442,287.0556,H(11) C(15) O(6),C,Post-translational,Created for Bindu Abraham 2010-10-05,
1010,DEDGFLYMVYASQETFG,Addition of DEDGFLYMVYASQETFG,1972.088,1970.8244,H(122) C(89) N(18) O(31) S,K,Post-translational,,
1017,DMPO,DMPO spin-trap nitrone adduct,111.1418,111.0684,H(9) C(6) N O,H,Post-translational,Created for Bindu Abraham 2011-01-25,
1017,DMPO,DMPO spin-trap nitrone adduct,111.1418,111.0684,H(9) C(6) N O,Y,Post-translational,Created for Bindu Abraham 2011-01-25,
1017,DMPO,DMPO spin-trap nitrone adduct,111.1418,111.0684,H(9) C(6) N O,C,Post-translational,Created for Bindu Abraham 2011-01-25,
1041,Deoxyhypusine,Deoxyhypusine,71.121,71.0735,H(9) C(4) N,K,Post-translational,Deoxyhypusine synthase catalyzes the formation of a deoxyhypusine by transferring an aminobutyl moiety from spermidine onto a conserved lysine residue within the eIF5A,
1042,Acetyldeoxyhypusine,Acetyldeoxyhypusine,113.1576,113.0841,H(11) C(6) N O,K,Post-translational,Regulation of eIF5A by deoxyhypusine acetylation/deacetylation,
1043,Acetylhypusine,Acetylhypusine,129.157,129.079,H(11) C(6) N O(2),K,Post-translational,Regulation of eIF5A by hypusine acetylation/deacetylation,
1264,pupylation,addition of GGE,243.2166,243.0855,H(13) C(9) N(3) O(5),K,Post-translational,,
1271,HCysteinyl,S-homocysteinylation,133.1689,133.0197,H(7) C(4) N O(2) S,C,Post-translational,,"Homocysteine can take part in disulfide exchange reactions with S-S bonds in proteins, thus forming S-homocysteinylated proteins"
1270,HCysThiolactone,N-Homocysteine thiolactone,117.1695,117.0248,H(7) C(4) N O S,K,Post-translational,,N-Homocysteine thiolactone is an acylating agent and can react with the E amino group of lysine residues
1289,Butyryl,Butyryl,70.0898,70.0419,H(6) C(4) O,K,Post-translational,,
1327,SulfurDioxide,SulfurDioxide,64.0638,63.9619,O(2) S,C,Post-translational,,
1389,HN3_mustard,Modification by hydroxylated tris-(2-chloroethyl)amine (HN-3),131.1729,131.0946,H(13) C(6) N O(2),C,Post-translational,,
1389,HN3_mustard,Modification by hydroxylated tris-(2-chloroethyl)amine (HN-3),131.1729,131.0946,H(13) C(6) N O(2),H,Post-translational,,
1389,HN3_mustard,Modification by hydroxylated tris-(2-chloroethyl)amine (HN-3),131.1729,131.0946,H(13) C(6) N O(2),K,Post-translational,,
1387,3-phosphoglyceryl,3-phosphoglyceryl,168.042,167.9824,H(5) C(3) O(6) P,K,Post-translational,,
1388,HN2_mustard,Modification by hydroxylated mechloroethamine (HN-2),101.1469,101.0841,H(11) C(5) N O,H,Post-translational,,
1388,HN2_mustard,Modification by hydroxylated mechloroethamine (HN-2),101.1469,101.0841,H(11) C(5) N O,K,Post-translational,,
1388,HN2_mustard,Modification by hydroxylated mechloroethamine (HN-2),101.1469,101.0841,H(11) C(5) N O,C,Post-translational,,
1363,Crotonyl,Crotonylation,68.074,68.0262,H(4) C(4) O,K,Post-translational,,
1356,phosphoRibosyl,phosphate-ribosylation,212.0945,212.0086,H(9) C(5) O(7) P,E,Post-translational,,
1356,phosphoRibosyl,phosphate-ribosylation,212.0945,212.0086,H(9) C(5) O(7) P,R,Post-translational,,
1356,phosphoRibosyl,phosphate-ribosylation,212.0945,212.0086,H(9) C(5) O(7) P,D,Post-translational,,
1355,azole,Formation of five membered aromatic heterocycle,-20.0312,-20.0262,H(-4) O(-1),C,Post-translational,,
1355,azole,Formation of five membered aromatic heterocycle,-20.0312,-20.0262,H(-4) O(-1),S,Post-translational,,
1344,Phosphogluconoylation,Phosphogluconoylation,258.1199,258.0141,H(11) C(6) O(9) P,N-term,Post-translational,,
1344,Phosphogluconoylation,Phosphogluconoylation,258.1199,258.0141,H(11) C(6) O(9) P,K,Post-translational,,
1419,15N-oxobutanoic,Loss of ammonia (15N),-18.0239,-18.0236,H(-3) 15N(-1),S,Post-translational,,
1419,15N-oxobutanoic,Loss of ammonia (15N),-18.0239,-18.0236,H(-3) 15N(-1),T,Post-translational,,
1799,NQIGG,SUMOylation by Giardia lamblia,469.4921,469.2285,H(31) C(19) N(7) O(7),K,Post-translational,,
1829,LRGG+dimethyl,LeudimethylArgGlyGly,411.4991,411.2594,H(33) C(18) N(7) O(4),K,Post-translational,LRGG remnant of ubiquitin remaining attached to lysine with missed cleavage due to dimethylation of arginine,
1828,LRGG+methyl,LeumethylArgGlyGly,397.4725,397.2438,H(31) C(17) N(7) O(4),K,Post-translational,LRGG remnant of ubiquitin remaining attached to lysine with missed cleavage due to methylation of arginine,
1843,PhosphoCytidine,Cytidine monophosphate,305.1812,305.0413,H(12) C(9) N(3) O(7) P,Y,Post-translational,By analogy with AMP,
1843,PhosphoCytidine,Cytidine monophosphate,305.1812,305.0413,H(12) C(9) N(3) O(7) P,T,Post-translational,By analogy with AMP,
1843,PhosphoCytidine,Cytidine monophosphate,305.1812,305.0413,H(12) C(9) N(3) O(7) P,S,Post-translational,By analogy with AMP,
1848,Gluratylation,Glutarylation,114.0993,114.0317,H(6) C(5) O(3),K,Post-translational,,
1849,hydroxyisobutyryl,2-hydroxyisobutyrylation,86.0892,86.0368,H(6) C(4) O(2),K,Post-translational,,
1913,glyoxalAGE,glyoxal-derived AGE,22.0055,21.9843,H(-2) C(2),R,Post-translational,,
1920,AFB1_Dialdehyde,adduction of aflatoxin B1 Dialdehyde to lysine,310.2577,310.0477,H(10) C(17) O(6),K,Post-translational,,
1990,CIGG,Ubiquitin D (FAT10) leaving after chymotrypsin digestion Cys-Ile-Gly-Gly,330.4032,330.1362,H(22) C(13) N(4) O(4) S,K,Post-translational,,
1991,GNLLFLACYCIGG,Ubiquitin D (FAT10) leaving after trypsin digestion Gly-Asn-Leu-Leu-Phe-Leu-Ala-Cys-Tyr-Cys-Ile-Gly-Gly,1325.598,1324.6308,H(92) C(61) N(14) O(15) S(2),K,Post-translational,,
2036,Lys+O(2),Photo-induced Lysine adduct,160.1711,160.0848,H(12) C(6) N(2) O(3),H,Post-translational,,
2027,His+O(2),Photo-induced histidine adduct,169.1381,169.0487,H(7) C(6) N(3) O(3),H,Post-translational,,
2037,Glu+O(2),Photo-induced Glutamate adduct,161.1128,161.0324,H(7) C(5) N O(5),H,Post-translational,,
2070,L-Gln,Monomodification with glutamine,128.1292,128.0586,H(8) C(5) N(2) O(2),D,Post-translational,,
2070,L-Gln,Monomodification with glutamine,128.1292,128.0586,H(8) C(5) N(2) O(2),E,Post-translational,,
2072,Glyceroyl,Glyceroylation,88.0621,88.016,H(4) C(3) O(3),N-term,Post-translational,,
2072,Glyceroyl,Glyceroylation,88.0621,88.016,H(4) C(3) O(3),K,Post-translational,,
1,Acetyl,Acetylation,42.0367,42.0106,H(2) C(2) O,N-term,Multiple,,GIST acetyl light
1,Acetyl,Acetylation,42.0367,42.0106,H(2) C(2) O,K,Multiple,,PT and GIST acetyl light
5,Carbamyl,Carbamylation,43.0247,43.0058,H C N O,N-term,Multiple,Carbamylation is an irreversible process of non-enzymatic modification of proteins by the breakdown products of urea isocyanic acid reacts with the N-term of a proteine or side chains of lysine and arginine residues,
5,Carbamyl,Carbamylation,43.0247,43.0058,H C N O,K,Multiple,Carbamylation is an irreversible process of non-enzymatic modification of proteins by the breakdown products of urea isocyanic acid reacts with the N-term of a proteine or side chains of lysine and arginine residues,
34,Methyl,Methylation,14.0266,14.0157,H(2) C,C-term,Multiple,,
35,Hydroxylation,Oxidation or Hydroxylation,15.9994,15.9949,O,U,Multiple,,
36,di-Methylation,di-Methylation,28.0532,28.0313,H(4) C(2),K,Multiple,,
39,b-methylthiol,Beta-methylthiolation,46.0916,45.9877,H(2) C S,C,Multiple,,
58,Propionyl_light,Propionate labeling reagent light form (N-term & K),56.0633,56.0262,H(4) C(3) O,N-term,Multiple,,
280,Ethyl,Ethylation,28.0532,28.0313,H(4) C(2),N-term,Multiple,,
280,Ethyl,Ethylation,28.0532,28.0313,H(4) C(2),K,Multiple,,
312,Cysteinyl,Cysteinylation,119.1423,119.0041,H(5) C(3) N O(2) S,C,Multiple,,
374,Cystine,Half of a disulfide bridge,-1.0079,-1.0078,H(-1),C,Multiple,,
425,dihydroxy,dihydroxy,31.9988,31.9898,O(2),U,Multiple,,
830,Dihydroxyimidazolidine,Dihydroxy methylglyoxal adduct,72.0627,72.0211,H(4) C(3) O(2),R,Multiple,,
885,Label:13C(1)2H(3)+Oxidation,Oxidised methionine 13C(1)2H(3) SILAC label,20.0105,20.0171,H(-3) 2H(3) C(-1) 13C O,M,Multiple,,
949,3-deoxyglucosone,Condensation product of 3-deoxyglucosone,144.1253,144.0423,H(8) C(6) O(4),R,Multiple,,
959,Phosphopropargyl,phospho-propargylamine,117.0431,116.998,H(4) C(3) N O(2) P,T,Multiple,,
959,Phosphopropargyl,phospho-propargylamine,117.0431,116.998,H(4) C(3) N O(2) P,Y,Multiple,,
959,Phosphopropargyl,phospho-propargylamine,117.0431,116.998,H(4) C(3) N O(2) P,S,Multiple,,
1249,AHA-SS,Azidohomoalanine coupled to reductively cleaved tag,195.1787,195.0756,H(9) C(7) N(5) O(2),M,Multiple,,
1250,AHA-SS_CAM,carbamidomethylated form of reductively cleaved tag coupled to azidohomoalanine,252.23,252.0971,H(12) C(9) N(6) O(3),M,Multiple,,
1,Acetyl,Acetylation,42.0367,42.0106,H(2) C(2) O,Y,Chemical derivative,,O-acetyl
1,Acetyl,Acetylation,42.0367,42.0106,H(2) C(2) O,H,Chemical derivative,,
3,Biotin,Biotinylation,226.2954,226.0776,H(14) C(10) N(2) O(2) S,N-term,Chemical derivative,,
4,Carbamidomethyl,Iodoacetamide derivative,57.0513,57.0215,H(3) C(2) N O,C,Chemical derivative,,
4,Carbamidomethyl,Iodoacetamide derivative,57.0513,57.0215,H(3) C(2) N O,U,Chemical derivative,,
4,Carbamidomethyl,Iodoacetamide derivative,57.0513,57.0215,H(3) C(2) N O,M,Chemical derivative,,
5,Carbamyl,Carbamylation,43.0247,43.0058,H C N O,Y,Chemical derivative,Carbamylation is an irreversible process of non-enzymatic modification of proteins by the breakdown products of urea isocyanic acid reacts with the N-term of a proteine or side chains of lysine and arginine residues,
5,Carbamyl,Carbamylation,43.0247,43.0058,H C N O,T,Chemical derivative,Carbamylation is an irreversible process of non-enzymatic modification of proteins by the breakdown products of urea isocyanic acid reacts with the N-term of a proteine or side chains of lysine and arginine residues,
5,Carbamyl,Carbamylation,43.0247,43.0058,H C N O,S,Chemical derivative,Carbamylation is an irreversible process of non-enzymatic modification of proteins by the breakdown products of urea isocyanic acid reacts with the N-term of a proteine or side chains of lysine and arginine residues,
6,Carboxymethyl,Iodoacetic acid derivative,58.0361,58.0055,H(2) C(2) O(2),C,Chemical derivative,,
6,Carboxymethyl,Iodoacetic acid derivative,58.0361,58.0055,H(2) C(2) O(2),W,Chemical derivative,,Hydroxylethanone
6,Carboxymethyl,Iodoacetic acid derivative,58.0361,58.0055,H(2) C(2) O(2),U,Chemical derivative,,
10,HSe,Homoserine,-30.0922,-29.9928,H(-2) C(-1) O S(-1),M,Chemical derivative,"Cyanogen bromide (CNBr) cleavage converts the C-term Met to either homoserine or homoserine lactone, depending on pH.",
11,Hse_lact,Homoserine lactone,-48.1075,-48.0034,H(-4) C(-1) S(-1),M,Chemical derivative,"Cyanogen bromide (CNBr) cleavage converts the C-term Met to either homoserine or homoserine lactone, depending on pH.",
17,NIPCAM,N-isopropylcarboxamidomethyl,99.1311,99.0684,H(9) C(5) N O,C,Chemical derivative,,
20,PEO-Biotin,"Biotinyl-iodoacetamidyl-3,6-dioxaoctanediamine",414.5196,414.1937,H(30) C(18) N(4) O(5) S,C,Chemical derivative,,
2007,Methamidophos-S,S-methyl amino phosphinate,109.0873,108.9751,H(4) C N O P S,Y,Chemical derivative,,
2007,Methamidophos-S,S-methyl amino phosphinate,109.0873,108.9751,H(4) C N O P S,T,Chemical derivative,,
2007,Methamidophos-S,S-methyl amino phosphinate,109.0873,108.9751,H(4) C N O P S,S,Chemical derivative,,
2007,Methamidophos-S,S-methyl amino phosphinate,109.0873,108.9751,H(4) C N O P S,K,Chemical derivative,,
2007,Methamidophos-S,S-methyl amino phosphinate,109.0873,108.9751,H(4) C N O P S,H,Chemical derivative,,
2007,Methamidophos-S,S-methyl amino phosphinate,109.0873,108.9751,H(4) C N O P S,C,Chemical derivative,,
23,Phospho+PL,Dehydration,-18.0153,-18.0106,H(-2) O(-1),D,Chemical derivative,,
24,Propionamide,Acrylamide adduct,71.0779,71.0371,H(5) C(3) N O,K,Chemical derivative,,
24,Propionamide,Acrylamide adduct,71.0779,71.0371,H(5) C(3) N O,N-term,Chemical derivative,,
25,pyridylacetyl,pyridylacetyl,119.1207,119.0371,H(5) C(7) N O,N-term,Chemical derivative,,
25,pyridylacetyl,pyridylacetyl,119.1207,119.0371,H(5) C(7) N O,K,Chemical derivative,,
29,SMA,N-Succinimidyl-2-morpholine acetate,127.1412,127.0633,H(9) C(6) N O(2),N-term,Chemical derivative,,
29,SMA,N-Succinimidyl-2-morpholine acetate,127.1412,127.0633,H(9) C(6) N O(2),K,Chemical derivative,,
31,S-pyridylethyl,S-pyridylethylation,105.1372,105.0578,H(7) C(7) N,C,Chemical derivative,,
34,Methyl,Methylation,14.0266,14.0157,H(2) C,N-term,Chemical derivative,,
35,Hydroxylation,Oxidation or Hydroxylation,15.9994,15.9949,O,T,Chemical derivative,,
35,Hydroxylation,Oxidation or Hydroxylation,15.9994,15.9949,O,E,Chemical derivative,,hydroxyglutamic acid
35,Hydroxylation,Oxidation or Hydroxylation,15.9994,15.9949,O,S,Chemical derivative,,
35,Hydroxylation,Oxidation or Hydroxylation,15.9994,15.9949,O,Q,Chemical derivative,,
35,Hydroxylation,Oxidation or Hydroxylation,15.9994,15.9949,O,L,Chemical derivative,,
35,Hydroxylation,Oxidation or Hydroxylation,15.9994,15.9949,O,I,Chemical derivative,,
35,Hydroxylation,Oxidation or Hydroxylation,15.9994,15.9949,O,V,Chemical derivative,,
37,tri-Methylation,tri-Methylation,42.0797,42.047,H(6) C(3),R,Chemical derivative,,
52,Guanidination,Guanidination,42.04,42.0218,H(2) C N(2),K,Chemical derivative,Specific for sidechain of lysine. Does not modify the N-termini except for glycine at a slower rate than the side chain of lysine.,
52,Guanidination,Guanidination,42.04,42.0218,H(2) C N(2),N-term,Chemical derivative,Specific for sidechain of lysine. Does not modify the N-termini except for glycine at a slower rate than the side chain of lysine.,
58,Propionyl_light,Propionate labeling reagent light form (N-term & K),56.0633,56.0262,H(4) C(3) O,S,Chemical derivative,,
357,probiotinhydrazide,oxidized proline biotinylated with biotin hydrazide,258.3405,258.115,H(18) C(10) N(4) O(2) S,P,Chemical derivative,,
359,Pyroglutamic,proline oxidation to pyroglutamic acid,13.9835,13.9793,H(-2) O,P,Chemical derivative,,
350,hydroxykynurenin,tryptophan oxidation to hydroxykynurenin,19.9881,19.9898,C(-1) O(2),W,Chemical derivative,,
368,DehydroalaC,Dehydroalanine (from Cysteine),-34.0809,-33.9877,H(-2) S(-1),C,Chemical derivative,,
344,Argglutamicsealde,Arginine oxidation to glutamic semialdehyde,-43.0711,-43.0534,H(-5) C(-1) N(-3) O,R,Chemical derivative,,
345,Cysteic_acid,cysteine oxidation to cysteic acid,47.9982,47.9847,O(3),Y,Chemical derivative,,
345,Cysteic_acid,cysteine oxidation to cysteic acid,47.9982,47.9847,O(3),W,Chemical derivative,,
345,Cysteic_acid,cysteine oxidation to cysteic acid,47.9982,47.9847,O(3),C,Chemical derivative,,
89,Im_biotin,Iminobiotinylation,225.3106,225.0936,H(15) C(10) N(3) O S,N-term,Chemical derivative,,
89,Im_biotin,Iminobiotinylation,225.3106,225.0936,H(15) C(10) N(3) O S,K,Chemical derivative,,
92,Biot_LC,NHS-LC-Biotin,339.453,339.1617,H(25) C(16) N(3) O(3) S,N-term,Chemical derivative,,
92,Biot_LC,NHS-LC-Biotin,339.453,339.1617,H(25) C(16) N(3) O(3) S,K,Chemical derivative,,
93,EDT-m-biotin,EDT-maleimide-PEO-biotin,601.8021,601.2062,H(39) C(25) N(5) O(6) S(3),T,Chemical derivative,,
93,EDT-m-biotin,EDT-maleimide-PEO-biotin,601.8021,601.2062,H(39) C(25) N(5) O(6) S(3),S,Chemical derivative,,
353,Lysbiotinhydrazide,oxidized Lysine biotinylated with biotin hydrazide,241.31,241.0885,H(15) C(10) N(3) O(2) S,K,Chemical derivative,,
354,Nitro,Oxidation to nitro,44.9976,44.9851,H(-1) N O(2),Y,Chemical derivative,,
354,Nitro,Oxidation to nitro,44.9976,44.9851,H(-1) N O(2),W,Chemical derivative,,
351,kynurenin,tryptophan oxidation to kynurenin,3.9887,3.9949,C(-1) O,W,Chemical derivative,,
108,NEM,N-ethylmaleimide on cysteines,125.1253,125.0477,H(7) C(6) N O(2),C,Chemical derivative,,
112,OxLysBiotinRed,"Oxidized lysine biotinylated with biotin-LC-hydrazide, reduced",354.4676,354.1726,H(26) C(16) N(4) O(3) S,K,Chemical derivative,,
119,IBTP,Thio Ether Formation - BTP Adduct,316.3759,316.1381,H(21) C(22) P,C,Chemical derivative,,
113,OxLysBiotin,Oxidized lysine biotinylated with biotin-LC-hydrazide,352.4518,352.1569,H(24) C(16) N(4) O(3) S,K,Chemical derivative,,
114,OxProBiotinRed,"Oxidized proline biotinylated with biotin-LC-hydrazide, reduced",371.4982,371.1991,H(29) C(16) N(5) O(3) S,P,Chemical derivative,,
115,OxProBiotin,Oxidized Proline biotinylated with biotin-LC-hydrazide,369.4823,369.1835,H(27) C(16) N(5) O(3) S,P,Chemical derivative,,
116,OxArgBiotin,Oxidized arginine biotinylated with biotin-LC-hydrazide,310.4118,310.1351,H(22) C(15) N(2) O(3) S,R,Chemical derivative,,
117,OxArgBiotinRed,"Oxidized arginine biotinylated with biotin-LC-hydrazide, reduced",312.4277,312.1508,H(24) C(15) N(2) O(3) S,R,Chemical derivative,,
118,EDT-i-biotin,EDT-iodo-PEO-biotin,490.7034,490.1742,H(34) C(20) N(4) O(4) S(3),T,Chemical derivative,,
118,EDT-i-biotin,EDT-iodo-PEO-biotin,490.7034,490.1742,H(34) C(20) N(4) O(4) S(3),S,Chemical derivative,,
126,DSP,Cleaved and reduced DSP/DTSSP crosslinker,88.1283,87.9983,H(4) C(3) O S,N-term,Chemical derivative,"Can also be the product of reaction with EZ-Link Sulfo-NHS-SS-Biotin (Sulfosuccinimidyl 2-(biotinamido)-ethyl-1, 3-dithiopropionate) followed by reduction with DTT",
126,DSP,Cleaved and reduced DSP/DTSSP crosslinker,88.1283,87.9983,H(4) C(3) O S,K,Chemical derivative,"Can also be the product of reaction with EZ-Link Sulfo-NHS-SS-Biotin (Sulfosuccinimidyl 2-(biotinamido)-ethyl-1, 3-dithiopropionate) followed by reduction with DTT",
1897,Xlink:EGS[226],Intact EGS cross-linker,226.1828,226.0477,H(10) C(10) O(6),K,Chemical derivative,,
1897,Xlink:EGS[226],Intact EGS cross-linker,226.1828,226.0477,H(10) C(10) O(6),N-term,Chemical derivative,,
127,Fphe,fluorination,17.9905,17.9906,H(-1) F,A,Chemical derivative,,
128,Fluorescein,"5-Iodoacetamidofluorescein (Molecular Probe, Eugene, OR)",387.3417,387.0743,H(13) C(22) N O(6),C,Chemical derivative,,
129,Iodination,Iodination,125.8965,125.8966,H(-1) I,H,Chemical derivative,,
129,Iodination,Iodination,125.8965,125.8966,H(-1) I,Y,Chemical derivative,,
130,di-Iodination,di-Iodination,251.7931,251.7933,H(-2) I(2),Y,Chemical derivative,,
130,di-Iodination,di-Iodination,251.7931,251.7933,H(-2) I(2),H,Chemical derivative,,
131,tri-Iodination,tri-Iodination,377.6896,377.6899,H(-3) I(3),Y,Chemical derivative,,
360,Pyrrolidinone,Proline oxidation to pyrrolidinone,-30.026,-30.0106,H(-2) C(-1) O(-1),P,Chemical derivative,,
139,dansyl,5-dimethylaminonaphthalene-1-sulfonyl,233.2862,233.051,H(11) C(12) N O(2) S,N-term,Chemical derivative,,
139,dansyl,5-dimethylaminonaphthalene-1-sulfonyl,233.2862,233.051,H(11) C(12) N O(2) S,K,Chemical derivative,,
141,amidine,amidination of lysines or N-terminal amines with methyl acetimidate,41.0519,41.0265,H(3) C(2) N,N-term,Chemical derivative,,
141,amidine,amidination of lysines or N-terminal amines with methyl acetimidate,41.0519,41.0265,H(3) C(2) N,K,Chemical derivative,,
171,NBS-13C,Shimadzu NBS-13C,159.1144,159.0086,H(3) 13C(6) N O(2) S,W,Chemical derivative,,
172,NBS-12C,Shimadzu NBS-12C,153.1585,152.9884,H(3) C(6) N O(2) S,W,Chemical derivative,,
195,QAT,APTA-d0,171.26,171.1497,H(19) C(9) N(2) O,C,Chemical derivative,,
327,S-Eth,S-Ethylcystine from Serine,44.1188,44.0085,H(4) C(2) O(-1) S,S,Chemical derivative,Phosphoserine to S-ethylcystine\r\nvia Beta elimination/Michael addition of ethylthiol,
178,ser_thr_DAET,phosphorylation to amine thiol,87.1866,87.0507,H(9) C(4) N O(-1) S,T,Chemical derivative,DAET = 2-(dimethylamino)ethanethiol; The phosphorylation to amine is the beta elimination of phosphate and Michael addition of 2-(dimethylamino)ethanethiol to the site.,
178,ser_thr_DAET,phosphorylation to amine thiol,87.1866,87.0507,H(9) C(4) N O(-1) S,S,Chemical derivative,DAET = 2-(dimethylamino)ethanethiol; The phosphorylation to amine is the beta elimination of phosphate and Michael addition of 2-(dimethylamino)ethanethiol to the site.,
369,OxPro,Pyrrolidone from Proline,-28.0101,-27.9949,C(-1) O(-1),P,Chemical derivative,,
186,Arg1HPG,Hydroxyphenylglyoxal arginine,132.1162,132.0211,H(4) C(8) O(2),R,Chemical derivative,,
187,Arg2HPG,bis(hydroxphenylglyoxal) arginine,282.2476,282.0528,H(10) C(16) O(5),R,Chemical derivative,OH-PGO and PGO react with arginine at a stoichiometry of 2:1,
194,AccQTag,6-aminoquinolyl-N-hydroxysuccinimidyl carbamate,170.1674,170.048,H(6) C(10) N(2) O,N-term,Chemical derivative,,
194,AccQTag,6-aminoquinolyl-N-hydroxysuccinimidyl carbamate,170.1674,170.048,H(6) C(10) N(2) O,K,Chemical derivative,,
197,EQAT,EAPTA d0,184.2786,184.1576,H(20) C(10) N(2) O,C,Chemical derivative,,
200,EDT,EDT,76.1838,75.9805,H(4) C(2) O(-1) S(2),T,Chemical derivative,,
200,EDT,EDT,76.1838,75.9805,H(4) C(2) O(-1) S(2),S,Chemical derivative,,
342,aminotyrosine,Tyrosine oxidation to 2-aminotyrosine,15.0146,15.0109,H N,Y,Chemical derivative,,
343,Argbiotinhydrazide,oxidized Arginine biotinylated with biotin hydrazide,199.27,199.0667,H(13) C(9) N O(2) S,R,Chemical derivative,,
261,SPITC,4-sulfophenyl isothiocyanate,215.2495,214.9711,H(5) C(7) N O(3) S(2),K,Chemical derivative,,
261,SPITC,4-sulfophenyl isothiocyanate,215.2495,214.9711,H(5) C(7) N O(3) S(2),N-term,Chemical derivative,,
270,cytopiloyne,nucleophilic addtion to cytopiloyne,362.3738,362.1366,H(22) C(19) O(7),Y,Chemical derivative,Cytopiloyne is a polyacetylenic glucoside isolated form Bidens pilosa which can modulate T helper cell differentiation. Biotinylated cytopiloyne might be use to identify its receptor in T cell.,
270,cytopiloyne,nucleophilic addtion to cytopiloyne,362.3738,362.1366,H(22) C(19) O(7),S,Chemical derivative,Cytopiloyne is a polyacetylenic glucoside isolated form Bidens pilosa which can modulate T helper cell differentiation. Biotinylated cytopiloyne might be use to identify its receptor in T cell.,
270,cytopiloyne,nucleophilic addtion to cytopiloyne,362.3738,362.1366,H(22) C(19) O(7),R,Chemical derivative,Cytopiloyne is a polyacetylenic glucoside isolated form Bidens pilosa which can modulate T helper cell differentiation. Biotinylated cytopiloyne might be use to identify its receptor in T cell.,
270,cytopiloyne,nucleophilic addtion to cytopiloyne,362.3738,362.1366,H(22) C(19) O(7),P,Chemical derivative,Cytopiloyne is a polyacetylenic glucoside isolated form Bidens pilosa which can modulate T helper cell differentiation. Biotinylated cytopiloyne might be use to identify its receptor in T cell.,
270,cytopiloyne,nucleophilic addtion to cytopiloyne,362.3738,362.1366,H(22) C(19) O(7),N-term,Chemical derivative,Cytopiloyne is a polyacetylenic glucoside isolated form Bidens pilosa which can modulate T helper cell differentiation. Biotinylated cytopiloyne might be use to identify its receptor in T cell.,
270,cytopiloyne,nucleophilic addtion to cytopiloyne,362.3738,362.1366,H(22) C(19) O(7),K,Chemical derivative,Cytopiloyne is a polyacetylenic glucoside isolated form Bidens pilosa which can modulate T helper cell differentiation. Biotinylated cytopiloyne might be use to identify its receptor in T cell.,
270,cytopiloyne,nucleophilic addtion to cytopiloyne,362.3738,362.1366,H(22) C(19) O(7),C,Chemical derivative,Cytopiloyne is a polyacetylenic glucoside isolated form Bidens pilosa which can modulate T helper cell differentiation. Biotinylated cytopiloyne might be use to identify its receptor in T cell.,
271,cytopiloyne+H2O,nucleophilic addition to cytopiloyne+H2O,380.3891,380.1471,H(24) C(19) O(8),Y,Chemical derivative,Cytopiloyne is a polyacetylenic glucoside isolated form Bidens pilosa which can modulated T helper cell differentiation. Biotinylated cytopiloyne might be use to identify its receptor in T cell.,
271,cytopiloyne+H2O,nucleophilic addition to cytopiloyne+H2O,380.3891,380.1471,H(24) C(19) O(8),T,Chemical derivative,Cytopiloyne is a polyacetylenic glucoside isolated form Bidens pilosa which can modulated T helper cell differentiation. Biotinylated cytopiloyne might be use to identify its receptor in T cell.,
271,cytopiloyne+H2O,nucleophilic addition to cytopiloyne+H2O,380.3891,380.1471,H(24) C(19) O(8),S,Chemical derivative,Cytopiloyne is a polyacetylenic glucoside isolated form Bidens pilosa which can modulated T helper cell differentiation. Biotinylated cytopiloyne might be use to identify its receptor in T cell.,
271,cytopiloyne+H2O,nucleophilic addition to cytopiloyne+H2O,380.3891,380.1471,H(24) C(19) O(8),R,Chemical derivative,Cytopiloyne is a polyacetylenic glucoside isolated form Bidens pilosa which can modulated T helper cell differentiation. Biotinylated cytopiloyne might be use to identify its receptor in T cell.,
271,cytopiloyne+H2O,nucleophilic addition to cytopiloyne+H2O,380.3891,380.1471,H(24) C(19) O(8),N-term,Chemical derivative,Cytopiloyne is a polyacetylenic glucoside isolated form Bidens pilosa which can modulated T helper cell differentiation. Biotinylated cytopiloyne might be use to identify its receptor in T cell.,
271,cytopiloyne+H2O,nucleophilic addition to cytopiloyne+H2O,380.3891,380.1471,H(24) C(19) O(8),K,Chemical derivative,Cytopiloyne is a polyacetylenic glucoside isolated form Bidens pilosa which can modulated T helper cell differentiation. Biotinylated cytopiloyne might be use to identify its receptor in T cell.,
271,cytopiloyne+H2O,nucleophilic addition to cytopiloyne+H2O,380.3891,380.1471,H(24) C(19) O(8),C,Chemical derivative,Cytopiloyne is a polyacetylenic glucoside isolated form Bidens pilosa which can modulated T helper cell differentiation. Biotinylated cytopiloyne might be use to identify its receptor in T cell.,
264,PET,phosphorylation to pyridyl thiol,121.2028,121.035,H(7) C(7) N O(-1) S,T,Chemical derivative,"PET = 2-[4-pyridyl]ethanethiol. This modification is a chemical derivative, based on a alkaline catalysed beta-elimination of phosphoserines and phosphothreonines and subsequent 1,4-addition of 2-[4-pyridine]ethanethiol. These modified serines and threonines produce in MS/MS a characteristic fragment which can be used for precursor-ion-scan experiments.",
264,PET,phosphorylation to pyridyl thiol,121.2028,121.035,H(7) C(7) N O(-1) S,S,Chemical derivative,"PET = 2-[4-pyridyl]ethanethiol. This modification is a chemical derivative, based on a alkaline catalysed beta-elimination of phosphoserines and phosphothreonines and subsequent 1,4-addition of 2-[4-pyridine]ethanethiol. These modified serines and threonines produce in MS/MS a characteristic fragment which can be used for precursor-ion-scan experiments.",
272,CAF,sulfonation of N-terminus,136.1265,135.983,H(4) C(3) O(4) S,N-term,Chemical derivative,N-terminal sulfonation of diglycine to detect ubiquitination sites,
1905,Xlink:BS2G[96],Intact BS2-G crosslinker,96.0841,96.0211,H(4) C(5) O(2),N-term,Chemical derivative,,
1905,Xlink:BS2G[96],Intact BS2-G crosslinker,96.0841,96.0211,H(4) C(5) O(2),K,Chemical derivative,,
275,SNO,nitrosylation,28.9982,28.9902,H(-1) N O,Y,Chemical derivative,,photochemical decomposition
278,EtOH,Ethanolation,44.0526,44.0262,H(4) C(2) O,K,Chemical derivative,,reduced form of oxidation product
278,EtOH,Ethanolation,44.0526,44.0262,H(4) C(2) O,C,Chemical derivative,,from reaction of SH group with iodoethanol
278,EtOH,Ethanolation,44.0526,44.0262,H(4) C(2) O,R,Chemical derivative,,reduced form of oxidation product
371,HMVK86,Michael addition of hydroxymethylvinyl ketone to cysteine,86.0892,86.0368,H(6) C(4) O(2),C,Chemical derivative,,
280,Ethyl,Ethylation,28.0532,28.0313,H(4) C(2),C-term,Chemical derivative,,
280,Ethyl,Ethylation,28.0532,28.0313,H(4) C(2),N-term,Chemical derivative,,
280,Ethyl,Ethylation,28.0532,28.0313,H(4) C(2),D,Chemical derivative,,
528,Methyl+Deamidated,Deamidation followed by a methylation,15.0113,14.9997,H C N(-1) O,N,Chemical derivative,,
286,SA_heavy,Heavy Sulfanilic Acid (SA) C13,161.1303,161.0242,H(5) 13C(6) N O(2) S,E,Chemical derivative,,
286,SA_heavy,Heavy Sulfanilic Acid (SA) C13,161.1303,161.0242,H(5) 13C(6) N O(2) S,D,Chemical derivative,,
286,SA_heavy,Heavy Sulfanilic Acid (SA) C13,161.1303,161.0242,H(5) 13C(6) N O(2) S,C-term,Chemical derivative,,
289,BiotinPEO-amine,Biotin polyethyleneoxide amine,356.4835,356.1882,H(28) C(16) N(4) O(3) S,D,Chemical derivative,EDC crosslinker is used to couple biotin PEO-amine to carboxyl groups or 5\' phosphate groups,"EDC-coupled modification of D, E and C-terminus"
289,BiotinPEO-amine,Biotin polyethyleneoxide amine,356.4835,356.1882,H(28) C(16) N(4) O(3) S,C-term,Chemical derivative,EDC crosslinker is used to couple biotin PEO-amine to carboxyl groups or 5\' phosphate groups,"EDC-coupled modification of D, E and C-terminus"
289,BiotinPEO-amine,Biotin polyethyleneoxide amine,356.4835,356.1882,H(28) C(16) N(4) O(3) S,E,Chemical derivative,EDC crosslinker is used to couple biotin PEO-amine to carboxyl groups or 5\' phosphate groups,"EDC-coupled modification of D, E and C-terminus"
288,oxolactone,Tryptophan oxidation to oxolactone,13.9835,13.9793,H(-2) O,W,Chemical derivative,The cleavage of a peptide bond between Try-Xxx with oxidation of tryptophan to the oxolactone occurs in the presence of BNPS-skatole. This is a useful method for the chemical cleavage of proteins specifically at tryptophan residues.,
290,Biotin:Thermo-21341,Pierce EZ-Link Biotin-HPDP,428.6124,428.1916,H(32) C(19) N(4) O(3) S(2),C,Chemical derivative,,
291,Hg,Mercury Mercaptan,200.59,201.9706,Hg,C,Chemical derivative,,
292,IodoU-AMP,(Iodo)-uracil MP,322.1654,322.0202,H(11) C(9) N(2) O(9) P,Y,Chemical derivative,One note about this chemistry is that for W you have to take care of O2 big time (and extract the I-uracil monophosphate with organics to get rid of residual iodide).,Used in base/residue interactions (in principle?)
292,IodoU-AMP,(Iodo)-uracil MP,322.1654,322.0202,H(11) C(9) N(2) O(9) P,W,Chemical derivative,One note about this chemistry is that for W you have to take care of O2 big time (and extract the I-uracil monophosphate with organics to get rid of residual iodide).,Used in base/residue interactions (observed)
292,IodoU-AMP,(Iodo)-uracil MP,322.1654,322.0202,H(11) C(9) N(2) O(9) P,F,Chemical derivative,One note about this chemistry is that for W you have to take care of O2 big time (and extract the I-uracil monophosphate with organics to get rid of residual iodide).,Used in base/residue interactions (in principle?)
293,CAMthiopropanoyl,3-(carbamidomethylthio)propanoyl,145.1796,145.0197,H(7) C(5) N O(2) S,N-term,Chemical derivative,,
293,CAMthiopropanoyl,3-(carbamidomethylthio)propanoyl,145.1796,145.0197,H(7) C(5) N O(2) S,K,Chemical derivative,,
294,ied-biotin,biotinoyl-iodoacetyl-ethylenediamine,326.4145,326.1413,H(22) C(14) N(4) O(3) S,C,Chemical derivative,,
299,carboxyl,Carboxylation,44.0095,43.9898,C O(2),W,Chemical derivative,,
301,Bromobimane,Monobromobimane derivative,190.1986,190.0742,H(10) C(10) N(2) O(2),C,Chemical derivative,,
302,Menadione-Q,Menadione quinone derivative,170.1641,170.0368,H(6) C(11) O(2),K,Chemical derivative,,
302,Menadione-Q,Menadione quinone derivative,170.1641,170.0368,H(6) C(11) O(2),C,Chemical derivative,,
303,DeStreak,Cysteine mercaptoethanol,76.1176,75.9983,H(4) C(2) O S,C,Chemical derivative,,
314,NMM,Nmethylmaleimide,111.0987,111.032,H(5) C(5) N O(2),K,Chemical derivative,,
314,NMM,Nmethylmaleimide,111.0987,111.032,H(5) C(5) N O(2),C,Chemical derivative,,
494,CyDye-Cy3,Cy3 CyDye DIGE Fluor saturation dye,672.8335,672.2982,H(44) C(37) N(4) O(6) S,C,Chemical derivative,,
316,pyrrole,"2,5-dimethypyrrole",78.1118,78.0469,H(6) C(6),K,Chemical derivative,,
318,MDA62,MDA adduct +62,62.0694,62.0157,H(2) C(5),K,Chemical derivative,usually major adduct formed from malondialdehyde (MDA) with the amino group of lysine residues,
319,MDA54,MDA adduct +54,54.0474,54.0106,H(2) C(3) O,K,Chemical derivative,,Malondialdehyde (MDA) adduct
319,MDA54,MDA adduct +54,54.0474,54.0106,H(2) C(3) O,R,Chemical derivative,,"5-hydro-5-methylimidazol-4-one, Methylglyoxal adduct"
320,NEMhyd,Nethylmaleimidehydrolysis,143.1406,143.0582,H(9) C(6) N O(3),K,Chemical derivative,,
320,NEMhyd,Nethylmaleimidehydrolysis,143.1406,143.0582,H(9) C(6) N O(3),C,Chemical derivative,,
323,bNis,bis-((N-iodoacetyl)piperazinyl)sulfonerhodamine,713.5626,713.0931,H(30) C(31) N(4) O(6) S I,C,Chemical derivative,Discontinued Invitrogen X-link reagent,
324,DTBP,Cleaved and reduced DTBP crosslinker,87.1435,87.0143,H(5) C(3) N S,N-term,Chemical derivative,imidoester cross-linker,
324,DTBP,Cleaved and reduced DTBP crosslinker,87.1435,87.0143,H(5) C(3) N S,K,Chemical derivative,imidoester cross-linker,
325,FP-Biotin,10-ethoxyphosphinyl-N-(biotinamidopentyl)decanamide,572.7405,572.3161,H(49) C(27) N(4) O(5) P S,K,Chemical derivative,FP-biotin was designed to label the active site serine of serine esterases/proteases.,
325,FP-Biotin,10-ethoxyphosphinyl-N-(biotinamidopentyl)decanamide,572.7405,572.3161,H(49) C(27) N(4) O(5) P S,T,Chemical derivative,FP-biotin was designed to label the active site serine of serine esterases/proteases.,
325,FP-Biotin,10-ethoxyphosphinyl-N-(biotinamidopentyl)decanamide,572.7405,572.3161,H(49) C(27) N(4) O(5) P S,Y,Chemical derivative,FP-biotin was designed to label the active site serine of serine esterases/proteases.,
325,FP-Biotin,10-ethoxyphosphinyl-N-(biotinamidopentyl)decanamide,572.7405,572.3161,H(49) C(27) N(4) O(5) P S,S,Chemical derivative,FP-biotin was designed to label the active site serine of serine esterases/proteases.,
332,Thiophos-S-S-biotin,thiophosphate labeled with biotin-HPDP,525.6658,525.1429,H(34) C(19) N(4) O(5) P S(3),Y,Chemical derivative,,
332,Thiophos-S-S-biotin,thiophosphate labeled with biotin-HPDP,525.6658,525.1429,H(34) C(19) N(4) O(5) P S(3),T,Chemical derivative,,
332,Thiophos-S-S-biotin,thiophosphate labeled with biotin-HPDP,525.6658,525.1429,H(34) C(19) N(4) O(5) P S(3),S,Chemical derivative,,
333,Biotin:TRC-B394885,6-N-biotinylaminohexyl isopropyl phosphate,447.5291,447.1957,H(34) C(19) N(3) O(5) P S,T,Chemical derivative,"Commercially available from Toronto Research Chemicals Inc, as of 2005.  Designed to label the active site serine of serine esterases/proteases.",
333,Biotin:TRC-B394885,6-N-biotinylaminohexyl isopropyl phosphate,447.5291,447.1957,H(34) C(19) N(3) O(5) P S,Y,Chemical derivative,"Commercially available from Toronto Research Chemicals Inc, as of 2005.  Designed to label the active site serine of serine esterases/proteases.",
333,Biotin:TRC-B394885,6-N-biotinylaminohexyl isopropyl phosphate,447.5291,447.1957,H(34) C(19) N(3) O(5) P S,S,Chemical derivative,"Commercially available from Toronto Research Chemicals Inc, as of 2005.  Designed to label the active site serine of serine esterases/proteases.",
335,redHNE,reduced 4-Hydroxynonenal,158.238,158.1307,H(18) C(9) O(2),K,Chemical derivative,"Michael addition adduct of 4-hydroxynonenal with histidine, cystein and lysine residues stabilized by reduction with NaBH4",
335,redHNE,reduced 4-Hydroxynonenal,158.238,158.1307,H(18) C(9) O(2),H,Chemical derivative,"Michael addition adduct of 4-hydroxynonenal with histidine, cystein and lysine residues stabilized by reduction with NaBH4",
335,redHNE,reduced 4-Hydroxynonenal,158.238,158.1307,H(18) C(9) O(2),C,Chemical derivative,"Michael addition adduct of 4-hydroxynonenal with histidine, cystein and lysine residues stabilized by reduction with NaBH4",
361,Thrbiotinhydrazide,oxidized Threonine biotinylated with biotin hydrazide,240.3252,240.1045,H(16) C(10) N(4) O S,T,Chemical derivative,,
362,O-Diisopropylphosphate,O-Diisopropylphosphorylation,164.1394,164.0602,H(13) C(6) O(3) P,K,Chemical derivative,A selective label for the active site serine of the serine esterase/protease family.  It has also been shown to label tyrosine in serum albumin.,
362,O-Diisopropylphosphate,O-Diisopropylphosphorylation,164.1394,164.0602,H(13) C(6) O(3) P,Y,Chemical derivative,A selective label for the active site serine of the serine esterase/protease family.  It has also been shown to label tyrosine in serum albumin.,
362,O-Diisopropylphosphate,O-Diisopropylphosphorylation,164.1394,164.0602,H(13) C(6) O(3) P,T,Chemical derivative,A selective label for the active site serine of the serine esterase/protease family.  It has also been shown to label tyrosine in serum albumin.,
362,O-Diisopropylphosphate,O-Diisopropylphosphorylation,164.1394,164.0602,H(13) C(6) O(3) P,S,Chemical derivative,A selective label for the active site serine of the serine esterase/protease family.  It has also been shown to label tyrosine in serum albumin.,
362,O-Diisopropylphosphate,O-Diisopropylphosphorylation,164.1394,164.0602,H(13) C(6) O(3) P,N-term,Chemical derivative,A selective label for the active site serine of the serine esterase/protease family.  It has also been shown to label tyrosine in serum albumin.,
363,O-Isopropylphosphate,O-Isopropylphosphorylation,122.0596,122.0133,H(7) C(3) O(3) P,Y,Chemical derivative,Created by auto-catalytic dealkylation of the O-Diisopropylphosphate adduct.,
363,O-Isopropylphosphate,O-Isopropylphosphorylation,122.0596,122.0133,H(7) C(3) O(3) P,T,Chemical derivative,Created by auto-catalytic dealkylation of the O-Diisopropylphosphate adduct.,
363,O-Isopropylphosphate,O-Isopropylphosphorylation,122.0596,122.0133,H(7) C(3) O(3) P,S,Chemical derivative,Created by auto-catalytic dealkylation of the O-Diisopropylphosphate adduct.,
378,carboxyethyl,carboxyethyl,72.0627,72.0211,H(4) C(3) O(2),H,Chemical derivative,,Labeling with diethylpyrocarbonate (DEPC)
385,N-oxobutanoic,Loss of ammonia,-17.0305,-17.0265,H(-3) N(-1),N,Chemical derivative,,N-Succinimide
401,didehydro,2-amino-3-oxo-butanoic_acid,-2.0159,-2.0156,H(-2),T,Chemical derivative,,
450,-Glu-,monoglutamyl,129.114,129.0426,H(7) C(5) N O(3),C-term,Chemical derivative,,
411,PIC,phenyl isocyanate,119.1207,119.0371,H(5) C(7) N O,N-term,Chemical derivative,,
412,d5-PIC,d5-phenyl isocyanate,124.1515,124.0685,2H(5) C(7) N O,N-term,Chemical derivative,,
421,persulfide,persulfide,32.065,31.9721,S,W,Chemical derivative,,Addition of a single sulfur atom by Pi3-Tryptophan reagent to create thiol
425,dihydroxy,dihydroxy,31.9988,31.9898,O(2),W,Chemical derivative,,tryptophan oxidation to formylkynurenin
425,dihydroxy,dihydroxy,31.9988,31.9898,O(2),F,Chemical derivative,,phenylalanine oxidation to dihydroxyphenylalanine
425,dihydroxy,dihydroxy,31.9988,31.9898,O(2),E,Chemical derivative,,
425,dihydroxy,dihydroxy,31.9988,31.9898,O(2),I,Chemical derivative,,
425,dihydroxy,dihydroxy,31.9988,31.9898,O(2),L,Chemical derivative,,
425,dihydroxy,dihydroxy,31.9988,31.9898,O(2),V,Chemical derivative,,
447,semialdehyde,reduction,-15.9994,-15.9949,O(-1),T,Chemical derivative,,Beta elimination of O-glycosylation under alkaline conditions followed by reduction
447,semialdehyde,reduction,-15.9994,-15.9949,O(-1),S,Chemical derivative,,Beta elimination of O-glycosylation under alkaline conditions followed by reduction
455,DMP-s,Free monolink of DMP crosslinker,154.2096,154.1106,H(14) C(8) N(2) O,N-term,Chemical derivative,,
455,DMP-s,Free monolink of DMP crosslinker,154.2096,154.1106,H(14) C(8) N(2) O,K,Chemical derivative,,
457,NDA,"naphthalene-2,3-dicarboxaldehyde",175.1855,175.0422,H(5) C(13) N,N-term,Chemical derivative,fluorescent derivative,
457,NDA,"naphthalene-2,3-dicarboxaldehyde",175.1855,175.0422,H(5) C(13) N,K,Chemical derivative,fluorescent derivative,
464,SPITC_Heavy,4-sulfophenyl isothiocyanate (Heavy C13),221.2054,220.9912,H(5) C 13C(6) N O(3) S(2),N-term,Chemical derivative,,
464,SPITC_Heavy,4-sulfophenyl isothiocyanate (Heavy C13),221.2054,220.9912,H(5) C 13C(6) N O(3) S(2),K,Chemical derivative,,
478,FTC,fluorescein-5-thiosemicarbazide,421.4259,421.0732,H(15) C(21) N(3) O(5) S,S,Chemical derivative,,
478,FTC,fluorescein-5-thiosemicarbazide,421.4259,421.0732,H(15) C(21) N(3) O(5) S,R,Chemical derivative,,
478,FTC,fluorescein-5-thiosemicarbazide,421.4259,421.0732,H(15) C(21) N(3) O(5) S,P,Chemical derivative,,
478,FTC,fluorescein-5-thiosemicarbazide,421.4259,421.0732,H(15) C(21) N(3) O(5) S,K,Chemical derivative,,
478,FTC,fluorescein-5-thiosemicarbazide,421.4259,421.0732,H(15) C(21) N(3) O(5) S,C,Chemical derivative,,
472,AEC-MAEC,aminoethylcysteine,59.1334,59.0194,H(5) C(2) N O(-1) S,T,Chemical derivative,Modification procedure used for phosphopeptide mapping,pT gives beta-methylaminoethylcysteine
472,AEC-MAEC,aminoethylcysteine,59.1334,59.0194,H(5) C(2) N O(-1) S,S,Chemical derivative,Modification procedure used for phosphopeptide mapping,pS gives aminoethylcysteine
495,CyDye-Cy5,Cy5 CyDye DIGE Fluor saturation dye,684.8442,684.2982,H(44) C(38) N(4) O(6) S,C,Chemical derivative,,
488,DHP,Dehydropyrrolizidine alkaloid (dehydroretronecine) on cysteines,118.1558,118.0657,H(8) C(8) N,C,Chemical derivative,,
500,NMMhyd,Nmethylmaleimidehydrolysis,129.114,129.0426,H(7) C(5) N O(3),C,Chemical derivative,,
501,PyMIC,3-methyl-2-pyridyl isocyanate,134.1353,134.048,H(6) C(7) N(2) O,N-term,Chemical derivative,,
519,BisANS,"4,4\'-dianilino-1,1\'-binaphthyl-5,5\'-disulfonic acid",594.6569,594.0919,H(22) C(32) N(2) O(6) S(2),K,Chemical derivative,,
520,Piperidination,Piperidination,68.117,68.0626,H(8) C(5),N-term,Chemical derivative,,
520,Piperidination,Piperidination,68.117,68.0626,H(8) C(5),K,Chemical derivative,,
518,Diethylation,"Diethylation, analogous to Dimethylation",56.1063,56.0626,H(8) C(4),N-term,Chemical derivative,,
518,Diethylation,"Diethylation, analogous to Dimethylation",56.1063,56.0626,H(8) C(4),K,Chemical derivative,,
513,C8-QAT,"[3-(2,5)-Dioxopyrrolidin-1-yloxycarbonyl)-propyl]dimethyloctylammonium",227.3862,227.2249,H(29) C(14) N O,N-term,Chemical derivative,,
513,C8-QAT,"[3-(2,5)-Dioxopyrrolidin-1-yloxycarbonyl)-propyl]dimethyloctylammonium",227.3862,227.2249,H(29) C(14) N O,K,Chemical derivative,,
1036,Withaferin,Modification of cystein by withaferin,470.5977,470.2668,H(38) C(28) O(6),C,Chemical derivative,,
1037,Biotin:Thermo-88317,desthiobiotin fluorophosphonate,443.5603,443.2913,H(42) C(22) N(3) O(4) P,S,Chemical derivative,"Dethiobiotin-FP was designed to label the active site serine of serine hydrolases (e.g. esterases, peptidases, lipases)",
1037,Biotin:Thermo-88317,desthiobiotin fluorophosphonate,443.5603,443.2913,H(42) C(22) N(3) O(4) P,Y,Chemical derivative,"Dethiobiotin-FP was designed to label the active site serine of serine hydrolases (e.g. esterases, peptidases, lipases)",
522,Biotin:Thermo-21901,Maleimide-Biotin,525.6183,525.2257,H(35) C(23) N(5) O(7) S,C,Chemical derivative,,
523,Biotin:Thermo-21338,Biot_LC_LC,452.6106,452.2457,H(36) C(22) N(4) O(4) S,N-term,Chemical derivative,,
523,Biotin:Thermo-21338,Biot_LC_LC,452.6106,452.2457,H(36) C(22) N(4) O(4) S,K,Chemical derivative,,
515,F-NEM,fluorescein-5-maleimide,427.3625,427.0692,H(13) C(24) N O(7),C,Chemical derivative,,photosensitive
514,propyl-NAG-thiazoline,"propyl-1,2-dideoxy-2\'-methyl-alpha-D-glucopyranoso-[2,1-d]-Delta2\'-thiazoline",232.2768,232.0644,H(14) C(9) N O(4) S,C,Chemical derivative,"In a recent publication (see reference), we have shown that family 84 glycoside hydrolases contain a deep pocket beneath the 2-acetamido group of its substrate (N-acetyl-glucosamine). With this strucual feature in mind, we have designed a specific inhibitor that contains a chloride group appended to the end of the propyl chain on a known inhibitor termed propyl-NAG-thiazoline. We have shown kinetically that this molecule is a potent suicide inhibitor of this enzyme famiy and now wish to know the precise residue which is acting as the nucleophile to dispace the choride atom. We have included all residues that are in the vacinity of the chloride atom that could potentially act in a nucleophilic manner.",
534,Dibromo,Dibromo,157.7921,155.821,H(-2) Br(2),Y,Chemical derivative,,
535,LeuArgGlyGly,Ubiquitination,383.446,383.2281,H(29) C(16) N(7) O(4),K,Chemical derivative,,
684,BDMAPP,Mass Defect Tag on lysine e-amino,254.1231,253.0102,H(12) C(11) N O Br,N-term,Chemical derivative,,
684,BDMAPP,Mass Defect Tag on lysine e-amino,254.1231,253.0102,H(12) C(11) N O Br,K,Chemical derivative,,
720,HNE-Delta:H(2)O,Dehydrated 4-hydroxynonenal,138.2069,138.1045,H(14) C(9) O,K,Chemical derivative,Mass Spectroscopic Characterization of Protein Modification by 4-Hydroxy-2-(E)-nonenal and 4-Oxo-2-(E)-nonenal.,
720,HNE-Delta:H(2)O,Dehydrated 4-hydroxynonenal,138.2069,138.1045,H(14) C(9) O,H,Chemical derivative,Mass Spectroscopic Characterization of Protein Modification by 4-Hydroxy-2-(E)-nonenal and 4-Oxo-2-(E)-nonenal.,
720,HNE-Delta:H(2)O,Dehydrated 4-hydroxynonenal,138.2069,138.1045,H(14) C(9) O,C,Chemical derivative,Mass Spectroscopic Characterization of Protein Modification by 4-Hydroxy-2-(E)-nonenal and 4-Oxo-2-(E)-nonenal.,
721,4-ONE,4-Oxononenal (ONE),154.2063,154.0994,H(14) C(9) O(2),K,Chemical derivative,Covalent adduction of nucleophilic amino acids by 4-hydroxynonenal and 4-oxononenal,
721,4-ONE,4-Oxononenal (ONE),154.2063,154.0994,H(14) C(9) O(2),H,Chemical derivative,Covalent adduction of nucleophilic amino acids by 4-hydroxynonenal and 4-oxononenal,
721,4-ONE,4-Oxononenal (ONE),154.2063,154.0994,H(14) C(9) O(2),C,Chemical derivative,Covalent adduction of nucleophilic amino acids by 4-hydroxynonenal and 4-oxononenal,
723,O-Dimethylphosphate,O-Dimethylphosphorylation,108.0331,107.9976,H(5) C(2) O(3) P,Y,Chemical derivative,,
723,O-Dimethylphosphate,O-Dimethylphosphorylation,108.0331,107.9976,H(5) C(2) O(3) P,T,Chemical derivative,,
723,O-Dimethylphosphate,O-Dimethylphosphorylation,108.0331,107.9976,H(5) C(2) O(3) P,S,Chemical derivative,,
724,O-Methylphosphate,O-Methylphosphorylation,94.0065,93.982,H(3) C O(3) P,Y,Chemical derivative,Created by auto-catalytic dealkylation of the O-Dimethylphosphate adduct.,
724,O-Methylphosphate,O-Methylphosphorylation,94.0065,93.982,H(3) C O(3) P,T,Chemical derivative,Created by auto-catalytic dealkylation of the O-Dimethylphosphate adduct.,
724,O-Methylphosphate,O-Methylphosphorylation,94.0065,93.982,H(3) C O(3) P,S,Chemical derivative,Created by auto-catalytic dealkylation of the O-Dimethylphosphate adduct.,
725,Diethylphosphate,O-Diethylphosphorylation,136.0862,136.0289,H(9) C(4) O(3) P,N-term,Chemical derivative,,
725,Diethylphosphate,O-Diethylphosphorylation,136.0862,136.0289,H(9) C(4) O(3) P,H,Chemical derivative,,
725,Diethylphosphate,O-Diethylphosphorylation,136.0862,136.0289,H(9) C(4) O(3) P,C,Chemical derivative,,
725,Diethylphosphate,O-Diethylphosphorylation,136.0862,136.0289,H(9) C(4) O(3) P,K,Chemical derivative,,
725,Diethylphosphate,O-Diethylphosphorylation,136.0862,136.0289,H(9) C(4) O(3) P,Y,Chemical derivative,,
725,Diethylphosphate,O-Diethylphosphorylation,136.0862,136.0289,H(9) C(4) O(3) P,T,Chemical derivative,,
725,Diethylphosphate,O-Diethylphosphorylation,136.0862,136.0289,H(9) C(4) O(3) P,S,Chemical derivative,,
726,Ethylphosphate,O-Ethylphosphorylation,108.0331,107.9976,H(5) C(2) O(3) P,N-term,Chemical derivative,Created by auto-catalytic dealkylation of the O-Diethylphosphate adduct.,
726,Ethylphosphate,O-Ethylphosphorylation,108.0331,107.9976,H(5) C(2) O(3) P,K,Chemical derivative,Created by auto-catalytic dealkylation of the O-Diethylphosphate adduct.,
726,Ethylphosphate,O-Ethylphosphorylation,108.0331,107.9976,H(5) C(2) O(3) P,Y,Chemical derivative,Created by auto-catalytic dealkylation of the O-Diethylphosphate adduct.,
726,Ethylphosphate,O-Ethylphosphorylation,108.0331,107.9976,H(5) C(2) O(3) P,T,Chemical derivative,Created by auto-catalytic dealkylation of the O-Diethylphosphate adduct.,
726,Ethylphosphate,O-Ethylphosphorylation,108.0331,107.9976,H(5) C(2) O(3) P,S,Chemical derivative,Created by auto-catalytic dealkylation of the O-Diethylphosphate adduct.,
727,O-pinacolylmethylphosphonate,O-pinacolylmethylphosphonylation,162.1666,162.081,H(15) C(7) O(2) P,T,Chemical derivative,,
727,O-pinacolylmethylphosphonate,O-pinacolylmethylphosphonylation,162.1666,162.081,H(15) C(7) O(2) P,S,Chemical derivative,,
727,O-pinacolylmethylphosphonate,O-pinacolylmethylphosphonylation,162.1666,162.081,H(15) C(7) O(2) P,K,Chemical derivative,,
727,O-pinacolylmethylphosphonate,O-pinacolylmethylphosphonylation,162.1666,162.081,H(15) C(7) O(2) P,Y,Chemical derivative,,
727,O-pinacolylmethylphosphonate,O-pinacolylmethylphosphonylation,162.1666,162.081,H(15) C(7) O(2) P,H,Chemical derivative,,
728,Methylphosphonate,Methylphosphonylation,78.0071,77.9871,H(3) C O(2) P,Y,Chemical derivative,"Created by auto-catalytic dealkylation of either the O-pinacolylmethylphosphonate adduct, or the O-isopropylmethylphosphonate adduct.",
728,Methylphosphonate,Methylphosphonylation,78.0071,77.9871,H(3) C O(2) P,T,Chemical derivative,"Created by auto-catalytic dealkylation of either the O-pinacolylmethylphosphonate adduct, or the O-isopropylmethylphosphonate adduct.",
728,Methylphosphonate,Methylphosphonylation,78.0071,77.9871,H(3) C O(2) P,S,Chemical derivative,"Created by auto-catalytic dealkylation of either the O-pinacolylmethylphosphonate adduct, or the O-isopropylmethylphosphonate adduct.",
729,O-Isopropylmethylphosphonate,O-Isopropylmethylphosphonylation,120.0868,120.034,H(9) C(4) O(2) P,Y,Chemical derivative,,
729,O-Isopropylmethylphosphonate,O-Isopropylmethylphosphonylation,120.0868,120.034,H(9) C(4) O(2) P,T,Chemical derivative,,
729,O-Isopropylmethylphosphonate,O-Isopropylmethylphosphonylation,120.0868,120.034,H(9) C(4) O(2) P,S,Chemical derivative,,
735,BEMAD_ST,Beta elimination of modified S or T followed by Michael addition of DTT,136.2357,136.0017,H(8) C(4) O S(2),T,Chemical derivative,Beta-elimination and Michael addition of dithiothreitol (DTT) to serine and threonine adds a weight of approximately 136.2.,The addition of DTT adds 136.2 not 154.2 to Threonine due to loss of water in reaction
735,BEMAD_ST,Beta elimination of modified S or T followed by Michael addition of DTT,136.2357,136.0017,H(8) C(4) O S(2),S,Chemical derivative,Beta-elimination and Michael addition of dithiothreitol (DTT) to serine and threonine adds a weight of approximately 136.2.,The addition of DTT adds 136.2 not 154.2 to Serine due to loss of water in reaction
734,Ethanolamine,Carboxyl modification with ethanolamine,43.0678,43.0422,H(5) C(2) N,D,Chemical derivative,"Carbodiimide mediated blocking of free carboxylic acids (Asp/Glu sidechains and C-termini) with ethanolamine; reaction yields an amide-bond between the carboxylic acid of the peptide/protein and the primary amine of ethanolamine; reaction irreversibly modifies carboxylic acids. Shown above is the composition of the mass adduct, after substraction of water.",
734,Ethanolamine,Carboxyl modification with ethanolamine,43.0678,43.0422,H(5) C(2) N,C-term,Chemical derivative,"Carbodiimide mediated blocking of free carboxylic acids (Asp/Glu sidechains and C-termini) with ethanolamine; reaction yields an amide-bond between the carboxylic acid of the peptide/protein and the primary amine of ethanolamine; reaction irreversibly modifies carboxylic acids. Shown above is the composition of the mass adduct, after substraction of water.",
734,Ethanolamine,Carboxyl modification with ethanolamine,43.0678,43.0422,H(5) C(2) N,E,Chemical derivative,"Carbodiimide mediated blocking of free carboxylic acids (Asp/Glu sidechains and C-termini) with ethanolamine; reaction yields an amide-bond between the carboxylic acid of the peptide/protein and the primary amine of ethanolamine; reaction irreversibly modifies carboxylic acids. Shown above is the composition of the mass adduct, after substraction of water.",
734,Ethanolamine,Carboxyl modification with ethanolamine,43.0678,43.0422,H(5) C(2) N,C,Chemical derivative,"Carbodiimide mediated blocking of free carboxylic acids (Asp/Glu sidechains and C-termini) with ethanolamine; reaction yields an amide-bond between the carboxylic acid of the peptide/protein and the primary amine of ethanolamine; reaction irreversibly modifies carboxylic acids. Shown above is the composition of the mass adduct, after substraction of water.",
736,BEMAD_C,Beta elimination of alkylated Cys followed by Michael addition of DTT,120.1701,120.0245,H(8) C(4) O(2) S,C,Chemical derivative,When the beta-elimination and Michael addition of dithiothreitol (DTT) (BEMAD) reaction is used with alkylated cysteine a sulfur group is lost leaving the addition of approximately 120.2 in the chemical reaction.,
739,TMT,Native Tandem Mass Tag®,224.2994,224.1525,H(20) C(12) N(2) O(2),N-term,Chemical derivative,"This modification describes the \""native\"" TMT Reagent without isotopic label.",
739,TMT,Native Tandem Mass Tag®,224.2994,224.1525,H(20) C(12) N(2) O(2),N-term,Chemical derivative,"This modification describes the \""native\"" TMT Reagent without isotopic label.",
739,TMT,Native Tandem Mass Tag®,224.2994,224.1525,H(20) C(12) N(2) O(2),K,Chemical derivative,"This modification describes the \""native\"" TMT Reagent without isotopic label.",
744,NO_SMX_SEMD,Nitroso Sulfamethoxazole Sulphenamide thiol adduct,251.2618,251.0365,H(9) C(10) N(3) O(3) S,C,Chemical derivative,Synthesis and Reactions of Nitroso Sulphamethoxazole with Biological Nucleophiles: Implications for Immune Mediated Toxicity.,
743,4-ONE+Delta:H(-2)O(-1),Dehydrated 4-Oxononenal Michael adduct,136.191,136.0888,H(12) C(9) O,K,Chemical derivative,Mass Spectorscopic Characterization of Protein Modification by 4-hydroxy-2-(E)-nonenal and 4-oxo-2-(E)-nonenal,
743,4-ONE+Delta:H(-2)O(-1),Dehydrated 4-Oxononenal Michael adduct,136.191,136.0888,H(12) C(9) O,H,Chemical derivative,Mass Spectorscopic Characterization of Protein Modification by 4-hydroxy-2-(E)-nonenal and 4-oxo-2-(E)-nonenal,
743,4-ONE+Delta:H(-2)O(-1),Dehydrated 4-Oxononenal Michael adduct,136.191,136.0888,H(12) C(9) O,C,Chemical derivative,Mass Spectorscopic Characterization of Protein Modification by 4-hydroxy-2-(E)-nonenal and 4-oxo-2-(E)-nonenal,
2052,Biotin:Aha-DADPS,Intact DADPS Biotin Alkyne tag,923.2022,922.4654,H(70) C(42) N(8) O(11) Si S,M,Chemical derivative,Methionine is substituted in culture with azidohomoalanine. The azide group reacts with the alkyne group of DADPS Biotin Alkyne.,
746,NO_SMX_SIMD,Nitroso Sulfamethoxazole Sulfinamide thiol adduct,267.2612,267.0314,H(9) C(10) N(3) O(4) S,C,Chemical derivative,Synthesis and Reactions of Nitroso Sulphamethoxazole with Biological Nucleophiles: Implications for Immune Mediated Toxicity.,
747,Malonyl,Malonylation,86.0462,86.0004,H(2) C(3) O(3),C,Chemical derivative,,
747,Malonyl,Malonylation,86.0462,86.0004,H(2) C(3) O(3),S,Chemical derivative,,
748,3sulfo,derivatization by N-term modification using 3-Sulfobenzoic succinimidyl ester,184.1693,183.983,H(4) C(7) O(4) S,N-term,Chemical derivative,,
751,TNBS,tri nitro benzene,211.0886,210.9865,H C(6) N(3) O(6),N-term,Chemical derivative,,
751,TNBS,tri nitro benzene,211.0886,210.9865,H C(6) N(3) O(6),K,Chemical derivative,,
774,Biotin-phenacyl,Alkylation by biotinylated form of phenacyl bromide,626.727,626.2635,H(38) C(29) N(8) O(6) S,C,Chemical derivative,"phenacyl bromide conjugated with a linker and biotin tag, details not published yet",
774,Biotin-phenacyl,Alkylation by biotinylated form of phenacyl bromide,626.727,626.2635,H(38) C(29) N(8) O(6) S,H,Chemical derivative,"phenacyl bromide conjugated with a linker and biotin tag, details not published yet",
774,Biotin-phenacyl,Alkylation by biotinylated form of phenacyl bromide,626.727,626.2635,H(38) C(29) N(8) O(6) S,S,Chemical derivative,"phenacyl bromide conjugated with a linker and biotin tag, details not published yet",
771,lapachenole,lapachenole photochemically added to cysteine,240.297,240.115,H(16) C(16) O(2),C,Chemical derivative,,Simple cyclic compound C16H16O2 adds to cysteine forming fluorescent derivative.
773,maleimide,maleimide,97.0721,97.0164,H(3) C(4) N O(2),K,Chemical derivative,,
773,maleimide,maleimide,97.0721,97.0164,H(3) C(4) N O(2),C,Chemical derivative,,
767,Menadione-HQ,Menadione hydroquinone derivative,172.18,172.0524,H(8) C(11) O(2),K,Chemical derivative,,
767,Menadione-HQ,Menadione hydroquinone derivative,172.18,172.0524,H(8) C(11) O(2),C,Chemical derivative,,
775,Carboxymethyl:13C(2),Iodoacetic acid derivative w/ 13C label,60.0214,60.0122,H(2) 13C(2) O(2),C,Chemical derivative,,
776,NEM:2H(5),D5 N-ethylmaleimide on cysteines,130.1561,130.0791,H(2) 2H(5) C(6) N O(2),C,Chemical derivative,,
827,TMPP-Ac,"tris(2,4,6-trimethoxyphenyl)phosphonium acetic acid N-hydroxysuccinimide ester derivative",572.5401,572.1811,H(33) C(29) O(10) P,N-term,Chemical derivative,The formula has been reduced from H(34) to H(33) on 13 May 2009 so as to give correct observed m/z values. The charge on the TMPP means that ions have one less proton than would be expected,
837,Arg->Npo,Arginine replacement by Nitropyrimidyl ornithine,81.0297,80.9851,H(-1) C(3) N O(2),R,Chemical derivative,,
801,Pentylamine,Labeling transglutaminase substrate on glutamine side chain,70.1329,70.0782,H(10) C(5),Q,Chemical derivative,,
800,Biotin:Thermo-21345,was PentylamineBiotin,311.4429,311.1667,H(25) C(15) N(3) O(2) S,Q,Chemical derivative,,
825,Xlink:DFDNB,Intact DFDNB crosslinker,164.0752,163.9858,C(6) N(2) O(4),N,Chemical derivative,,
825,Xlink:DFDNB,Intact DFDNB crosslinker,164.0752,163.9858,C(6) N(2) O(4),Q,Chemical derivative,,
825,Xlink:DFDNB,Intact DFDNB crosslinker,164.0752,163.9858,C(6) N(2) O(4),R,Chemical derivative,,
825,Xlink:DFDNB,Intact DFDNB crosslinker,164.0752,163.9858,C(6) N(2) O(4),K,Chemical derivative,,
821,Cy3b-maleimide,fluorescent dye that labels cysteines,682.7852,682.2461,H(38) C(37) N(4) O(7) S,C,Chemical derivative,,
824,Xlink:BMOE,Intact or monolink BMOE crosslinker,220.1815,220.0484,H(8) C(10) N(2) O(4),C,Chemical derivative,,
811,Biotin:Thermo-21360,was Biotin-PEO4-hydrazide,487.6134,487.2465,H(37) C(21) N(5) O(6) S,C-term,Chemical derivative,,hydrazide reacts at any activated carboxyl group
848,Arg2PG,Adduct of phenylglyoxal with Arg,266.2482,266.0579,H(10) C(16) O(4),R,Chemical derivative,,The reaction product of Arg with phenylglyoxal has been shown to be a 2:1 adduct
1420,spermine,spermine adduct,185.3097,185.1892,H(23) C(10) N(3),Q,Chemical derivative,,
890,DyLight-maleimide,Thiol-reactive dye for fluorescence labelling of proteins,941.0762,940.1999,H(48) C(39) N(4) O(15) S(4),C,Chemical derivative,,
891,Methyl-PEO12-Maleimide,Methyl-PEO12-Maleimide,710.8073,710.3837,H(58) C(32) N(2) O(15),C,Chemical derivative,,
887,MDCC,covalent linkage of maleimidyl coumarin probe (Molecular Probes D-10253),383.3978,383.1481,H(21) C(20) N(3) O(5),C,Chemical derivative,MDCC is used extensively as a fluorescent probe to report changes in protein conformation.,"Due to the mechanism of maleimidyl modification of Cys, the molecular weight of MDCC equals the mass shift created upon crossllinking (no chemical leaving group). During MS/MS, MDCC can reasonably be predicted to fragment readily and at various positions."
884,Biotin:Thermo-21325,was ChromoBiotin,695.8288,695.3101,H(45) C(34) N(7) O(7) S,K,Chemical derivative,,
2050,shTMTpro,Super Heavy TMTpro,313.2473,313.231,H(25) 13C(15) 15N(3) O(3),K,Chemical derivative,"This modification describes the Super Heavy TMTpro Reagent. Upon HCD, this reagent releases a reporter ion of 135.151600 (monoisotopic mass)",
2050,shTMTpro,Super Heavy TMTpro,313.2473,313.231,H(25) 13C(15) 15N(3) O(3),N-term,Chemical derivative,"This modification describes the Super Heavy TMTpro Reagent. Upon HCD, this reagent releases a reporter ion of 135.151600 (monoisotopic mass)",
2050,shTMTpro,Super Heavy TMTpro,313.2473,313.231,H(25) 13C(15) 15N(3) O(3),N-term,Chemical derivative,"This modification describes the Super Heavy TMTpro Reagent. Upon HCD, this reagent releases a reporter ion of 135.151600 (monoisotopic mass)",
895,Biotin-PEG-PRA,Biotin polyethyleneoxide (n=3) alkyne,578.6611,578.3176,H(42) C(26) N(8) O(7),M,Chemical derivative,Methionine (C5H11NO2S) is substituted in cell culture by Azidohomoalanine (C4H8N4O2). The azido group reacts with an alkyne group attached to a linker (PEO) with a biotin group at the end (C27H45N5O7S). As a result the side chain of Met (C3H7S) is substitued by C29H49N8O7S.,
901,4AcAllylGal,"2,3,4,6-tetra-O-Acetyl-1-allyl-alpha-D-galactopyranoside modification of cysteine",372.3671,372.142,H(24) C(17) O(9),C,Chemical derivative,,
908,Xlink:SMCC[321],Monolink of SMCC terminated with 3-(dimethylamino)-1-propylamine,321.4146,321.2052,H(27) C(17) N(3) O(3),C,Chemical derivative,,
911,MTSL,"Cys modification by (1-oxyl-2,2,5,5-tetramethyl-3-pyrroline-3-methyl)methanesulfonate (MTSL)",184.2786,184.0796,H(14) C(9) N O S,C,Chemical derivative,,
912,HNE-BAHAH,"4-hydroxy-2-nonenal and biotinamidohexanoic acid hydrazide, reduced",511.7209,511.3192,H(45) C(25) N(5) O(4) S,H,Chemical derivative,for Bindu Abraham,
912,HNE-BAHAH,"4-hydroxy-2-nonenal and biotinamidohexanoic acid hydrazide, reduced",511.7209,511.3192,H(45) C(25) N(5) O(4) S,C,Chemical derivative,for Bindu Abraham,
912,HNE-BAHAH,"4-hydroxy-2-nonenal and biotinamidohexanoic acid hydrazide, reduced",511.7209,511.3192,H(45) C(25) N(5) O(4) S,K,Chemical derivative,for Bindu Abraham,
914,Methylmalonylation,Methylmalonylation on Serine,100.0728,100.016,H(4) C(4) O(3),S,Chemical derivative,structural isomer to succinyl,
938,AROD,Cysteine modifier,820.979,820.336,H(52) C(35) N(10) O(9) S(2),C,Chemical derivative,"The electrophilic moiety of the chemical forms a direct bond with the thiol bond of the cysteine.  As a result, there are no losses of elements and the final adduct has the monoisotopic mass of the chemical at 820.3360 added to a cysteine at SH side chain.",
939,Cys->methylaminoAla,carbamidomethylated Cys that undergoes beta-elimination and Michael addition of methylamine,-3.0238,-2.9455,H(3) C N S(-1),C,Chemical derivative,,
940,Cys->ethylaminoAla,Carbamidomethylated Cys that undergoes beta-elimination and Michael addition of ethylamine,11.0028,11.0701,H(5) C(2) N S(-1),C,Chemical derivative,,
926,ethylamino,ethyl amino,27.0684,27.0473,H(5) C(2) N O(-1),S,Chemical derivative,product of beta elimination of phospho- or glycosylated-Ser with addition of ethylamine,
926,ethylamino,ethyl amino,27.0684,27.0473,H(5) C(2) N O(-1),T,Chemical derivative,product of beta elimination of phospho- or glycosylated-Ser with addition of ethylamine,
928,MercaptoEthanol,2-OH-ethyl thio-Ser,60.1182,60.0034,H(4) C(2) S,S,Chemical derivative,product of beta elimination of phospho- or glycosylated-Ser with addition of beta Mercapto Ethanol,
928,MercaptoEthanol,2-OH-ethyl thio-Ser,60.1182,60.0034,H(4) C(2) S,T,Chemical derivative,product of beta elimination of phospho- or glycosylated-Ser with addition of beta Mercapto Ethanol,
935,Atto495Maleimide,High molecular absorption maleimide label for proteins,474.5747,474.2505,H(32) C(27) N(5) O(3),C,Chemical derivative,,
934,AMTzHexNAc2,Photocleavable Biotin + GalNAz on O-GlcNAc,502.4757,502.2023,H(30) C(19) N(6) O(10),T,Chemical derivative,,
934,AMTzHexNAc2,Photocleavable Biotin + GalNAz on O-GlcNAc,502.4757,502.2023,H(30) C(19) N(6) O(10),S,Chemical derivative,,
934,AMTzHexNAc2,Photocleavable Biotin + GalNAz on O-GlcNAc,502.4757,502.2023,H(30) C(19) N(6) O(10),N,Chemical derivative,,
931,Ethyl+Deamidated,deamidation followed by esterification with ethanol,29.0379,29.0153,H(3) C(2) N(-1) O,Q,Chemical derivative,,
931,Ethyl+Deamidated,deamidation followed by esterification with ethanol,29.0379,29.0153,H(3) C(2) N(-1) O,N,Chemical derivative,,
937,dichlorination,Dichlorination,68.8901,67.9221,H(-2) Cl(2),C,Chemical derivative,,
941,DNPS,"2,4-Dinitrobenzenesulfenyl",199.164,198.9814,H(3) C(6) N(2) O(4) S,C,Chemical derivative,,Fontana A. Biochemistry. vol 7.  980-986 (1968)
941,DNPS,"2,4-Dinitrobenzenesulfenyl",199.164,198.9814,H(3) C(6) N(2) O(4) S,W,Chemical derivative,,"derivatization of Trp residues using the 2,4-dinitrophenyl-sulfenyl chloride (DNPS-Cl) reagent, that leads to a Trp derivative with the DNPS label attached at 2-position of the indole nucleus."
943,DimethylamineGMBS,Modified GMBS X linker,267.3241,267.1583,H(21) C(13) N(3) O(3),C,Chemical derivative,,
957,2-succinyl,S-(2-succinyl) cysteine,116.0722,116.011,H(4) C(4) O(4),C,Chemical derivative,,
958,Propargylamine,propargylamine,37.0632,37.0316,H(3) C(3) N O(-1),D,Chemical derivative,,
958,Propargylamine,propargylamine,37.0632,37.0316,H(3) C(3) N O(-1),C-term,Chemical derivative,,
958,Propargylamine,propargylamine,37.0632,37.0316,H(3) C(3) N O(-1),E,Chemical derivative,,
978,BITC,Benzyl isothiocyanate,149.2129,149.0299,H(7) C(8) N S,N-term,Chemical derivative,,
978,BITC,Benzyl isothiocyanate,149.2129,149.0299,H(7) C(8) N S,K,Chemical derivative,,
978,BITC,Benzyl isothiocyanate,149.2129,149.0299,H(7) C(8) N S,C,Chemical derivative,,
977,Carbofuran,"2,3-dihydro-2,2-dimethyl-7-benzofuranol N-methyl carbamate",57.0513,57.0215,H(3) C(2) N O,S,Chemical derivative,,
979,PEITC,Phenethyl isothiocyanate,163.2395,163.0456,H(9) C(9) N S,N-term,Chemical derivative,,
979,PEITC,Phenethyl isothiocyanate,163.2395,163.0456,H(9) C(9) N S,K,Chemical derivative,,
979,PEITC,Phenethyl isothiocyanate,163.2395,163.0456,H(9) C(9) N S,C,Chemical derivative,,
967,thioacylPA,membrane protein extraction,159.2062,159.0354,H(9) C(6) N O(2) S,K,Chemical derivative,,
984,cysTMT,Native cysteine-reactive Tandem Mass Tag®,299.4322,299.1667,H(25) C(14) N(3) O(2) S,C,Chemical derivative,"This modification describes the native cysteine-reactive cysTMT Reagent without isotopic label. Upon CID, this reagent releases a reporter ion of 126.127725 (monoisotopic mass).",
993,Biotin:Sigma-B1267,was Biotin-maleimide,449.5239,449.1733,H(27) C(20) N(5) O(5) S,C,Chemical derivative,,
997,sulfo+amino,aminotyrosine with sulfation,95.0778,94.9677,H N O(3) S,Y,Chemical derivative,,
1000,AHA-Alkyne,Azidohomoalanine (AHA) bound to propargylglycine-NH2 (alkyne),107.0504,107.0773,H(5) C(4) N(5) O S(-1),M,Chemical derivative,Methionine (C5H11NO2S) is substituted in culture with azidohomoalanine (AHA - C4H8N4O2). The azide group reacts with the alkyne group propargylglycine-NH2. As a result the side chain of methionine (C3H7S) is substituted by C7H12N5O.,
1001,AHA-Alkyne-KDDDD,Azidohomoalanine (AHA) bound to DDDDK-propargylglycine-NH2 (alkyne),695.5723,695.2801,H(37) C(26) N(11) O(14) S(-1),M,Chemical derivative,Methionine (C5H11NO2S) is substituted in culture with azidohomoalanine (AHA - C4H8N4O2). The azide group reacts with the alkyne group DDDDK-propargylglycine-NH2. As a result the side chain of methionine (C3H7S) is substituted by C29H44N11O14.,
1009,Thiazolidine,formaldehyde adduct,12.0107,12.0,C,W,Chemical derivative,,
1009,Thiazolidine,formaldehyde adduct,12.0107,12.0,C,Y,Chemical derivative,,
1009,Thiazolidine,formaldehyde adduct,12.0107,12.0,C,H,Chemical derivative,,
1009,Thiazolidine,formaldehyde adduct,12.0107,12.0,C,R,Chemical derivative,,
1009,Thiazolidine,formaldehyde adduct,12.0107,12.0,C,K,Chemical derivative,,
1009,Thiazolidine,formaldehyde adduct,12.0107,12.0,C,N-term,Chemical derivative,,
1009,Thiazolidine,formaldehyde adduct,12.0107,12.0,C,C,Chemical derivative,,
1009,Thiazolidine,formaldehyde adduct,12.0107,12.0,C,F,Chemical derivative,,
1012,Biotin:Invitrogen-M1602,Nalpha-(3-maleimidylpropionyl)biocytin,523.6024,523.2101,H(33) C(23) N(5) O(7) S,C,Chemical derivative,,
1020,Xlink:DSS[156],Water-quenched monolink of DSS/BS3 crosslinker,156.1791,156.0786,H(12) C(8) O(3),K,Chemical derivative,,
1020,Xlink:DSS[156],Water-quenched monolink of DSS/BS3 crosslinker,156.1791,156.0786,H(12) C(8) O(3),N-term,Chemical derivative,,
1014,glycidamide,glycidamide adduct,87.0773,87.032,H(5) C(3) N O(2),K,Chemical derivative,,
1014,glycidamide,glycidamide adduct,87.0773,87.032,H(5) C(3) N O(2),N-term,Chemical derivative,,
1021,Xlink:EGS[244],Water quenched monolink of EGS cross-linker,244.1981,244.0583,H(12) C(10) O(7),N-term,Chemical derivative,,
1021,Xlink:EGS[244],Water quenched monolink of EGS cross-linker,244.1981,244.0583,H(12) C(10) O(7),K,Chemical derivative,,
1022,Xlink:DST[132],Water quenched monolink of DST crosslinker,132.0716,132.0059,H(4) C(4) O(5),N-term,Chemical derivative,,
1022,Xlink:DST[132],Water quenched monolink of DST crosslinker,132.0716,132.0059,H(4) C(4) O(5),K,Chemical derivative,,
1023,Xlink:DTSSP[192],Water quenched monolink of DSP/DTSSP crosslinker,192.2559,191.9915,H(8) C(6) O(3) S(2),N-term,Chemical derivative,,
1023,Xlink:DTSSP[192],Water quenched monolink of DSP/DTSSP crosslinker,192.2559,191.9915,H(8) C(6) O(3) S(2),K,Chemical derivative,,
1024,Xlink:SMCC[237],Water quenched monolink of SMCC,237.2518,237.1001,H(15) C(12) N O(4),C,Chemical derivative,,
1024,Xlink:SMCC[237],Water quenched monolink of SMCC,237.2518,237.1001,H(15) C(12) N O(4),K,Chemical derivative,,
1024,Xlink:SMCC[237],Water quenched monolink of SMCC,237.2518,237.1001,H(15) C(12) N O(4),N-term,Chemical derivative,,
1032,2-nitrobenzyl,Tyrosine caged with 2-nitrobenzyl (ONB),135.1201,135.032,H(5) C(7) N O(2),Y,Chemical derivative,,
1027,Xlink:DMP[140],Water quenched monolink of DMP crosslinker,140.183,140.095,H(12) C(7) N(2) O,N-term,Chemical derivative,,
1027,Xlink:DMP[140],Water quenched monolink of DMP crosslinker,140.183,140.095,H(12) C(7) N(2) O,K,Chemical derivative,,
1028,Xlink:EGS[115],Cleavage product of EGS protein crosslinks by hydroylamine treatment,115.0874,115.0269,H(5) C(4) N O(3),N-term,Chemical derivative,,
1028,Xlink:EGS[115],Cleavage product of EGS protein crosslinks by hydroylamine treatment,115.0874,115.0269,H(5) C(4) N O(3),K,Chemical derivative,,
1034,Cys->SecNEM:2H(5),D5 N-ethylmaleimide on selenocysteines,177.0511,178.0235,H(2) 2H(5) C(6) N O(2) S(-1) Se,C,Chemical derivative,,
1035,Thiadiazole,Thiadiazolydation of Cys,174.2223,174.0252,H(6) C(9) N(2) S,C,Chemical derivative,,
1031,Biotin:Thermo-88310,desthiobiotin modification of lysine,196.2462,196.1212,H(16) C(10) N(2) O(2),K,Chemical derivative,,
1038,TAMRA-FP,TAMRA fluorophosphonate modification of serine,659.7514,659.3124,H(46) C(37) N(3) O(6) P,Y,Chemical derivative,"TAMRA-FP was designed to label the active site serine of serine hydrolases (e.g. esterases, peptidases, lipases)",
1038,TAMRA-FP,TAMRA fluorophosphonate modification of serine,659.7514,659.3124,H(46) C(37) N(3) O(6) P,S,Chemical derivative,"TAMRA-FP was designed to label the active site serine of serine hydrolases (e.g. esterases, peptidases, lipases)",
1039,Biotin:Thermo-21901+H2O,Maleimide-Biotin + Water,543.6336,543.2363,H(37) C(23) N(5) O(8) S,C,Chemical derivative,,
1041,Deoxyhypusine,Deoxyhypusine,71.121,71.0735,H(9) C(4) N,Q,Chemical derivative,Deoxyhypusine synthase catalyzes the formation of a deoxyhypusine by transferring an aminobutyl moiety from spermidine onto a conserved lysine residue within the eIF5A,putrescine Q-PUT
1251,Biotin:Thermo-33033,Sulfo-SBED Label Photoreactive Biotin Crosslinker,548.7211,548.2239,H(36) C(25) N(6) O(4) S(2),N-term,Chemical derivative,,Sulfo-SBED Label Transfer ReagentrnReaction path that does not remove one Hidrogen atom from the target peptide
1252,Biotin:Thermo-33033-H,Sulfo-SBED Label Photoreactive Biotin Crosslinker minus Hydrogen,546.7053,546.2083,H(34) C(25) N(6) O(4) S(2),N-term,Chemical derivative,,Sulfo-SBED Label Transfer Reagent. Reaction path that removes one Hydrogen atom from the target peptide
1253,2-monomethylsuccinyl,S-(2-monomethylsuccinyl) cysteine,130.0987,130.0266,H(6) C(5) O(4),C,Chemical derivative,,
1254,Saligenin,o-toluene,106.1219,106.0419,H(6) C(7) O,H,Chemical derivative,"Believed to be created in a secondary reaction after initial formation of an adduct between the organophosphate 2-(o-cresyl)-4H-1,3,2-benzodioxaphosphorane-2-one and Tyr or Ser in proteins.",
1254,Saligenin,o-toluene,106.1219,106.0419,H(6) C(7) O,K,Chemical derivative,"Believed to be created in a secondary reaction after initial formation of an adduct between the organophosphate 2-(o-cresyl)-4H-1,3,2-benzodioxaphosphorane-2-one and Tyr or Ser in proteins.",
1255,Cresylphosphate,o-toluyl-phosphorylation,170.1024,170.0133,H(7) C(7) O(3) P,R,Chemical derivative,"Created by hydrolysis of the product of the reaction of 2-(o-cresyl)-4H-1,3,2-benzodioxaphosphorane-2-one with amino acids residues in proteins.",
1255,Cresylphosphate,o-toluyl-phosphorylation,170.1024,170.0133,H(7) C(7) O(3) P,S,Chemical derivative,"Created by hydrolysis of the product of the reaction of 2-(o-cresyl)-4H-1,3,2-benzodioxaphosphorane-2-one with amino acids residues in proteins.",
1255,Cresylphosphate,o-toluyl-phosphorylation,170.1024,170.0133,H(7) C(7) O(3) P,T,Chemical derivative,"Created by hydrolysis of the product of the reaction of 2-(o-cresyl)-4H-1,3,2-benzodioxaphosphorane-2-one with amino acids residues in proteins.",
1255,Cresylphosphate,o-toluyl-phosphorylation,170.1024,170.0133,H(7) C(7) O(3) P,Y,Chemical derivative,"Created by hydrolysis of the product of the reaction of 2-(o-cresyl)-4H-1,3,2-benzodioxaphosphorane-2-one with amino acids residues in proteins.",
1255,Cresylphosphate,o-toluyl-phosphorylation,170.1024,170.0133,H(7) C(7) O(3) P,K,Chemical derivative,"Created by hydrolysis of the product of the reaction of 2-(o-cresyl)-4H-1,3,2-benzodioxaphosphorane-2-one with amino acids residues in proteins.",
1255,Cresylphosphate,o-toluyl-phosphorylation,170.1024,170.0133,H(7) C(7) O(3) P,H,Chemical derivative,"Created by hydrolysis of the product of the reaction of 2-(o-cresyl)-4H-1,3,2-benzodioxaphosphorane-2-one with amino acids residues in proteins.",
1256,CresylSaligeninPhosphate,Cresyl-Saligenin-phosphorylation,276.2244,276.0551,H(13) C(14) O(4) P,R,Chemical derivative,"Created by reaction of 2-(o-cresyl)-4H-1,3,2-benzodioxaphosphorane-2-one with amino acid residues in proteins.",
1256,CresylSaligeninPhosphate,Cresyl-Saligenin-phosphorylation,276.2244,276.0551,H(13) C(14) O(4) P,S,Chemical derivative,"Created by reaction of 2-(o-cresyl)-4H-1,3,2-benzodioxaphosphorane-2-one with amino acid residues in proteins.",
1256,CresylSaligeninPhosphate,Cresyl-Saligenin-phosphorylation,276.2244,276.0551,H(13) C(14) O(4) P,T,Chemical derivative,"Created by reaction of 2-(o-cresyl)-4H-1,3,2-benzodioxaphosphorane-2-one with amino acid residues in proteins.",
1256,CresylSaligeninPhosphate,Cresyl-Saligenin-phosphorylation,276.2244,276.0551,H(13) C(14) O(4) P,Y,Chemical derivative,"Created by reaction of 2-(o-cresyl)-4H-1,3,2-benzodioxaphosphorane-2-one with amino acid residues in proteins.",
1256,CresylSaligeninPhosphate,Cresyl-Saligenin-phosphorylation,276.2244,276.0551,H(13) C(14) O(4) P,K,Chemical derivative,"Created by reaction of 2-(o-cresyl)-4H-1,3,2-benzodioxaphosphorane-2-one with amino acid residues in proteins.",
1256,CresylSaligeninPhosphate,Cresyl-Saligenin-phosphorylation,276.2244,276.0551,H(13) C(14) O(4) P,H,Chemical derivative,"Created by reaction of 2-(o-cresyl)-4H-1,3,2-benzodioxaphosphorane-2-one with amino acid residues in proteins.",
1257,Ub-Br2,Ub Bromide probe addition,100.1191,100.0637,H(8) C(4) N(2) O,C,Chemical derivative,,
1258,Ub-VME,Ubiquitin vinylmethylester,172.1818,172.0848,H(12) C(7) N(2) O(3),C,Chemical derivative,,
1261,Ub-fluorescein,Ub Fluorescein probe addition,597.598,597.2098,H(29) C(31) N(6) O(7),C,Chemical derivative,Unpublished chemically synthesized protein modification tool.,
1262,2-dimethylsuccinyl,S-(2-dimethylsuccinyl) cysteine,144.1253,144.0423,H(8) C(6) O(4),C,Chemical derivative,,
1263,Gly,Addition of Glycine,57.0513,57.0215,H(3) C(2) N O,T,Chemical derivative,"Occasionally used as chemical tag. In most cases, +57 is actually over-alkylation with iodoacetamide",
1263,Gly,Addition of Glycine,57.0513,57.0215,H(3) C(2) N O,S,Chemical derivative,"Occasionally used as chemical tag. In most cases, +57 is actually over-alkylation with iodoacetamide",
1263,Gly,Addition of Glycine,57.0513,57.0215,H(3) C(2) N O,K,Chemical derivative,"Occasionally used as chemical tag. In most cases, +57 is actually over-alkylation with iodoacetamide",
1276,UgiJoullie,Side reaction of HisTag,1107.1274,1106.4894,H(60) C(47) N(23) O(10),E,Chemical derivative,Side product of the three component Ugi-Joullie reaction. Pirrolidine is reacted with a isocianide modificated peptide (CNGGHHHHHH) to get a Pro-Gly-GGHHHHHH. The main product is the C-terminal modified protein. Unlikely Asp and Glu can react.,
1276,UgiJoullie,Side reaction of HisTag,1107.1274,1106.4894,H(60) C(47) N(23) O(10),D,Chemical derivative,Side product of the three component Ugi-Joullie reaction. Pirrolidine is reacted with a isocianide modificated peptide (CNGGHHHHHH) to get a Pro-Gly-GGHHHHHH. The main product is the C-terminal modified protein. Unlikely Asp and Glu can react.,
1282,UgiJoullieProGly,Side reaction of PG with Side chain of aspartic or glutamic acid,154.1665,154.0742,H(10) C(7) N(2) O(2),D,Chemical derivative,Side product of the three component Ugi-Joullie reaction. Pirrolidine is reacted with a isocianide modificated glycine to get  Protein-Pro-Gly. The main product is the C-terminal modified protein. Unlikely Asp and Glu can react.,
1282,UgiJoullieProGly,Side reaction of PG with Side chain of aspartic or glutamic acid,154.1665,154.0742,H(10) C(7) N(2) O(2),E,Chemical derivative,Side product of the three component Ugi-Joullie reaction. Pirrolidine is reacted with a isocianide modificated glycine to get  Protein-Pro-Gly. The main product is the C-terminal modified protein. Unlikely Asp and Glu can react.,
1277,Dipyridyl,Cys modified with dipy ligand,225.2459,225.0902,H(11) C(13) N(3) O,C,Chemical derivative,Cysteine residue reacts with a chlorinated dipyridyl ligand to get a monoalkylated Cys-L1. The only product is this single cys mutant modified on that position.,
1278,Furan,Chemical modification of the iodinated sites of thyroglobulin by Suzuki reaction,66.0581,66.0106,H(2) C(4) O,Y,Chemical derivative,,
1279,Difuran,Chemical modification of the diiodinated sites of thyroglobulin by Suzuki reaction,132.1162,132.0211,H(4) C(8) O(2),Y,Chemical derivative,,
1281,BMP-piperidinol,1-methyl-3-benzoyl-4-hydroxy-4-phenylpiperidine,263.3337,263.131,H(17) C(18) N O,C,Chemical derivative,,
1281,BMP-piperidinol,1-methyl-3-benzoyl-4-hydroxy-4-phenylpiperidine,263.3337,263.131,H(17) C(18) N O,M,Chemical derivative,,
1283,UgiJoullieProGlyProGly,Side reaction of PGPG with Side chain of aspartic or glutamic acid,308.333,308.1485,H(20) C(14) N(4) O(4),D,Chemical derivative,Side product of the three component Ugi-Joullie reaction. Pirrolidine is reacted with a isocianide modificated glycine to get  Protein-Pro-Gly-Pro-Gly. The main product is the C-terminal modified protein. Unlikely Asp and Glu can react.,
1283,UgiJoullieProGlyProGly,Side reaction of PGPG with Side chain of aspartic or glutamic acid,308.333,308.1485,H(20) C(14) N(4) O(4),E,Chemical derivative,Side product of the three component Ugi-Joullie reaction. Pirrolidine is reacted with a isocianide modificated glycine to get  Protein-Pro-Gly-Pro-Gly. The main product is the C-terminal modified protein. Unlikely Asp and Glu can react.,
1305,Propyl,Propyl,42.0797,42.047,H(6) C(3),D,Chemical derivative,,propyl ester
1305,Propyl,Propyl,42.0797,42.047,H(6) C(3),E,Chemical derivative,,propyl ester
1305,Propyl,Propyl,42.0797,42.047,H(6) C(3),C-term,Chemical derivative,,propyl ester
1305,Propyl,Propyl,42.0797,42.047,H(6) C(3),C-term,Chemical derivative,,propyl ester
1310,Propiophenone,Propiophenone,132.1592,132.0575,H(8) C(9) O,C,Chemical derivative,,
1310,Propiophenone,Propiophenone,132.1592,132.0575,H(8) C(9) O,W,Chemical derivative,,
1310,Propiophenone,Propiophenone,132.1592,132.0575,H(8) C(9) O,T,Chemical derivative,,
1310,Propiophenone,Propiophenone,132.1592,132.0575,H(8) C(9) O,S,Chemical derivative,,
1310,Propiophenone,Propiophenone,132.1592,132.0575,H(8) C(9) O,R,Chemical derivative,,
1310,Propiophenone,Propiophenone,132.1592,132.0575,H(8) C(9) O,K,Chemical derivative,,
1310,Propiophenone,Propiophenone,132.1592,132.0575,H(8) C(9) O,H,Chemical derivative,,
1345,PS_Hapten,reaction with phenyl salicylate (PS),120.1055,120.0211,H(4) C(7) O(2),H,Chemical derivative,,
1345,PS_Hapten,reaction with phenyl salicylate (PS),120.1055,120.0211,H(4) C(7) O(2),C,Chemical derivative,,
1345,PS_Hapten,reaction with phenyl salicylate (PS),120.1055,120.0211,H(4) C(7) O(2),K,Chemical derivative,,
1348,Cy3-maleimide,Cy3 Maleimide mono-Reactive dye,753.9046,753.2628,H(45) C(37) N(4) O(9) S(2),C,Chemical derivative,,
1312,Delta:H(6)C(3)O(1),Reduced acrolein addition +58,58.0791,58.0419,H(6) C(3) O,N-term,Chemical derivative,,
1312,Delta:H(6)C(3)O(1),Reduced acrolein addition +58,58.0791,58.0419,H(6) C(3) O,K,Chemical derivative,,
1312,Delta:H(6)C(3)O(1),Reduced acrolein addition +58,58.0791,58.0419,H(6) C(3) O,H,Chemical derivative,,
1312,Delta:H(6)C(3)O(1),Reduced acrolein addition +58,58.0791,58.0419,H(6) C(3) O,C,Chemical derivative,,
1313,Delta:H(8)C(6)O(1),Reduced acrolein addition +96,96.1271,96.0575,H(8) C(6) O,N-term,Chemical derivative,,
1313,Delta:H(8)C(6)O(1),Reduced acrolein addition +96,96.1271,96.0575,H(8) C(6) O,K,Chemical derivative,,
1314,biotinAcrolein298,biotin hydrazide labeled acrolein addition +298,298.4044,298.1463,H(22) C(13) N(4) O(2) S,H,Chemical derivative,,
1314,biotinAcrolein298,biotin hydrazide labeled acrolein addition +298,298.4044,298.1463,H(22) C(13) N(4) O(2) S,K,Chemical derivative,,
1314,biotinAcrolein298,biotin hydrazide labeled acrolein addition +298,298.4044,298.1463,H(22) C(13) N(4) O(2) S,N-term,Chemical derivative,,
1314,biotinAcrolein298,biotin hydrazide labeled acrolein addition +298,298.4044,298.1463,H(22) C(13) N(4) O(2) S,C,Chemical derivative,,
1315,MM-diphenylpentanone,"3-methyl-5-(methylamino)-1,3-diphenylpentan-1-one",265.3496,265.1467,H(19) C(18) N O,C,Chemical derivative,,
1317,EHD-diphenylpentanone,"2-ethyl-3-hydroxy-1,3-diphenylpentan-1-one",266.3343,266.1307,H(18) C(18) O(2),M,Chemical derivative,,
1317,EHD-diphenylpentanone,"2-ethyl-3-hydroxy-1,3-diphenylpentan-1-one",266.3343,266.1307,H(18) C(18) O(2),C,Chemical derivative,,
1349,benzylguanidine,modification of the lysine side chain from NH2 to guanidine with a H removed in favor of a benzyl group,132.1625,132.0687,H(8) C(8) N(2),K,Chemical derivative,,
1350,CarboxymethylDMAP,A fixed +1 charge tag attached to the N-terminus of peptides,162.1885,162.0793,H(10) C(9) N(2) O,N-term,Chemical derivative,,
1320,Biotin:Thermo-21901+2H2O,Maleimide-Biotin + 2Water,561.6489,561.2468,H(39) C(23) N(5) O(9) S,C,Chemical derivative,,
1887,Xlink:BuUrBu[213],Ammonia quenched monolink of BuUrBu crosslinker,213.2337,213.1113,H(15) C(9) N(3) O(3),K,Chemical derivative,,
1887,Xlink:BuUrBu[213],Ammonia quenched monolink of BuUrBu crosslinker,213.2337,213.1113,H(15) C(9) N(3) O(3),N-term,Chemical derivative,,
1330,bisANS-sulfonates,BisANS with loss of both sulfonates,434.5305,434.1783,H(22) C(32) N(2),T,Chemical derivative,,
1330,bisANS-sulfonates,BisANS with loss of both sulfonates,434.5305,434.1783,H(22) C(32) N(2),S,Chemical derivative,,
1330,bisANS-sulfonates,BisANS with loss of both sulfonates,434.5305,434.1783,H(22) C(32) N(2),K,Chemical derivative,,
1331,DNCB_hapten,"Chemical reaction with 2,4-dinitro-1-chloro benzene (DNCB)",166.0911,166.0015,H(2) C(6) N(2) O(4),Y,Chemical derivative,"Chemical reaction with 2,4-dinitro-1-chloro benzene (DNCB) by nucleophilic  attack on electrophilic amino acid side chains",
1331,DNCB_hapten,"Chemical reaction with 2,4-dinitro-1-chloro benzene (DNCB)",166.0911,166.0015,H(2) C(6) N(2) O(4),H,Chemical derivative,"Chemical reaction with 2,4-dinitro-1-chloro benzene (DNCB) by nucleophilic  attack on electrophilic amino acid side chains",
1331,DNCB_hapten,"Chemical reaction with 2,4-dinitro-1-chloro benzene (DNCB)",166.0911,166.0015,H(2) C(6) N(2) O(4),K,Chemical derivative,"Chemical reaction with 2,4-dinitro-1-chloro benzene (DNCB) by nucleophilic  attack on electrophilic amino acid side chains",
1331,DNCB_hapten,"Chemical reaction with 2,4-dinitro-1-chloro benzene (DNCB)",166.0911,166.0015,H(2) C(6) N(2) O(4),C,Chemical derivative,"Chemical reaction with 2,4-dinitro-1-chloro benzene (DNCB) by nucleophilic  attack on electrophilic amino acid side chains",
1326,NEMsulfur,N-ethylmaleimideSulfur,157.1903,157.0197,H(7) C(6) N O(2) S,C,Chemical derivative,,
1328,NEMsulfurWater,N-ethylmaleimideSulfurWater,175.2056,175.0303,H(9) C(6) N O(3) S,C,Chemical derivative,,
1358,NEM:2H(5)+H2O,D5 N-ethylmaleimide+water on cysteines,148.1714,148.0896,H(4) 2H(5) C(6) N O(3),C,Chemical derivative,Lab based observation that D5 NEM hydrolyses in an analogous way to NEM,
1364,O-Et-N-diMePhospho,"O-ethyl, N-dimethyl phosphate",135.1015,135.0449,H(10) C(4) N O(2) P,S,Chemical derivative,Adduct formed upon reaction of the organophosphate tabun with the active site serine of serine esterases/proteases such as butyrylcholinestease.,
1365,N-dimethylphosphate,N-dimethylphosphate,107.0483,107.0136,H(6) C(2) N O(2) P,S,Chemical derivative,This adduct is a consequence of hydrolysis of the initial adduct formed by tabun (aging) on the active site serine of serine esterases/proteases such as butyrylcholinesterase.,
1340,Biotin:Thermo-21911,Biotin-PEG11-maleimide,922.0913,921.4617,H(71) C(41) N(5) O(16) S,C,Chemical derivative,,
1341,iodoTMT,Native iodoacetyl Tandem Mass Tag®,324.4185,324.2161,H(28) C(16) N(4) O(3),K,Chemical derivative,"This modification describes the native iodoTMT Reagent without isotopic label. Upon CID, this reagent releases a reporter ion of 126.127725(monoisotopic mass).",
1341,iodoTMT,Native iodoacetyl Tandem Mass Tag®,324.4185,324.2161,H(28) C(16) N(4) O(3),H,Chemical derivative,"This modification describes the native iodoTMT Reagent without isotopic label. Upon CID, this reagent releases a reporter ion of 126.127725(monoisotopic mass).",
1341,iodoTMT,Native iodoacetyl Tandem Mass Tag®,324.4185,324.2161,H(28) C(16) N(4) O(3),E,Chemical derivative,"This modification describes the native iodoTMT Reagent without isotopic label. Upon CID, this reagent releases a reporter ion of 126.127725(monoisotopic mass).",
1341,iodoTMT,Native iodoacetyl Tandem Mass Tag®,324.4185,324.2161,H(28) C(16) N(4) O(3),D,Chemical derivative,"This modification describes the native iodoTMT Reagent without isotopic label. Upon CID, this reagent releases a reporter ion of 126.127725(monoisotopic mass).",
1341,iodoTMT,Native iodoacetyl Tandem Mass Tag®,324.4185,324.2161,H(28) C(16) N(4) O(3),C,Chemical derivative,"This modification describes the native iodoTMT Reagent without isotopic label. Upon CID, this reagent releases a reporter ion of 126.127725(monoisotopic mass).",
1342,iodoTMT6plex,Sixplex iodoacetyl Tandem Mass Tag®,329.3825,329.2266,H(28) C(12) 13C(4) N(3) 15N O(3),K,Chemical derivative,"This modification describes the native iodoTMT Reagent without isotopic label. Upon CID, this reagent releases a reporter ions of 126.127725, 127.124760, 128.134433, 129.131468, 130.141141, and 131.138176 (monoisotopic mass).",
1342,iodoTMT6plex,Sixplex iodoacetyl Tandem Mass Tag®,329.3825,329.2266,H(28) C(12) 13C(4) N(3) 15N O(3),H,Chemical derivative,"This modification describes the native iodoTMT Reagent without isotopic label. Upon CID, this reagent releases a reporter ions of 126.127725, 127.124760, 128.134433, 129.131468, 130.141141, and 131.138176 (monoisotopic mass).",
1342,iodoTMT6plex,Sixplex iodoacetyl Tandem Mass Tag®,329.3825,329.2266,H(28) C(12) 13C(4) N(3) 15N O(3),E,Chemical derivative,"This modification describes the native iodoTMT Reagent without isotopic label. Upon CID, this reagent releases a reporter ions of 126.127725, 127.124760, 128.134433, 129.131468, 130.141141, and 131.138176 (monoisotopic mass).",
1342,iodoTMT6plex,Sixplex iodoacetyl Tandem Mass Tag®,329.3825,329.2266,H(28) C(12) 13C(4) N(3) 15N O(3),D,Chemical derivative,"This modification describes the native iodoTMT Reagent without isotopic label. Upon CID, this reagent releases a reporter ions of 126.127725, 127.124760, 128.134433, 129.131468, 130.141141, and 131.138176 (monoisotopic mass).",
1342,iodoTMT6plex,Sixplex iodoacetyl Tandem Mass Tag®,329.3825,329.2266,H(28) C(12) 13C(4) N(3) 15N O(3),C,Chemical derivative,"This modification describes the native iodoTMT Reagent without isotopic label. Upon CID, this reagent releases a reporter ions of 126.127725, 127.124760, 128.134433, 129.131468, 130.141141, and 131.138176 (monoisotopic mass).",
1380,methylsulfonylethyl,reaction with methyl vinyl sulfone,106.1435,106.0088,H(6) C(3) O(2) S,K,Chemical derivative,,
1380,methylsulfonylethyl,reaction with methyl vinyl sulfone,106.1435,106.0088,H(6) C(3) O(2) S,H,Chemical derivative,,
1380,methylsulfonylethyl,reaction with methyl vinyl sulfone,106.1435,106.0088,H(6) C(3) O(2) S,C,Chemical derivative,,
1381,ethylsulfonylethyl,reaction with ethyl vinyl sulfone,120.1701,120.0245,H(8) C(4) O(2) S,H,Chemical derivative,,
1381,ethylsulfonylethyl,reaction with ethyl vinyl sulfone,120.1701,120.0245,H(8) C(4) O(2) S,C,Chemical derivative,,
1381,ethylsulfonylethyl,reaction with ethyl vinyl sulfone,120.1701,120.0245,H(8) C(4) O(2) S,K,Chemical derivative,,
1382,phenylsulfonylethyl,reaction with phenyl vinyl sulfone,168.2129,168.0245,H(8) C(8) O(2) S,C,Chemical derivative,,
1383,PyridoxalPhosphateH2,PLP bound to lysine reduced by sodium borohydride (NaBH4) to create amine linkage,231.1425,231.0297,H(10) C(8) N O(5) P,K,Chemical derivative,,This is a chemical derivatization of the PLP imine with sodium borohydride to reduce imine bound through lysine epsilon amine group to chemical stable amine linkage
1390,Oxidation+NEM,N-ethylmaleimide on cysteine sulfenic acid,141.1247,141.0426,H(7) C(6) N O(3),C,Chemical derivative,,
1391,NHS-fluorescein,fluorescein-hexanoate-NHS hydrolysis,471.4581,471.1318,H(21) C(27) N O(7),K,Chemical derivative,,
1397,Iodoacetanilide,iodoacetanilide derivative,133.1473,133.0528,H(7) C(8) N O,C,Chemical derivative,,
1398,Iodoacetanilide:13C(6),13C labelled iodoacetanilide derivative,139.1032,139.0729,H(7) C(2) 13C(6) N O,C,Chemical derivative,,
1399,Dap-DSP,Diaminopimelic acid-DSP monolinked,364.4377,364.0763,H(20) C(13) N(2) O(6) S(2),K,Chemical derivative,Addition of gram negative peptidoglycan amino acid (DAP) plus monolinked DSP,
1405,EEEDVIEVYQEQTGG,Sumoylation by SUMO-1 after Cyanogen bromide (CNBr) cleavage,1706.7153,1705.7319,H(107) C(72) N(17) O(31),K,Chemical derivative,,
1406,EDEDTIDVFQQQTGG,Sumoylation by SUMO-2/3 after Cyanogen bromide (CNBr) cleavage,1663.6508,1662.7009,H(102) C(69) N(18) O(30),K,Chemical derivative,,The cleavage products of SUMO-2 and SUMO-3 are indistinguishable
1421,spermidine,spermidine adduct,128.2153,128.1313,H(16) C(7) N(2),Q,Chemical derivative,,
1423,Biotin:Thermo-21330,Biotin_PEG4,473.5835,473.2196,H(35) C(21) N(3) O(7) S,N-term,Chemical derivative,"also available as 21329, 21362, 21363",
1423,Biotin:Thermo-21330,Biotin_PEG4,473.5835,473.2196,H(35) C(21) N(3) O(7) S,K,Chemical derivative,"also available as 21329, 21362, 21363",
1789,Xlink:DSS[155],Ammonium-quenched monolink of DSS/BS3 crosslinker,155.1943,155.0946,H(13) C(8) N O(2),N-term,Chemical derivative,,
1789,Xlink:DSS[155],Ammonium-quenched monolink of DSS/BS3 crosslinker,155.1943,155.0946,H(13) C(8) N O(2),K,Chemical derivative,,
1801,Fluorescein-tyramine,Fluorescein-tyramine adduct by peroxidase activity,493.4637,493.1162,H(19) C(29) N O(7),Y,Chemical derivative,,
1839,betaFNA,beta-Funaltrexamine,454.5155,454.2104,H(30) C(25) N(2) O(6),C,Chemical derivative,"Covalently bound structure in Manglik et al.,  Fig. 1b-Fig1c. Chemical formula % Sigma catalog entry.",
1839,betaFNA,beta-Funaltrexamine,454.5155,454.2104,H(30) C(25) N(2) O(6),K,Chemical derivative,"Covalently bound structure in Manglik et al.,  Fig. 1b-Fig1c. Chemical formula % Sigma catalog entry.",
1830,Biotin-tyramide,Biotin-Phenol,361.4585,361.146,H(23) C(18) N(3) O(3) S,Y,Chemical derivative,,
1830,Biotin-tyramide,Biotin-Phenol,361.4585,361.146,H(23) C(18) N(3) O(3) S,W,Chemical derivative,,Only observed on a small fraction of residues (~2%). See doi: 10.1038/nmeth.4465
1830,Biotin-tyramide,Biotin-Phenol,361.4585,361.146,H(23) C(18) N(3) O(3) S,C,Chemical derivative,,Only observed on a small fraction of residues (~2%). See doi: 10.1038/nmeth.4465
1824,GEE,transamidation of glycine ethyl ester to glutamine,86.0892,86.0368,H(6) C(4) O(2),Q,Chemical derivative,,GEE (glycine ethyl ester) is a substrate for the enzyme Factor XIII for cross-linking to fibrinogen
1832,IASD,Iodoacetamide derivative of stilbene (reaction product with thiol),452.4582,452.0348,H(16) C(18) N(2) O(8) S(2),C,Chemical derivative,,
1841,Biotin:Thermo-21328,EZ-Link Sulfo-NHS-SS-Biotin,389.5564,389.0902,H(23) C(15) N(3) O(3) S(3),K,Chemical derivative,,
1841,Biotin:Thermo-21328,EZ-Link Sulfo-NHS-SS-Biotin,389.5564,389.0902,H(23) C(15) N(3) O(3) S(3),N-term,Chemical derivative,,
1845,AzidoF,Azidophenylalanine,41.0122,41.0014,H(-1) N(3),F,Chemical derivative,,
1846,Dimethylaminoethyl,Cys alkylation by dimethylaminoethyl halide,71.121,71.0735,H(9) C(4) N,C,Chemical derivative,,
1868,MeMePhosphorothioate,S-Methyl Methyl phosphorothioate,108.0993,107.9799,H(5) C(2) O P S,S,Chemical derivative,,
1878,Xlink:DSSO[176],Water-quenched monolink of DSSO crosslinker,176.1903,176.0143,H(8) C(6) O(4) S,K,Chemical derivative,,
1878,Xlink:DSSO[176],Water-quenched monolink of DSSO crosslinker,176.1903,176.0143,H(8) C(6) O(4) S,N-term,Chemical derivative,,
1873,MesitylOxide,Acetone chemical artifact,98.143,98.0732,H(10) C(6) O,K,Chemical derivative,,
1873,MesitylOxide,Acetone chemical artifact,98.143,98.0732,H(10) C(6) O,H,Chemical derivative,,
1873,MesitylOxide,Acetone chemical artifact,98.143,98.0732,H(10) C(6) O,N-term,Chemical derivative,,
1877,Xlink:DSS[259],Tris-quenched monolink of DSS/BS3 crosslinker,259.2988,259.142,H(21) C(12) N O(5),K,Chemical derivative,,
1877,Xlink:DSS[259],Tris-quenched monolink of DSS/BS3 crosslinker,259.2988,259.142,H(21) C(12) N O(5),N-term,Chemical derivative,,
1875,methylol,formaldehyde induced modifications,30.026,30.0106,H(2) C O,Y,Chemical derivative,,
1875,methylol,formaldehyde induced modifications,30.026,30.0106,H(2) C O,W,Chemical derivative,,
1875,methylol,formaldehyde induced modifications,30.026,30.0106,H(2) C O,K,Chemical derivative,,
1879,Xlink:DSSO[175],Ammonia-quenched monolink of DSSO crosslinker,175.2056,175.0303,H(9) C(6) N O(3) S,K,Chemical derivative,,
1879,Xlink:DSSO[175],Ammonia-quenched monolink of DSSO crosslinker,175.2056,175.0303,H(9) C(6) N O(3) S,N-term,Chemical derivative,,
1880,Xlink:DSSO[279],Tris-quenched monolink of DSSO crosslinker,279.3101,279.0777,H(17) C(10) N O(6) S,K,Chemical derivative,,
1880,Xlink:DSSO[279],Tris-quenched monolink of DSSO crosslinker,279.3101,279.0777,H(17) C(10) N O(6) S,N-term,Chemical derivative,,
1881,Xlink:DSSO[54],Alkene fragment of DSSO crosslinker,54.0474,54.0106,H(2) C(3) O,N-term,Chemical derivative,,
1881,Xlink:DSSO[54],Alkene fragment of DSSO crosslinker,54.0474,54.0106,H(2) C(3) O,K,Chemical derivative,,
1882,Xlink:DSSO[86],Thiol fragment of DSSO crosslinker,86.1124,85.9826,H(2) C(3) O S,K,Chemical derivative,,
1882,Xlink:DSSO[86],Thiol fragment of DSSO crosslinker,86.1124,85.9826,H(2) C(3) O S,N-term,Chemical derivative,,
1883,Xlink:DSSO[104],Sulfenic acid fragment of DSSO crosslinker,104.1277,103.9932,H(4) C(3) O(2) S,K,Chemical derivative,,
1883,Xlink:DSSO[104],Sulfenic acid fragment of DSSO crosslinker,104.1277,103.9932,H(4) C(3) O(2) S,N-term,Chemical derivative,,
1885,Xlink:BuUrBu[111],BuUr fragment of BuUrBu crosslinker,111.0987,111.032,H(5) C(5) N O(2),K,Chemical derivative,,
1885,Xlink:BuUrBu[111],BuUr fragment of BuUrBu crosslinker,111.0987,111.032,H(5) C(5) N O(2),N-term,Chemical derivative,,
1886,Xlink:BuUrBu[85],Bu fragment of BuUrBu crosslinker,85.1045,85.0528,H(7) C(4) N O,K,Chemical derivative,,
1886,Xlink:BuUrBu[85],Bu fragment of BuUrBu crosslinker,85.1045,85.0528,H(7) C(4) N O,N-term,Chemical derivative,,
1888,Xlink:BuUrBu[214],Water quenched monolink of BuUrBu crosslinker,214.2185,214.0954,H(14) C(9) N(2) O(4),N-term,Chemical derivative,,
1888,Xlink:BuUrBu[214],Water quenched monolink of BuUrBu crosslinker,214.2185,214.0954,H(14) C(9) N(2) O(4),K,Chemical derivative,,
1889,Xlink:BuUrBu[317],Tris quenched monolink of BuUrBu crosslinker,317.3382,317.1587,H(23) C(13) N(3) O(6),N-term,Chemical derivative,,
1889,Xlink:BuUrBu[317],Tris quenched monolink of BuUrBu crosslinker,317.3382,317.1587,H(23) C(13) N(3) O(6),K,Chemical derivative,,
1896,Xlink:DSSO[158],Intact DSSO crosslinker,158.175,158.0038,H(6) C(6) O(3) S,K,Chemical derivative,,
1896,Xlink:DSSO[158],Intact DSSO crosslinker,158.175,158.0038,H(6) C(6) O(3) S,N-term,Chemical derivative,,
1898,Xlink:DSS[138],Intact DSS/BS3 crosslinker,138.1638,138.0681,H(10) C(8) O(2),K,Chemical derivative,,
1898,Xlink:DSS[138],Intact DSS/BS3 crosslinker,138.1638,138.0681,H(10) C(8) O(2),N-term,Chemical derivative,,
1899,Xlink:BuUrBu[196],Intact BuUrBu crosslinker,196.2032,196.0848,H(12) C(9) N(2) O(3),N-term,Chemical derivative,,
1899,Xlink:BuUrBu[196],Intact BuUrBu crosslinker,196.2032,196.0848,H(12) C(9) N(2) O(3),K,Chemical derivative,,
1900,Xlink:DTBP[172],Intact DTBP crosslinker,172.2711,172.0129,H(8) C(6) N(2) S(2),K,Chemical derivative,imidoester cross-linker,
1900,Xlink:DTBP[172],Intact DTBP crosslinker,172.2711,172.0129,H(8) C(6) N(2) S(2),N-term,Chemical derivative,imidoester cross-linker,
1901,Xlink:DST[114],Intact DST crosslinker,114.0563,113.9953,H(2) C(4) O(4),K,Chemical derivative,,
1901,Xlink:DST[114],Intact DST crosslinker,114.0563,113.9953,H(2) C(4) O(4),N-term,Chemical derivative,,
1902,Xlink:DTSSP[174],Intact DSP/DTSSP crosslinker,174.2406,173.9809,H(6) C(6) O(2) S(2),K,Chemical derivative,,
1902,Xlink:DTSSP[174],Intact DSP/DTSSP crosslinker,174.2406,173.9809,H(6) C(6) O(2) S(2),N-term,Chemical derivative,,
1903,Xlink:SMCC[219],Intact SMCC cross-link,219.2365,219.0895,H(13) C(12) N O(3),C,Chemical derivative,,
1903,Xlink:SMCC[219],Intact SMCC cross-link,219.2365,219.0895,H(13) C(12) N O(3),K,Chemical derivative,,
1903,Xlink:SMCC[219],Intact SMCC cross-link,219.2365,219.0895,H(13) C(12) N O(3),N-term,Chemical derivative,,
1906,Xlink:BS2G[113],Ammonium-quenched monolink of BS2-G crosslinker,113.1146,113.0477,H(7) C(5) N O(2),N-term,Chemical derivative,,
1906,Xlink:BS2G[113],Ammonium-quenched monolink of BS2-G crosslinker,113.1146,113.0477,H(7) C(5) N O(2),K,Chemical derivative,,
1907,Xlink:BS2G[114],Water-quenched monolink of BS2-G crosslinker,114.0993,114.0317,H(6) C(5) O(3),N-term,Chemical derivative,,
1907,Xlink:BS2G[114],Water-quenched monolink of BS2-G crosslinker,114.0993,114.0317,H(6) C(5) O(3),K,Chemical derivative,,
1908,Xlink:BS2G[217],Tris-quenched monolink of BS2-G crosslinker,217.2191,217.095,H(15) C(9) N O(5),N-term,Chemical derivative,,
1908,Xlink:BS2G[217],Tris-quenched monolink of BS2-G crosslinker,217.2191,217.095,H(15) C(9) N O(5),K,Chemical derivative,,
1911,Xlink:DMP[139],Ammonia quenched monolink of DMP crosslinker,139.1982,139.1109,H(13) C(7) N(3),K,Chemical derivative,,
1911,Xlink:DMP[139],Ammonia quenched monolink of DMP crosslinker,139.1982,139.1109,H(13) C(7) N(3),N-term,Chemical derivative,,
1912,Xlink:DMP[122],Intact DMP crosslinker,122.1677,122.0844,H(10) C(7) N(2),K,Chemical derivative,,
1912,Xlink:DMP[122],Intact DMP crosslinker,122.1677,122.0844,H(10) C(7) N(2),N-term,Chemical derivative,,
1914,Met->AspSA,Methionine oxidation to aspartic semialdehyde,-32.1081,-32.0085,H(-4) C(-1) O S(-1),M,Chemical derivative,,
1915,Decarboxylation,Decarboxylation,-30.026,-30.0106,H(-2) C(-1) O(-1),D,Chemical derivative,,
1915,Decarboxylation,Decarboxylation,-30.026,-30.0106,H(-2) C(-1) O(-1),E,Chemical derivative,,
1916,Aspartylurea,Aspartylurea,-10.0412,-10.032,H(-2) C(-1) N(-2) O(2),H,Chemical derivative,,
1917,Formylasparagine,In Bachi as Formylaspargine (typo?),4.9735,4.9789,H(-1) C(-1) N(-1) O(2),H,Chemical derivative,,
1918,Carbonyl,aldehyde and ketone modifications,13.9835,13.9793,H(-2) O,S,Chemical derivative,,
1918,Carbonyl,aldehyde and ketone modifications,13.9835,13.9793,H(-2) O,R,Chemical derivative,,
1918,Carbonyl,aldehyde and ketone modifications,13.9835,13.9793,H(-2) O,Q,Chemical derivative,,
1918,Carbonyl,aldehyde and ketone modifications,13.9835,13.9793,H(-2) O,L,Chemical derivative,,
1918,Carbonyl,aldehyde and ketone modifications,13.9835,13.9793,H(-2) O,I,Chemical derivative,,
1918,Carbonyl,aldehyde and ketone modifications,13.9835,13.9793,H(-2) O,E,Chemical derivative,,
1918,Carbonyl,aldehyde and ketone modifications,13.9835,13.9793,H(-2) O,A,Chemical derivative,,
1918,Carbonyl,aldehyde and ketone modifications,13.9835,13.9793,H(-2) O,V,Chemical derivative,,
1922,Pro->HAVA,Proline oxidation to 5-hydroxy-2-aminovaleric acid,18.0153,18.0106,H(2) O,P,Chemical derivative,,
1923,Delta:H(-4)O(2),"Tryptophan oxidation to beta-unsaturated-2,4-bis-tryptophandione",27.967,27.9585,H(-4) O(2),W,Chemical derivative,,
1924,Delta:H(-4)O(3),Tryptophan oxidation to hydroxy-bis-tryptophandione,43.9664,43.9534,H(-4) O(3),W,Chemical derivative,,
1927,Delta:H(4)C(5)O(1),methylglyoxal-derived argpyrimidine,80.0847,80.0262,H(4) C(5) O,R,Chemical derivative,,
1929,Delta:H(6)C(7)O(4),methylglyoxal-derived tetrahydropyrimidine,154.1201,154.0266,H(6) C(7) O(4),R,Chemical derivative,,
1986,Diethylphosphothione,O-diethylphosphothione,152.1518,152.0061,H(9) C(4) O(2) P S,Y,Chemical derivative,,
1986,Diethylphosphothione,O-diethylphosphothione,152.1518,152.0061,H(9) C(4) O(2) P S,T,Chemical derivative,,
1986,Diethylphosphothione,O-diethylphosphothione,152.1518,152.0061,H(9) C(4) O(2) P S,S,Chemical derivative,,
1986,Diethylphosphothione,O-diethylphosphothione,152.1518,152.0061,H(9) C(4) O(2) P S,K,Chemical derivative,,
1986,Diethylphosphothione,O-diethylphosphothione,152.1518,152.0061,H(9) C(4) O(2) P S,H,Chemical derivative,,
1986,Diethylphosphothione,O-diethylphosphothione,152.1518,152.0061,H(9) C(4) O(2) P S,C,Chemical derivative,,
1987,Dimethylphosphothione,O-dimethylphosphothione,124.0987,123.9748,H(5) C(2) O(2) P S,S,Chemical derivative,,
1987,Dimethylphosphothione,O-dimethylphosphothione,124.0987,123.9748,H(5) C(2) O(2) P S,K,Chemical derivative,,
1987,Dimethylphosphothione,O-dimethylphosphothione,124.0987,123.9748,H(5) C(2) O(2) P S,H,Chemical derivative,,
1987,Dimethylphosphothione,O-dimethylphosphothione,124.0987,123.9748,H(5) C(2) O(2) P S,C,Chemical derivative,,
1987,Dimethylphosphothione,O-dimethylphosphothione,124.0987,123.9748,H(5) C(2) O(2) P S,Y,Chemical derivative,,
1987,Dimethylphosphothione,O-dimethylphosphothione,124.0987,123.9748,H(5) C(2) O(2) P S,T,Chemical derivative,,
1989,monomethylphosphothione,O-methylphosphothione,110.0721,109.9591,H(3) C O(2) P S,S,Chemical derivative,Created by auto-catalytic dealkylation of the O-dimethylphosphothione adduct.,
1989,monomethylphosphothione,O-methylphosphothione,110.0721,109.9591,H(3) C O(2) P S,K,Chemical derivative,Created by auto-catalytic dealkylation of the O-dimethylphosphothione adduct.,
1989,monomethylphosphothione,O-methylphosphothione,110.0721,109.9591,H(3) C O(2) P S,H,Chemical derivative,Created by auto-catalytic dealkylation of the O-dimethylphosphothione adduct.,
1989,monomethylphosphothione,O-methylphosphothione,110.0721,109.9591,H(3) C O(2) P S,C,Chemical derivative,Created by auto-catalytic dealkylation of the O-dimethylphosphothione adduct.,
1989,monomethylphosphothione,O-methylphosphothione,110.0721,109.9591,H(3) C O(2) P S,T,Chemical derivative,Created by auto-catalytic dealkylation of the O-dimethylphosphothione adduct.,
1989,monomethylphosphothione,O-methylphosphothione,110.0721,109.9591,H(3) C O(2) P S,Y,Chemical derivative,Created by auto-catalytic dealkylation of the O-dimethylphosphothione adduct.,
1993,TMPP-Ac:13C(9),"heavy tris(2,4,6-trimethoxyphenyl)phosphonium acetic acid N-hydroxysuccinimide ester derivative",581.474,581.2113,H(33) C(20) 13C(9) O(10) P,N-term,Chemical derivative,The formula is reduced from H(34) to H(33) so as to give correct observed m/z values. The charge on the TMPP means that ions have one less proton than would be expected,
2001,ZQG,carbobenzoxy-L-glutaminyl-glycine,320.2973,320.1008,H(16) C(15) N(2) O(6),K,Chemical derivative,Glutamine-donor substrate for transglutaminase,
1999,Xlink:DST[56],DST crosslinker cleaved by sodium periodate,56.0202,55.9898,C(2) O(2),N-term,Chemical derivative,,
1999,Xlink:DST[56],DST crosslinker cleaved by sodium periodate,56.0202,55.9898,C(2) O(2),K,Chemical derivative,,
2006,Haloxon,O-Dichloroethylphosphate,204.9763,203.951,H(7) C(4) O(3) P Cl(2),Y,Chemical derivative,,
2006,Haloxon,O-Dichloroethylphosphate,204.9763,203.951,H(7) C(4) O(3) P Cl(2),T,Chemical derivative,,
2006,Haloxon,O-Dichloroethylphosphate,204.9763,203.951,H(7) C(4) O(3) P Cl(2),S,Chemical derivative,,
2006,Haloxon,O-Dichloroethylphosphate,204.9763,203.951,H(7) C(4) O(3) P Cl(2),K,Chemical derivative,,
2006,Haloxon,O-Dichloroethylphosphate,204.9763,203.951,H(7) C(4) O(3) P Cl(2),H,Chemical derivative,,
2006,Haloxon,O-Dichloroethylphosphate,204.9763,203.951,H(7) C(4) O(3) P Cl(2),C,Chemical derivative,,
2008,Methamidophos-O,O-methyl amino phosphinate,93.0217,92.998,H(4) C N O(2) P,Y,Chemical derivative,,
2008,Methamidophos-O,O-methyl amino phosphinate,93.0217,92.998,H(4) C N O(2) P,T,Chemical derivative,,
2008,Methamidophos-O,O-methyl amino phosphinate,93.0217,92.998,H(4) C N O(2) P,S,Chemical derivative,,
2008,Methamidophos-O,O-methyl amino phosphinate,93.0217,92.998,H(4) C N O(2) P,K,Chemical derivative,,
2008,Methamidophos-O,O-methyl amino phosphinate,93.0217,92.998,H(4) C N O(2) P,H,Chemical derivative,,
2008,Methamidophos-O,O-methyl amino phosphinate,93.0217,92.998,H(4) C N O(2) P,C,Chemical derivative,,
2015,shTMT,Super Heavy Tandem Mass Tag,235.2201,235.1767,H(20) C(3) 13C(9) 15N(2) O(2),N-term,Chemical derivative,"This modification describes the Super Heavy TMT Reagent. Upon HCD, this reagent releases a reporter ion of 132.14153 (monoisotopic mass)",
2015,shTMT,Super Heavy Tandem Mass Tag,235.2201,235.1767,H(20) C(3) 13C(9) 15N(2) O(2),N-term,Chemical derivative,"This modification describes the Super Heavy TMT Reagent. Upon HCD, this reagent releases a reporter ion of 132.14153 (monoisotopic mass)",
2015,shTMT,Super Heavy Tandem Mass Tag,235.2201,235.1767,H(20) C(3) 13C(9) 15N(2) O(2),K,Chemical derivative,"This modification describes the Super Heavy TMT Reagent. Upon HCD, this reagent releases a reporter ion of 132.14153 (monoisotopic mass)",
2017,TMTpro_zero,Native TMTpro Tandem Mass Tag,295.3773,295.1896,H(25) C(15) N(3) O(3),S,Chemical derivative,This modification describes the native TMTpro Reagent without isotopic label with reporter mass m/z 126.127726,
2017,TMTpro_zero,Native TMTpro Tandem Mass Tag,295.3773,295.1896,H(25) C(15) N(3) O(3),H,Chemical derivative,This modification describes the native TMTpro Reagent without isotopic label with reporter mass m/z 126.127726,
2017,TMTpro_zero,Native TMTpro Tandem Mass Tag,295.3773,295.1896,H(25) C(15) N(3) O(3),N-term,Chemical derivative,This modification describes the native TMTpro Reagent without isotopic label with reporter mass m/z 126.127726,
2017,TMTpro_zero,Native TMTpro Tandem Mass Tag,295.3773,295.1896,H(25) C(15) N(3) O(3),N-term,Chemical derivative,This modification describes the native TMTpro Reagent without isotopic label with reporter mass m/z 126.127726,
2017,TMTpro_zero,Native TMTpro Tandem Mass Tag,295.3773,295.1896,H(25) C(15) N(3) O(3),K,Chemical derivative,This modification describes the native TMTpro Reagent without isotopic label with reporter mass m/z 126.127726,
2017,TMTpro_zero,Native TMTpro Tandem Mass Tag,295.3773,295.1896,H(25) C(15) N(3) O(3),T,Chemical derivative,This modification describes the native TMTpro Reagent without isotopic label with reporter mass m/z 126.127726,
2041,3-hydroxybenzyl-phosphate,3-hydroxybenzyl phosphate,186.1018,186.0082,H(7) C(7) O(4) P,S,Chemical derivative,"Created by hydrolysis of the product of the reaction of 2-(o-cresyl)-4H-1,3,2-benzodioxaphosphorane-2-one with amino acids residues in proteins.",
2041,3-hydroxybenzyl-phosphate,3-hydroxybenzyl phosphate,186.1018,186.0082,H(7) C(7) O(4) P,K,Chemical derivative,"Created by hydrolysis of the product of the reaction of 2-(o-cresyl)-4H-1,3,2-benzodioxaphosphorane-2-one with amino acids residues in proteins.",
2041,3-hydroxybenzyl-phosphate,3-hydroxybenzyl phosphate,186.1018,186.0082,H(7) C(7) O(4) P,T,Chemical derivative,"Created by hydrolysis of the product of the reaction of 2-(o-cresyl)-4H-1,3,2-benzodioxaphosphorane-2-one with amino acids residues in proteins.",
2041,3-hydroxybenzyl-phosphate,3-hydroxybenzyl phosphate,186.1018,186.0082,H(7) C(7) O(4) P,Y,Chemical derivative,"Created by hydrolysis of the product of the reaction of 2-(o-cresyl)-4H-1,3,2-benzodioxaphosphorane-2-one with amino acids residues in proteins.",
2025,Andro-H2O,andrographolide with the loss of H2O,332.4339,332.1988,H(28) C(20) O(4),C,Chemical derivative,,
2033,Met+O(2),Photo-induced Methionine Adduct,163.1949,163.0303,H(9) C(5) N O(3) S,H,Chemical derivative,,Oxidative cross-link of free methionine to histidine residue in protein.
2034,Gly+O(2),Photo-induced Glycine Adduct,89.0501,89.0113,H(3) C(2) N O(3),H,Chemical derivative,,
2040,MBS+peptide,MBS_233p24 plus peptide 1250p53,1483.7597,1482.77,H(108) C(81) N(7) O(19),C,Chemical derivative,,"Loss of MBS, peptide from KLH after trypsin digestion"
2042,phenyl-phosphate,phenyl phosphate,156.0759,155.9976,H(5) C(6) O(3) P,S,Chemical derivative,"Created by hydrolysis of the product of the reaction of 2-(o-cresyl)-4H-1,3,2-benzodioxaphosphorane-2-one with amino acids residues in proteins.",
2042,phenyl-phosphate,phenyl phosphate,156.0759,155.9976,H(5) C(6) O(3) P,K,Chemical derivative,"Created by hydrolysis of the product of the reaction of 2-(o-cresyl)-4H-1,3,2-benzodioxaphosphorane-2-one with amino acids residues in proteins.",
2042,phenyl-phosphate,phenyl phosphate,156.0759,155.9976,H(5) C(6) O(3) P,T,Chemical derivative,"Created by hydrolysis of the product of the reaction of 2-(o-cresyl)-4H-1,3,2-benzodioxaphosphorane-2-one with amino acids residues in proteins.",
2042,phenyl-phosphate,phenyl phosphate,156.0759,155.9976,H(5) C(6) O(3) P,Y,Chemical derivative,"Created by hydrolysis of the product of the reaction of 2-(o-cresyl)-4H-1,3,2-benzodioxaphosphorane-2-one with amino acids residues in proteins.",
2053,Biotin:Aha-PC,Intact PC Biotin Alkyne tag,690.7246,690.2432,H(38) C(29) N(8) O(10) S,M,Chemical derivative,Methionine is substituted in culture with azidohomoalanine. The azide group reacts with the alkyne group of PC Biotin Alkyne.,
2062,DBIA,desthiobiotinylation of cysteine with DBIA probe,296.3654,296.1848,H(24) C(14) N(4) O(3),C,Chemical derivative,,
2057,6C-CysPAT,Iodoacetamido-LC-Phosphonic Acid derivative,221.1907,221.0817,H(16) C(8) N O(4) P,C,Chemical derivative,,
2058,Xlink:DSPP[210],Intact DSPP/TBDSPP crosslinker,210.0802,209.9718,H(3) C(8) O(5) P,N-term,Chemical derivative,,
2058,Xlink:DSPP[210],Intact DSPP/TBDSPP crosslinker,210.0802,209.9718,H(3) C(8) O(5) P,K,Chemical derivative,,
2059,Xlink:DSPP[228],Water-quenched monolink of DSPP/TBDSPP crosslinker,228.0955,227.9824,H(5) C(8) O(6) P,N-term,Chemical derivative,,
2059,Xlink:DSPP[228],Water-quenched monolink of DSPP/TBDSPP crosslinker,228.0955,227.9824,H(5) C(8) O(6) P,K,Chemical derivative,,
2060,Xlink:DSPP[331],Tris-quenched monolink of DSPP/TBDSPP crosslinker,331.2152,331.0457,H(14) C(12) N O(8) P,N-term,Chemical derivative,,
2060,Xlink:DSPP[331],Tris-quenched monolink of DSPP/TBDSPP crosslinker,331.2152,331.0457,H(14) C(12) N O(8) P,K,Chemical derivative,,
2061,Xlink:DSPP[226],Ammonia-quenched monolink of DSPP/TBDSPP crosslinker,226.1028,225.9905,H(5) C(8) N O(5) P,K,Chemical derivative,,
2061,Xlink:DSPP[226],Ammonia-quenched monolink of DSPP/TBDSPP crosslinker,226.1028,225.9905,H(5) C(8) N O(5) P,N-term,Chemical derivative,,
2073,N6pAMP,Plain N6-Propargyl-AMP modified proteins without any clicked enrichment tag,367.2539,367.0682,H(14) C(13) N(5) O(6) P,Y,Chemical derivative,,
2073,N6pAMP,Plain N6-Propargyl-AMP modified proteins without any clicked enrichment tag,367.2539,367.0682,H(14) C(13) N(5) O(6) P,T,Chemical derivative,,
2073,N6pAMP,Plain N6-Propargyl-AMP modified proteins without any clicked enrichment tag,367.2539,367.0682,H(14) C(13) N(5) O(6) P,S,Chemical derivative,,
2074,DABCYL-C2-maleimide,DABCYL-C2-maleimide Thiol-reactive dye for fluorescence labelling of proteins,391.4231,391.1644,H(21) C(21) N(5) O(3),K,Chemical derivative,,
2074,DABCYL-C2-maleimide,DABCYL-C2-maleimide Thiol-reactive dye for fluorescence labelling of proteins,391.4231,391.1644,H(21) C(21) N(5) O(3),C,Chemical derivative,,
2081,Ethynyl,Ethynlation of cysteine residues,24.0214,24.0,C(2),C,Chemical derivative,,
2067,Mono_Nγ-propargyl-L-Gln_desthiobiotin,Monomodification of Nγ-propargyl-L-Gln probe with clicked desthiobiotin-azide,596.6764,596.3282,H(44) C(26) N(8) O(8),C,Chemical derivative,- desthiobiotin-azide to enrich L-Gln-propargyl modified peptides,
2068,Di_L-Glu_Nγ-propargyl-L-Gln_desthiobiotin,Dimodification of L-Glu and Nγ-propargyl-L-Gln probe with clicked desthiobiotin-azide,709.7909,709.3759,H(51) C(31) N(9) O(10),E,Chemical derivative,- desthiobiotin-azide to enrich L-Gln-propargyl modified peptides,
2068,Di_L-Glu_Nγ-propargyl-L-Gln_desthiobiotin,Dimodification of L-Glu and Nγ-propargyl-L-Gln probe with clicked desthiobiotin-azide,709.7909,709.3759,H(51) C(31) N(9) O(10),D,Chemical derivative,- desthiobiotin-azide to enrich L-Gln-propargyl modified peptides,
2069,Di_L-Gln_Nγ-propargyl-L-Gln_desthiobiotin,Dimodification of L-Gln and Nγ-propargyl-L-Gln probe with clicked desthiobiotin-azide,708.8062,708.3919,H(52) C(31) N(10) O(9),E,Chemical derivative,- desthiobiotin-azide to enrich L-Gln-propargyl modified peptides,
2069,Di_L-Gln_Nγ-propargyl-L-Gln_desthiobiotin,Dimodification of L-Gln and Nγ-propargyl-L-Gln probe with clicked desthiobiotin-azide,708.8062,708.3919,H(52) C(31) N(10) O(9),D,Chemical derivative,- desthiobiotin-azide to enrich L-Gln-propargyl modified peptides,
2079,NBF,Thiol blocking reagent,163.0904,163.0018,H C(6) N(3) O(3),R,Chemical derivative,,
2079,NBF,Thiol blocking reagent,163.0904,163.0018,H C(6) N(3) O(3),K,Chemical derivative,,
2079,NBF,Thiol blocking reagent,163.0904,163.0018,H C(6) N(3) O(3),C,Chemical derivative,,
2080,DCP,Dimedone-Based Chemical Probes,168.1898,168.0786,H(12) C(9) O(3),C,Chemical derivative,,
1,Acetyl,Acetylation,42.0367,42.0106,H(2) C(2) O,R,Artefact,,glyoxal-derived hydroimidazolone
2,Amide,Amidation,-0.9848,-0.984,H N O(-1),C-term,Artefact,,MS/MS experiments of mass spectrometric c-ions (MS^3) can be used for protein identification by library searching. T3-sequencing is such a technique (see reference). Search engines must recognize this as a virtual modification.
4,Carbamidomethyl,Iodoacetamide derivative,57.0513,57.0215,H(3) C(2) N O,Y,Artefact,,
4,Carbamidomethyl,Iodoacetamide derivative,57.0513,57.0215,H(3) C(2) N O,T,Artefact,,
4,Carbamidomethyl,Iodoacetamide derivative,57.0513,57.0215,H(3) C(2) N O,S,Artefact,,
4,Carbamidomethyl,Iodoacetamide derivative,57.0513,57.0215,H(3) C(2) N O,E,Artefact,,
4,Carbamidomethyl,Iodoacetamide derivative,57.0513,57.0215,H(3) C(2) N O,D,Artefact,,
4,Carbamidomethyl,Iodoacetamide derivative,57.0513,57.0215,H(3) C(2) N O,H,Artefact,,
4,Carbamidomethyl,Iodoacetamide derivative,57.0513,57.0215,H(3) C(2) N O,N-term,Artefact,,
4,Carbamidomethyl,Iodoacetamide derivative,57.0513,57.0215,H(3) C(2) N O,K,Artefact,,
5,Carbamyl,Carbamylation,43.0247,43.0058,H C N O,M,Artefact,Carbamylation is an irreversible process of non-enzymatic modification of proteins by the breakdown products of urea isocyanic acid reacts with the N-term of a proteine or side chains of lysine and arginine residues,
5,Carbamyl,Carbamylation,43.0247,43.0058,H C N O,C,Artefact,Carbamylation is an irreversible process of non-enzymatic modification of proteins by the breakdown products of urea isocyanic acid reacts with the N-term of a proteine or side chains of lysine and arginine residues,
5,Carbamyl,Carbamylation,43.0247,43.0058,H C N O,R,Artefact,Carbamylation is an irreversible process of non-enzymatic modification of proteins by the breakdown products of urea isocyanic acid reacts with the N-term of a proteine or side chains of lysine and arginine residues,
6,Carboxymethyl,Iodoacetic acid derivative,58.0361,58.0055,H(2) C(2) O(2),N-term,Artefact,,
6,Carboxymethyl,Iodoacetic acid derivative,58.0361,58.0055,H(2) C(2) O(2),K,Artefact,,
7,Deamidation,Deamidation,0.9848,0.984,H(-1) N(-1) O,Q,Artefact,,
7,Deamidation,Deamidation,0.9848,0.984,H(-1) N(-1) O,N,Artefact,,Convertion of glycosylated asparagine residues upon deglycosylation with PNGase F in H2O
23,Phospho+PL,Dehydration,-18.0153,-18.0106,H(-2) O(-1),C,Artefact,,Pyro-carboxymethyl as a delta from Carboxymethyl-Cys
24,Propionamide,Acrylamide adduct,71.0779,71.0371,H(5) C(3) N O,C,Artefact,,
26,Pyro-cmC,S-carbamoylmethylcysteine cyclization (N-terminus),40.0208,39.9949,C(2) O,C,Artefact,"Cyclisation of N-term Carbamidomethyl-Cys or Carboxymethyl-Cys. The delta is relative to Cys. For a delta relative to alkylated Cys, see Ammonia-loss and Dehydrated.",
27,Pyro_glu,Pyro-glu from E,-18.0153,-18.0106,H(-2) O(-1),E,Artefact,,
28,Pyro-glu,Pyro-glu from Q,-17.0305,-17.0265,H(-3) N(-1),Q,Artefact,,
30,Sodiated,Sodium adduct,21.9818,21.9819,H(-1) Na,D,Artefact,Proton replaced by sodium cation,
30,Sodiated,Sodium adduct,21.9818,21.9819,H(-1) Na,C-term,Artefact,Proton replaced by sodium cation,
30,Sodiated,Sodium adduct,21.9818,21.9819,H(-1) Na,E,Artefact,Proton replaced by sodium cation,
35,Hydroxylation,Oxidation or Hydroxylation,15.9994,15.9949,O,W,Artefact,,
35,Hydroxylation,Oxidation or Hydroxylation,15.9994,15.9949,O,H,Artefact,,2-oxohistidine
35,Hydroxylation,Oxidation or Hydroxylation,15.9994,15.9949,O,M,Artefact,,methionine sulfoxide
35,Hydroxylation,Oxidation or Hydroxylation,15.9994,15.9949,O,F,Artefact,,
39,b-methylthiol,Beta-methylthiolation,46.0916,45.9877,H(2) C S,K,Artefact,,
39,b-methylthiol,Beta-methylthiolation,46.0916,45.9877,H(2) C S,N-term,Artefact,,
345,Cysteic_acid,cysteine oxidation to cysteic acid,47.9982,47.9847,O(3),F,Artefact,,
354,Nitro,Oxidation to nitro,44.9976,44.9851,H(-1) N O(2),F,Artefact,,
122,Formyl,Formylation,28.0101,27.9949,C O,T,Artefact,,Can occur under CNBr cleavage conditions (70% HCOOH)
122,Formyl,Formylation,28.0101,27.9949,C O,K,Artefact,,Can occur under CNBr cleavage conditions (70% HCOOH)
122,Formyl,Formylation,28.0101,27.9949,C O,N-term,Artefact,,Can occur under CNBr cleavage conditions (70% HCOOH)
122,Formyl,Formylation,28.0101,27.9949,C O,S,Artefact,,Can occur under CNBr cleavage conditions (70% HCOOH)
530,Cation:K,Replacement of proton by potassium,38.0904,37.9559,H(-1) K,C-term,Artefact,,
530,Cation:K,Replacement of proton by potassium,38.0904,37.9559,H(-1) K,E,Artefact,,
530,Cation:K,Replacement of proton by potassium,38.0904,37.9559,H(-1) K,D,Artefact,,
206,Acrolein56,Acrolein addition +56,56.0633,56.0262,H(4) C(3) O,R,Artefact,,
340,bromo,bromination,78.8961,77.9105,H(-1) Br,Y,Artefact,,
276,AEBS,Aminoethylbenzenesulfonylation,183.2276,183.0354,H(9) C(8) N O(2) S,Y,Artefact,Potential protein modification when using AEBSF (Pefabloc) as a serine protease inhibitor.,
276,AEBS,Aminoethylbenzenesulfonylation,183.2276,183.0354,H(9) C(8) N O(2) S,S,Artefact,Potential protein modification when using AEBSF (Pefabloc) as a serine protease inhibitor.,Primary site of modification
276,AEBS,Aminoethylbenzenesulfonylation,183.2276,183.0354,H(9) C(8) N O(2) S,N-term,Artefact,Potential protein modification when using AEBSF (Pefabloc) as a serine protease inhibitor.,
276,AEBS,Aminoethylbenzenesulfonylation,183.2276,183.0354,H(9) C(8) N O(2) S,K,Artefact,Potential protein modification when using AEBSF (Pefabloc) as a serine protease inhibitor.,
276,AEBS,Aminoethylbenzenesulfonylation,183.2276,183.0354,H(9) C(8) N O(2) S,H,Artefact,Potential protein modification when using AEBSF (Pefabloc) as a serine protease inhibitor.,
280,Ethyl,Ethylation,28.0532,28.0313,H(4) C(2),E,Artefact,,
313,-K,Loss of Lysine,-128.1723,-128.095,H(-12) C(-6) N(-2) O(-1),K,Artefact,,Error in peptide synthesis
337,MethylamineST,Michael addition with methylamine,13.0418,13.0316,H(3) C N O(-1),T,Artefact,,
337,MethylamineST,Michael addition with methylamine,13.0418,13.0316,H(3) C N O(-1),S,Artefact,,
893,CarbamidomethylDTT,Carbamidomethylated DTT modification of cysteine,209.2864,209.018,H(11) C(6) N O(3) S(2),C,Artefact,,
372,Arg2Orn,Ornithine from Arginine,-42.04,-42.0218,H(-2) C(-1) N(-2),R,Artefact,,
531,Cation:Cu,Replacement of proton by copper,62.5381,61.9218,H(-1) Cu,C-term,Artefact,,
531,Cation:Cu,Replacement of proton by copper,62.5381,61.9218,H(-1) Cu,E,Artefact,,
531,Cation:Cu,Replacement of proton by copper,62.5381,61.9218,H(-1) Cu,D,Artefact,,
531,Cation:Cu,Replacement of proton by copper,62.5381,61.9218,H(-1) Cu,H,Artefact,,
385,N-oxobutanoic,Loss of ammonia,-17.0305,-17.0265,H(-3) N(-1),C,Artefact,,Pyro-carbamidomethyl as a delta from Carbamidomethyl-Cys
401,didehydro,2-amino-3-oxo-butanoic_acid,-2.0159,-2.0156,H(-2),K,Artefact,,Lactone formation from C-terminal hydroxylysine
526,Dethiomethyl,Prompt loss of side chain from oxidised Met,-48.1075,-48.0034,H(-4) C(-1) S(-1),M,Artefact,More commonly seen as a neutral loss,
684,BDMAPP,Mass Defect Tag on lysine e-amino,254.1231,253.0102,H(12) C(11) N O Br,W,Artefact,,Low efficiency
684,BDMAPP,Mass Defect Tag on lysine e-amino,254.1231,253.0102,H(12) C(11) N O Br,Y,Artefact,,Low efficiency
684,BDMAPP,Mass Defect Tag on lysine e-amino,254.1231,253.0102,H(12) C(11) N O Br,H,Artefact,,Low efficiency
894,CarboxymethylDTT,Carboxymethylated DTT modification of cysteine,210.2712,210.002,H(10) C(6) O(4) S(2),C,Artefact,,
827,TMPP-Ac,"tris(2,4,6-trimethoxyphenyl)phosphonium acetic acid N-hydroxysuccinimide ester derivative",572.5401,572.1811,H(33) C(29) O(10) P,K,Artefact,The formula has been reduced from H(34) to H(33) on 13 May 2009 so as to give correct observed m/z values. The charge on the TMPP means that ions have one less proton than would be expected,
827,TMPP-Ac,"tris(2,4,6-trimethoxyphenyl)phosphonium acetic acid N-hydroxysuccinimide ester derivative",572.5401,572.1811,H(33) C(29) O(10) P,Y,Artefact,The formula has been reduced from H(34) to H(33) on 13 May 2009 so as to give correct observed m/z values. The charge on the TMPP means that ions have one less proton than would be expected,
936,Chlorination,Chlorination of tyrosine residues,34.4451,33.961,H(-1) Cl,W,Artefact,,
936,Chlorination,Chlorination of tyrosine residues,34.4451,33.961,H(-1) Cl,Y,Artefact,,
937,dichlorination,Dichlorination,68.8901,67.9221,H(-2) Cl(2),Y,Artefact,,
950,Cation:Li,Replacement of proton by lithium,5.9331,6.0082,H(-1) Li,D,Artefact,,
950,Cation:Li,Replacement of proton by lithium,5.9331,6.0082,H(-1) Li,E,Artefact,,
950,Cation:Li,Replacement of proton by lithium,5.9331,6.0082,H(-1) Li,C-term,Artefact,,
951,Cation:Ca[II],Replacement of 2 protons by calcium,38.0621,37.9469,H(-2) Ca,C-term,Artefact,,
951,Cation:Ca[II],Replacement of 2 protons by calcium,38.0621,37.9469,H(-2) Ca,E,Artefact,,
951,Cation:Ca[II],Replacement of 2 protons by calcium,38.0621,37.9469,H(-2) Ca,D,Artefact,,
952,Cation:Fe[II],Replacement of 2 protons by iron,53.8291,53.9193,H(-2) Fe,D,Artefact,,
952,Cation:Fe[II],Replacement of 2 protons by iron,53.8291,53.9193,H(-2) Fe,E,Artefact,,
952,Cation:Fe[II],Replacement of 2 protons by iron,53.8291,53.9193,H(-2) Fe,C-term,Artefact,,
953,Cation:Ni[II],Replacement of 2 protons by nickel,56.6775,55.9197,H(-2) Ni,D,Artefact,,
953,Cation:Ni[II],Replacement of 2 protons by nickel,56.6775,55.9197,H(-2) Ni,E,Artefact,,
953,Cation:Ni[II],Replacement of 2 protons by nickel,56.6775,55.9197,H(-2) Ni,C-term,Artefact,,
954,Cation:Zn[II],Replacement of 2 protons by zinc,63.3931,61.9135,H(-2) Zn,C-term,Artefact,,
954,Cation:Zn[II],Replacement of 2 protons by zinc,63.3931,61.9135,H(-2) Zn,E,Artefact,,
954,Cation:Zn[II],Replacement of 2 protons by zinc,63.3931,61.9135,H(-2) Zn,D,Artefact,,
954,Cation:Zn[II],Replacement of 2 protons by zinc,63.3931,61.9135,H(-2) Zn,H,Artefact,,
955,Cation:Ag,Replacement of proton by silver,106.8603,105.8973,H(-1) Ag,D,Artefact,,
955,Cation:Ag,Replacement of proton by silver,106.8603,105.8973,H(-1) Ag,E,Artefact,,
955,Cation:Ag,Replacement of proton by silver,106.8603,105.8973,H(-1) Ag,C-term,Artefact,,
956,Cation:Mg[II],Replacement of 2 protons by magnesium,22.2891,21.9694,H(-2) Mg,D,Artefact,,
956,Cation:Mg[II],Replacement of 2 protons by magnesium,22.2891,21.9694,H(-2) Mg,E,Artefact,,
956,Cation:Mg[II],Replacement of 2 protons by magnesium,22.2891,21.9694,H(-2) Mg,C-term,Artefact,,
991,ISD_z+2_ion,ISD (z+2)-series,-15.0146,-15.0109,H(-1) N(-1),N-term,Artefact,,"this is a ""virtual modification"", as it only accounts for the structure of the MS/MS fragment as it occurs in Top-Down MS/MS analyses. This must be accounted for in MS³-analysis of z+2 ions"
989,Ammonium,replacement of proton with ammonium ion,17.0305,17.0265,H(3) N,E,Artefact,sometimes observed after elution of phosphopeptides from TiO2 with ammonium hydroxide,
989,Ammonium,replacement of proton with ammonium ion,17.0305,17.0265,H(3) N,D,Artefact,sometimes observed after elution of phosphopeptides from TiO2 with ammonium hydroxide,
989,Ammonium,replacement of proton with ammonium ion,17.0305,17.0265,H(3) N,C-term,Artefact,sometimes observed after elution of phosphopeptides from TiO2 with ammonium hydroxide,
1290,Dicarbamidomethyl,Double Carbamidomethylation,114.1026,114.0429,H(6) C(4) N(2) O(2),K,Artefact,Mentioned by Marshall Bern,
1290,Dicarbamidomethyl,Double Carbamidomethylation,114.1026,114.0429,H(6) C(4) N(2) O(2),H,Artefact,Mentioned by Marshall Bern,
1290,Dicarbamidomethyl,Double Carbamidomethylation,114.1026,114.0429,H(6) C(4) N(2) O(2),C,Artefact,Mentioned by Marshall Bern,
1290,Dicarbamidomethyl,Double Carbamidomethylation,114.1026,114.0429,H(6) C(4) N(2) O(2),R,Artefact,Mentioned by Marshall Bern,
1290,Dicarbamidomethyl,Double Carbamidomethylation,114.1026,114.0429,H(6) C(4) N(2) O(2),N-term,Artefact,Mentioned by Marshall Bern,
1384,Homocysteic_acid,methionine oxidation to homocysteic acid,33.9716,33.9691,H(-2) C(-1) O(3),M,Artefact,,
1385,Hydroxamic_acid,ADP-ribosylation followed by conversion to hydroxamic acid via hydroxylamine,15.0146,15.0109,H N,E,Artefact,,From exposure to hydroxylamine (used with TMT)
1385,Hydroxamic_acid,ADP-ribosylation followed by conversion to hydroxamic acid via hydroxylamine,15.0146,15.0109,H N,D,Artefact,,From exposure to hydroxylamine (used with TMT)
1397,Iodoacetanilide,iodoacetanilide derivative,133.1473,133.0528,H(7) C(8) N O,K,Artefact,,
1397,Iodoacetanilide,iodoacetanilide derivative,133.1473,133.0528,H(7) C(8) N O,N-term,Artefact,,
1398,Iodoacetanilide:13C(6),13C labelled iodoacetanilide derivative,139.1032,139.0729,H(7) C(2) 13C(6) N O,K,Artefact,,
1398,Iodoacetanilide:13C(6),13C labelled iodoacetanilide derivative,139.1032,139.0729,H(7) C(2) 13C(6) N O,N-term,Artefact,,
1419,15N-oxobutanoic,Loss of ammonia (15N),-18.0239,-18.0236,H(-3) 15N(-1),C,Artefact,,Pyro-carbamidomethyl as a delta from Carbamidomethyl-Cys
1831,Tris,tris adduct causes 104 Da addition at asparagine-succinimide intermediate,104.1277,104.0712,H(10) C(4) N O(2),N,Artefact,,NG sequence specifically after deamidation - Deamidated Asparagine with adjacent glycine are prone for this modification.
1826,Glu->pyro-Glu+Methyl,Pyro-Glu from E + Methylation,-3.9887,-3.9949,C O(-1),E,Artefact,,
1827,Glu->pyro-Glu+Methyl:2H(2)13C(1),Pyro-Glu from E + Methylation Medium,-0.9837,-0.979,H(-2) 2H(2) 13C O(-1),E,Artefact,,
1870,Cation:Fe[III],Replacement of 3 protons by iron,52.8212,52.9115,H(-3) Fe,D,Artefact,,
1870,Cation:Fe[III],Replacement of 3 protons by iron,52.8212,52.9115,H(-3) Fe,E,Artefact,,
1870,Cation:Fe[III],Replacement of 3 protons by iron,52.8212,52.9115,H(-3) Fe,C-term,Artefact,,
1871,DTT,DTT adduct of cysteine,152.2351,151.9966,H(8) C(4) O(2) S(2),C,Artefact,,
1910,Cation:Al[III],Replacement of 3 protons by aluminium,23.9577,23.9581,H(-3) Al,D,Artefact,,
1910,Cation:Al[III],Replacement of 3 protons by aluminium,23.9577,23.9581,H(-3) Al,E,Artefact,,
1910,Cation:Al[III],Replacement of 3 protons by aluminium,23.9577,23.9581,H(-3) Al,C-term,Artefact,,
1925,Delta:O(4),Tryptophan oxidation to dihydroxy-N-formaylkynurenine,63.9976,63.9797,O(4),W,Artefact,,
1926,Delta:H(4)C(3)O(2),methylglyoxal-derived carboxyethyllysine,72.0627,72.0211,H(4) C(3) O(2),K,Artefact,,Note that Table 3 in the reference has the delta as H(3) C(3) O(2) = 71 Da
1928,Delta:H(10)C(8)O(1),crotonaldehyde-derived dimethyl-FDP-lysine,122.1644,122.0732,H(10) C(8) O,K,Artefact,,
1970,Unknown:162,Unidentified modification of 162.1258 found in open search,162.2267,162.1256,H(18) C(8) O(3),C-term,Artefact,,
1970,Unknown:162,Unidentified modification of 162.1258 found in open search,162.2267,162.1256,H(18) C(8) O(3),E,Artefact,,
1970,Unknown:162,Unidentified modification of 162.1258 found in open search,162.2267,162.1256,H(18) C(8) O(3),D,Artefact,,
1970,Unknown:162,Unidentified modification of 162.1258 found in open search,162.2267,162.1256,H(18) C(8) O(3),N-term,Artefact,,
1971,Unknown:177,Unidentified modification of 176.7462 found in open search,176.4788,176.745,H(-7) O Fe(3),D,Artefact,,
1971,Unknown:177,Unidentified modification of 176.7462 found in open search,176.4788,176.745,H(-7) O Fe(3),E,Artefact,,
1971,Unknown:177,Unidentified modification of 176.7462 found in open search,176.4788,176.745,H(-7) O Fe(3),C-term,Artefact,,
1971,Unknown:177,Unidentified modification of 176.7462 found in open search,176.4788,176.745,H(-7) O Fe(3),N-term,Artefact,,
1972,Unknown:210,Unidentified modification of 210.1616 found in open search,210.3126,210.162,H(22) C(13) O(2),D,Artefact,,
1972,Unknown:210,Unidentified modification of 210.1616 found in open search,210.3126,210.162,H(22) C(13) O(2),E,Artefact,,
1972,Unknown:210,Unidentified modification of 210.1616 found in open search,210.3126,210.162,H(22) C(13) O(2),C-term,Artefact,,
1972,Unknown:210,Unidentified modification of 210.1616 found in open search,210.3126,210.162,H(22) C(13) O(2),N-term,Artefact,,
1973,Unknown:216,Unidentified modification of 216.1002 found in open search,216.231,216.0998,H(16) C(10) O(5),D,Artefact,,
1973,Unknown:216,Unidentified modification of 216.1002 found in open search,216.231,216.0998,H(16) C(10) O(5),E,Artefact,,
1973,Unknown:216,Unidentified modification of 216.1002 found in open search,216.231,216.0998,H(16) C(10) O(5),C-term,Artefact,,
1973,Unknown:216,Unidentified modification of 216.1002 found in open search,216.231,216.0998,H(16) C(10) O(5),N-term,Artefact,,
1974,Unknown:234,Unidentified modification of 234.0742 found in open search,234.2033,234.074,H(14) C(9) O(7),D,Artefact,,
1974,Unknown:234,Unidentified modification of 234.0742 found in open search,234.2033,234.074,H(14) C(9) O(7),E,Artefact,,
1974,Unknown:234,Unidentified modification of 234.0742 found in open search,234.2033,234.074,H(14) C(9) O(7),C-term,Artefact,,
1974,Unknown:234,Unidentified modification of 234.0742 found in open search,234.2033,234.074,H(14) C(9) O(7),N-term,Artefact,,
1975,Unknown:248,Unidentified modification of 248.1986 found in open search,248.359,248.1988,H(28) C(13) O(4),D,Artefact,,
1975,Unknown:248,Unidentified modification of 248.1986 found in open search,248.359,248.1988,H(28) C(13) O(4),E,Artefact,,
1975,Unknown:248,Unidentified modification of 248.1986 found in open search,248.359,248.1988,H(28) C(13) O(4),C-term,Artefact,,
1975,Unknown:248,Unidentified modification of 248.1986 found in open search,248.359,248.1988,H(28) C(13) O(4),N-term,Artefact,,
1976,Unknown:250,Unidentified modification of 249.981 found in open search,250.2075,249.981,H(4) C(10) N O(5) S,D,Artefact,,
1976,Unknown:250,Unidentified modification of 249.981 found in open search,250.2075,249.981,H(4) C(10) N O(5) S,E,Artefact,,
1976,Unknown:250,Unidentified modification of 249.981 found in open search,250.2075,249.981,H(4) C(10) N O(5) S,C-term,Artefact,,
1976,Unknown:250,Unidentified modification of 249.981 found in open search,250.2075,249.981,H(4) C(10) N O(5) S,N-term,Artefact,,
1977,Unknown:302,Unidentified modification of 301.9864 found in open search,302.2656,301.9865,H(8) C(4) N(5) O(7) S(2),D,Artefact,,
1977,Unknown:302,Unidentified modification of 301.9864 found in open search,302.2656,301.9865,H(8) C(4) N(5) O(7) S(2),E,Artefact,,
1977,Unknown:302,Unidentified modification of 301.9864 found in open search,302.2656,301.9865,H(8) C(4) N(5) O(7) S(2),C-term,Artefact,,
1977,Unknown:302,Unidentified modification of 301.9864 found in open search,302.2656,301.9865,H(8) C(4) N(5) O(7) S(2),N-term,Artefact,,
1978,Unknown:306,Unidentified modification of 306.0952 found in open search,306.2659,306.0951,H(18) C(12) O(9),D,Artefact,,
1978,Unknown:306,Unidentified modification of 306.0952 found in open search,306.2659,306.0951,H(18) C(12) O(9),E,Artefact,,
1978,Unknown:306,Unidentified modification of 306.0952 found in open search,306.2659,306.0951,H(18) C(12) O(9),C-term,Artefact,,
1978,Unknown:306,Unidentified modification of 306.0952 found in open search,306.2659,306.0951,H(18) C(12) O(9),N-term,Artefact,,
1979,Unknown:420,Unidentified modification of 420.0506 found in open search,420.5888,420.0517,H(24) C(12) N(2) O(6) S(4),N-term,Artefact,,
1979,Unknown:420,Unidentified modification of 420.0506 found in open search,420.5888,420.0517,H(24) C(12) N(2) O(6) S(4),C-term,Artefact,,
1993,TMPP-Ac:13C(9),"heavy tris(2,4,6-trimethoxyphenyl)phosphonium acetic acid N-hydroxysuccinimide ester derivative",581.474,581.2113,H(33) C(20) 13C(9) O(10) P,Y,Artefact,The formula is reduced from H(34) to H(33) so as to give correct observed m/z values. The charge on the TMPP means that ions have one less proton than would be expected,possible side chain reaction when labeling N-term
1993,TMPP-Ac:13C(9),"heavy tris(2,4,6-trimethoxyphenyl)phosphonium acetic acid N-hydroxysuccinimide ester derivative",581.474,581.2113,H(33) C(20) 13C(9) O(10) P,K,Artefact,The formula is reduced from H(34) to H(33) so as to give correct observed m/z values. The charge on the TMPP means that ions have one less proton than would be expected,possible side chain reaction when labeling N-term
2014,Nitrene,Loss of O2; nitro photochemical decomposition,12.9988,12.9952,H(-1) N,Y,Artefact,,
2057,6C-CysPAT,Iodoacetamido-LC-Phosphonic Acid derivative,221.1907,221.0817,H(16) C(8) N O(4) P,Y,Artefact,,
2057,6C-CysPAT,Iodoacetamido-LC-Phosphonic Acid derivative,221.1907,221.0817,H(16) C(8) N O(4) P,T,Artefact,,
2057,6C-CysPAT,Iodoacetamido-LC-Phosphonic Acid derivative,221.1907,221.0817,H(16) C(8) N O(4) P,S,Artefact,,
2057,6C-CysPAT,Iodoacetamido-LC-Phosphonic Acid derivative,221.1907,221.0817,H(16) C(8) N O(4) P,E,Artefact,,
2057,6C-CysPAT,Iodoacetamido-LC-Phosphonic Acid derivative,221.1907,221.0817,H(16) C(8) N O(4) P,D,Artefact,,
2057,6C-CysPAT,Iodoacetamido-LC-Phosphonic Acid derivative,221.1907,221.0817,H(16) C(8) N O(4) P,H,Artefact,,
2057,6C-CysPAT,Iodoacetamido-LC-Phosphonic Acid derivative,221.1907,221.0817,H(16) C(8) N O(4) P,N-term,Artefact,,
2057,6C-CysPAT,Iodoacetamido-LC-Phosphonic Acid derivative,221.1907,221.0817,H(16) C(8) N O(4) P,K,Artefact,,
8,Gygi_ICATd0,Gygi ICAT(TM) d0,486.6253,486.2512,H(38) C(22) N(4) O(6) S,C,Isotopic label,,
9,Gygi_ICATd8,Gygi ICAT(TM) d8,494.6746,494.3014,H(30) 2H(8) C(22) N(4) O(6) S,C,Isotopic label,,
12,AB_old_ICATd8,Applied Biosystems original ICAT(TM) d8,450.6221,450.2752,H(26) 2H(8) C(20) N(4) O(5) S,C,Isotopic label,,
13,AB_old_ICATd0,Applied Biosystems original ICAT(TM) d0,442.5728,442.225,H(34) C(20) N(4) O(5) S,C,Isotopic label,,
36,di-Methylation,di-Methylation,28.0532,28.0313,H(4) C(2),N-term,Isotopic label,,When dimethyl labelling is pre-digest
36,di-Methylation,di-Methylation,28.0532,28.0313,H(4) C(2),N-term,Isotopic label,,
56,Acetyl_heavy,"Acetate labeling reagent (N-term & K) (heavy form, +3amu)",45.0552,45.0294,H(-1) 2H(3) C(2) O,Y,Isotopic label,,
56,Acetyl_heavy,"Acetate labeling reagent (N-term & K) (heavy form, +3amu)",45.0552,45.0294,H(-1) 2H(3) C(2) O,T,Isotopic label,,
56,Acetyl_heavy,"Acetate labeling reagent (N-term & K) (heavy form, +3amu)",45.0552,45.0294,H(-1) 2H(3) C(2) O,S,Isotopic label,,
56,Acetyl_heavy,"Acetate labeling reagent (N-term & K) (heavy form, +3amu)",45.0552,45.0294,H(-1) 2H(3) C(2) O,H,Isotopic label,,
56,Acetyl_heavy,"Acetate labeling reagent (N-term & K) (heavy form, +3amu)",45.0552,45.0294,H(-1) 2H(3) C(2) O,N-term,Isotopic label,,
56,Acetyl_heavy,"Acetate labeling reagent (N-term & K) (heavy form, +3amu)",45.0552,45.0294,H(-1) 2H(3) C(2) O,K,Isotopic label,,
56,Acetyl_heavy,"Acetate labeling reagent (N-term & K) (heavy form, +3amu)",45.0552,45.0294,H(-1) 2H(3) C(2) O,N-term,Isotopic label,,
58,Propionyl_light,Propionate labeling reagent light form (N-term & K),56.0633,56.0262,H(4) C(3) O,T,Isotopic label,,
58,Propionyl_light,Propionate labeling reagent light form (N-term & K),56.0633,56.0262,H(4) C(3) O,K,Isotopic label,,
58,Propionyl_light,Propionate labeling reagent light form (N-term & K),56.0633,56.0262,H(4) C(3) O,N-term,Isotopic label,,
59,Propionyl_heavy,"Propionate labeling reagent heavy form (+3amu), N-term & K",59.0412,59.0363,H(4) 13C(3) O,N-term,Isotopic label,,
59,Propionyl_heavy,"Propionate labeling reagent heavy form (+3amu), N-term & K",59.0412,59.0363,H(4) 13C(3) O,K,Isotopic label,,
60,Quat_0,Quaternary amine labeling reagent light form (N-term & K),127.1842,127.0997,H(13) C(7) N O,N-term,Isotopic label,,
60,Quat_0,Quaternary amine labeling reagent light form (N-term & K),127.1842,127.0997,H(13) C(7) N O,K,Isotopic label,,
61,Quat_3,"Quaternary amine labeling reagent heavy (+3amu) form, N-term & K",130.2027,130.1185,H(10) 2H(3) C(7) N O,N-term,Isotopic label,,
61,Quat_3,"Quaternary amine labeling reagent heavy (+3amu) form, N-term & K",130.2027,130.1185,H(10) 2H(3) C(7) N O,K,Isotopic label,,
62,Quat_6,"Quaternary amine labeling reagent heavy form (+6amu), N-term & K",133.2212,133.1374,H(7) 2H(6) C(7) N O,N-term,Isotopic label,,
62,Quat_6,"Quaternary amine labeling reagent heavy form (+6amu), N-term & K",133.2212,133.1374,H(7) 2H(6) C(7) N O,K,Isotopic label,,
63,Quat_9,"Quaternary amine labeling reagent heavy form (+9amu), N-term & K",136.2397,136.1562,H(4) 2H(9) C(7) N O,N-term,Isotopic label,,
63,Quat_9,"Quaternary amine labeling reagent heavy form (+9amu), N-term & K",136.2397,136.1562,H(4) 2H(9) C(7) N O,K,Isotopic label,,
64,Suc_anh_light,Succinic anhydride labeling reagent light form (N-term & K),100.0728,100.016,H(4) C(4) O(3),N-term,Isotopic label,,
64,Suc_anh_light,Succinic anhydride labeling reagent light form (N-term & K),100.0728,100.016,H(4) C(4) O(3),K,Isotopic label,,
65,Suc_anh+4H2,"Succinic anhydride labeling reagent, heavy form (+4amu, 4H2), N-term & K",104.0974,104.0412,2H(4) C(4) O(3),N-term,Isotopic label,,
65,Suc_anh+4H2,"Succinic anhydride labeling reagent, heavy form (+4amu, 4H2), N-term & K",104.0974,104.0412,2H(4) C(4) O(3),K,Isotopic label,,
66,Suc_anh+4C13,"Succinic anhydride labeling reagent, heavy form (+4amu, 4C13), N-term & K",104.0434,104.0295,H(4) 13C(4) O(3),N-term,Isotopic label,,
66,Suc_anh+4C13,"Succinic anhydride labeling reagent, heavy form (+4amu, 4C13), N-term & K",104.0434,104.0295,H(4) 13C(4) O(3),K,Isotopic label,,
90,ESP-Tag_light,ESP-Tag light d0,338.4682,338.1776,H(26) C(16) N(4) O(2) S,N-term,Isotopic label,,
90,ESP-Tag_light,ESP-Tag light d0,338.4682,338.1776,H(26) C(16) N(4) O(2) S,K,Isotopic label,,
91,ESP-Tag_heavy,ESP-Tag heavy d10,348.5299,348.2404,H(16) 2H(10) C(16) N(4) O(2) S,N-term,Isotopic label,,
91,ESP-Tag_heavy,ESP-Tag heavy d10,348.5299,348.2404,H(16) 2H(10) C(16) N(4) O(2) S,K,Isotopic label,,
94,IMID_light,IMID d0,68.0773,68.0374,H(4) C(3) N(2),K,Isotopic label,,
95,IMID_heavy,IMID d4,72.1019,72.0626,2H(4) C(3) N(2),K,Isotopic label,,
97,Acrylamide_heavy,Acrylamide d3,74.0964,74.0559,H(2) 2H(3) C(3) N O,C,Isotopic label,,
105,ICAT_light,Applied Biosystems cleavable ICAT(TM) light,227.2603,227.127,H(17) C(10) N(3) O(3),C,Isotopic label,,
106,ICAT_heavy,Applied Biosystems cleavable ICAT(TM) heavy,236.1942,236.1572,H(17) C 13C(9) N(3) O(3),C,Isotopic label,,
123,Harbury_ICAT_C12,"N-iodoacetyl, p-chlorobenzyl-12C6-glucamine",345.7754,345.0979,H(20) C(15) N O(6) Cl,C,Isotopic label,,
124,Harbury_ICAT_C13,"N-iodoacetyl, p-chlorobenzyl-13C6-glucamine",351.7313,351.118,H(20) C(9) 13C(6) N O(6) Cl,C,Isotopic label,,
136,benzoyl,labeling reagent light form (N-term & K),104.1061,104.0262,H(4) C(7) O,N-term,Isotopic label,,
136,benzoyl,labeling reagent light form (N-term & K),104.1061,104.0262,H(4) C(7) O,K,Isotopic label,,
329,Methyl-Heavy,monomethylation,18.0377,18.0378,H(-1) 2H(3) 13C,K,Isotopic label,,
329,Methyl-Heavy,monomethylation,18.0377,18.0378,H(-1) 2H(3) 13C,R,Isotopic label,,
329,Methyl-Heavy,monomethylation,18.0377,18.0378,H(-1) 2H(3) 13C,N-term,Isotopic label,,
330,Dimethyl-Heavy,dimethylation,36.0754,36.0757,H(-2) 2H(6) 13C(2),N-term,Isotopic label,,When dimethyl labelling is pre-digest
330,Dimethyl-Heavy,dimethylation,36.0754,36.0757,H(-2) 2H(6) 13C(2),N-term,Isotopic label,,
330,Dimethyl-Heavy,dimethylation,36.0754,36.0757,H(-2) 2H(6) 13C(2),R,Isotopic label,,
330,Dimethyl-Heavy,dimethylation,36.0754,36.0757,H(-2) 2H(6) 13C(2),K,Isotopic label,,
170,GN18Olabeling,glycosylated asparagine 18O labeling,2.9845,2.9883,H(-1) N(-1) 18O,N,Isotopic label,Conversion of glycosylated asparagine residues upon deglycosylation with PGNase F in 18O labelled water.,
184,13C9,13C(9) Silac label,8.9339,9.0302,C(-9) 13C(9),Y,Isotopic label,,Used in SILAC experiment
184,13C9,13C(9) Silac label,8.9339,9.0302,C(-9) 13C(9),F,Isotopic label,,
185,13C9_Phospho_Tyr,C13 label (Phosphotyrosine),88.9138,88.9965,H C(-9) 13C(9) O(3) P,Y,Isotopic label,,Used in SILAC experiment
188,13C6,13C(6) Silac label,5.9559,6.0201,C(-6) 13C(6),I,Isotopic label,,Used in SILAC experiment
188,13C6,13C(6) Silac label,5.9559,6.0201,C(-6) 13C(6),L,Isotopic label,,Used in SILAC experiment
188,13C6,13C(6) Silac label,5.9559,6.0201,C(-6) 13C(6),K,Isotopic label,,Used in SILAC experiment
188,13C6,13C(6) Silac label,5.9559,6.0201,C(-6) 13C(6),R,Isotopic label,,Used in SILAC experiment
196,QATd3,APTA d3,174.2784,174.1686,H(16) 2H(3) C(9) N(2) O,C,Isotopic label,,
193,double_O18,O18 label at both C-terminal oxygens,3.9995,4.0085,O(-2) 18O(2),C-term,Isotopic label,,
199,CHD2,DiMethyl-CHD2,32.0778,32.0564,2H(4) C(2),N-term,Isotopic label,,When dimethyl labelling is pre-digest
199,CHD2,DiMethyl-CHD2,32.0778,32.0564,2H(4) C(2),N-term,Isotopic label,,
199,CHD2,DiMethyl-CHD2,32.0778,32.0564,2H(4) C(2),K,Isotopic label,,
199,CHD2,DiMethyl-CHD2,32.0778,32.0564,2H(4) C(2),R,Isotopic label,,
198,EQATd5,EAPTA d5,189.3094,189.1889,H(15) 2H(5) C(10) N(2) O,C,Isotopic label,,
212,NEIAA-d5,N-ethyl iodoacetamide-d5,90.1353,90.0841,H(2) 2H(5) C(4) N O,Y,Isotopic label,,
212,NEIAA-d5,N-ethyl iodoacetamide-d5,90.1353,90.0841,H(2) 2H(5) C(4) N O,C,Isotopic label,,
211,NEIAA-d0,N-ethyl iodoacetamide-d0,85.1045,85.0528,H(7) C(4) N O,Y,Isotopic label,,
211,NEIAA-d0,N-ethyl iodoacetamide-d0,85.1045,85.0528,H(7) C(4) N O,C,Isotopic label,,
214,iTRAQ,Representative mass and accurate mass for 116 & 117,144.1544,144.1021,H(12) C(4) 13C(3) N 15N O,C,Isotopic label,Different channels have the same nominal mass but slightly different exact masses. Use this value for all channels for quantitation purposes. mTRAQ heavy is identical to iTRAQ4plex 117,side reaction
214,iTRAQ,Representative mass and accurate mass for 116 & 117,144.1544,144.1021,H(12) C(4) 13C(3) N 15N O,T,Isotopic label,Different channels have the same nominal mass but slightly different exact masses. Use this value for all channels for quantitation purposes. mTRAQ heavy is identical to iTRAQ4plex 117,Very low abundance
214,iTRAQ,Representative mass and accurate mass for 116 & 117,144.1544,144.1021,H(12) C(4) 13C(3) N 15N O,N-term,Isotopic label,Different channels have the same nominal mass but slightly different exact masses. Use this value for all channels for quantitation purposes. mTRAQ heavy is identical to iTRAQ4plex 117,
214,iTRAQ,Representative mass and accurate mass for 116 & 117,144.1544,144.1021,H(12) C(4) 13C(3) N 15N O,S,Isotopic label,Different channels have the same nominal mass but slightly different exact masses. Use this value for all channels for quantitation purposes. mTRAQ heavy is identical to iTRAQ4plex 117,Very low abundance
214,iTRAQ,Representative mass and accurate mass for 116 & 117,144.1544,144.1021,H(12) C(4) 13C(3) N 15N O,H,Isotopic label,Different channels have the same nominal mass but slightly different exact masses. Use this value for all channels for quantitation purposes. mTRAQ heavy is identical to iTRAQ4plex 117,Very low abundance
214,iTRAQ,Representative mass and accurate mass for 116 & 117,144.1544,144.1021,H(12) C(4) 13C(3) N 15N O,Y,Isotopic label,Different channels have the same nominal mass but slightly different exact masses. Use this value for all channels for quantitation purposes. mTRAQ heavy is identical to iTRAQ4plex 117,Low abundance
214,iTRAQ,Representative mass and accurate mass for 116 & 117,144.1544,144.1021,H(12) C(4) 13C(3) N 15N O,N-term,Isotopic label,Different channels have the same nominal mass but slightly different exact masses. Use this value for all channels for quantitation purposes. mTRAQ heavy is identical to iTRAQ4plex 117,
214,iTRAQ,Representative mass and accurate mass for 116 & 117,144.1544,144.1021,H(12) C(4) 13C(3) N 15N O,K,Isotopic label,Different channels have the same nominal mass but slightly different exact masses. Use this value for all channels for quantitation purposes. mTRAQ heavy is identical to iTRAQ4plex 117,
258,O18_STY,O18 Labeling,1.9998,2.0042,O(-1) 18O,Y,Isotopic label,,alkaline phosphatase to dephosphorylate
258,O18_STY,O18 Labeling,1.9998,2.0042,O(-1) 18O,T,Isotopic label,,alkaline phosphatase to dephosphorylate
258,O18_STY,O18 Labeling,1.9998,2.0042,O(-1) 18O,S,Isotopic label,,alkaline phosphatase to dephosphorylate
258,O18_STY,O18 Labeling,1.9998,2.0042,O(-1) 18O,C-term,Isotopic label,,digesting in labelled water
259,13C6-15N2,13C(6) 15N(2) Silac label,7.9427,8.0142,C(-6) 13C(6) N(-2) 15N(2),K,Isotopic label,,Used in SILAC experiment
243,IGBP,Light IDBEST tag for quantitation,297.1478,296.016,H(13) C(12) N(2) O(2) Br,C,Isotopic label,,
267,13C6-15N4,13C(6) 15N(4) Silac label,9.9296,10.0083,C(-6) 13C(6) N(-4) 15N(4),R,Isotopic label,,Used in SILAC experiment
269,13C9-15N1,13C(9) 15N(1) Silac label,9.9273,10.0272,C(-9) 13C(9) N(-1) 15N,F,Isotopic label,,Used in AQUA experiment
262,D3_Label,Trideuteration,3.0185,3.0188,H(-3) 2H(3),L,Isotopic label,,for SILAC expt
262,D3_Label,Trideuteration,3.0185,3.0188,H(-3) 2H(3),M,Isotopic label,,
268,13C5-15N1,13C(5) 15N(1) Silac label,5.9567,6.0138,C(-5) 13C(5) N(-1) 15N,M,Isotopic label,,SILAC label used in COFRADIC
268,13C5-15N1,13C(5) 15N(1) Silac label,5.9567,6.0138,C(-5) 13C(5) N(-1) 15N,P,Isotopic label,,"Result of conversion of 13C6, 15N4 arginine to 13C5, 15N1 proline"
268,13C5-15N1,13C(5) 15N(1) Silac label,5.9567,6.0138,C(-5) 13C(5) N(-1) 15N,V,Isotopic label,,Used in AQUA experiment
268,13C5-15N1,13C(5) 15N(1) Silac label,5.9567,6.0138,C(-5) 13C(5) N(-1) 15N,E,Isotopic label,,
987,Label:13C(6)15N(2)+Dimethyl,Dimethyl 13C(6)15N(2) Silac label,35.9959,36.0455,H(4) C(-4) 13C(6) N(-2) 15N(2),K,Isotopic label,,SILAC+PTM
284,DeMet,Deuterium Methylation of Lysine,16.0389,16.0282,2H(2) C,K,Isotopic label,,
284,DeMet,Deuterium Methylation of Lysine,16.0389,16.0282,2H(2) C,N-term,Isotopic label,,
285,SA_light,Light Sulfanilic Acid (SA) C12,155.1744,155.0041,H(5) C(6) N O(2) S,E,Isotopic label,,
285,SA_light,Light Sulfanilic Acid (SA) C12,155.1744,155.0041,H(5) C(6) N O(2) S,D,Isotopic label,,
285,SA_light,Light Sulfanilic Acid (SA) C12,155.1744,155.0041,H(5) C(6) N O(2) S,C-term,Isotopic label,,
298,D3-Me-ester,deuterated methyl ester,17.0451,17.0345,H(-1) 2H(3) C,C-term,Isotopic label,,esterification of carboxylic acids using D3-Methanolic HCl
298,D3-Me-ester,deuterated methyl ester,17.0451,17.0345,H(-1) 2H(3) C,D,Isotopic label,,esterification of carboxylic acids using D3-Methanolic HCl
298,D3-Me-ester,deuterated methyl ester,17.0451,17.0345,H(-1) 2H(3) C,E,Isotopic label,,esterification of carboxylic acids using D3-Methanolic HCl
298,D3-Me-ester,deuterated methyl ester,17.0451,17.0345,H(-1) 2H(3) C,K,Isotopic label,,SILAC labelling with L-Methionine-(methyl-d3)
298,D3-Me-ester,deuterated methyl ester,17.0451,17.0345,H(-1) 2H(3) C,R,Isotopic label,,SILAC labelling with L-Methionine-(methyl-d3)
768,Methyl+Acetyl:2H(3),Mono-methylated lysine labelled with Acetyl_heavy,59.0817,59.045,H 2H(3) C(3) O,K,Isotopic label,,
364,ICPL_heavy,"Bruker Daltonics SERVA-ICPL(TM) quantification chemistry, heavy form",111.05,111.0416,H(3) 13C(6) N O,N-term,Isotopic label,"Attention: As the digest is typically applied AFTER ICPL_light/heavy labeling, only ProteinN-term labeling and Lys-specific labeling is applied.",Use when labelling post-digest
364,ICPL_heavy,"Bruker Daltonics SERVA-ICPL(TM) quantification chemistry, heavy form",111.05,111.0416,H(3) 13C(6) N O,N-term,Isotopic label,"Attention: As the digest is typically applied AFTER ICPL_light/heavy labeling, only ProteinN-term labeling and Lys-specific labeling is applied.",Use when labelling pre-digest
364,ICPL_heavy,"Bruker Daltonics SERVA-ICPL(TM) quantification chemistry, heavy form",111.05,111.0416,H(3) 13C(6) N O,K,Isotopic label,"Attention: As the digest is typically applied AFTER ICPL_light/heavy labeling, only ProteinN-term labeling and Lys-specific labeling is applied.",
365,ICPL_light,"Bruker Daltonics SERVA-ICPL(TM) quantification chemistry, light form",105.0941,105.0215,H(3) C(6) N O,N-term,Isotopic label,"Attention: As the digest is typically applied AFTER ICPL_light/heavy labeling, only ProteinN-term labeling and Lys-specific labeling is applied.",Use when labelling pre-digest
365,ICPL_light,"Bruker Daltonics SERVA-ICPL(TM) quantification chemistry, light form",105.0941,105.0215,H(3) C(6) N O,K,Isotopic label,"Attention: As the digest is typically applied AFTER ICPL_light/heavy labeling, only ProteinN-term labeling and Lys-specific labeling is applied.",
365,ICPL_light,"Bruker Daltonics SERVA-ICPL(TM) quantification chemistry, light form",105.0941,105.0215,H(3) C(6) N O,N-term,Isotopic label,"Attention: As the digest is typically applied AFTER ICPL_light/heavy labeling, only ProteinN-term labeling and Lys-specific labeling is applied.",Use when labelling post-digest
366,Deamidation_O18,Deamidation in presence of O18,2.9845,2.9883,H(-1) N(-1) 18O,Q,Isotopic label,Observed,
366,Deamidation_O18,Deamidation in presence of O18,2.9845,2.9883,H(-1) N(-1) 18O,N,Isotopic label,Observed,
477,TMAB-d9,d9-4-trimethyllammoniumbutyryl-,137.2476,137.164,H(5) 2H(9) C(7) N O,N-term,Isotopic label,,
477,TMAB-d9,d9-4-trimethyllammoniumbutyryl-,137.2476,137.164,H(5) 2H(9) C(7) N O,K,Isotopic label,,
476,TMAB-d0,4-trimethyllammoniumbutyryl-,128.1922,128.1075,H(14) C(7) N O,N-term,Isotopic label,,
476,TMAB-d0,4-trimethyllammoniumbutyryl-,128.1922,128.1075,H(14) C(7) N O,K,Isotopic label,,
481,Lys4,"4,4,5,5-D4 Lysine",4.0246,4.0251,H(-4) 2H(4),A,Isotopic label,For SILAC experiments,485845 Aldrich
481,Lys4,"4,4,5,5-D4 Lysine",4.0246,4.0251,H(-4) 2H(4),Y,Isotopic label,For SILAC experiments,Cambridge Labs DLM-451
481,Lys4,"4,4,5,5-D4 Lysine",4.0246,4.0251,H(-4) 2H(4),F,Isotopic label,For SILAC experiments,
481,Lys4,"4,4,5,5-D4 Lysine",4.0246,4.0251,H(-4) 2H(4),K,Isotopic label,For SILAC experiments,
481,Lys4,"4,4,5,5-D4 Lysine",4.0246,4.0251,H(-4) 2H(4),U,Isotopic label,For SILAC experiments,
499,IGBP:13C(2),Heavy IDBEST tag for quantitation,299.1331,298.0227,H(13) C(10) 13C(2) N(2) O(2) Br,C,Isotopic label,,
510,C13HD2,DiMethyl-C13HD2,34.0631,34.0631,2H(4) 13C(2),N-term,Isotopic label,,When dimethyl labelling is pre-digest
510,C13HD2,DiMethyl-C13HD2,34.0631,34.0631,2H(4) 13C(2),R,Isotopic label,,
510,C13HD2,DiMethyl-C13HD2,34.0631,34.0631,2H(4) 13C(2),K,Isotopic label,,
510,C13HD2,DiMethyl-C13HD2,34.0631,34.0631,2H(4) 13C(2),N-term,Isotopic label,,
525,CLIP_TRAQ_2,CLIP_TRAQ_2,141.1756,141.0983,H(12) C(6) 13C N(2) O,N-term,Isotopic label,"CLIP-TRAQ-2 H(17) C(10) C13 N(3) O(4) is an in-house made compound that reacts with primary amines through a N-hydroxysuccinimide group leading to a 141.0983 Da mass shift (monoisotopic) in MS mode. The reporter ion in MS/MS mode can either be 113 or 114 m/z depending on the position of isotopic C13 in the molecule. (Fahlman, R. and Overall, C.M. in preparation).",
525,CLIP_TRAQ_2,CLIP_TRAQ_2,141.1756,141.0983,H(12) C(6) 13C N(2) O,K,Isotopic label,"CLIP-TRAQ-2 H(17) C(10) C13 N(3) O(4) is an in-house made compound that reacts with primary amines through a N-hydroxysuccinimide group leading to a 141.0983 Da mass shift (monoisotopic) in MS mode. The reporter ion in MS/MS mode can either be 113 or 114 m/z depending on the position of isotopic C13 in the molecule. (Fahlman, R. and Overall, C.M. in preparation).",
525,CLIP_TRAQ_2,CLIP_TRAQ_2,141.1756,141.0983,H(12) C(6) 13C N(2) O,Y,Isotopic label,"CLIP-TRAQ-2 H(17) C(10) C13 N(3) O(4) is an in-house made compound that reacts with primary amines through a N-hydroxysuccinimide group leading to a 141.0983 Da mass shift (monoisotopic) in MS mode. The reporter ion in MS/MS mode can either be 113 or 114 m/z depending on the position of isotopic C13 in the molecule. (Fahlman, R. and Overall, C.M. in preparation).","Side reaction, low abundance"
532,iTRAQ114,Accurate mass for 114,144.168,144.1059,H(12) C(5) 13C(2) N(2) 18O,Y,Isotopic label,Different channels have the same nominal mass but slightly different exact masses.,Low abundance
532,iTRAQ114,Accurate mass for 114,144.168,144.1059,H(12) C(5) 13C(2) N(2) 18O,N-term,Isotopic label,Different channels have the same nominal mass but slightly different exact masses.,
532,iTRAQ114,Accurate mass for 114,144.168,144.1059,H(12) C(5) 13C(2) N(2) 18O,K,Isotopic label,Different channels have the same nominal mass but slightly different exact masses.,
532,iTRAQ114,Accurate mass for 114,144.168,144.1059,H(12) C(5) 13C(2) N(2) 18O,C,Isotopic label,Different channels have the same nominal mass but slightly different exact masses.,side reaction
533,iTRAQ115,Accurate mass for 115,144.1688,144.0996,H(12) C(6) 13C N 15N 18O,Y,Isotopic label,Different channels have the same nominal mass but slightly different exact masses.,Low abundance
533,iTRAQ115,Accurate mass for 115,144.1688,144.0996,H(12) C(6) 13C N 15N 18O,N-term,Isotopic label,Different channels have the same nominal mass but slightly different exact masses.,
533,iTRAQ115,Accurate mass for 115,144.1688,144.0996,H(12) C(6) 13C N 15N 18O,K,Isotopic label,Different channels have the same nominal mass but slightly different exact masses.,
533,iTRAQ115,Accurate mass for 115,144.1688,144.0996,H(12) C(6) 13C N 15N 18O,C,Isotopic label,Different channels have the same nominal mass but slightly different exact masses.,side reaction
536,CLIP_TRAQ_3,CLIP_TRAQ_3,271.2976,271.1487,H(20) C(11) 13C N(3) O(4),Y,Isotopic label,"CLIP_TRAQ_3 (H(20) C(11) C13 N(3) O(4) is an in-house made compound that reacts with primary amines through a N-hydroxysuccinimide group leading to a 155.1 Da mass shift (monoisotopic) in MS mode. The reporter ion in MS/MS mode can either be 127 or 128 m/z depending on the position of isotopic C13 in the molecule. (Fahlman, R. and Overall, C.M. in preparation).",Low abundance
536,CLIP_TRAQ_3,CLIP_TRAQ_3,271.2976,271.1487,H(20) C(11) 13C N(3) O(4),N-term,Isotopic label,"CLIP_TRAQ_3 (H(20) C(11) C13 N(3) O(4) is an in-house made compound that reacts with primary amines through a N-hydroxysuccinimide group leading to a 155.1 Da mass shift (monoisotopic) in MS mode. The reporter ion in MS/MS mode can either be 127 or 128 m/z depending on the position of isotopic C13 in the molecule. (Fahlman, R. and Overall, C.M. in preparation).",
536,CLIP_TRAQ_3,CLIP_TRAQ_3,271.2976,271.1487,H(20) C(11) 13C N(3) O(4),K,Isotopic label,"CLIP_TRAQ_3 (H(20) C(11) C13 N(3) O(4) is an in-house made compound that reacts with primary amines through a N-hydroxysuccinimide group leading to a 155.1 Da mass shift (monoisotopic) in MS mode. The reporter ion in MS/MS mode can either be 127 or 128 m/z depending on the position of isotopic C13 in the molecule. (Fahlman, R. and Overall, C.M. in preparation).",
537,CLIP_TRAQ_4,CLIP_TRAQ_4,244.2292,244.1015,H(15) C(9) 13C N(2) O(5),N-term,Isotopic label,"CLIP_TRAQ_4 is an in-house made compound that reacts with primary amines through a N-hydroxysuccinimide group leading to a 128.1 Da mass shift (monoisotopic) in MS mode. The reporter ion in MS/MS mode can either be 100 or 101 m/z depending on the position of isotopic C13 in the molecule. (Fahlman, R. and Overall, C.M. in preparation).",
537,CLIP_TRAQ_4,CLIP_TRAQ_4,244.2292,244.1015,H(15) C(9) 13C N(2) O(5),K,Isotopic label,"CLIP_TRAQ_4 is an in-house made compound that reacts with primary amines through a N-hydroxysuccinimide group leading to a 128.1 Da mass shift (monoisotopic) in MS mode. The reporter ion in MS/MS mode can either be 100 or 101 m/z depending on the position of isotopic C13 in the molecule. (Fahlman, R. and Overall, C.M. in preparation).",
537,CLIP_TRAQ_4,CLIP_TRAQ_4,244.2292,244.1015,H(15) C(9) 13C N(2) O(5),Y,Isotopic label,"CLIP_TRAQ_4 is an in-house made compound that reacts with primary amines through a N-hydroxysuccinimide group leading to a 128.1 Da mass shift (monoisotopic) in MS mode. The reporter ion in MS/MS mode can either be 100 or 101 m/z depending on the position of isotopic C13 in the molecule. (Fahlman, R. and Overall, C.M. in preparation).",Low abundance
698,dNIC,deuterated Nicotinic Acid,109.1205,109.0481,H 2H(3) C(6) N O,N-term,Isotopic label,,
698,dNIC,deuterated Nicotinic Acid,109.1205,109.0481,H 2H(3) C(6) N O,K,Isotopic label,,
697,NIC,Nicotinic Acid,105.0941,105.0215,H(3) C(6) N O,N-term,Isotopic label,,
697,NIC,Nicotinic Acid,105.0941,105.0215,H(3) C(6) N O,K,Isotopic label,,
687,ICPL_medium,"Bruker Daltonics SERVA-ICPL(TM) quantification chemistry, medium form",109.1188,109.0466,H(-1) 2H(4) C(6) N O,N-term,Isotopic label,"Attention: As the digest is typically applied AFTER ICPL_light/heavy labeling, only ProteinN-term labeling and Lys-specific labeling is applied.",Use when labelling post-digest
687,ICPL_medium,"Bruker Daltonics SERVA-ICPL(TM) quantification chemistry, medium form",109.1188,109.0466,H(-1) 2H(4) C(6) N O,N-term,Isotopic label,"Attention: As the digest is typically applied AFTER ICPL_light/heavy labeling, only ProteinN-term labeling and Lys-specific labeling is applied.",Use when labelling pre-digest
687,ICPL_medium,"Bruker Daltonics SERVA-ICPL(TM) quantification chemistry, medium form",109.1188,109.0466,H(-1) 2H(4) C(6) N O,K,Isotopic label,"Attention: As the digest is typically applied AFTER ICPL_light/heavy labeling, only ProteinN-term labeling and Lys-specific labeling is applied.",
730,iTRAQ8plex,"Representative mass and accurate mass for 113, 114, 116 & 117",304.3074,304.2054,H(24) C(7) 13C(7) N(3) 15N O(3),N-term,Isotopic label,"Other 4 channels have the same nominal mass but slightly different exact mass. For quantitation purposes, use this entry for all channels",
730,iTRAQ8plex,"Representative mass and accurate mass for 113, 114, 116 & 117",304.3074,304.2054,H(24) C(7) 13C(7) N(3) 15N O(3),T,Isotopic label,"Other 4 channels have the same nominal mass but slightly different exact mass. For quantitation purposes, use this entry for all channels",Very low abundance
730,iTRAQ8plex,"Representative mass and accurate mass for 113, 114, 116 & 117",304.3074,304.2054,H(24) C(7) 13C(7) N(3) 15N O(3),S,Isotopic label,"Other 4 channels have the same nominal mass but slightly different exact mass. For quantitation purposes, use this entry for all channels",Very low abundance
730,iTRAQ8plex,"Representative mass and accurate mass for 113, 114, 116 & 117",304.3074,304.2054,H(24) C(7) 13C(7) N(3) 15N O(3),H,Isotopic label,"Other 4 channels have the same nominal mass but slightly different exact mass. For quantitation purposes, use this entry for all channels",Very low abundance
730,iTRAQ8plex,"Representative mass and accurate mass for 113, 114, 116 & 117",304.3074,304.2054,H(24) C(7) 13C(7) N(3) 15N O(3),Y,Isotopic label,"Other 4 channels have the same nominal mass but slightly different exact mass. For quantitation purposes, use this entry for all channels",Low abundance
730,iTRAQ8plex,"Representative mass and accurate mass for 113, 114, 116 & 117",304.3074,304.2054,H(24) C(7) 13C(7) N(3) 15N O(3),N-term,Isotopic label,"Other 4 channels have the same nominal mass but slightly different exact mass. For quantitation purposes, use this entry for all channels",
730,iTRAQ8plex,"Representative mass and accurate mass for 113, 114, 116 & 117",304.3074,304.2054,H(24) C(7) 13C(7) N(3) 15N O(3),K,Isotopic label,"Other 4 channels have the same nominal mass but slightly different exact mass. For quantitation purposes, use this entry for all channels",
730,iTRAQ8plex,"Representative mass and accurate mass for 113, 114, 116 & 117",304.3074,304.2054,H(24) C(7) 13C(7) N(3) 15N O(3),C,Isotopic label,"Other 4 channels have the same nominal mass but slightly different exact mass. For quantitation purposes, use this entry for all channels",side reaction
695,Label:13C(6)15N(1),13C(6) 15N(1) Silac label,6.9493,7.0172,C(-6) 13C(6) N(-1) 15N,I,Isotopic label,,
695,Label:13C(6)15N(1),13C(6) 15N(1) Silac label,6.9493,7.0172,C(-6) 13C(6) N(-1) 15N,L,Isotopic label,,
696,13C6-15N2-D9,13C(6) 15N(2) (D)9 SILAC label,16.9982,17.0707,H(-9) 2H(9) C(-6) 13C(6) N(-2) 15N(2),K,Isotopic label,,Used in SILAC experiment
731,iTRAQ8plex:13C(6)15N(2),"Accurate mass for 115, 118, 119 & 121",304.3081,304.199,H(24) C(8) 13C(6) N(2) 15N(2) O(3),Y,Isotopic label,"Other 4 channels have the same nominal mass but slightly different exact mass. For quantitation purposes, use iTRAQ8plex for all channels",Low abundance
731,iTRAQ8plex:13C(6)15N(2),"Accurate mass for 115, 118, 119 & 121",304.3081,304.199,H(24) C(8) 13C(6) N(2) 15N(2) O(3),N-term,Isotopic label,"Other 4 channels have the same nominal mass but slightly different exact mass. For quantitation purposes, use iTRAQ8plex for all channels",
731,iTRAQ8plex:13C(6)15N(2),"Accurate mass for 115, 118, 119 & 121",304.3081,304.199,H(24) C(8) 13C(6) N(2) 15N(2) O(3),K,Isotopic label,"Other 4 channels have the same nominal mass but slightly different exact mass. For quantitation purposes, use iTRAQ8plex for all channels",
731,iTRAQ8plex:13C(6)15N(2),"Accurate mass for 115, 118, 119 & 121",304.3081,304.199,H(24) C(8) 13C(6) N(2) 15N(2) O(3),C,Isotopic label,"Other 4 channels have the same nominal mass but slightly different exact mass. For quantitation purposes, use iTRAQ8plex for all channels",side reaction
737,TMT6plex,Sixplex Tandem Mass Tag®,229.2634,229.1629,H(20) C(8) 13C(4) N 15N O(2),T,Isotopic label,m/z values of the TMT® fragment ions to be quantified for 6plex and 10plex: 126.12773 127.12476 128.13443 129.13147 130.14114 131.13818. Additional m/z values for 10plex: 127.13108 128.12811 129.13779 130.13482,
737,TMT6plex,Sixplex Tandem Mass Tag®,229.2634,229.1629,H(20) C(8) 13C(4) N 15N O(2),S,Isotopic label,m/z values of the TMT® fragment ions to be quantified for 6plex and 10plex: 126.12773 127.12476 128.13443 129.13147 130.14114 131.13818. Additional m/z values for 10plex: 127.13108 128.12811 129.13779 130.13482,
737,TMT6plex,Sixplex Tandem Mass Tag®,229.2634,229.1629,H(20) C(8) 13C(4) N 15N O(2),H,Isotopic label,m/z values of the TMT® fragment ions to be quantified for 6plex and 10plex: 126.12773 127.12476 128.13443 129.13147 130.14114 131.13818. Additional m/z values for 10plex: 127.13108 128.12811 129.13779 130.13482,
737,TMT6plex,Sixplex Tandem Mass Tag®,229.2634,229.1629,H(20) C(8) 13C(4) N 15N O(2),N-term,Isotopic label,m/z values of the TMT® fragment ions to be quantified for 6plex and 10plex: 126.12773 127.12476 128.13443 129.13147 130.14114 131.13818. Additional m/z values for 10plex: 127.13108 128.12811 129.13779 130.13482,
737,TMT6plex,Sixplex Tandem Mass Tag®,229.2634,229.1629,H(20) C(8) 13C(4) N 15N O(2),N-term,Isotopic label,m/z values of the TMT® fragment ions to be quantified for 6plex and 10plex: 126.12773 127.12476 128.13443 129.13147 130.14114 131.13818. Additional m/z values for 10plex: 127.13108 128.12811 129.13779 130.13482,
737,TMT6plex,Sixplex Tandem Mass Tag®,229.2634,229.1629,H(20) C(8) 13C(4) N 15N O(2),K,Isotopic label,m/z values of the TMT® fragment ions to be quantified for 6plex and 10plex: 126.12773 127.12476 128.13443 129.13147 130.14114 131.13818. Additional m/z values for 10plex: 127.13108 128.12811 129.13779 130.13482,
738,TMT2plex,Duplex Tandem Mass Tag®,225.2921,225.1558,H(20) C(11) 13C N(2) O(2),H,Isotopic label,"Duplex-TMT® reagents 2TMT-126, 2TMT-127. m/z values of the TMT® fragment ions to be quantified: 126.12773 127.13108",
738,TMT2plex,Duplex Tandem Mass Tag®,225.2921,225.1558,H(20) C(11) 13C N(2) O(2),S,Isotopic label,"Duplex-TMT® reagents 2TMT-126, 2TMT-127. m/z values of the TMT® fragment ions to be quantified: 126.12773 127.13108",
738,TMT2plex,Duplex Tandem Mass Tag®,225.2921,225.1558,H(20) C(11) 13C N(2) O(2),T,Isotopic label,"Duplex-TMT® reagents 2TMT-126, 2TMT-127. m/z values of the TMT® fragment ions to be quantified: 126.12773 127.13108",
738,TMT2plex,Duplex Tandem Mass Tag®,225.2921,225.1558,H(20) C(11) 13C N(2) O(2),N-term,Isotopic label,"Duplex-TMT® reagents 2TMT-126, 2TMT-127. m/z values of the TMT® fragment ions to be quantified: 126.12773 127.13108",
738,TMT2plex,Duplex Tandem Mass Tag®,225.2921,225.1558,H(20) C(11) 13C N(2) O(2),N-term,Isotopic label,"Duplex-TMT® reagents 2TMT-126, 2TMT-127. m/z values of the TMT® fragment ions to be quantified: 126.12773 127.13108",
738,TMT2plex,Duplex Tandem Mass Tag®,225.2921,225.1558,H(20) C(11) 13C N(2) O(2),K,Isotopic label,"Duplex-TMT® reagents 2TMT-126, 2TMT-127. m/z values of the TMT® fragment ions to be quantified: 126.12773 127.13108",
739,TMT,Native Tandem Mass Tag®,224.2994,224.1525,H(20) C(12) N(2) O(2),H,Isotopic label,"This modification describes the \""native\"" TMT Reagent without isotopic label.",
739,TMT,Native Tandem Mass Tag®,224.2994,224.1525,H(20) C(12) N(2) O(2),S,Isotopic label,"This modification describes the \""native\"" TMT Reagent without isotopic label.",
739,TMT,Native Tandem Mass Tag®,224.2994,224.1525,H(20) C(12) N(2) O(2),T,Isotopic label,"This modification describes the \""native\"" TMT Reagent without isotopic label.",
740,ExacTagThiol,ExacTag Thiol label mass for 2-4-7-10 plex,972.7268,972.3652,H(50) C(23) 13C(12) N(8) 15N(6) O(18),C,Isotopic label,Accurate mass for Exactag Thiol labels,
741,ExacTagAmine,ExacTag Amine label mass for 2-4-7-10 plex,1046.8285,1046.3479,H(52) C(25) 13C(12) N(8) 15N(6) O(19) S,K,Isotopic label,Accurate mass for Exactag Amine labels. Includes the mass of the conjugation reagent,
764,BEMAD_C:2H(6),Beta elimination of alkylated Cys followed by Michael addition of labelled DTT,126.2071,126.0622,H(2) 2H(6) C(4) O(2) S,C,Isotopic label,"Can be used for quantitative analysis of cysteine-containing peptides. Same reaction can be used for quantitative analysis of O-linked post-translational modifications to serines and threonines, but then the modification is 16 Da more in mass; i.e. isotopically labeled reagent adds 142 Da in mass.",
772,13C5,13C(5) Silac label,4.9633,5.0168,C(-5) 13C(5),P,Isotopic label,,Result of Arg to Pro conversion of 13C(6) labelled Arg
762,IDEnT,Isotope Distribution Encoded Tag,216.064,214.9905,H(7) C(9) N O Cl(2),C,Isotopic label,Modified peptides identified by isotope pattern.  Restriction to cysteine-containing peptides combined with high mass accuracy allows peptide identification.,
763,BEMAD_ST:2H(6),Beta elimination of modified S or T followed by Michael addition of labelled DTT,142.2727,142.0393,H(2) 2H(6) C(4) O S(2),T,Isotopic label,"Can be used for quantitative analysis of O-linked post-translational modifications.  Same reaction can be used for quantitative analysis of cysteine-containing peptides, but then the modification is 16 Da less in mass; i.e. isotopically labeled reagent adds 126 Da in mass.",
763,BEMAD_ST:2H(6),Beta elimination of modified S or T followed by Michael addition of labelled DTT,142.2727,142.0393,H(2) 2H(6) C(4) O S(2),S,Isotopic label,"Can be used for quantitative analysis of O-linked post-translational modifications.  Same reaction can be used for quantitative analysis of cysteine-containing peptides, but then the modification is 16 Da less in mass; i.e. isotopically labeled reagent adds 126 Da in mass.",
799,Label:13C(6)+GG,13C6 labeled ubiquitinylation residue,120.0586,120.0631,H(6) C(-2) 13C(6) N(2) O(2),K,Isotopic label,The two glycine residues left on SILAC labeled ubiquitinylated lysine after tryptic digestion,
834,Label:2H(4)+Acetyl,"Acetyl 4,4,5,5-D4 Lysine",46.0613,46.0357,H(-2) 2H(4) C(2) O,K,Isotopic label,"For SILAC experiments, + PTM",Both isotopiclabel and post translational mod
792,AEC-MAEC:2H(4),deuterium cysteamine modification to S or T,63.158,63.0445,H 2H(4) C(2) N O(-1) S,S,Isotopic label,,
792,AEC-MAEC:2H(4),deuterium cysteamine modification to S or T,63.158,63.0445,H 2H(4) C(2) N O(-1) S,T,Isotopic label,,
835,Label:13C(6)+Acetyl,Acetyl 13C(6) Silac label,47.9926,48.0307,H(2) C(-4) 13C(6) O,K,Isotopic label,,SILAC and PTM
836,Label:13C(6)15N(2)+Acetyl,Acetyl_13C(6) 15N(2) Silac label,49.9794,50.0248,H(2) C(-4) 13C(6) N(-2) 15N(2) O,K,Isotopic label,,Used in SILAC experiment
888,mTRAQ,mTRAQ light,140.183,140.095,H(12) C(7) N(2) O,Y,Isotopic label,,Low abundance
888,mTRAQ,mTRAQ light,140.183,140.095,H(12) C(7) N(2) O,N-term,Isotopic label,,
888,mTRAQ,mTRAQ light,140.183,140.095,H(12) C(7) N(2) O,K,Isotopic label,,
888,mTRAQ,mTRAQ light,140.183,140.095,H(12) C(7) N(2) O,H,Isotopic label,,Very low abundance
888,mTRAQ,mTRAQ light,140.183,140.095,H(12) C(7) N(2) O,S,Isotopic label,,Very low abundance
888,mTRAQ,mTRAQ light,140.183,140.095,H(12) C(7) N(2) O,T,Isotopic label,,Very low abundance
862,Label:13C(1)2H(3),SILAC,4.0111,4.0222,H(-3) 2H(3) C(-1) 13C,M,Isotopic label,,Isotopic labeled methionine SILAC
864,Label:13C(6)15N(2)+GG,13C(6) 15N(2) Lysine glygly,122.0454,122.0571,H(6) C(-2) 13C(6) 15N(2) O(2),K,Isotopic label,,Used in SILAC PTM (glygly) experiment
866,ICPL:13C(6)2H(4),"Bruker Daltonics SERVA-ICPL(TM) quantification chemistry, +10 Da form",115.0747,115.0667,H(-1) 2H(4) 13C(6) N O,N-term,Isotopic label,"Attention: As the digest is typically applied AFTER ICPL labeling, only ProteinN-term labeling and Lys-specific labeling is applied.",Use when labelling post-digest
866,ICPL:13C(6)2H(4),"Bruker Daltonics SERVA-ICPL(TM) quantification chemistry, +10 Da form",115.0747,115.0667,H(-1) 2H(4) 13C(6) N O,K,Isotopic label,"Attention: As the digest is typically applied AFTER ICPL labeling, only ProteinN-term labeling and Lys-specific labeling is applied.",
866,ICPL:13C(6)2H(4),"Bruker Daltonics SERVA-ICPL(TM) quantification chemistry, +10 Da form",115.0747,115.0667,H(-1) 2H(4) 13C(6) N O,N-term,Isotopic label,"Attention: As the digest is typically applied AFTER ICPL labeling, only ProteinN-term labeling and Lys-specific labeling is applied.",Use when labelling pre-digest
889,mTRAQ:13C(3)15N(1),mTRAQ medium,144.1544,144.1021,H(12) C(4) 13C(3) N 15N O,S,Isotopic label,,Very low abundance
889,mTRAQ:13C(3)15N(1),mTRAQ medium,144.1544,144.1021,H(12) C(4) 13C(3) N 15N O,T,Isotopic label,,Very low abundance
889,mTRAQ:13C(3)15N(1),mTRAQ medium,144.1544,144.1021,H(12) C(4) 13C(3) N 15N O,H,Isotopic label,,Very low abundance
889,mTRAQ:13C(3)15N(1),mTRAQ medium,144.1544,144.1021,H(12) C(4) 13C(3) N 15N O,Y,Isotopic label,,Low abundance
889,mTRAQ:13C(3)15N(1),mTRAQ medium,144.1544,144.1021,H(12) C(4) 13C(3) N 15N O,N-term,Isotopic label,,
889,mTRAQ:13C(3)15N(1),mTRAQ medium,144.1544,144.1021,H(12) C(4) 13C(3) N 15N O,K,Isotopic label,,
897,Label:15N(4),SILAC 15N(4),3.9736,3.9881,N(-4) 15N(4),R,Isotopic label,,
923,Label:13C(4)15N(2)+GG,13C(4) 15N(2) Lysine glygly,120.0601,120.0504,H(6) 13C(4) 15N(2) O(2),K,Isotopic label,,Used in SILAC PTM (glygly) experiment
944,Label:15N(2)2H(9),SILAC label,11.0423,11.0506,H(-9) 2H(9) N(-2) 15N(2),K,Isotopic label,,
986,Label:13C(6)+Dimethyl,Dimethyl 13C(6) Silac label,34.0091,34.0514,H(4) C(-4) 13C(6),K,Isotopic label,,SILAC+PTM
985,cysTMT6plex,cysteine-reactive Sixplex Tandem Mass Tag®,304.3962,304.1772,H(25) C(10) 13C(4) N(2) 15N O(2) S,C,Isotopic label,"This modification describes the isobaric sixplex cysteine-reactive cysTMT6 Reagents with isotopic labels. Upon CID, these reagents release reporter ions of 126.127725, 127.131079, 128.134433, 129.137787, 130.141141, and 131.138176 (monoisotopic mass).",
994,Label:15N(1),15N(1),0.9934,0.997,N(-1) 15N,M,Isotopic label,,
994,Label:15N(1),15N(1),0.9934,0.997,N(-1) 15N,E,Isotopic label,,
994,Label:15N(1),15N(1),0.9934,0.997,N(-1) 15N,D,Isotopic label,,
994,Label:15N(1),15N(1),0.9934,0.997,N(-1) 15N,L,Isotopic label,,
994,Label:15N(1),15N(1),0.9934,0.997,N(-1) 15N,I,Isotopic label,,
994,Label:15N(1),15N(1),0.9934,0.997,N(-1) 15N,C,Isotopic label,,
994,Label:15N(1),15N(1),0.9934,0.997,N(-1) 15N,T,Isotopic label,,
994,Label:15N(1),15N(1),0.9934,0.997,N(-1) 15N,V,Isotopic label,,
994,Label:15N(1),15N(1),0.9934,0.997,N(-1) 15N,P,Isotopic label,,
994,Label:15N(1),15N(1),0.9934,0.997,N(-1) 15N,S,Isotopic label,,
994,Label:15N(1),15N(1),0.9934,0.997,N(-1) 15N,A,Isotopic label,,
994,Label:15N(1),15N(1),0.9934,0.997,N(-1) 15N,G,Isotopic label,,
994,Label:15N(1),15N(1),0.9934,0.997,N(-1) 15N,Y,Isotopic label,,
994,Label:15N(1),15N(1),0.9934,0.997,N(-1) 15N,F,Isotopic label,,
995,Label:15N(2),15N(2),1.9868,1.9941,N(-2) 15N(2),W,Isotopic label,,
995,Label:15N(2),15N(2),1.9868,1.9941,N(-2) 15N(2),K,Isotopic label,,
995,Label:15N(2),15N(2),1.9868,1.9941,N(-2) 15N(2),Q,Isotopic label,,
995,Label:15N(2),15N(2),1.9868,1.9941,N(-2) 15N(2),N,Isotopic label,,
996,Label:15N(3),15N(3),2.9802,2.9911,N(-3) 15N(3),H,Isotopic label,,
1004,Label:13C(6)15N(4)+Methyl,Monomethylated Arg13C(6) 15N(4),23.9561,24.0239,H(2) C(-5) 13C(6) N(-4) 15N(4),R,Isotopic label,,
1005,Label:13C(6)15N(4)+Dimethyl,Dimethylated Arg13C(6) 15N(4),37.9827,38.0396,H(4) C(-4) 13C(6) N(-4) 15N(4),R,Isotopic label,,
1006,Label:13C(6)15N(4)+Methyl:2H(3)13C(1),2H(3) 13C(1) monomethylated Arg13C(6) 15N(4),27.9673,28.0461,H(-1) 2H(3) C(-6) 13C(7) N(-4) 15N(4),R,Isotopic label,,
1007,Label:13C(6)15N(4)+Dimethyl:2H(6)13C(2),2H(6) 13C(2) Dimethylated Arg13C(6) 15N(4),46.005,46.0839,H(-2) 2H(6) C(-6) 13C(8) N(-4) 15N(4),R,Isotopic label,,
1018,ICDID,Isotope-Coded Dimedone light form,138.1638,138.0681,H(10) C(8) O(2),C,Isotopic label,,
1019,ICDID:2H(6),Isotope-Coded Dimedone heavy form,144.2008,144.1057,H(4) 2H(6) C(8) O(2),C,Isotopic label,,
1266,Label:13C(4),13C4 Methionine label,3.9706,4.0134,C(-4) 13C(4),M,Isotopic label,,
1267,Label:13C(4)+Oxidation,Oxidised 13C4 labelled Methionine,19.97,20.0083,C(-4) 13C(4) O,M,Isotopic label,,
1291,Dimethyl:2H(6),Dimethyl-Medium,34.0901,34.069,H(-2) 2H(6) C(2),K,Isotopic label,,
1291,Dimethyl:2H(6),Dimethyl-Medium,34.0901,34.069,H(-2) 2H(6) C(2),N-term,Isotopic label,,
1291,Dimethyl:2H(6),Dimethyl-Medium,34.0901,34.069,H(-2) 2H(6) C(2),R,Isotopic label,,
1297,Label:13C(3)15N(1),SILAC or AQUA label,3.9714,4.0071,C(-3) 13C(3) N(-1) 15N,A,Isotopic label,,
1297,Label:13C(3)15N(1),SILAC or AQUA label,3.9714,4.0071,C(-3) 13C(3) N(-1) 15N,S,Isotopic label,,
1296,Label:13C(3),13C3 label for SILAC,2.978,3.0101,C(-3) 13C(3),A,Isotopic label,,
1298,Label:13C(4)15N(1),13C4 15N1 label for SILAC,4.964,5.0105,C(-4) 13C(4) N(-1) 15N,D,Isotopic label,,
1299,Label:2H(10),2H(10) label,10.0616,10.0628,H(-10) 2H(10),L,Isotopic label,,
1300,Label:2H(4)13C(1),Label:2H(4)13C(1),5.0173,5.0285,H(-4) 2H(4) C(-1) 13C,R,Isotopic label,For SILAC experiments,
1302,mTRAQ:13C(6)15N(2),mTRAQ heavy,148.1257,148.1092,H(12) C 13C(6) 15N(2) O,K,Isotopic label,,
1302,mTRAQ:13C(6)15N(2),mTRAQ heavy,148.1257,148.1092,H(12) C 13C(6) 15N(2) O,N-term,Isotopic label,,
1302,mTRAQ:13C(6)15N(2),mTRAQ heavy,148.1257,148.1092,H(12) C 13C(6) 15N(2) O,Y,Isotopic label,,Low abundance
1302,mTRAQ:13C(6)15N(2),mTRAQ heavy,148.1257,148.1092,H(12) C 13C(6) 15N(2) O,H,Isotopic label,,Very low abundance
1302,mTRAQ:13C(6)15N(2),mTRAQ heavy,148.1257,148.1092,H(12) C 13C(6) 15N(2) O,S,Isotopic label,,Very low abundance
1302,mTRAQ:13C(6)15N(2),mTRAQ heavy,148.1257,148.1092,H(12) C 13C(6) 15N(2) O,T,Isotopic label,,Very low abundance
1305,Propyl,Propyl,42.0797,42.047,H(6) C(3),K,Isotopic label,,
1305,Propyl,Propyl,42.0797,42.047,H(6) C(3),N-term,Isotopic label,,
1306,Propyl:2H(6),Propyl:2H(6),48.1167,48.0846,2H(6) C(3),N-term,Isotopic label,,
1306,Propyl:2H(6),Propyl:2H(6),48.1167,48.0846,2H(6) C(3),K,Isotopic label,,
1321,DiLeu4plex115,Accurate mass for DiLeu 115 isobaric tag,145.1966,145.12,H(15) C(7) 13C 15N 18O,K,Isotopic label,Different channels have the same nominal mass but slightly different exact masses.,
1321,DiLeu4plex115,Accurate mass for DiLeu 115 isobaric tag,145.1966,145.12,H(15) C(7) 13C 15N 18O,N-term,Isotopic label,Different channels have the same nominal mass but slightly different exact masses.,
1321,DiLeu4plex115,Accurate mass for DiLeu 115 isobaric tag,145.1966,145.12,H(15) C(7) 13C 15N 18O,Y,Isotopic label,Different channels have the same nominal mass but slightly different exact masses.,Low abundance
1322,DiLeu4plex,Accurate mass for DiLeu 116 isobaric tag,145.2229,145.1322,H(13) 2H(2) C(8) N 18O,N-term,Isotopic label,Different channels have the same nominal mass but slightly different exact masses.,
1322,DiLeu4plex,Accurate mass for DiLeu 116 isobaric tag,145.2229,145.1322,H(13) 2H(2) C(8) N 18O,K,Isotopic label,Different channels have the same nominal mass but slightly different exact masses.,
1322,DiLeu4plex,Accurate mass for DiLeu 116 isobaric tag,145.2229,145.1322,H(13) 2H(2) C(8) N 18O,Y,Isotopic label,Different channels have the same nominal mass but slightly different exact masses.,Low abundance
1323,DiLeu4plex117,Accurate mass for DiLeu 117 isobaric tag,145.2092,145.1283,H(13) 2H(2) C(7) 13C 15N O,K,Isotopic label,Different channels have the same nominal mass but slightly different exact masses.,
1323,DiLeu4plex117,Accurate mass for DiLeu 117 isobaric tag,145.2092,145.1283,H(13) 2H(2) C(7) 13C 15N O,N-term,Isotopic label,Different channels have the same nominal mass but slightly different exact masses.,
1323,DiLeu4plex117,Accurate mass for DiLeu 117 isobaric tag,145.2092,145.1283,H(13) 2H(2) C(7) 13C 15N O,Y,Isotopic label,Different channels have the same nominal mass but slightly different exact masses.,Low abundance
1324,DiLeu4plex118,Accurate mass for DiLeu 118 isobaric tag,145.2354,145.1405,H(11) 2H(4) C(8) N O,K,Isotopic label,Different channels have the same nominal mass but slightly different exact masses.,
1324,DiLeu4plex118,Accurate mass for DiLeu 118 isobaric tag,145.2354,145.1405,H(11) 2H(4) C(8) N O,N-term,Isotopic label,Different channels have the same nominal mass but slightly different exact masses.,
1324,DiLeu4plex118,Accurate mass for DiLeu 118 isobaric tag,145.2354,145.1405,H(11) 2H(4) C(8) N O,Y,Isotopic label,Different channels have the same nominal mass but slightly different exact masses.,Low abundance
1787,Label:13C(2)15N(2),13C(2) 15N(2),3.9721,4.0008,C(-2) 13C(2) N(-2) 15N(2),K,Isotopic label,For SILAC experiments,
1368,Methyl:2H(3)+Acetyl:2H(3),3-fold methylated lysine labelled with Acetyl_heavy,62.1002,62.0639,H(-2) 2H(6) C(3) O,K,Isotopic label,,
1370,Label:2H(3)+Oxidation,Oxidised 2H(3) labelled Methionine,19.0179,19.0137,H(-3) 2H(3) O,M,Isotopic label,,
1371,Trimethyl:2H(9),3-fold methylation with deuterated methyl groups,51.1352,51.1034,H(-3) 2H(9) C(3),R,Isotopic label,,
1371,Trimethyl:2H(9),3-fold methylation with deuterated methyl groups,51.1352,51.1034,H(-3) 2H(9) C(3),K,Isotopic label,,
1372,Acetyl:13C(2),heavy acetylation,44.022,44.0173,H(2) 13C(2) O,K,Isotopic label,,
1372,Acetyl:13C(2),heavy acetylation,44.022,44.0173,H(2) 13C(2) O,N-term,Isotopic label,,
1392,DiART6plex,Representative mass and accurate mass for 114,217.2527,217.1629,H(20) C(7) 13C(4) N 15N O(2),Y,Isotopic label,"Different tags have the same nominal mass but slightly different exact masses. Use this modification for all tags for quantitation purposes. Monoisotopic masses of the fragment ions to be quantified are 114.12827, 115.12531, 116.14082, 117.13786, 118.14752, 119.14456",Low abundance
1392,DiART6plex,Representative mass and accurate mass for 114,217.2527,217.1629,H(20) C(7) 13C(4) N 15N O(2),N-term,Isotopic label,"Different tags have the same nominal mass but slightly different exact masses. Use this modification for all tags for quantitation purposes. Monoisotopic masses of the fragment ions to be quantified are 114.12827, 115.12531, 116.14082, 117.13786, 118.14752, 119.14456",
1392,DiART6plex,Representative mass and accurate mass for 114,217.2527,217.1629,H(20) C(7) 13C(4) N 15N O(2),N-term,Isotopic label,"Different tags have the same nominal mass but slightly different exact masses. Use this modification for all tags for quantitation purposes. Monoisotopic masses of the fragment ions to be quantified are 114.12827, 115.12531, 116.14082, 117.13786, 118.14752, 119.14456",
1392,DiART6plex,Representative mass and accurate mass for 114,217.2527,217.1629,H(20) C(7) 13C(4) N 15N O(2),K,Isotopic label,"Different tags have the same nominal mass but slightly different exact masses. Use this modification for all tags for quantitation purposes. Monoisotopic masses of the fragment ions to be quantified are 114.12827, 115.12531, 116.14082, 117.13786, 118.14752, 119.14456",
1393,DiART6plex115,Accurate mass for DiART6plex 115,217.2535,217.1566,H(20) C(8) 13C(3) 15N(2) O(2),K,Isotopic label,Different tags have the same nominal mass but slightly different exact masses.,
1393,DiART6plex115,Accurate mass for DiART6plex 115,217.2535,217.1566,H(20) C(8) 13C(3) 15N(2) O(2),N-term,Isotopic label,Different tags have the same nominal mass but slightly different exact masses.,
1393,DiART6plex115,Accurate mass for DiART6plex 115,217.2535,217.1566,H(20) C(8) 13C(3) 15N(2) O(2),N-term,Isotopic label,Different tags have the same nominal mass but slightly different exact masses.,
1393,DiART6plex115,Accurate mass for DiART6plex 115,217.2535,217.1566,H(20) C(8) 13C(3) 15N(2) O(2),Y,Isotopic label,Different tags have the same nominal mass but slightly different exact masses.,Low abundance
1394,DiART6plex116/119,Accurate mass for DiART6plex 116 and 119,217.2797,217.1688,H(18) 2H(2) C(9) 13C(2) N 15N O(2),Y,Isotopic label,Different tags have the same nominal mass but slightly different exact masses.,Low abundance
1394,DiART6plex116/119,Accurate mass for DiART6plex 116 and 119,217.2797,217.1688,H(18) 2H(2) C(9) 13C(2) N 15N O(2),N-term,Isotopic label,Different tags have the same nominal mass but slightly different exact masses.,
1394,DiART6plex116/119,Accurate mass for DiART6plex 116 and 119,217.2797,217.1688,H(18) 2H(2) C(9) 13C(2) N 15N O(2),K,Isotopic label,Different tags have the same nominal mass but slightly different exact masses.,
1394,DiART6plex116/119,Accurate mass for DiART6plex 116 and 119,217.2797,217.1688,H(18) 2H(2) C(9) 13C(2) N 15N O(2),N-term,Isotopic label,Different tags have the same nominal mass but slightly different exact masses.,
1395,DiART6plex117,Accurate mass for DiART6plex 117,217.2805,217.1625,H(18) 2H(2) C(10) 13C 15N(2) O(2),K,Isotopic label,Different tags have the same nominal mass but slightly different exact masses.,
1395,DiART6plex117,Accurate mass for DiART6plex 117,217.2805,217.1625,H(18) 2H(2) C(10) 13C 15N(2) O(2),N-term,Isotopic label,Different tags have the same nominal mass but slightly different exact masses.,
1395,DiART6plex117,Accurate mass for DiART6plex 117,217.2805,217.1625,H(18) 2H(2) C(10) 13C 15N(2) O(2),N-term,Isotopic label,Different tags have the same nominal mass but slightly different exact masses.,
1395,DiART6plex117,Accurate mass for DiART6plex 117,217.2805,217.1625,H(18) 2H(2) C(10) 13C 15N(2) O(2),Y,Isotopic label,Different tags have the same nominal mass but slightly different exact masses.,Low abundance
1396,DiART6plex118,Accurate mass for DiART6plex 118,217.279,217.1751,H(18) 2H(2) C(8) 13C(3) N(2) O(2),K,Isotopic label,Different tags have the same nominal mass but slightly different exact masses.,
1396,DiART6plex118,Accurate mass for DiART6plex 118,217.279,217.1751,H(18) 2H(2) C(8) 13C(3) N(2) O(2),N-term,Isotopic label,Different tags have the same nominal mass but slightly different exact masses.,
1396,DiART6plex118,Accurate mass for DiART6plex 118,217.279,217.1751,H(18) 2H(2) C(8) 13C(3) N(2) O(2),N-term,Isotopic label,Different tags have the same nominal mass but slightly different exact masses.,
1396,DiART6plex118,Accurate mass for DiART6plex 118,217.279,217.1751,H(18) 2H(2) C(8) 13C(3) N(2) O(2),Y,Isotopic label,Different tags have the same nominal mass but slightly different exact masses.,Low abundance
1402,Label:2H(7)15N(4),Label:2H(7)15N(4),11.0168,11.0321,H(-7) 2H(7) N(-4) 15N(4),R,Isotopic label,For SILAC experiments,
1403,Label:2H(6)15N(1),Label:2H(6)15N(1),7.0304,7.0347,H(-6) 2H(6) N(-1) 15N,P,Isotopic label,For SILAC experiments,
1414,Trimethyl:13C(3)2H(9),3-fold methylation with fully labelled methyl groups,54.1132,54.1135,H(-3) 2H(9) 13C(3),K,Isotopic label,,
1414,Trimethyl:13C(3)2H(9),3-fold methylation with fully labelled methyl groups,54.1132,54.1135,H(-3) 2H(9) 13C(3),R,Isotopic label,,
2016,TMTpro,TMTpro 16plex Tandem Mass Tag,304.3127,304.2071,H(25) C(8) 13C(7) N 15N(2) O(3),T,Isotopic label,"This modification describes the isotope-labeled TMTpro Reagent with m/z values of the TMTpro fragment ions to be quantified for 16plex: 126.127726,127. 124761, 127.131081, 128.128116, 128.134436, 129.131471, 129.13779, 130.134825, 130.141145, 131.13818, 131.1445, 132.141535, 132.147855, 133.14489, 133.15121, and 134.148245\r\nAdditional reporter ions for 18plex: 134.154565 and 135.151600",
2016,TMTpro,TMTpro 16plex Tandem Mass Tag,304.3127,304.2071,H(25) C(8) 13C(7) N 15N(2) O(3),S,Isotopic label,"This modification describes the isotope-labeled TMTpro Reagent with m/z values of the TMTpro fragment ions to be quantified for 16plex: 126.127726,127. 124761, 127.131081, 128.128116, 128.134436, 129.131471, 129.13779, 130.134825, 130.141145, 131.13818, 131.1445, 132.141535, 132.147855, 133.14489, 133.15121, and 134.148245\r\nAdditional reporter ions for 18plex: 134.154565 and 135.151600",
2016,TMTpro,TMTpro 16plex Tandem Mass Tag,304.3127,304.2071,H(25) C(8) 13C(7) N 15N(2) O(3),H,Isotopic label,"This modification describes the isotope-labeled TMTpro Reagent with m/z values of the TMTpro fragment ions to be quantified for 16plex: 126.127726,127. 124761, 127.131081, 128.128116, 128.134436, 129.131471, 129.13779, 130.134825, 130.141145, 131.13818, 131.1445, 132.141535, 132.147855, 133.14489, 133.15121, and 134.148245\r\nAdditional reporter ions for 18plex: 134.154565 and 135.151600",
2016,TMTpro,TMTpro 16plex Tandem Mass Tag,304.3127,304.2071,H(25) C(8) 13C(7) N 15N(2) O(3),N-term,Isotopic label,"This modification describes the isotope-labeled TMTpro Reagent with m/z values of the TMTpro fragment ions to be quantified for 16plex: 126.127726,127. 124761, 127.131081, 128.128116, 128.134436, 129.131471, 129.13779, 130.134825, 130.141145, 131.13818, 131.1445, 132.141535, 132.147855, 133.14489, 133.15121, and 134.148245\r\nAdditional reporter ions for 18plex: 134.154565 and 135.151600",
2016,TMTpro,TMTpro 16plex Tandem Mass Tag,304.3127,304.2071,H(25) C(8) 13C(7) N 15N(2) O(3),N-term,Isotopic label,"This modification describes the isotope-labeled TMTpro Reagent with m/z values of the TMTpro fragment ions to be quantified for 16plex: 126.127726,127. 124761, 127.131081, 128.128116, 128.134436, 129.131471, 129.13779, 130.134825, 130.141145, 131.13818, 131.1445, 132.141535, 132.147855, 133.14489, 133.15121, and 134.148245\r\nAdditional reporter ions for 18plex: 134.154565 and 135.151600",
2016,TMTpro,TMTpro 16plex Tandem Mass Tag,304.3127,304.2071,H(25) C(8) 13C(7) N 15N(2) O(3),K,Isotopic label,"This modification describes the isotope-labeled TMTpro Reagent with m/z values of the TMTpro fragment ions to be quantified for 16plex: 126.127726,127. 124761, 127.131081, 128.128116, 128.134436, 129.131471, 129.13779, 130.134825, 130.141145, 131.13818, 131.1445, 132.141535, 132.147855, 133.14489, 133.15121, and 134.148245\r\nAdditional reporter ions for 18plex: 134.154565 and 135.151600",
35,Hydroxylation,Oxidation or Hydroxylation,15.9994,15.9949,O,G,Pre-translational,,Hydroxyglycine derivative in amidation pathway
107,+N-formyl-met,Addition of N-formyl met,159.2062,159.0354,H(9) C(6) N O(2) S,N-term,Pre-translational,,only with Listeria monocytogenes (gram-positive bacteria)
431,palmitoleyl,palmitoleyl,236.3929,236.214,H(28) C(16) O,T,Pre-translational,,
903,Lys->CamCys,Lys->Cys substitution and carbamidomethylation,32.0219,31.9357,H(-4) C(-1) O S,K,Pre-translational,for Brad Strader,
904,Phe->CamCys,Phe->Cys substitution and carbamidomethylation,13.0204,12.9622,H(-1) C(-4) N O S,F,Pre-translational,for Brad Strader,
905,Leu->MetOx,Leu->Met substitution and sulfoxidation,34.0378,33.9513,H(-2) C(-1) O S,L,Pre-translational,for Brad Strader,
906,Lys->MetOx,Lys->Met substitution and sulfoxidation,19.0232,18.9404,H(-3) C(-1) N(-1) O S,K,Pre-translational,for Brad Strader,
41,Hex,Hexose,162.1406,162.0528,Hex,C,Other glycosylation,,
41,Hex,Hexose,162.1406,162.0528,Hex,W,Other glycosylation,,
41,Hex,Hexose,162.1406,162.0528,Hex,N-term,Other glycosylation,,glycation
41,Hex,Hexose,162.1406,162.0528,Hex,R,Other glycosylation,,glycation
41,Hex,Hexose,162.1406,162.0528,Hex,K,Other glycosylation,,glycation
43,HexNAc,N-Acetylhexosamine,203.1925,203.0794,HexNAc,C,Other glycosylation,The amine derivative of a hexose formed by replacing a hydroxyl group with an amino group.(+acetyl group),
54,N-glucuronyl,hexuronic acid,176.1241,176.0321,HexA,N-term,Other glycosylation,"The addition of a sugar unit to a protein amino acid, e.g. the addition of glycan chains to proteins. Addition of glucuronic acid. Observed for N-term G",
213,ADP-Ribose,ADP  Ribose addition,541.3005,541.0611,H(13) C(10) N(5) O(9) P(2) Pent,D,Other glycosylation,,
213,ADP-Ribose,ADP  Ribose addition,541.3005,541.0611,H(13) C(10) N(5) O(9) P(2) Pent,K,Other glycosylation,,
213,ADP-Ribose,ADP  Ribose addition,541.3005,541.0611,H(13) C(10) N(5) O(9) P(2) Pent,E,Other glycosylation,,
213,ADP-Ribose,ADP  Ribose addition,541.3005,541.0611,H(13) C(10) N(5) O(9) P(2) Pent,C,Other glycosylation,,
213,ADP-Ribose,ADP  Ribose addition,541.3005,541.0611,H(13) C(10) N(5) O(9) P(2) Pent,R,Other glycosylation,,
393,glucosylgalactosyl,glucosylgalactosyl hydroxylysine,340.2806,340.1006,O Hex(2),K,Other glycosylation,,
408,glycosyl,glycosyl-L-hydroxyproline,148.114,148.0372,H(-2) C(-1) Hex,P,Other glycosylation,,
454,HexN,Hexosamine,161.1558,161.0688,HexN,W,Other glycosylation,,
490,Hep,Heptose,192.1666,192.0634,Hep,Q,Other glycosylation,,
490,Hep,Heptose,192.1666,192.0634,Hep,K,Other glycosylation,,
512,Gal-Glu,Lactosylation,324.2812,324.1056,Hex(2),R,Other glycosylation,Lactosylation of bovine Beta-Lactoglobulin,Maillard reaction (first event)
512,Gal-Glu,Lactosylation,324.2812,324.1056,Hex(2),K,Other glycosylation,Lactosylation of bovine Beta-Lactoglobulin,Maillard reaction (first event)
907,Galactosyl,Gluconoylation,178.14,178.0477,O Hex,N-term,Other glycosylation,,
907,Galactosyl,Gluconoylation,178.14,178.0477,O Hex,K,Other glycosylation,,
1286,IMEHex(2)NeuAc(1),Glycosylation with IME linked Hex(2) NeuAc,688.6527,688.1997,H(3) C(2) N S Hex(2) NeuAc,K,Other glycosylation,Modification by Hex(2) NeuAc  using IME coupling to get glycosylated proteins,
1400,MurNAc,N-Acetylmuramic acid,275.2552,275.1005,O(-1) NeuAc,A,Other glycosylation,Gram negative peptidoglycan saccharide amide bonded to Alanine,
41,Hex,Hexose,162.1406,162.0528,Hex,T,O-linked glycosylation,,
41,Hex,Hexose,162.1406,162.0528,Hex,S,O-linked glycosylation,,
41,Hex,Hexose,162.1406,162.0528,Hex,Y,O-linked glycosylation,,
43,HexNAc,N-Acetylhexosamine,203.1925,203.0794,HexNAc,T,O-linked glycosylation,The amine derivative of a hexose formed by replacing a hydroxyl group with an amino group.(+acetyl group),
43,HexNAc,N-Acetylhexosamine,203.1925,203.0794,HexNAc,S,O-linked glycosylation,The amine derivative of a hexose formed by replacing a hydroxyl group with an amino group.(+acetyl group),
54,N-glucuronyl,hexuronic acid,176.1241,176.0321,HexA,T,O-linked glycosylation,"The addition of a sugar unit to a protein amino acid, e.g. the addition of glycan chains to proteins. Addition of glucuronic acid. Observed for N-term G",
54,N-glucuronyl,hexuronic acid,176.1241,176.0321,HexA,S,O-linked glycosylation,"The addition of a sugar unit to a protein amino acid, e.g. the addition of glycan chains to proteins. Addition of glucuronic acid. Observed for N-term G",
142,HexNAc1dHex1,HexNAc1dHex1,349.3337,349.1373,dHex HexNAc,T,O-linked glycosylation,,
142,HexNAc1dHex1,HexNAc1dHex1,349.3337,349.1373,dHex HexNAc,S,O-linked glycosylation,,
143,HexNAc2,HexNAc2,406.385,406.1587,HexNAc(2),T,O-linked glycosylation,,
143,HexNAc2,HexNAc2,406.385,406.1587,HexNAc(2),S,O-linked glycosylation,,
144,Hex3,Hex3,486.4218,486.1585,Hex(3),T,O-linked glycosylation,,
144,Hex3,Hex3,486.4218,486.1585,Hex(3),S,O-linked glycosylation,,
146,Hex1HexNAc1dHex1,Hex1HexNAc1dHex1,511.4743,511.1901,dHex Hex HexNAc,T,O-linked glycosylation,,
146,Hex1HexNAc1dHex1,Hex1HexNAc1dHex1,511.4743,511.1901,dHex Hex HexNAc,S,O-linked glycosylation,,
148,Hex1HexNAc2,Hex1HexNAc2,568.5256,568.2116,Hex HexNAc(2),T,O-linked glycosylation,,
148,Hex1HexNAc2,Hex1HexNAc2,568.5256,568.2116,Hex HexNAc(2),S,O-linked glycosylation,,
149,Hex1HexNAc1NeuAc1,Hex1HexNAc1NeuAc1,656.5877,656.2276,Hex HexNAc NeuAc,T,O-linked glycosylation,,
149,Hex1HexNAc1NeuAc1,Hex1HexNAc1NeuAc1,656.5877,656.2276,Hex HexNAc NeuAc,S,O-linked glycosylation,,
152,Hex1HexNAc2dHex1,Hex1HexNAc2dHex1,714.6668,714.2695,dHex Hex HexNAc(2),T,O-linked glycosylation,,
152,Hex1HexNAc2dHex1,Hex1HexNAc2dHex1,714.6668,714.2695,dHex Hex HexNAc(2),S,O-linked glycosylation,,
153,Hex2HexNAc2,Hex2HexNAc2,730.6662,730.2644,Hex(2) HexNAc(2),T,O-linked glycosylation,,
153,Hex2HexNAc2,Hex2HexNAc2,730.6662,730.2644,Hex(2) HexNAc(2),S,O-linked glycosylation,,
156,Hex1HexNAc2dHex2,Hex1HexNAc2dHex2,860.808,860.3274,dHex(2) Hex HexNAc(2),T,O-linked glycosylation,,
156,Hex1HexNAc2dHex2,Hex1HexNAc2dHex2,860.808,860.3274,dHex(2) Hex HexNAc(2),S,O-linked glycosylation,,
158,Hex2HexNAc2dHex1,Hex2HexNAc2dHex1,876.8074,876.3223,dHex Hex(2) HexNAc(2),T,O-linked glycosylation,,
158,Hex2HexNAc2dHex1,Hex2HexNAc2dHex1,876.8074,876.3223,dHex Hex(2) HexNAc(2),S,O-linked glycosylation,,
159,Hex3HexNAc2,M3/Man3,892.8068,892.3172,Hex(3) HexNAc(2),T,O-linked glycosylation,,
159,Hex3HexNAc2,M3/Man3,892.8068,892.3172,Hex(3) HexNAc(2),S,O-linked glycosylation,,
160,Hex1HexNAc1NeuAc2,Hex HexNAc NeuAc(2) ---OR--- Hex HexNAc(3) HexA,947.8423,947.323,Hex HexNAc NeuAc(2),T,O-linked glycosylation,,
160,Hex1HexNAc1NeuAc2,Hex HexNAc NeuAc(2) ---OR--- Hex HexNAc(3) HexA,947.8423,947.323,Hex HexNAc NeuAc(2),S,O-linked glycosylation,,
213,ADP-Ribose,ADP  Ribose addition,541.3005,541.0611,H(13) C(10) N(5) O(9) P(2) Pent,T,O-linked glycosylation,,
213,ADP-Ribose,ADP  Ribose addition,541.3005,541.0611,H(13) C(10) N(5) O(9) P(2) Pent,S,O-linked glycosylation,,
2022,Ser/Thr-KDO,Glycosylation of Serine/Threonine residues with KDO,220.1767,220.0583,H(12) C(8) O(7),T,O-linked glycosylation,,
2022,Ser/Thr-KDO,Glycosylation of Serine/Threonine residues with KDO,220.1767,220.0583,H(12) C(8) O(7),S,O-linked glycosylation,,
295,Fuc,Fucose,146.1412,146.0579,dHex,T,O-linked glycosylation,,
295,Fuc,Fucose,146.1412,146.0579,dHex,S,O-linked glycosylation,,
305,G0F,FA2/G0F,1445.3331,1444.5339,dHex Hex(3) HexNAc(4),T,O-linked glycosylation,,
305,G0F,FA2/G0F,1445.3331,1444.5339,dHex Hex(3) HexNAc(4),S,O-linked glycosylation,,
307,G1F,FA2G1/G1F,1607.4737,1606.5867,dHex Hex(4) HexNAc(4),T,O-linked glycosylation,,
307,G1F,FA2G1/G1F,1607.4737,1606.5867,dHex Hex(4) HexNAc(4),S,O-linked glycosylation,,
309,G0,A2/G0,1299.1919,1298.476,Hex(3) HexNAc(4),T,O-linked glycosylation,,
309,G0,A2/G0,1299.1919,1298.476,Hex(3) HexNAc(4),S,O-linked glycosylation,,
310,G1,A2G1/G1,1461.3325,1460.5288,Hex(4) HexNAc(4),T,O-linked glycosylation,,
310,G1,A2G1/G1,1461.3325,1460.5288,Hex(4) HexNAc(4),S,O-linked glycosylation,,
311,G2,A2G2/G2,1623.4731,1622.5816,Hex(5) HexNAc(4),T,O-linked glycosylation,,Not reported for human proteins
311,G2,A2G2/G2,1623.4731,1622.5816,Hex(5) HexNAc(4),S,O-linked glycosylation,,Not reported for human proteins
428,p-GlcNAc,N-acetylglucosamine-1-phosphoryl,283.1724,283.0457,H O(3) P HexNAc,T,O-linked glycosylation,,
428,p-GlcNAc,N-acetylglucosamine-1-phosphoryl,283.1724,283.0457,H O(3) P HexNAc,S,O-linked glycosylation,,
429,p-Man,phosphoglycosyl-D-mannose-1-phosphoryl,242.1205,242.0192,H O(3) P Hex,T,O-linked glycosylation,,
429,p-Man,phosphoglycosyl-D-mannose-1-phosphoryl,242.1205,242.0192,H O(3) P Hex,S,O-linked glycosylation,,
454,HexN,Hexosamine,161.1558,161.0688,HexN,T,O-linked glycosylation,,
454,HexN,Hexosamine,161.1558,161.0688,HexN,S,O-linked glycosylation,,
490,Hep,Heptose,192.1666,192.0634,Hep,T,O-linked glycosylation,,
490,Hep,Heptose,192.1666,192.0634,Hep,S,O-linked glycosylation,,
512,Gal-Glu,Lactosylation,324.2812,324.1056,Hex(2),S,O-linked glycosylation,Lactosylation of bovine Beta-Lactoglobulin,
512,Gal-Glu,Lactosylation,324.2812,324.1056,Hex(2),T,O-linked glycosylation,Lactosylation of bovine Beta-Lactoglobulin,
793,Hex(1)HexNAc(1),Hex1HexNAc1,365.3331,365.1322,Hex HexNAc,T,O-linked glycosylation,,
793,Hex(1)HexNAc(1),Hex1HexNAc1,365.3331,365.1322,Hex HexNAc,S,O-linked glycosylation,,
1303,NeuAc,N-acetyl neuraminic acid,291.2546,291.0954,NeuAc,T,O-linked glycosylation,,
1303,NeuAc,N-acetyl neuraminic acid,291.2546,291.0954,NeuAc,S,O-linked glycosylation,,
1304,NeuGc,N-glycoyl neuraminic acid,307.254,307.0903,NeuGc,T,O-linked glycosylation,,
1304,NeuGc,N-glycoyl neuraminic acid,307.254,307.0903,NeuGc,S,O-linked glycosylation,,
1367,dHex(1)Hex(1),Hex1dHex1,308.2818,308.1107,dHex Hex,T,O-linked glycosylation,,
1367,dHex(1)Hex(1),Hex1dHex1,308.2818,308.1107,dHex Hex,S,O-linked glycosylation,,
1375,dHex(1)Hex(2),Hex2dHex1,470.4224,470.1636,dHex Hex(2),T,O-linked glycosylation,,
1375,dHex(1)Hex(2),Hex2dHex1,470.4224,470.1636,dHex Hex(2),S,O-linked glycosylation,,
1376,dHex(1)Hex(3),Hex3dHex1,632.563,632.2164,dHex Hex(3),T,O-linked glycosylation,,
1376,dHex(1)Hex(3),Hex3dHex1,632.563,632.2164,dHex Hex(3),S,O-linked glycosylation,,
1377,dHex(1)Hex(4),Hex4dHex1,794.7036,794.2692,dHex Hex(4),T,O-linked glycosylation,,
1377,dHex(1)Hex(4),Hex4dHex1,794.7036,794.2692,dHex Hex(4),S,O-linked glycosylation,,
1378,dHex(1)Hex(5),Hex5dHex1,956.8442,956.322,dHex Hex(5),T,O-linked glycosylation,,
1378,dHex(1)Hex(5),Hex5dHex1,956.8442,956.322,dHex Hex(5),S,O-linked glycosylation,,
1379,dHex(1)Hex(6),Hex6dHex1,1118.9848,1118.3748,dHex Hex(6),T,O-linked glycosylation,,
1379,dHex(1)Hex(6),Hex6dHex1,1118.9848,1118.3748,dHex Hex(6),S,O-linked glycosylation,,
1412,s-GlcNAc,O3S1HexNAc1,283.2557,283.0362,O(3) S HexNAc,T,O-linked glycosylation,,
1412,s-GlcNAc,O3S1HexNAc1,283.2557,283.0362,O(3) S HexNAc,S,O-linked glycosylation,,
1413,PhosphoHex(2),H1O3P1Hex2,404.2611,404.072,H O(3) P Hex(2),T,O-linked glycosylation,,
1413,PhosphoHex(2),H1O3P1Hex2,404.2611,404.072,H O(3) P Hex(2),S,O-linked glycosylation,,
1428,Hex(1)Pent(2),Hex Pent(2),426.3698,426.1373,Pent(2) Hex,T,O-linked glycosylation,,
1428,Hex(1)Pent(2),Hex Pent(2),426.3698,426.1373,Pent(2) Hex,S,O-linked glycosylation,,
1425,Pentose,Pentose,132.1146,132.0423,Pent,T,O-linked glycosylation,,
1425,Pentose,Pentose,132.1146,132.0423,Pent,S,O-linked glycosylation,,
1426,Hex(1)Pent(1),Hex Pent,294.2552,294.0951,Pent Hex,T,O-linked glycosylation,,
1426,Hex(1)Pent(1),Hex Pent,294.2552,294.0951,Pent Hex,S,O-linked glycosylation,,
1427,Hex(1)HexA(1),Hex HexA,338.2647,338.0849,Hex HexA,T,O-linked glycosylation,,
1427,Hex(1)HexA(1),Hex HexA,338.2647,338.0849,Hex HexA,S,O-linked glycosylation,,
1429,Hex(1)HexNAc(1)Phos(1),Hex HexNAc Phos,445.313,445.0985,H O(3) P Hex HexNAc,T,O-linked glycosylation,,
1429,Hex(1)HexNAc(1)Phos(1),Hex HexNAc Phos,445.313,445.0985,H O(3) P Hex HexNAc,S,O-linked glycosylation,,
1430,Hex(1)HexNAc(1)Sulf(1),Hex HexNAc Sulf,445.3963,445.089,O(3) S Hex HexNAc,T,O-linked glycosylation,,
1430,Hex(1)HexNAc(1)Sulf(1),Hex HexNAc Sulf,445.3963,445.089,O(3) S Hex HexNAc,S,O-linked glycosylation,,
1431,Hex(1)NeuAc(1),Hex NeuAc ---OR--- HexNAc Kdn,453.3952,453.1482,Hex NeuAc,T,O-linked glycosylation,,
1431,Hex(1)NeuAc(1),Hex NeuAc ---OR--- HexNAc Kdn,453.3952,453.1482,Hex NeuAc,S,O-linked glycosylation,,
1432,Hex(1)NeuGc(1),Hex NeuGc,469.3946,469.1432,Hex NeuGc,T,O-linked glycosylation,,
1432,Hex(1)NeuGc(1),Hex NeuGc,469.3946,469.1432,Hex NeuGc,S,O-linked glycosylation,,
1433,HexNAc(3),HexNAc(3),609.5776,609.2381,HexNAc(3),T,O-linked glycosylation,,
1433,HexNAc(3),HexNAc(3),609.5776,609.2381,HexNAc(3),S,O-linked glycosylation,,
1434,HexNAc(1)NeuAc(1),HexNAc NeuAc,494.4471,494.1748,HexNAc NeuAc,T,O-linked glycosylation,,
1434,HexNAc(1)NeuAc(1),HexNAc NeuAc,494.4471,494.1748,HexNAc NeuAc,S,O-linked glycosylation,,
1435,HexNAc(1)NeuGc(1),HexNAc NeuGc,510.4465,510.1697,HexNAc NeuGc,T,O-linked glycosylation,,
1435,HexNAc(1)NeuGc(1),HexNAc NeuGc,510.4465,510.1697,HexNAc NeuGc,S,O-linked glycosylation,,
1444,Hex(2)NeuAc(1),Hex(2) NeuAc ---OR--- Hex HexNAc Kdn,615.5358,615.2011,Hex(2) NeuAc,T,O-linked glycosylation,,
1444,Hex(2)NeuAc(1),Hex(2) NeuAc ---OR--- Hex HexNAc Kdn,615.5358,615.2011,Hex(2) NeuAc,S,O-linked glycosylation,,
1436,Hex(1)HexNAc(1)dHex(1)Me(1),Hex HexNAc dHex Me,525.5009,525.2058,Me dHex Hex HexNAc,T,O-linked glycosylation,,
1436,Hex(1)HexNAc(1)dHex(1)Me(1),Hex HexNAc dHex Me,525.5009,525.2058,Me dHex Hex HexNAc,S,O-linked glycosylation,,
1437,Hex(1)HexNAc(1)dHex(1)Me(2),Hex HexNAc dHex Me(2),539.5275,539.2214,Me(2) dHex Hex HexNAc,T,O-linked glycosylation,,
1437,Hex(1)HexNAc(1)dHex(1)Me(2),Hex HexNAc dHex Me(2),539.5275,539.2214,Me(2) dHex Hex HexNAc,S,O-linked glycosylation,,
1438,Hex(2)HexNAc(1),Hex(2) HexNAc,527.4737,527.185,Hex(2) HexNAc,T,O-linked glycosylation,,
1438,Hex(2)HexNAc(1),Hex(2) HexNAc,527.4737,527.185,Hex(2) HexNAc,S,O-linked glycosylation,,
1439,Hex(1)HexA(1)HexNAc(1),Hex HexA HexNAc,541.4572,541.1643,Hex HexA HexNAc,T,O-linked glycosylation,,
1439,Hex(1)HexA(1)HexNAc(1),Hex HexA HexNAc,541.4572,541.1643,Hex HexA HexNAc,S,O-linked glycosylation,,
1440,Hex(2)HexNAc(1)Me(1),Hex(2) HexNAc Me,541.5003,541.2007,Me Hex(2) HexNAc,T,O-linked glycosylation,,
1440,Hex(2)HexNAc(1)Me(1),Hex(2) HexNAc Me,541.5003,541.2007,Me Hex(2) HexNAc,S,O-linked glycosylation,,
1441,Hex(1)Pent(3),Hex Pent(3),558.4845,558.1796,Pent(3) Hex,T,O-linked glycosylation,,
1441,Hex(1)Pent(3),Hex Pent(3),558.4845,558.1796,Pent(3) Hex,S,O-linked glycosylation,,
1442,Hex(1)NeuAc(1)Pent(1),Hex NeuAc Pent,585.5098,585.1905,Pent Hex NeuAc,S,O-linked glycosylation,,
1442,Hex(1)NeuAc(1)Pent(1),Hex NeuAc Pent,585.5098,585.1905,Pent Hex NeuAc,T,O-linked glycosylation,,
1443,Hex(2)HexNAc(1)Sulf(1),Hex(2) HexNAc Sulf,607.5369,607.1418,O(3) S Hex(2) HexNAc,T,O-linked glycosylation,,
1443,Hex(2)HexNAc(1)Sulf(1),Hex(2) HexNAc Sulf,607.5369,607.1418,O(3) S Hex(2) HexNAc,S,O-linked glycosylation,,
1445,dHex(2)Hex(2),Hex2 dHex2,616.5636,616.2215,dHex(2) Hex(2),S,O-linked glycosylation,,
1445,dHex(2)Hex(2),Hex2 dHex2,616.5636,616.2215,dHex(2) Hex(2),T,O-linked glycosylation,,
1446,dHex(1)Hex(2)HexA(1),dHex Hex(2) HexA,646.5465,646.1956,dHex Hex(2) HexA,S,O-linked glycosylation,,
1446,dHex(1)Hex(2)HexA(1),dHex Hex(2) HexA,646.5465,646.1956,dHex Hex(2) HexA,T,O-linked glycosylation,,
1447,Hex(1)HexNAc(2)Sulf(1),Hex HexNAc(2) Sulf,648.5888,648.1684,O(3) S Hex HexNAc(2),T,O-linked glycosylation,,
1447,Hex(1)HexNAc(2)Sulf(1),Hex HexNAc(2) Sulf,648.5888,648.1684,O(3) S Hex HexNAc(2),S,O-linked glycosylation,,
1448,Hex(4),Hex(4),648.5624,648.2113,Hex(4),S,O-linked glycosylation,,
1448,Hex(4),Hex(4),648.5624,648.2113,Hex(4),T,O-linked glycosylation,,
1450,Hex(2)HexNAc(2)NeuAc(1),Hex(2) HexNAc(2) NeuAc ---OR--- dHex Hex HexNAc(2) NeuGc,1021.9208,1021.3598,Hex(2) HexNAc(2) NeuAc,S,O-linked glycosylation,,
1450,Hex(2)HexNAc(2)NeuAc(1),Hex(2) HexNAc(2) NeuAc ---OR--- dHex Hex HexNAc(2) NeuGc,1021.9208,1021.3598,Hex(2) HexNAc(2) NeuAc,T,O-linked glycosylation,,
1461,Hex(4)HexNAc(2)NeuAc(1),Hex(4) HexNAc(2) NeuAc ---OR--- Hex(3) HexNAc(2) dHex NeuGc,1346.202,1345.4655,Hex(4) HexNAc(2) NeuAc,S,O-linked glycosylation,,
1461,Hex(4)HexNAc(2)NeuAc(1),Hex(4) HexNAc(2) NeuAc ---OR--- Hex(3) HexNAc(2) dHex NeuGc,1346.202,1345.4655,Hex(4) HexNAc(2) NeuAc,T,O-linked glycosylation,,
1501,dHex(1)Hex(4)HexNAc(3)NeuAc(1),dHex Hex(4) HexNAc(3) NeuAc ---OR--- dHex(2) Hex(3) HexNAc(3) NeuGc,1695.5357,1694.6027,dHex Hex(4) HexNAc(3) NeuAc,S,O-linked glycosylation,,
1501,dHex(1)Hex(4)HexNAc(3)NeuAc(1),dHex Hex(4) HexNAc(3) NeuAc ---OR--- dHex(2) Hex(3) HexNAc(3) NeuGc,1695.5357,1694.6027,dHex Hex(4) HexNAc(3) NeuAc,T,O-linked glycosylation,,
1563,Hex(1)HexNAc(1)NeuGc(1),Hex HexNAc NeuGc,672.5871,672.2225,Hex(1) HexNAc(1) NeuGc(1),S,O-linked glycosylation,,
1563,Hex(1)HexNAc(1)NeuGc(1),Hex HexNAc NeuGc,672.5871,672.2225,Hex(1) HexNAc(1) NeuGc(1),T,O-linked glycosylation,,
1564,dHex(1)Hex(2)HexNAc(1),dHex Hex(2) HexNAc,673.6149,673.2429,dHex(1) Hex(2) HexNAc(1),S,O-linked glycosylation,,
1564,dHex(1)Hex(2)HexNAc(1),dHex Hex(2) HexNAc,673.6149,673.2429,dHex(1) Hex(2) HexNAc(1),T,O-linked glycosylation,,
1565,HexNAc(3)Sulf(1),HexNAc(3) Sulf,689.6408,689.1949,O(3) S HexNAc(3),T,O-linked glycosylation,,
1565,HexNAc(3)Sulf(1),HexNAc(3) Sulf,689.6408,689.1949,O(3) S HexNAc(3),S,O-linked glycosylation,,
1566,Hex(3)HexNAc(1),Hex(3) HexNAc,689.6143,689.2378,Hex(3) HexNAc,T,O-linked glycosylation,,
1566,Hex(3)HexNAc(1),Hex(3) HexNAc,689.6143,689.2378,Hex(3) HexNAc,S,O-linked glycosylation,,
1567,Hex(1)HexNAc(1)Kdn(1)Sulf(1),Hex HexNAc Kdn Sulf,695.599,695.1579,O(3) S Hex HexNAc Kdn,T,O-linked glycosylation,,
1567,Hex(1)HexNAc(1)Kdn(1)Sulf(1),Hex HexNAc Kdn Sulf,695.599,695.1579,O(3) S Hex HexNAc Kdn,S,O-linked glycosylation,,
1568,HexNAc(2)NeuAc(1),HexNAc(2) NeuAc,697.6396,697.2542,HexNAc(2) NeuAc(1),S,O-linked glycosylation,,
1568,HexNAc(2)NeuAc(1),HexNAc(2) NeuAc,697.6396,697.2542,HexNAc(2) NeuAc(1),T,O-linked glycosylation,,
1570,HexNAc(1)Kdn(2),HexNAc Kdn(2) ---OR--- Hex(2) HexNAc HexA,703.5978,703.2171,HexNAc Kdn(2),T,O-linked glycosylation,,
1570,HexNAc(1)Kdn(2),HexNAc Kdn(2) ---OR--- Hex(2) HexNAc HexA,703.5978,703.2171,HexNAc Kdn(2),S,O-linked glycosylation,,
1571,Hex(3)HexNAc(1)Me(1),Hex(3) HexNAc Me,703.6409,703.2535,Hex(3) HexNAc(1) Me(1),S,O-linked glycosylation,,
1571,Hex(3)HexNAc(1)Me(1),Hex(3) HexNAc Me,703.6409,703.2535,Hex(3) HexNAc(1) Me(1),T,O-linked glycosylation,,
1572,Hex(2)HexA(1)Pent(1)Sulf(1),Hex(2) HexA Pent Sulf,712.5831,712.1368,O(3) S Pent Hex(2) HexA,T,O-linked glycosylation,,
1572,Hex(2)HexA(1)Pent(1)Sulf(1),Hex(2) HexA Pent Sulf,712.5831,712.1368,O(3) S Pent Hex(2) HexA,S,O-linked glycosylation,,
1573,HexNAc(2)NeuGc(1),HexNAc(2) NeuGc,713.639,713.2491,HexNAc(2) NeuGc(1),S,O-linked glycosylation,,
1573,HexNAc(2)NeuGc(1),HexNAc(2) NeuGc,713.639,713.2491,HexNAc(2) NeuGc(1),T,O-linked glycosylation,,
1575,Hex(4)Phos(1),Hex(4) Phos,728.5423,728.1776,H O(3) P Hex(4),T,O-linked glycosylation,,
1575,Hex(4)Phos(1),Hex(4) Phos,728.5423,728.1776,H O(3) P Hex(4),S,O-linked glycosylation,,
1577,Hex(1)HexNAc(1)NeuAc(1)Sulf(1),Hex HexNAc NeuAc Sulf,736.6509,736.1844,O(3) S Hex HexNAc NeuAc,T,O-linked glycosylation,,
1577,Hex(1)HexNAc(1)NeuAc(1)Sulf(1),Hex HexNAc NeuAc Sulf,736.6509,736.1844,O(3) S Hex HexNAc NeuAc,S,O-linked glycosylation,,
1578,Hex(1)HexA(1)HexNAc(2),Hex HexA HexNAc(2),744.6498,744.2437,Hex(1) HexA(1) HexNAc(2),S,O-linked glycosylation,,
1578,Hex(1)HexA(1)HexNAc(2),Hex HexA HexNAc(2),744.6498,744.2437,Hex(1) HexA(1) HexNAc(2),T,O-linked glycosylation,,
1579,dHex(1)Hex(2)HexNAc(1)Sulf(1),dHex Hex(2) HexNAc Sulf,753.6781,753.1997,O(3) S dHex Hex(2) HexNAc,T,O-linked glycosylation,,
1579,dHex(1)Hex(2)HexNAc(1)Sulf(1),dHex Hex(2) HexNAc Sulf,753.6781,753.1997,O(3) S dHex Hex(2) HexNAc,S,O-linked glycosylation,,
1580,dHex(1)HexNAc(3),dHex HexNAc(3),755.7188,755.296,dHex(1) HexNAc(3),S,O-linked glycosylation,,
1580,dHex(1)HexNAc(3),dHex HexNAc(3),755.7188,755.296,dHex(1) HexNAc(3),T,O-linked glycosylation,,
1581,dHex(1)Hex(1)HexNAc(1)Kdn(1),dHex Hex HexNAc Kdn ---OR--- Hex(2) dHex NeuAc,761.677,761.259,dHex Hex HexNAc Kdn,T,O-linked glycosylation,,
1581,dHex(1)Hex(1)HexNAc(1)Kdn(1),dHex Hex HexNAc Kdn ---OR--- Hex(2) dHex NeuAc,761.677,761.259,dHex Hex HexNAc Kdn,S,O-linked glycosylation,,
1582,Hex(1)HexNAc(3),Hex HexNAc(3),771.7182,771.2909,Hex(1) HexNAc(3),S,O-linked glycosylation,,
1582,Hex(1)HexNAc(3),Hex HexNAc(3),771.7182,771.2909,Hex(1) HexNAc(3),T,O-linked glycosylation,,
1583,HexNAc(2)NeuAc(1)Sulf(1),HexNAc(2) NeuAc Sulf,777.7028,777.211,O(3) S HexNAc(2) NeuAc,T,O-linked glycosylation,,
1583,HexNAc(2)NeuAc(1)Sulf(1),HexNAc(2) NeuAc Sulf,777.7028,777.211,O(3) S HexNAc(2) NeuAc,S,O-linked glycosylation,,
1584,dHex(2)Hex(3),dHex(2) Hex(3),778.7042,778.2743,dHex(2) Hex(3),S,O-linked glycosylation,,
1584,dHex(2)Hex(3),dHex(2) Hex(3),778.7042,778.2743,dHex(2) Hex(3),T,O-linked glycosylation,,
1585,Hex(2)HexA(1)HexNAc(1)Sulf(1),Hex(2) HexA HexNAc Sulf,783.661,783.1739,O(3) S Hex(2) HexA HexNAc,T,O-linked glycosylation,,
1585,Hex(2)HexA(1)HexNAc(1)Sulf(1),Hex(2) HexA HexNAc Sulf,783.661,783.1739,O(3) S Hex(2) HexA HexNAc,S,O-linked glycosylation,,
1586,dHex(2)Hex(2)HexA(1),dHex(2) Hex(2) HexA,792.6877,792.2536,dHex(2) Hex(2) HexA(1),S,O-linked glycosylation,,
1586,dHex(2)Hex(2)HexA(1),dHex(2) Hex(2) HexA,792.6877,792.2536,dHex(2) Hex(2) HexA(1),T,O-linked glycosylation,,
1587,dHex(1)Hex(1)HexNAc(2)Sulf(1),dHex Hex HexNAc(2) Sulf,794.73,794.2263,O(3) S dHex Hex HexNAc(2),T,O-linked glycosylation,,
1587,dHex(1)Hex(1)HexNAc(2)Sulf(1),dHex Hex HexNAc(2) Sulf,794.73,794.2263,O(3) S dHex Hex HexNAc(2),S,O-linked glycosylation,,
1588,dHex(1)Hex(1)HexNAc(1)NeuAc(1),dHex Hex HexNAc NeuAc,802.7289,802.2855,dHex(1) Hex(1) HexNAc(1) NeuAc(1),S,O-linked glycosylation,,
1588,dHex(1)Hex(1)HexNAc(1)NeuAc(1),dHex Hex HexNAc NeuAc,802.7289,802.2855,dHex(1) Hex(1) HexNAc(1) NeuAc(1),T,O-linked glycosylation,,
1589,Hex(2)HexNAc(2)Sulf(1),Hex(2) HexNAc(2) Sulf,810.7294,810.2212,O(3) S Hex(2) HexNAc(2),T,O-linked glycosylation,,
1589,Hex(2)HexNAc(2)Sulf(1),Hex(2) HexNAc(2) Sulf,810.7294,810.2212,O(3) S Hex(2) HexNAc(2),S,O-linked glycosylation,,
1590,Hex(5),Hex(5),810.703,810.2641,Hex(5),S,O-linked glycosylation,,
1590,Hex(5),Hex(5),810.703,810.2641,Hex(5),T,O-linked glycosylation,,
1591,HexNAc(4),HexNAc(4),812.7701,812.3175,HexNAc(4),S,O-linked glycosylation,,
1591,HexNAc(4),HexNAc(4),812.7701,812.3175,HexNAc(4),T,O-linked glycosylation,,
1592,HexNAc(1)NeuGc(2),HexNAc NeuGc(2),817.7005,817.26,HexNAc(1) NeuGc(2),S,O-linked glycosylation,,
1592,HexNAc(1)NeuGc(2),HexNAc NeuGc(2),817.7005,817.26,HexNAc(1) NeuGc(2),T,O-linked glycosylation,,
1593,dHex(1)Hex(1)HexNAc(1)NeuGc(1),dHex Hex HexNAc NeuGc ---OR--- Hex(2) HexNAc NeuAc,818.7283,818.2804,dHex Hex HexNAc NeuGc,T,O-linked glycosylation,,
1593,dHex(1)Hex(1)HexNAc(1)NeuGc(1),dHex Hex HexNAc NeuGc ---OR--- Hex(2) HexNAc NeuAc,818.7283,818.2804,dHex Hex HexNAc NeuGc,S,O-linked glycosylation,,
1594,dHex(2)Hex(2)HexNAc(1),dHex(2) Hex(2) HexNAc,819.7561,819.3008,dHex(2) Hex(2) HexNAc(1),S,O-linked glycosylation,,
1594,dHex(2)Hex(2)HexNAc(1),dHex(2) Hex(2) HexNAc,819.7561,819.3008,dHex(2) Hex(2) HexNAc(1),T,O-linked glycosylation,,
1595,Hex(2)HexNAc(1)NeuGc(1),Hex(2) HexNAc NeuGc,834.7277,834.2754,Hex(2) HexNAc(1) NeuGc(1),S,O-linked glycosylation,,
1595,Hex(2)HexNAc(1)NeuGc(1),Hex(2) HexNAc NeuGc,834.7277,834.2754,Hex(2) HexNAc(1) NeuGc(1),T,O-linked glycosylation,,
1596,dHex(1)Hex(3)HexNAc(1),dHex Hex(3) HexNAc,835.7555,835.2958,dHex(1) Hex(3) HexNAc(1),S,O-linked glycosylation,,
1596,dHex(1)Hex(3)HexNAc(1),dHex Hex(3) HexNAc,835.7555,835.2958,dHex(1) Hex(3) HexNAc(1),T,O-linked glycosylation,,
1597,dHex(1)Hex(2)HexA(1)HexNAc(1),dHex Hex(2) HexA HexNAc,849.739,849.275,dHex(1) Hex(2) HexA(1) HexNAc(1),S,O-linked glycosylation,,
1597,dHex(1)Hex(2)HexA(1)HexNAc(1),dHex Hex(2) HexA HexNAc,849.739,849.275,dHex(1) Hex(2) HexA(1) HexNAc(1),T,O-linked glycosylation,,
1598,Hex(1)HexNAc(3)Sulf(1),Hex HexNAc(3) Sulf,851.7814,851.2478,O(3) S Hex HexNAc(3),T,O-linked glycosylation,,
1598,Hex(1)HexNAc(3)Sulf(1),Hex HexNAc(3) Sulf,851.7814,851.2478,O(3) S Hex HexNAc(3),S,O-linked glycosylation,,
1599,Hex(4)HexNAc(1),Hex(4) HexNAc,851.7549,851.2907,Hex(4) HexNAc,T,O-linked glycosylation,,
1599,Hex(4)HexNAc(1),Hex(4) HexNAc,851.7549,851.2907,Hex(4) HexNAc,S,O-linked glycosylation,,
1600,Hex(1)HexNAc(2)NeuAc(1),Hex HexNAc(2) NeuAc,859.7802,859.307,Hex(1) HexNAc(2) NeuAc(1),S,O-linked glycosylation,,
1600,Hex(1)HexNAc(2)NeuAc(1),Hex HexNAc(2) NeuAc,859.7802,859.307,Hex(1) HexNAc(2) NeuAc(1),T,O-linked glycosylation,,
1602,Hex(1)HexNAc(2)NeuGc(1),Hex HexNAc(2) NeuGc,875.7796,875.3019,Hex(1) HexNAc(2) NeuGc(1),S,O-linked glycosylation,,
1602,Hex(1)HexNAc(2)NeuGc(1),Hex HexNAc(2) NeuGc,875.7796,875.3019,Hex(1) HexNAc(2) NeuGc(1),T,O-linked glycosylation,,
1604,Hex(5)Phos(1),Hex(5) Phos,890.6829,890.2304,H O(3) P Hex(5),T,O-linked glycosylation,,
1604,Hex(5)Phos(1),Hex(5) Phos,890.6829,890.2304,H O(3) P Hex(5),S,O-linked glycosylation,,
1606,dHex(2)Hex(1)HexNAc(1)Kdn(1),dHex(2) Hex HexNAc Kdn,907.8182,907.3169,dHex(2) Hex HexNAc Kdn,T,O-linked glycosylation,,
1606,dHex(2)Hex(1)HexNAc(1)Kdn(1),dHex(2) Hex HexNAc Kdn,907.8182,907.3169,dHex(2) Hex HexNAc Kdn,S,O-linked glycosylation,,
1607,dHex(1)Hex(3)HexNAc(1)Sulf(1),dHex Hex(3) HexNAc Sulf,915.8187,915.2526,O(3) S dHex Hex(3) HexNAc,T,O-linked glycosylation,,
1607,dHex(1)Hex(3)HexNAc(1)Sulf(1),dHex Hex(3) HexNAc Sulf,915.8187,915.2526,O(3) S dHex Hex(3) HexNAc,S,O-linked glycosylation,,
1608,dHex(1)Hex(1)HexNAc(3),dHex Hex HexNAc(3),917.8594,917.3488,dHex(1) Hex(1) HexNAc(3),S,O-linked glycosylation,,
1608,dHex(1)Hex(1)HexNAc(3),dHex Hex HexNAc(3),917.8594,917.3488,dHex(1) Hex(1) HexNAc(3),T,O-linked glycosylation,,
1609,dHex(1)Hex(2)HexA(1)HexNAc(1)Sulf(1),dHex Hex(2) HexA HexNAc Sulf,929.8022,929.2318,O(3) S dHex Hex(2) HexA HexNAc,T,O-linked glycosylation,,
1609,dHex(1)Hex(2)HexA(1)HexNAc(1)Sulf(1),dHex Hex(2) HexA HexNAc Sulf,929.8022,929.2318,O(3) S dHex Hex(2) HexA HexNAc,S,O-linked glycosylation,,
1610,Hex(2)HexNAc(3),Hex(2) HexNAc(3),933.8588,933.3438,Hex(2) HexNAc(3),S,O-linked glycosylation,,
1610,Hex(2)HexNAc(3),Hex(2) HexNAc(3),933.8588,933.3438,Hex(2) HexNAc(3),T,O-linked glycosylation,,
1611,Hex(1)HexNAc(2)NeuAc(1)Sulf(1),Hex HexNAc(2) NeuAc Sulf,939.8434,939.2638,O(3) S Hex HexNAc(2) NeuAc,T,O-linked glycosylation,,
1611,Hex(1)HexNAc(2)NeuAc(1)Sulf(1),Hex HexNAc(2) NeuAc Sulf,939.8434,939.2638,O(3) S Hex HexNAc(2) NeuAc,S,O-linked glycosylation,,
1612,dHex(2)Hex(4),dHex(2) Hex(4),940.8448,940.3271,dHex(2) Hex(4),S,O-linked glycosylation,,
1612,dHex(2)Hex(4),dHex(2) Hex(4),940.8448,940.3271,dHex(2) Hex(4),T,O-linked glycosylation,,
1786,Hex(1)HexNAc(1)NeuAc(1)Ac(1),Ac Hex HexNAc NeuAc,698.6244,698.2382,Ac Hex HexNAc NeuAc,T,O-linked glycosylation,,
1786,Hex(1)HexNAc(1)NeuAc(1)Ac(1),Ac Hex HexNAc NeuAc,698.6244,698.2382,Ac Hex HexNAc NeuAc,S,O-linked glycosylation,,
1614,dHex(2)HexNAc(2)Kdn(1),dHex(2) HexNAc(2) Kdn,948.8701,948.3434,dHex(2) HexNAc(2) Kdn,T,O-linked glycosylation,,
1614,dHex(2)HexNAc(2)Kdn(1),dHex(2) HexNAc(2) Kdn,948.8701,948.3434,dHex(2) HexNAc(2) Kdn,S,O-linked glycosylation,,
1615,dHex(1)Hex(2)HexNAc(2)Sulf(1),dHex Hex(2) HexNAc(2) Sulf,956.8706,956.2791,O(3) S dHex Hex(2) HexNAc(2),T,O-linked glycosylation,,
1615,dHex(1)Hex(2)HexNAc(2)Sulf(1),dHex Hex(2) HexNAc(2) Sulf,956.8706,956.2791,O(3) S dHex Hex(2) HexNAc(2),S,O-linked glycosylation,,
1616,dHex(1)HexNAc(4),dHex HexNAc(4),958.9113,958.3754,dHex(1) HexNAc(4),S,O-linked glycosylation,,
1616,dHex(1)HexNAc(4),dHex HexNAc(4),958.9113,958.3754,dHex(1) HexNAc(4),T,O-linked glycosylation,,
1617,Hex(1)HexNAc(1)NeuAc(1)NeuGc(1),Hex HexNAc NeuAc NeuGc,963.8417,963.3179,Hex(1) HexNAc(1) NeuAc(1) NeuGc(1),S,O-linked glycosylation,,
1617,Hex(1)HexNAc(1)NeuAc(1)NeuGc(1),Hex HexNAc NeuAc NeuGc,963.8417,963.3179,Hex(1) HexNAc(1) NeuAc(1) NeuGc(1),T,O-linked glycosylation,,
1618,dHex(1)Hex(1)HexNAc(2)Kdn(1),dHex Hex HexNAc(2) Kdn ---OR--- Hex(2) HexNAc dHex NeuAc,964.8695,964.3383,dHex Hex HexNAc(2) Kdn,T,O-linked glycosylation,,
1618,dHex(1)Hex(1)HexNAc(2)Kdn(1),dHex Hex HexNAc(2) Kdn ---OR--- Hex(2) HexNAc dHex NeuAc,964.8695,964.3383,dHex Hex HexNAc(2) Kdn,S,O-linked glycosylation,,
1619,Hex(1)HexNAc(1)NeuGc(2),Hex HexNAc NeuGc(2),979.8411,979.3129,Hex(1) HexNAc(1) NeuGc(2),S,O-linked glycosylation,,
1619,Hex(1)HexNAc(1)NeuGc(2),Hex HexNAc NeuGc(2),979.8411,979.3129,Hex(1) HexNAc(1) NeuGc(2),T,O-linked glycosylation,,
1620,Hex(1)HexNAc(1)NeuAc(2)Ac(1),Ac Hex HexNAc NeuAc(2),989.879,989.3336,Ac Hex HexNAc NeuAc(2),T,O-linked glycosylation,,
1620,Hex(1)HexNAc(1)NeuAc(2)Ac(1),Ac Hex HexNAc NeuAc(2),989.879,989.3336,Ac Hex HexNAc NeuAc(2),S,O-linked glycosylation,,
1621,dHex(2)Hex(2)HexA(1)HexNAc(1),dHex(2) Hex(2) HexA HexNAc,995.8802,995.3329,dHex(2) Hex(2) HexA(1) HexNAc(1),S,O-linked glycosylation,,
1621,dHex(2)Hex(2)HexA(1)HexNAc(1),dHex(2) Hex(2) HexA HexNAc,995.8802,995.3329,dHex(2) Hex(2) HexA(1) HexNAc(1),T,O-linked glycosylation,,
1622,dHex(1)Hex(1)HexNAc(3)Sulf(1),dHex Hex HexNAc(3) Sulf,997.9226,997.3057,O(3) S dHex Hex HexNAc(3),T,O-linked glycosylation,,
1622,dHex(1)Hex(1)HexNAc(3)Sulf(1),dHex Hex HexNAc(3) Sulf,997.9226,997.3057,O(3) S dHex Hex HexNAc(3),S,O-linked glycosylation,,
1623,Hex(2)HexA(1)NeuAc(1)Pent(1)Sulf(1),Hex(2) HexA NeuAc Pent Sulf,1003.8377,1003.2322,O(3) S Pent Hex(2) HexA NeuAc,T,O-linked glycosylation,,
1623,Hex(2)HexA(1)NeuAc(1)Pent(1)Sulf(1),Hex(2) HexA NeuAc Pent Sulf,1003.8377,1003.2322,O(3) S Pent Hex(2) HexA NeuAc,S,O-linked glycosylation,,
1624,dHex(1)Hex(1)HexNAc(2)NeuAc(1),dHex Hex HexNAc(2) NeuAc,1005.9214,1005.3649,dHex(1) Hex(1) HexNAc(2) NeuAc(1),S,O-linked glycosylation,,
1624,dHex(1)Hex(1)HexNAc(2)NeuAc(1),dHex Hex HexNAc(2) NeuAc,1005.9214,1005.3649,dHex(1) Hex(1) HexNAc(2) NeuAc(1),T,O-linked glycosylation,,
1625,dHex(1)Hex(3)HexA(1)HexNAc(1),dHex Hex(3) HexA HexNAc,1011.8796,1011.3278,dHex(1) Hex(3) HexA(1) HexNAc(1),S,O-linked glycosylation,,
1625,dHex(1)Hex(3)HexA(1)HexNAc(1),dHex Hex(3) HexA HexNAc,1011.8796,1011.3278,dHex(1) Hex(3) HexA(1) HexNAc(1),T,O-linked glycosylation,,
1626,Hex(2)HexNAc(3)Sulf(1),Hex(2) HexNAc(3) Sulf,1013.922,1013.3006,O(3) S Hex(2) HexNAc(3),T,O-linked glycosylation,,
1626,Hex(2)HexNAc(3)Sulf(1),Hex(2) HexNAc(3) Sulf,1013.922,1013.3006,O(3) S Hex(2) HexNAc(3),S,O-linked glycosylation,,
1627,Hex(5)HexNAc(1),Hex(5) HexNAc,1013.8955,1013.3435,Hex(5) HexNAc,T,O-linked glycosylation,,
1627,Hex(5)HexNAc(1),Hex(5) HexNAc,1013.8955,1013.3435,Hex(5) HexNAc,S,O-linked glycosylation,,
1628,HexNAc(5),HexNAc(5),1015.9626,1015.3969,HexNAc(5),S,O-linked glycosylation,,
1628,HexNAc(5),HexNAc(5),1015.9626,1015.3969,HexNAc(5),T,O-linked glycosylation,,
1630,Hex(1)HexNAc(1)NeuAc(2)Ac(2),Ac(2) Hex HexNAc NeuAc(2),1031.9156,1031.3442,Ac(2) Hex HexNAc NeuAc(2),T,O-linked glycosylation,,
1630,Hex(1)HexNAc(1)NeuAc(2)Ac(2),Ac(2) Hex HexNAc NeuAc(2),1031.9156,1031.3442,Ac(2) Hex HexNAc NeuAc(2),S,O-linked glycosylation,,
1631,Hex(2)HexNAc(2)NeuGc(1),Hex(2) HexNAc(2) NeuGc,1037.9202,1037.3547,Hex(2) HexNAc(2) NeuGc(1),S,O-linked glycosylation,,
1631,Hex(2)HexNAc(2)NeuGc(1),Hex(2) HexNAc(2) NeuGc,1037.9202,1037.3547,Hex(2) HexNAc(2) NeuGc(1),T,O-linked glycosylation,,
1632,Hex(5)Phos(3),Hex(5) Phos(3),1050.6427,1050.1631,H(3) O(9) P(3) Hex(5),T,O-linked glycosylation,,
1632,Hex(5)Phos(3),Hex(5) Phos(3),1050.6427,1050.1631,H(3) O(9) P(3) Hex(5),S,O-linked glycosylation,,
1633,Hex(6)Phos(1),Hex(6) Phos,1052.8235,1052.2833,H O(3) P Hex(6),T,O-linked glycosylation,,
1633,Hex(6)Phos(1),Hex(6) Phos,1052.8235,1052.2833,H O(3) P Hex(6),S,O-linked glycosylation,,
1634,dHex(1)Hex(2)HexA(1)HexNAc(2),dHex Hex(2) HexA HexNAc(2),1052.9316,1052.3544,dHex(1) Hex(2) HexA(1) HexNAc(2),S,O-linked glycosylation,,
1634,dHex(1)Hex(2)HexA(1)HexNAc(2),dHex Hex(2) HexA HexNAc(2),1052.9316,1052.3544,dHex(1) Hex(2) HexA(1) HexNAc(2),T,O-linked glycosylation,,
1635,dHex(2)Hex(3)HexNAc(1)Sulf(1),dHex(2) Hex(3) HexNAc Sulf,1061.9599,1061.3105,O(3) S dHex(2) Hex(3) HexNAc,T,O-linked glycosylation,,
1635,dHex(2)Hex(3)HexNAc(1)Sulf(1),dHex(2) Hex(3) HexNAc Sulf,1061.9599,1061.3105,O(3) S dHex(2) Hex(3) HexNAc,S,O-linked glycosylation,,
1636,Hex(1)HexNAc(3)NeuAc(1),Hex HexNAc(3) NeuAc,1062.9727,1062.3864,Hex(1) HexNAc(3) NeuAc(1),S,O-linked glycosylation,,
1636,Hex(1)HexNAc(3)NeuAc(1),Hex HexNAc(3) NeuAc,1062.9727,1062.3864,Hex(1) HexNAc(3) NeuAc(1),T,O-linked glycosylation,,
1637,dHex(2)Hex(1)HexNAc(3),dHex(2) Hex HexNAc(3),1064.0006,1063.4068,dHex(2) Hex(1) HexNAc(3),S,O-linked glycosylation,,
1637,dHex(2)Hex(1)HexNAc(3),dHex(2) Hex HexNAc(3),1064.0006,1063.4068,dHex(2) Hex(1) HexNAc(3),T,O-linked glycosylation,,
1638,Hex(1)HexNAc(3)NeuGc(1),Hex HexNAc(3) NeuGc,1078.9721,1078.3813,Hex(1) HexNAc(3) NeuGc(1),S,O-linked glycosylation,,
1638,Hex(1)HexNAc(3)NeuGc(1),Hex HexNAc(3) NeuGc,1078.9721,1078.3813,Hex(1) HexNAc(3) NeuGc(1),T,O-linked glycosylation,,
1639,dHex(1)Hex(1)HexNAc(2)NeuAc(1)Sulf(1),dHex Hex HexNAc(2) NeuAc Sulf,1085.9846,1085.3217,O(3) S dHex Hex HexNAc(2) NeuAc,T,O-linked glycosylation,,
1639,dHex(1)Hex(1)HexNAc(2)NeuAc(1)Sulf(1),dHex Hex HexNAc(2) NeuAc Sulf,1085.9846,1085.3217,O(3) S dHex Hex HexNAc(2) NeuAc,S,O-linked glycosylation,,
1640,dHex(1)Hex(3)HexA(1)HexNAc(1)Sulf(1),dHex Hex(3) HexA HexNAc Sulf,1091.9428,1091.2847,O(3) S dHex Hex(3) HexA HexNAc,T,O-linked glycosylation,,
1640,dHex(1)Hex(3)HexA(1)HexNAc(1)Sulf(1),dHex Hex(3) HexA HexNAc Sulf,1091.9428,1091.2847,O(3) S dHex Hex(3) HexA HexNAc,S,O-linked glycosylation,,
1641,dHex(1)Hex(1)HexA(1)HexNAc(3),dHex Hex HexA HexNAc(3),1093.9835,1093.3809,dHex(1) Hex(1) HexA(1) HexNAc(3),S,O-linked glycosylation,,
1641,dHex(1)Hex(1)HexA(1)HexNAc(3),dHex Hex HexA HexNAc(3),1093.9835,1093.3809,dHex(1) Hex(1) HexA(1) HexNAc(3),T,O-linked glycosylation,,
1642,Hex(2)HexNAc(2)NeuAc(1)Sulf(1),Hex(2) HexNAc(2) NeuAc Sulf,1101.984,1101.3166,O(3) S Hex(2) HexNAc(2) NeuAc,T,O-linked glycosylation,,
1642,Hex(2)HexNAc(2)NeuAc(1)Sulf(1),Hex(2) HexNAc(2) NeuAc Sulf,1101.984,1101.3166,O(3) S Hex(2) HexNAc(2) NeuAc,S,O-linked glycosylation,,
1643,dHex(2)Hex(2)HexNAc(2)Sulf(1),dHex(2) Hex(2) HexNAc(2) Sulf,1103.0118,1102.337,O(3) S dHex(2) Hex(2) HexNAc(2),T,O-linked glycosylation,,
1643,dHex(2)Hex(2)HexNAc(2)Sulf(1),dHex(2) Hex(2) HexNAc(2) Sulf,1103.0118,1102.337,O(3) S dHex(2) Hex(2) HexNAc(2),S,O-linked glycosylation,,
1644,dHex(2)Hex(1)HexNAc(2)Kdn(1),dHex(2) Hex HexNAc(2) Kdn ---OR--- Hex(2) HexNAc dHex(2) NeuAc,1111.0107,1110.3963,dHex(2) Hex HexNAc(2) Kdn,T,O-linked glycosylation,,
1644,dHex(2)Hex(1)HexNAc(2)Kdn(1),dHex(2) Hex HexNAc(2) Kdn ---OR--- Hex(2) HexNAc dHex(2) NeuAc,1111.0107,1110.3963,dHex(2) Hex HexNAc(2) Kdn,S,O-linked glycosylation,,
1645,dHex(1)Hex(1)HexNAc(4),dHex Hex HexNAc(4),1121.0519,1120.4282,dHex(1) Hex(1) HexNAc(4),S,O-linked glycosylation,,
1645,dHex(1)Hex(1)HexNAc(4),dHex Hex HexNAc(4),1121.0519,1120.4282,dHex(1) Hex(1) HexNAc(4),T,O-linked glycosylation,,
1646,Hex(2)HexNAc(4),Hex(2) HexNAc(4),1137.0513,1136.4231,Hex(2) HexNAc(4),T,O-linked glycosylation,,
1646,Hex(2)HexNAc(4),Hex(2) HexNAc(4),1137.0513,1136.4231,Hex(2) HexNAc(4),S,O-linked glycosylation,,
1647,Hex(2)HexNAc(1)NeuGc(2),Hex(2) HexNAc NeuGc(2),1141.9817,1141.3657,Hex(2) HexNAc(1) NeuGc(2),S,O-linked glycosylation,,
1647,Hex(2)HexNAc(1)NeuGc(2),Hex(2) HexNAc NeuGc(2),1141.9817,1141.3657,Hex(2) HexNAc(1) NeuGc(2),T,O-linked glycosylation,,
1648,dHex(2)Hex(4)HexNAc(1),dHex(2) Hex(4) HexNAc,1144.0373,1143.4065,dHex(2) Hex(4) HexNAc(1),S,O-linked glycosylation,,
1648,dHex(2)Hex(4)HexNAc(1),dHex(2) Hex(4) HexNAc,1144.0373,1143.4065,dHex(2) Hex(4) HexNAc(1),T,O-linked glycosylation,,
1649,Hex(1)HexNAc(2)NeuAc(2),Hex HexNAc(2) NeuAc(2),1151.0348,1150.4024,Hex(1) HexNAc(2) NeuAc(2),S,O-linked glycosylation,,
1649,Hex(1)HexNAc(2)NeuAc(2),Hex HexNAc(2) NeuAc(2),1151.0348,1150.4024,Hex(1) HexNAc(2) NeuAc(2),T,O-linked glycosylation,,
1650,dHex(2)Hex(1)HexNAc(2)NeuAc(1),dHex(2) Hex HexNAc(2) NeuAc,1152.0626,1151.4228,dHex(2) Hex(1) HexNAc(2) NeuAc(1),S,O-linked glycosylation,,
1650,dHex(2)Hex(1)HexNAc(2)NeuAc(1),dHex(2) Hex HexNAc(2) NeuAc,1152.0626,1151.4228,dHex(2) Hex(1) HexNAc(2) NeuAc(1),T,O-linked glycosylation,,
1651,dHex(1)Hex(2)HexNAc(3)Sulf(1),dHex Hex(2) HexNAc(3) Sulf,1160.0632,1159.3585,O(3) S dHex Hex(2) HexNAc(3),T,O-linked glycosylation,,
1651,dHex(1)Hex(2)HexNAc(3)Sulf(1),dHex Hex(2) HexNAc(3) Sulf,1160.0632,1159.3585,O(3) S dHex Hex(2) HexNAc(3),S,O-linked glycosylation,,
1652,dHex(1)HexNAc(5),dHex HexNAc(5),1162.1038,1161.4548,dHex(1) HexNAc(5),S,O-linked glycosylation,,
1652,dHex(1)HexNAc(5),dHex HexNAc(5),1162.1038,1161.4548,dHex(1) HexNAc(5),T,O-linked glycosylation,,
1653,dHex(2)Hex(1)HexNAc(2)NeuGc(1),dHex(2) Hex HexNAc(2) NeuGc ---OR--- Hex(2) HexNAc(2) dHex NeuAc ---OR--- Hex HexNAc(3) dHex Kdn,1168.062,1167.4177,dHex(2) Hex HexNAc(2) NeuGc,T,O-linked glycosylation,,
1653,dHex(2)Hex(1)HexNAc(2)NeuGc(1),dHex(2) Hex HexNAc(2) NeuGc ---OR--- Hex(2) HexNAc(2) dHex NeuAc ---OR--- Hex HexNAc(3) dHex Kdn,1168.062,1167.4177,dHex(2) Hex HexNAc(2) NeuGc,S,O-linked glycosylation,,
1654,dHex(3)Hex(2)HexNAc(2),dHex(3) Hex(2) HexNAc(2),1169.0898,1168.4381,dHex(3) Hex(2) HexNAc(2),S,O-linked glycosylation,,
1654,dHex(3)Hex(2)HexNAc(2),dHex(3) Hex(2) HexNAc(2),1169.0898,1168.4381,dHex(3) Hex(2) HexNAc(2),T,O-linked glycosylation,,
1655,Hex(3)HexNAc(3)Sulf(1),Hex(3) HexNAc(3) Sulf,1176.0626,1175.3534,O(3) S Hex(3) HexNAc(3),T,O-linked glycosylation,,
1655,Hex(3)HexNAc(3)Sulf(1),Hex(3) HexNAc(3) Sulf,1176.0626,1175.3534,O(3) S Hex(3) HexNAc(3),S,O-linked glycosylation,,
1656,dHex(2)Hex(2)HexNAc(2)Sulf(2),dHex(2) Hex(2) HexNAc(2) Sulf(2),1183.075,1182.2938,O(6) S(2) dHex(2) Hex(2) HexNAc(2),T,O-linked glycosylation,,
1656,dHex(2)Hex(2)HexNAc(2)Sulf(2),dHex(2) Hex(2) HexNAc(2) Sulf(2),1183.075,1182.2938,O(6) S(2) dHex(2) Hex(2) HexNAc(2),S,O-linked glycosylation,,
1657,dHex(1)Hex(2)HexNAc(2)NeuGc(1),dHex Hex(2) HexNAc(2) NeuGc ---OR--- Hex(3) HexNAc(2) NeuAc,1184.0614,1183.4126,dHex Hex(2) HexNAc(2) NeuGc,T,O-linked glycosylation,,
1657,dHex(1)Hex(2)HexNAc(2)NeuGc(1),dHex Hex(2) HexNAc(2) NeuGc ---OR--- Hex(3) HexNAc(2) NeuAc,1184.0614,1183.4126,dHex Hex(2) HexNAc(2) NeuGc,S,O-linked glycosylation,,
1658,dHex(1)Hex(1)HexNAc(3)NeuAc(1),dHex Hex HexNAc(3) NeuAc,1209.1139,1208.4443,dHex Hex HexNAc(3) NeuAc,T,O-linked glycosylation,,
1658,dHex(1)Hex(1)HexNAc(3)NeuAc(1),dHex Hex HexNAc(3) NeuAc,1209.1139,1208.4443,dHex Hex HexNAc(3) NeuAc,S,O-linked glycosylation,,
1659,Hex(6)Phos(3),Hex(6) Phos(3),1212.7833,1212.2159,H(3) O(9) P(3) Hex(6),T,O-linked glycosylation,,
1659,Hex(6)Phos(3),Hex(6) Phos(3),1212.7833,1212.2159,H(3) O(9) P(3) Hex(6),S,O-linked glycosylation,,
1660,dHex(1)Hex(3)HexA(1)HexNAc(2),dHex Hex(3) HexA HexNAc(2),1215.0722,1214.4072,dHex(1) Hex(3) HexA(1) HexNAc(2),S,O-linked glycosylation,,
1660,dHex(1)Hex(3)HexA(1)HexNAc(2),dHex Hex(3) HexA HexNAc(2),1215.0722,1214.4072,dHex(1) Hex(3) HexA(1) HexNAc(2),T,O-linked glycosylation,,
1661,dHex(1)Hex(1)HexNAc(3)NeuGc(1),dHex Hex HexNAc(3) NeuGc ---OR--- Hex(2) HexNAc(3) NeuAc,1225.1133,1224.4392,dHex Hex HexNAc(3) NeuGc,T,O-linked glycosylation,,
1661,dHex(1)Hex(1)HexNAc(3)NeuGc(1),dHex Hex HexNAc(3) NeuGc ---OR--- Hex(2) HexNAc(3) NeuAc,1225.1133,1224.4392,dHex Hex HexNAc(3) NeuGc,S,O-linked glycosylation,,
1662,Hex(1)HexNAc(2)NeuAc(2)Sulf(1),Hex HexNAc(2) NeuAc(2) Sulf,1231.098,1230.3592,O(3) S Hex HexNAc(2) NeuAc(2),T,O-linked glycosylation,,
1662,Hex(1)HexNAc(2)NeuAc(2)Sulf(1),Hex HexNAc(2) NeuAc(2) Sulf,1231.098,1230.3592,O(3) S Hex HexNAc(2) NeuAc(2),S,O-linked glycosylation,,
1663,dHex(2)Hex(3)HexA(1)HexNAc(1)Sulf(1),dHex(2) Hex(3) HexA HexNAc Sulf,1238.084,1237.3426,O(3) S dHex(2) Hex(3) HexA HexNAc,T,O-linked glycosylation,,
1663,dHex(2)Hex(3)HexA(1)HexNAc(1)Sulf(1),dHex(2) Hex(3) HexA HexNAc Sulf,1238.084,1237.3426,O(3) S dHex(2) Hex(3) HexA HexNAc,S,O-linked glycosylation,,
1664,Hex(1)HexNAc(1)NeuAc(3),Hex HexNAc NeuAc(3),1239.0969,1238.4184,Hex(1) HexNAc(1) NeuAc(3),S,O-linked glycosylation,,
1664,Hex(1)HexNAc(1)NeuAc(3),Hex HexNAc NeuAc(3),1239.0969,1238.4184,Hex(1) HexNAc(1) NeuAc(3),T,O-linked glycosylation,,
1665,Hex(2)HexNAc(3)NeuGc(1),Hex(2) HexNAc(3) NeuGc,1241.1127,1240.4341,Hex(2) HexNAc(3) NeuGc(1),S,O-linked glycosylation,,
1665,Hex(2)HexNAc(3)NeuGc(1),Hex(2) HexNAc(3) NeuGc,1241.1127,1240.4341,Hex(2) HexNAc(3) NeuGc(1),T,O-linked glycosylation,,
1666,dHex(1)Hex(2)HexNAc(2)NeuAc(1)Sulf(1),dHex Hex(2) HexNAc(2) NeuAc Sulf,1248.1252,1247.3745,O(3) S dHex Hex(2) HexNAc(2) NeuAc,T,O-linked glycosylation,,
1666,dHex(1)Hex(2)HexNAc(2)NeuAc(1)Sulf(1),dHex Hex(2) HexNAc(2) NeuAc Sulf,1248.1252,1247.3745,O(3) S dHex Hex(2) HexNAc(2) NeuAc,S,O-linked glycosylation,,
1667,dHex(3)Hex(1)HexNAc(2)Kdn(1),dHex(3) Hex HexNAc(2) Kdn,1257.1519,1256.4542,dHex(3) Hex HexNAc(2) Kdn,T,O-linked glycosylation,,
1667,dHex(3)Hex(1)HexNAc(2)Kdn(1),dHex(3) Hex HexNAc(2) Kdn,1257.1519,1256.4542,dHex(3) Hex HexNAc(2) Kdn,S,O-linked glycosylation,,
1668,dHex(2)Hex(3)HexNAc(2)Sulf(1),dHex(2) Hex(3) HexNAc(2) Sulf,1265.1524,1264.3898,O(3) S dHex(2) Hex(3) HexNAc(2),T,O-linked glycosylation,,
1668,dHex(2)Hex(3)HexNAc(2)Sulf(1),dHex(2) Hex(3) HexNAc(2) Sulf,1265.1524,1264.3898,O(3) S dHex(2) Hex(3) HexNAc(2),S,O-linked glycosylation,,
1669,dHex(2)Hex(2)HexNAc(2)Kdn(1),dHex(2) Hex(2) HexNAc(2) Kdn,1273.1513,1272.4491,dHex(2) Hex(2) HexNAc(2) Kdn,T,O-linked glycosylation,,
1669,dHex(2)Hex(2)HexNAc(2)Kdn(1),dHex(2) Hex(2) HexNAc(2) Kdn,1273.1513,1272.4491,dHex(2) Hex(2) HexNAc(2) Kdn,S,O-linked glycosylation,,
1670,dHex(2)Hex(2)HexA(1)HexNAc(2)Sulf(1),dHex(2) Hex(2) HexA HexNAc(2) Sulf,1279.136,1278.3691,O(3) S dHex(2) Hex(2) HexA HexNAc(2),T,O-linked glycosylation,,
1670,dHex(2)Hex(2)HexA(1)HexNAc(2)Sulf(1),dHex(2) Hex(2) HexA HexNAc(2) Sulf,1279.136,1278.3691,O(3) S dHex(2) Hex(2) HexA HexNAc(2),S,O-linked glycosylation,,
1671,dHex(1)Hex(2)HexNAc(4),dHex Hex(2) HexNAc(4),1283.1925,1282.481,dHex Hex(2) HexNAc(4),T,O-linked glycosylation,,
1671,dHex(1)Hex(2)HexNAc(4),dHex Hex(2) HexNAc(4),1283.1925,1282.481,dHex Hex(2) HexNAc(4),S,O-linked glycosylation,,
1672,Hex(1)HexNAc(1)NeuGc(3),Hex HexNAc NeuGc(3),1287.0951,1286.4032,Hex(1) HexNAc(1) NeuGc(3),S,O-linked glycosylation,,
1672,Hex(1)HexNAc(1)NeuGc(3),Hex HexNAc NeuGc(3),1287.0951,1286.4032,Hex(1) HexNAc(1) NeuGc(3),T,O-linked glycosylation,,
1673,dHex(1)Hex(1)HexNAc(3)NeuAc(1)Sulf(1),dHex Hex HexNAc(3) NeuAc Sulf,1289.1771,1288.4011,O(3) S dHex Hex HexNAc(3) NeuAc,T,O-linked glycosylation,,
1673,dHex(1)Hex(1)HexNAc(3)NeuAc(1)Sulf(1),dHex Hex HexNAc(3) NeuAc Sulf,1289.1771,1288.4011,O(3) S dHex Hex HexNAc(3) NeuAc,S,O-linked glycosylation,,
1674,dHex(1)Hex(3)HexA(1)HexNAc(2)Sulf(1),dHex Hex(3) HexA HexNAc(2) Sulf,1295.1354,1294.364,O(3) S dHex Hex(3) HexA HexNAc(2),T,O-linked glycosylation,,
1674,dHex(1)Hex(3)HexA(1)HexNAc(2)Sulf(1),dHex Hex(3) HexA HexNAc(2) Sulf,1295.1354,1294.364,O(3) S dHex Hex(3) HexA HexNAc(2),S,O-linked glycosylation,,
1675,dHex(1)Hex(1)HexNAc(2)NeuAc(2),dHex Hex HexNAc(2) NeuAc(2),1297.176,1296.4603,dHex(1) Hex(1) HexNAc(2) NeuAc(2),S,O-linked glycosylation,,
1675,dHex(1)Hex(1)HexNAc(2)NeuAc(2),dHex Hex HexNAc(2) NeuAc(2),1297.176,1296.4603,dHex(1) Hex(1) HexNAc(2) NeuAc(2),T,O-linked glycosylation,,
1676,dHex(3)HexNAc(3)Kdn(1),dHex(3) HexNAc(3) Kdn,1298.2038,1297.4807,dHex(3) HexNAc(3) Kdn,T,O-linked glycosylation,,
1676,dHex(3)HexNAc(3)Kdn(1),dHex(3) HexNAc(3) Kdn,1298.2038,1297.4807,dHex(3) HexNAc(3) Kdn,S,O-linked glycosylation,,
1678,Hex(2)HexNAc(3)NeuAc(1)Sulf(1),Hex(2) HexNAc(3) NeuAc Sulf,1305.1765,1304.396,O(3) S Hex(2) HexNAc(3) NeuAc,T,O-linked glycosylation,,
1678,Hex(2)HexNAc(3)NeuAc(1)Sulf(1),Hex(2) HexNAc(3) NeuAc Sulf,1305.1765,1304.396,O(3) S Hex(2) HexNAc(3) NeuAc,S,O-linked glycosylation,,
1679,dHex(2)Hex(2)HexNAc(3)Sulf(1),dHex(2) Hex(2) HexNAc(3) Sulf,1306.2044,1305.4164,O(3) S dHex(2) Hex(2) HexNAc(3),T,O-linked glycosylation,,
1679,dHex(2)Hex(2)HexNAc(3)Sulf(1),dHex(2) Hex(2) HexNAc(3) Sulf,1306.2044,1305.4164,O(3) S dHex(2) Hex(2) HexNAc(3),S,O-linked glycosylation,,
1680,dHex(2)HexNAc(5),dHex(2) HexNAc(5),1308.245,1307.5127,dHex(2) HexNAc(5),S,O-linked glycosylation,,
1680,dHex(2)HexNAc(5),dHex(2) HexNAc(5),1308.245,1307.5127,dHex(2) HexNAc(5),T,O-linked glycosylation,,
1681,Hex(2)HexNAc(2)NeuAc(2),Hex(2) HexNAc(2) NeuAc(2),1313.1754,1312.4552,Hex(2) HexNAc(2) NeuAc(2),S,O-linked glycosylation,,
1681,Hex(2)HexNAc(2)NeuAc(2),Hex(2) HexNAc(2) NeuAc(2),1313.1754,1312.4552,Hex(2) HexNAc(2) NeuAc(2),T,O-linked glycosylation,,
1682,dHex(2)Hex(2)HexNAc(2)NeuAc(1),dHex(2) Hex(2) HexNAc(2) NeuAc ---OR--- Hex HexNAc(3) dHex(2) Kdn,1314.2032,1313.4756,dHex(2) Hex(2) HexNAc(2) NeuAc,T,O-linked glycosylation,,
1682,dHex(2)Hex(2)HexNAc(2)NeuAc(1),dHex(2) Hex(2) HexNAc(2) NeuAc ---OR--- Hex HexNAc(3) dHex(2) Kdn,1314.2032,1313.4756,dHex(2) Hex(2) HexNAc(2) NeuAc,S,O-linked glycosylation,,
1683,dHex(1)Hex(3)HexNAc(3)Sulf(1),dHex Hex(3) HexNAc(3) Sulf,1322.2038,1321.4113,O(3) S dHex Hex(3) HexNAc(3),T,O-linked glycosylation,,
1683,dHex(1)Hex(3)HexNAc(3)Sulf(1),dHex Hex(3) HexNAc(3) Sulf,1322.2038,1321.4113,O(3) S dHex Hex(3) HexNAc(3),S,O-linked glycosylation,,
1684,dHex(2)Hex(2)HexNAc(2)NeuGc(1),dHex(2) Hex(2) HexNAc(2) NeuGc ---OR--- Hex(3) HexNAc(2) dHex NeuAc ---OR--- Hex(2) HexNAc(3) dHex Kdn,1330.2026,1329.4705,dHex(2) Hex(2) HexNAc(2) NeuGc,T,O-linked glycosylation,,
1684,dHex(2)Hex(2)HexNAc(2)NeuGc(1),dHex(2) Hex(2) HexNAc(2) NeuGc ---OR--- Hex(3) HexNAc(2) dHex NeuAc ---OR--- Hex(2) HexNAc(3) dHex Kdn,1330.2026,1329.4705,dHex(2) Hex(2) HexNAc(2) NeuGc,S,O-linked glycosylation,,
1685,Hex(2)HexNAc(5),Hex(2) HexNAc(5),1340.2438,1339.5025,Hex(2) HexNAc(5),S,O-linked glycosylation,,
1685,Hex(2)HexNAc(5),Hex(2) HexNAc(5),1340.2438,1339.5025,Hex(2) HexNAc(5),T,O-linked glycosylation,,
1686,dHex(1)Hex(3)HexNAc(2)NeuGc(1),dHex Hex(3) HexNAc(2) NeuGc,1346.202,1345.4655,dHex(1) Hex(3) HexNAc(2) NeuGc(1),S,O-linked glycosylation,,
1686,dHex(1)Hex(3)HexNAc(2)NeuGc(1),dHex Hex(3) HexNAc(2) NeuGc,1346.202,1345.4655,dHex(1) Hex(3) HexNAc(2) NeuGc(1),T,O-linked glycosylation,,
1687,Hex(1)HexNAc(3)NeuAc(2),Hex HexNAc(3) NeuAc(2),1354.2273,1353.4818,Hex(1) HexNAc(3) NeuAc(2),S,O-linked glycosylation,,
1687,Hex(1)HexNAc(3)NeuAc(2),Hex HexNAc(3) NeuAc(2),1354.2273,1353.4818,Hex(1) HexNAc(3) NeuAc(2),T,O-linked glycosylation,,
1688,dHex(1)Hex(2)HexNAc(3)NeuAc(1),dHex Hex(2) HexNAc(3) NeuAc,1371.2545,1370.4971,dHex(1) Hex(2) HexNAc(3) NeuAc(1),S,O-linked glycosylation,,
1688,dHex(1)Hex(2)HexNAc(3)NeuAc(1),dHex Hex(2) HexNAc(3) NeuAc,1371.2545,1370.4971,dHex(1) Hex(2) HexNAc(3) NeuAc(1),T,O-linked glycosylation,,
1689,dHex(3)Hex(2)HexNAc(3),dHex(3) Hex(2) HexNAc(3),1372.2824,1371.5175,dHex(3) Hex(2) HexNAc(3),S,O-linked glycosylation,,
1689,dHex(3)Hex(2)HexNAc(3),dHex(3) Hex(2) HexNAc(3),1372.2824,1371.5175,dHex(3) Hex(2) HexNAc(3),T,O-linked glycosylation,,
1690,Hex(7)Phos(3),Hex(7) Phos(3),1374.9239,1374.2688,H(3) O(9) P(3) Hex(7),T,O-linked glycosylation,,
1690,Hex(7)Phos(3),Hex(7) Phos(3),1374.9239,1374.2688,H(3) O(9) P(3) Hex(7),S,O-linked glycosylation,,
1691,dHex(1)Hex(4)HexA(1)HexNAc(2),dHex Hex(4) HexA HexNAc(2),1377.2128,1376.46,dHex(1) Hex(4) HexA(1) HexNAc(2),S,O-linked glycosylation,,
1691,dHex(1)Hex(4)HexA(1)HexNAc(2),dHex Hex(4) HexA HexNAc(2),1377.2128,1376.46,dHex(1) Hex(4) HexA(1) HexNAc(2),T,O-linked glycosylation,,
1692,Hex(3)HexNAc(3)NeuAc(1),Hex(3) HexNAc(3) NeuAc ---OR--- Hex(2) HexNAc(3) dHex NeuGc ---OR--- Hex(2) HexNAc(4) Kdn,1387.2539,1386.492,Hex(3) HexNAc(3) NeuAc,T,O-linked glycosylation,,
1692,Hex(3)HexNAc(3)NeuAc(1),Hex(3) HexNAc(3) NeuAc ---OR--- Hex(2) HexNAc(3) dHex NeuGc ---OR--- Hex(2) HexNAc(4) Kdn,1387.2539,1386.492,Hex(3) HexNAc(3) NeuAc,S,O-linked glycosylation,,
1693,dHex(1)Hex(3)HexA(2)HexNAc(2),dHex Hex(3) HexA(2) HexNAc(2),1391.1963,1390.4393,dHex(1) Hex(3) HexA(2) HexNAc(2),S,O-linked glycosylation,,
1693,dHex(1)Hex(3)HexA(2)HexNAc(2),dHex Hex(3) HexA(2) HexNAc(2),1391.1963,1390.4393,dHex(1) Hex(3) HexA(2) HexNAc(2),T,O-linked glycosylation,,
1694,Hex(2)HexNAc(2)NeuAc(2)Sulf(1),Hex(2) HexNAc(2) NeuAc(2) Sulf,1393.2386,1392.412,O(3) S Hex(2) HexNAc(2) NeuAc(2),T,O-linked glycosylation,,
1694,Hex(2)HexNAc(2)NeuAc(2)Sulf(1),Hex(2) HexNAc(2) NeuAc(2) Sulf,1393.2386,1392.412,O(3) S Hex(2) HexNAc(2) NeuAc(2),S,O-linked glycosylation,,
1695,dHex(2)Hex(2)HexNAc(2)NeuAc(1)Sulf(1),dHex(2) Hex(2) HexNAc(2) NeuAc Sulf,1394.2664,1393.4324,O(3) S dHex(2) Hex(2) HexNAc(2) NeuAc,T,O-linked glycosylation,,
1695,dHex(2)Hex(2)HexNAc(2)NeuAc(1)Sulf(1),dHex(2) Hex(2) HexNAc(2) NeuAc Sulf,1394.2664,1393.4324,O(3) S dHex(2) Hex(2) HexNAc(2) NeuAc,S,O-linked glycosylation,,
1696,Hex(3)HexNAc(3)NeuGc(1),Hex(3) HexNAc(3) NeuGc,1403.2533,1402.4869,Hex(3) HexNAc(3) NeuGc(1),S,O-linked glycosylation,,
1696,Hex(3)HexNAc(3)NeuGc(1),Hex(3) HexNAc(3) NeuGc,1403.2533,1402.4869,Hex(3) HexNAc(3) NeuGc(1),T,O-linked glycosylation,,
1697,dHex(4)Hex(1)HexNAc(2)Kdn(1),dHex(4) Hex HexNAc(2) Kdn,1403.2931,1402.5121,dHex(4) Hex HexNAc(2) Kdn,T,O-linked glycosylation,,
1697,dHex(4)Hex(1)HexNAc(2)Kdn(1),dHex(4) Hex HexNAc(2) Kdn,1403.2931,1402.5121,dHex(4) Hex HexNAc(2) Kdn,S,O-linked glycosylation,,
1698,dHex(3)Hex(2)HexNAc(2)Kdn(1),dHex(3) Hex(2) HexNAc(2) Kdn,1419.2925,1418.507,dHex(3) Hex(2) HexNAc(2) Kdn,T,O-linked glycosylation,,
1698,dHex(3)Hex(2)HexNAc(2)Kdn(1),dHex(3) Hex(2) HexNAc(2) Kdn,1419.2925,1418.507,dHex(3) Hex(2) HexNAc(2) Kdn,S,O-linked glycosylation,,
1699,dHex(3)Hex(2)HexA(1)HexNAc(2)Sulf(1),dHex(3) Hex(2) HexA HexNAc(2) Sulf,1425.2772,1424.427,O(3) S dHex(3) Hex(2) HexA HexNAc(2),T,O-linked glycosylation,,
1699,dHex(3)Hex(2)HexA(1)HexNAc(2)Sulf(1),dHex(3) Hex(2) HexA HexNAc(2) Sulf,1425.2772,1424.427,O(3) S dHex(3) Hex(2) HexA HexNAc(2),S,O-linked glycosylation,,
1700,Hex(2)HexNAc(4)NeuAc(1),Hex(2) HexNAc(4) NeuAc,1428.3059,1427.5186,Hex(2) HexNAc(4) NeuAc(1),S,O-linked glycosylation,,
1700,Hex(2)HexNAc(4)NeuAc(1),Hex(2) HexNAc(4) NeuAc,1428.3059,1427.5186,Hex(2) HexNAc(4) NeuAc(1),T,O-linked glycosylation,,
1701,dHex(2)Hex(2)HexNAc(4),dHex(2) Hex(2) HexNAc(4),1429.3337,1428.539,dHex(2) Hex(2) HexNAc(4),S,O-linked glycosylation,,
1701,dHex(2)Hex(2)HexNAc(4),dHex(2) Hex(2) HexNAc(4),1429.3337,1428.539,dHex(2) Hex(2) HexNAc(4),T,O-linked glycosylation,,
1702,dHex(2)Hex(3)HexA(1)HexNAc(2)Sulf(1),dHex(2) Hex(3) HexA HexNAc(2) Sulf,1441.2766,1440.4219,O(3) S dHex(2) Hex(3) HexA HexNAc(2),T,O-linked glycosylation,,
1702,dHex(2)Hex(3)HexA(1)HexNAc(2)Sulf(1),dHex(2) Hex(3) HexA HexNAc(2) Sulf,1441.2766,1440.4219,O(3) S dHex(2) Hex(3) HexA HexNAc(2),S,O-linked glycosylation,,
1703,dHex(4)HexNAc(3)Kdn(1),dHex(4) HexNAc(3) Kdn,1444.345,1443.5386,dHex(4) HexNAc(3) Kdn,T,O-linked glycosylation,,
1703,dHex(4)HexNAc(3)Kdn(1),dHex(4) HexNAc(3) Kdn,1444.345,1443.5386,dHex(4) HexNAc(3) Kdn,S,O-linked glycosylation,,
1705,Hex(2)HexNAc(1)NeuGc(3),Hex(2) HexNAc NeuGc(3),1449.2357,1448.456,Hex(2) HexNAc(1) NeuGc(3),S,O-linked glycosylation,,
1705,Hex(2)HexNAc(1)NeuGc(3),Hex(2) HexNAc NeuGc(3),1449.2357,1448.456,Hex(2) HexNAc(1) NeuGc(3),T,O-linked glycosylation,,
1706,dHex(4)Hex(1)HexNAc(1)Kdn(2),dHex(4) Hex HexNAc Kdn(2),1450.3032,1449.5016,dHex(4) Hex HexNAc Kdn(2),T,O-linked glycosylation,,
1706,dHex(4)Hex(1)HexNAc(1)Kdn(2),dHex(4) Hex HexNAc Kdn(2),1450.3032,1449.5016,dHex(4) Hex HexNAc Kdn(2),S,O-linked glycosylation,,
1707,dHex(1)Hex(2)HexNAc(3)NeuAc(1)Sulf(1),dHex Hex(2) HexNAc(3) NeuAc Sulf,1451.3177,1450.4539,O(3) S dHex Hex(2) HexNAc(3) NeuAc,T,O-linked glycosylation,,
1707,dHex(1)Hex(2)HexNAc(3)NeuAc(1)Sulf(1),dHex Hex(2) HexNAc(3) NeuAc Sulf,1451.3177,1450.4539,O(3) S dHex Hex(2) HexNAc(3) NeuAc,S,O-linked glycosylation,,
1708,dHex(1)Hex(2)HexNAc(2)NeuAc(2),dHex Hex(2) HexNAc(2) NeuAc(2),1459.3166,1458.5131,dHex(1) Hex(2) HexNAc(2) NeuAc(2),S,O-linked glycosylation,,
1708,dHex(1)Hex(2)HexNAc(2)NeuAc(2),dHex Hex(2) HexNAc(2) NeuAc(2),1459.3166,1458.5131,dHex(1) Hex(2) HexNAc(2) NeuAc(2),T,O-linked glycosylation,,
1709,dHex(3)Hex(1)HexNAc(3)Kdn(1),dHex(3) Hex HexNAc(3) Kdn,1460.3444,1459.5335,dHex(3) Hex HexNAc(3) Kdn,T,O-linked glycosylation,,
1709,dHex(3)Hex(1)HexNAc(3)Kdn(1),dHex(3) Hex HexNAc(3) Kdn,1460.3444,1459.5335,dHex(3) Hex HexNAc(3) Kdn,S,O-linked glycosylation,,
1711,Hex(3)HexNAc(3)NeuAc(1)Sulf(1),Hex(3) HexNAc(3) NeuAc Sulf,1467.3171,1466.4488,O(3) S Hex(3) HexNAc(3) NeuAc,T,O-linked glycosylation,,
1711,Hex(3)HexNAc(3)NeuAc(1)Sulf(1),Hex(3) HexNAc(3) NeuAc Sulf,1467.3171,1466.4488,O(3) S Hex(3) HexNAc(3) NeuAc,S,O-linked glycosylation,,
1712,Hex(3)HexNAc(2)NeuAc(2),Hex(3) HexNAc(2) NeuAc(2),1475.316,1474.508,Hex(3) HexNAc(2) NeuAc(2),S,O-linked glycosylation,,
1712,Hex(3)HexNAc(2)NeuAc(2),Hex(3) HexNAc(2) NeuAc(2),1475.316,1474.508,Hex(3) HexNAc(2) NeuAc(2),T,O-linked glycosylation,,
1713,Hex(3)HexNAc(3)NeuGc(1)Sulf(1),Hex(3) HexNAc(3) NeuGc Sulf,1483.3165,1482.4437,O(3) S Hex(3) HexNAc(3) NeuGc,T,O-linked glycosylation,,
1713,Hex(3)HexNAc(3)NeuGc(1)Sulf(1),Hex(3) HexNAc(3) NeuGc Sulf,1483.3165,1482.4437,O(3) S Hex(3) HexNAc(3) NeuGc,S,O-linked glycosylation,,
1714,dHex(1)Hex(2)HexNAc(2)NeuGc(2),dHex Hex(2) HexNAc(2) NeuGc(2),1491.3154,1490.503,dHex(1) Hex(2) HexNAc(2) NeuGc(2),S,O-linked glycosylation,,
1714,dHex(1)Hex(2)HexNAc(2)NeuGc(2),dHex Hex(2) HexNAc(2) NeuGc(2),1491.3154,1490.503,dHex(1) Hex(2) HexNAc(2) NeuGc(2),T,O-linked glycosylation,,
1715,dHex(2)Hex(3)HexNAc(2)NeuGc(1),dHex(2) Hex(3) HexNAc(2) NeuGc ---OR--- Hex(4) HexNAc(2) dHex NeuAc,1492.3432,1491.5234,dHex(2) Hex(3) HexNAc(2) NeuGc,T,O-linked glycosylation,,
1715,dHex(2)Hex(3)HexNAc(2)NeuGc(1),dHex(2) Hex(3) HexNAc(2) NeuGc ---OR--- Hex(4) HexNAc(2) dHex NeuAc,1492.3432,1491.5234,dHex(2) Hex(3) HexNAc(2) NeuGc,S,O-linked glycosylation,,
1716,dHex(1)Hex(3)HexA(1)HexNAc(3)Sulf(1),dHex Hex(3) HexA HexNAc(3) Sulf,1498.3279,1497.4434,O(3) S dHex Hex(3) HexA HexNAc(3),T,O-linked glycosylation,,
1716,dHex(1)Hex(3)HexA(1)HexNAc(3)Sulf(1),dHex Hex(3) HexA HexNAc(3) Sulf,1498.3279,1497.4434,O(3) S dHex Hex(3) HexA HexNAc(3),S,O-linked glycosylation,,
1717,Hex(2)HexNAc(3)NeuAc(2),Hex(2) HexNAc(3) NeuAc(2),1516.3679,1515.5346,Hex(2) HexNAc(3) NeuAc(2),S,O-linked glycosylation,,
1717,Hex(2)HexNAc(3)NeuAc(2),Hex(2) HexNAc(3) NeuAc(2),1516.3679,1515.5346,Hex(2) HexNAc(3) NeuAc(2),T,O-linked glycosylation,,
1718,dHex(2)Hex(2)HexNAc(3)NeuAc(1),dHex(2) Hex(2) HexNAc(3) NeuAc,1517.3957,1516.555,dHex(2) Hex(2) HexNAc(3) NeuAc(1),S,O-linked glycosylation,,
1718,dHex(2)Hex(2)HexNAc(3)NeuAc(1),dHex(2) Hex(2) HexNAc(3) NeuAc,1517.3957,1516.555,dHex(2) Hex(2) HexNAc(3) NeuAc(1),T,O-linked glycosylation,,
1719,dHex(4)Hex(2)HexNAc(3),dHex(4) Hex(2) HexNAc(3),1518.4236,1517.5754,dHex(4) Hex(2) HexNAc(3),S,O-linked glycosylation,,
1719,dHex(4)Hex(2)HexNAc(3),dHex(4) Hex(2) HexNAc(3),1518.4236,1517.5754,dHex(4) Hex(2) HexNAc(3),T,O-linked glycosylation,,
1720,Hex(2)HexNAc(3)NeuAc(1)NeuGc(1),Hex(2) HexNAc(3) NeuAc NeuGc,1532.3673,1531.5295,Hex(2) HexNAc(3) NeuAc(1) NeuGc(1),S,O-linked glycosylation,,
1720,Hex(2)HexNAc(3)NeuAc(1)NeuGc(1),Hex(2) HexNAc(3) NeuAc NeuGc,1532.3673,1531.5295,Hex(2) HexNAc(3) NeuAc(1) NeuGc(1),T,O-linked glycosylation,,
1721,dHex(2)Hex(2)HexNAc(3)NeuGc(1),dHex(2) Hex(2) HexNAc(3) NeuGc ---OR--- Hex(3) HexNAc(3) dHex NeuAc ---OR--- Hex(2) HexNAc(4) dHex Kdn,1533.3951,1532.5499,dHex(2) Hex(2) HexNAc(3) NeuGc,T,O-linked glycosylation,,
1721,dHex(2)Hex(2)HexNAc(3)NeuGc(1),dHex(2) Hex(2) HexNAc(3) NeuGc ---OR--- Hex(3) HexNAc(3) dHex NeuAc ---OR--- Hex(2) HexNAc(4) dHex Kdn,1533.3951,1532.5499,dHex(2) Hex(2) HexNAc(3) NeuGc,S,O-linked glycosylation,,
1722,dHex(3)Hex(3)HexNAc(3),dHex(3) Hex(3) HexNAc(3),1534.423,1533.5703,dHex(3) Hex(3) HexNAc(3),S,O-linked glycosylation,,
1722,dHex(3)Hex(3)HexNAc(3),dHex(3) Hex(3) HexNAc(3),1534.423,1533.5703,dHex(3) Hex(3) HexNAc(3),T,O-linked glycosylation,,
1723,Hex(8)Phos(3),Hex(8) Phos(3),1537.0645,1536.3216,H(3) O(9) P(3) Hex(8),T,O-linked glycosylation,,
1723,Hex(8)Phos(3),Hex(8) Phos(3),1537.0645,1536.3216,H(3) O(9) P(3) Hex(8),S,O-linked glycosylation,,
1724,dHex(1)Hex(2)HexNAc(2)NeuAc(2)Sulf(1),dHex Hex(2) HexNAc(2) NeuAc(2) Sulf,1539.3798,1538.4699,O(3) S dHex Hex(2) HexNAc(2) NeuAc(2),T,O-linked glycosylation,,
1724,dHex(1)Hex(2)HexNAc(2)NeuAc(2)Sulf(1),dHex Hex(2) HexNAc(2) NeuAc(2) Sulf,1539.3798,1538.4699,O(3) S dHex Hex(2) HexNAc(2) NeuAc(2),S,O-linked glycosylation,,
1725,Hex(2)HexNAc(3)NeuGc(2),Hex(2) HexNAc(3) NeuGc(2),1548.3667,1547.5244,Hex(2) HexNAc(3) NeuGc(2),S,O-linked glycosylation,,
1725,Hex(2)HexNAc(3)NeuGc(2),Hex(2) HexNAc(3) NeuGc(2),1548.3667,1547.5244,Hex(2) HexNAc(3) NeuGc(2),T,O-linked glycosylation,,
1726,dHex(4)Hex(2)HexNAc(2)Kdn(1),dHex(4) Hex(2) HexNAc(2) Kdn,1565.4337,1564.5649,dHex(4) Hex(2) HexNAc(2) Kdn,T,O-linked glycosylation,,
1726,dHex(4)Hex(2)HexNAc(2)Kdn(1),dHex(4) Hex(2) HexNAc(2) Kdn,1565.4337,1564.5649,dHex(4) Hex(2) HexNAc(2) Kdn,S,O-linked glycosylation,,
1727,dHex(1)Hex(2)HexNAc(4)NeuAc(1),dHex Hex(2) HexNAc(4) NeuAc,1574.4471,1573.5765,dHex(1) Hex(2) HexNAc(4) NeuAc(1),S,O-linked glycosylation,,
1727,dHex(1)Hex(2)HexNAc(4)NeuAc(1),dHex Hex(2) HexNAc(4) NeuAc,1574.4471,1573.5765,dHex(1) Hex(2) HexNAc(4) NeuAc(1),T,O-linked glycosylation,,
1728,dHex(3)Hex(2)HexNAc(4),dHex(3) Hex(2) HexNAc(4),1575.4749,1574.5969,dHex(3) Hex(2) HexNAc(4),S,O-linked glycosylation,,
1728,dHex(3)Hex(2)HexNAc(4),dHex(3) Hex(2) HexNAc(4),1575.4749,1574.5969,dHex(3) Hex(2) HexNAc(4),T,O-linked glycosylation,,
1729,Hex(1)HexNAc(1)NeuGc(4),Hex HexNAc NeuGc(4),1594.349,1593.4935,Hex(1) HexNAc(1) NeuGc(4),S,O-linked glycosylation,,
1729,Hex(1)HexNAc(1)NeuGc(4),Hex HexNAc NeuGc(4),1594.349,1593.4935,Hex(1) HexNAc(1) NeuGc(4),T,O-linked glycosylation,,
1730,dHex(4)Hex(1)HexNAc(3)Kdn(1),dHex(4) Hex HexNAc(3) Kdn,1606.4856,1605.5914,dHex(4) Hex HexNAc(3) Kdn,T,O-linked glycosylation,,
1730,dHex(4)Hex(1)HexNAc(3)Kdn(1),dHex(4) Hex HexNAc(3) Kdn,1606.4856,1605.5914,dHex(4) Hex HexNAc(3) Kdn,S,O-linked glycosylation,,
1732,Hex(4)HexNAc(4)Sulf(2),Hex(4) HexNAc(4) Sulf(2),1621.4589,1620.4424,O(6) S(2) Hex(4) HexNAc(4),T,O-linked glycosylation,,
1732,Hex(4)HexNAc(4)Sulf(2),Hex(4) HexNAc(4) Sulf(2),1621.4589,1620.4424,O(6) S(2) Hex(4) HexNAc(4),S,O-linked glycosylation,,
1733,dHex(3)Hex(2)HexNAc(3)Kdn(1),dHex(3) Hex(2) HexNAc(3) Kdn ---OR--- Hex(3) HexNAc(2) dHex(3) NeuAc,1622.485,1621.5864,dHex(3) Hex(2) HexNAc(3) Kdn,T,O-linked glycosylation,,
1733,dHex(3)Hex(2)HexNAc(3)Kdn(1),dHex(3) Hex(2) HexNAc(3) Kdn ---OR--- Hex(3) HexNAc(2) dHex(3) NeuAc,1622.485,1621.5864,dHex(3) Hex(2) HexNAc(3) Kdn,S,O-linked glycosylation,,
1735,dHex(2)Hex(2)HexNAc(5),dHex(2) Hex(2) HexNAc(5),1632.5262,1631.6183,dHex(2) Hex(2) HexNAc(5),S,O-linked glycosylation,,
1735,dHex(2)Hex(2)HexNAc(5),dHex(2) Hex(2) HexNAc(5),1632.5262,1631.6183,dHex(2) Hex(2) HexNAc(5),T,O-linked glycosylation,,
1736,dHex(2)Hex(3)HexA(1)HexNAc(3)Sulf(1),dHex(2) Hex(3) HexA HexNAc(3) Sulf,1644.4691,1643.5013,O(3) S dHex(2) Hex(3) HexA HexNAc(3),T,O-linked glycosylation,,
1736,dHex(2)Hex(3)HexA(1)HexNAc(3)Sulf(1),dHex(2) Hex(3) HexA HexNAc(3) Sulf,1644.4691,1643.5013,O(3) S dHex(2) Hex(3) HexA HexNAc(3),S,O-linked glycosylation,,
1737,dHex(1)Hex(4)HexA(1)HexNAc(3)Sulf(1),dHex Hex(4) HexA HexNAc(3) Sulf,1660.4685,1659.4962,O(3) S dHex Hex(4) HexA HexNAc(3),T,O-linked glycosylation,,
1737,dHex(1)Hex(4)HexA(1)HexNAc(3)Sulf(1),dHex Hex(4) HexA HexNAc(3) Sulf,1660.4685,1659.4962,O(3) S dHex Hex(4) HexA HexNAc(3),S,O-linked glycosylation,,
1738,Hex(3)HexNAc(3)NeuAc(2),Hex(3) HexNAc(3) NeuAc(2),1678.5085,1677.5874,Hex(3) HexNAc(3) NeuAc(2),S,O-linked glycosylation,,
1738,Hex(3)HexNAc(3)NeuAc(2),Hex(3) HexNAc(3) NeuAc(2),1678.5085,1677.5874,Hex(3) HexNAc(3) NeuAc(2),T,O-linked glycosylation,,
1739,dHex(2)Hex(3)HexNAc(3)NeuAc(1),dHex(2) Hex(3) HexNAc(3) NeuAc ---OR--- Hex(2) HexNAc(4) dHex(2) Kdn,1679.5363,1678.6078,dHex(2) Hex(3) HexNAc(3) NeuAc,T,O-linked glycosylation,,
1739,dHex(2)Hex(3)HexNAc(3)NeuAc(1),dHex(2) Hex(3) HexNAc(3) NeuAc ---OR--- Hex(2) HexNAc(4) dHex(2) Kdn,1679.5363,1678.6078,dHex(2) Hex(3) HexNAc(3) NeuAc,S,O-linked glycosylation,,
1740,dHex(4)Hex(3)HexNAc(3),dHex(4) Hex(3) HexNAc(3),1680.5642,1679.6282,dHex(4) Hex(3) HexNAc(3),S,O-linked glycosylation,,
1740,dHex(4)Hex(3)HexNAc(3),dHex(4) Hex(3) HexNAc(3),1680.5642,1679.6282,dHex(4) Hex(3) HexNAc(3),T,O-linked glycosylation,,
1742,Hex(9)Phos(3),Hex(9) Phos(3),1699.2051,1698.3744,H(3) O(9) P(3) Hex(9),T,O-linked glycosylation,,
1742,Hex(9)Phos(3),Hex(9) Phos(3),1699.2051,1698.3744,H(3) O(9) P(3) Hex(9),S,O-linked glycosylation,,
1743,dHex(2)HexNAc(7),dHex(2) HexNAc(7),1714.63,1713.6714,dHex(2) HexNAc(7),S,O-linked glycosylation,,
1743,dHex(2)HexNAc(7),dHex(2) HexNAc(7),1714.63,1713.6714,dHex(2) HexNAc(7),T,O-linked glycosylation,,
1744,Hex(2)HexNAc(1)NeuGc(4),Hex(2) HexNAc NeuGc(4),1756.4896,1755.5463,Hex(2) HexNAc(1) NeuGc(4),S,O-linked glycosylation,,
1744,Hex(2)HexNAc(1)NeuGc(4),Hex(2) HexNAc NeuGc(4),1756.4896,1755.5463,Hex(2) HexNAc(1) NeuGc(4),T,O-linked glycosylation,,
1745,Hex(3)HexNAc(3)NeuAc(2)Sulf(1),Hex(3) HexNAc(3) NeuAc(2) Sulf,1758.5717,1757.5442,O(3) S Hex(3) HexNAc(3) NeuAc(2),T,O-linked glycosylation,,
1745,Hex(3)HexNAc(3)NeuAc(2)Sulf(1),Hex(3) HexNAc(3) NeuAc(2) Sulf,1758.5717,1757.5442,O(3) S Hex(3) HexNAc(3) NeuAc(2),S,O-linked glycosylation,,
1746,dHex(2)Hex(3)HexNAc(5),dHex(2) Hex(3) HexNAc(5),1794.6668,1793.6712,dHex(2) Hex(3) HexNAc(5),T,O-linked glycosylation,,
1746,dHex(2)Hex(3)HexNAc(5),dHex(2) Hex(3) HexNAc(5),1794.6668,1793.6712,dHex(2) Hex(3) HexNAc(5),S,O-linked glycosylation,,
1747,dHex(1)Hex(2)HexNAc(2)NeuGc(3),dHex Hex(2) HexNAc(2) NeuGc(3),1798.5694,1797.5933,dHex(1) Hex(2) HexNAc(2) NeuGc(3),S,O-linked glycosylation,,
1747,dHex(1)Hex(2)HexNAc(2)NeuGc(3),dHex Hex(2) HexNAc(2) NeuGc(3),1798.5694,1797.5933,dHex(1) Hex(2) HexNAc(2) NeuGc(3),T,O-linked glycosylation,,
1748,dHex(2)Hex(4)HexA(1)HexNAc(3)Sulf(1),dHex(2) Hex(4) HexA HexNAc(3) Sulf,1806.6097,1805.5541,O(3) S dHex(2) Hex(4) HexA HexNAc(3),T,O-linked glycosylation,,
1748,dHex(2)Hex(4)HexA(1)HexNAc(3)Sulf(1),dHex(2) Hex(4) HexA HexNAc(3) Sulf,1806.6097,1805.5541,O(3) S dHex(2) Hex(4) HexA HexNAc(3),S,O-linked glycosylation,,
1749,Hex(2)HexNAc(3)NeuAc(3),Hex(2) HexNAc(3) NeuAc(3),1807.6225,1806.63,Hex(2) HexNAc(3) NeuAc(3),S,O-linked glycosylation,,
1749,Hex(2)HexNAc(3)NeuAc(3),Hex(2) HexNAc(3) NeuAc(3),1807.6225,1806.63,Hex(2) HexNAc(3) NeuAc(3),T,O-linked glycosylation,,
1750,dHex(1)Hex(3)HexNAc(3)NeuAc(2),dHex Hex(3) HexNAc(3) NeuAc(2),1824.6497,1823.6453,dHex(1) Hex(3) HexNAc(3) NeuAc(2),S,O-linked glycosylation,,
1750,dHex(1)Hex(3)HexNAc(3)NeuAc(2),dHex Hex(3) HexNAc(3) NeuAc(2),1824.6497,1823.6453,dHex(1) Hex(3) HexNAc(3) NeuAc(2),T,O-linked glycosylation,,
1751,dHex(3)Hex(3)HexNAc(3)NeuAc(1),dHex(3) Hex(3) HexNAc(3) NeuAc,1825.6775,1824.6657,dHex(3) Hex(3) HexNAc(3) NeuAc(1),S,O-linked glycosylation,,
1751,dHex(3)Hex(3)HexNAc(3)NeuAc(1),dHex(3) Hex(3) HexNAc(3) NeuAc,1825.6775,1824.6657,dHex(3) Hex(3) HexNAc(3) NeuAc(1),T,O-linked glycosylation,,
1752,Hex(2)HexNAc(3)NeuGc(3),Hex(2) HexNAc(3) NeuGc(3),1855.6207,1854.6148,Hex(2) HexNAc(3) NeuGc(3),S,O-linked glycosylation,,
1752,Hex(2)HexNAc(3)NeuGc(3),Hex(2) HexNAc(3) NeuGc(3),1855.6207,1854.6148,Hex(2) HexNAc(3) NeuGc(3),T,O-linked glycosylation,,
1753,Hex(10)Phos(3),Hex(10) Phos(3),1861.3457,1860.4272,H(3) O(9) P(3) Hex(10),T,O-linked glycosylation,,
1753,Hex(10)Phos(3),Hex(10) Phos(3),1861.3457,1860.4272,H(3) O(9) P(3) Hex(10),S,O-linked glycosylation,,
1754,dHex(1)Hex(2)HexNAc(4)NeuAc(2),dHex Hex(2) HexNAc(4) NeuAc(2),1865.7016,1864.6719,dHex(1) Hex(2) HexNAc(4) NeuAc(2),S,O-linked glycosylation,,
1754,dHex(1)Hex(2)HexNAc(4)NeuAc(2),dHex Hex(2) HexNAc(4) NeuAc(2),1865.7016,1864.6719,dHex(1) Hex(2) HexNAc(4) NeuAc(2),T,O-linked glycosylation,,
1755,Hex(1)HexNAc(1)NeuGc(5),Hex HexNAc NeuGc(5),1901.603,1900.5839,Hex(1) HexNAc(1) NeuGc(5),S,O-linked glycosylation,,
1755,Hex(1)HexNAc(1)NeuGc(5),Hex HexNAc NeuGc(5),1901.603,1900.5839,Hex(1) HexNAc(1) NeuGc(5),T,O-linked glycosylation,,
1756,Hex(4)HexNAc(4)NeuAc(1)Sulf(2),Hex(4) HexNAc(4) NeuAc Sulf(2),1912.7135,1911.5378,O(6) S(2) Hex(4) HexNAc(4) NeuAc,T,O-linked glycosylation,,
1756,Hex(4)HexNAc(4)NeuAc(1)Sulf(2),Hex(4) HexNAc(4) NeuAc Sulf(2),1912.7135,1911.5378,O(6) S(2) Hex(4) HexNAc(4) NeuAc,S,O-linked glycosylation,,
1757,Hex(4)HexNAc(4)NeuGc(1)Sulf(2),Hex(4) HexNAc(4) NeuGc Sulf(2),1928.7129,1927.5327,O(6) S(2) Hex(4) HexNAc(4) NeuGc,T,O-linked glycosylation,,
1757,Hex(4)HexNAc(4)NeuGc(1)Sulf(2),Hex(4) HexNAc(4) NeuGc Sulf(2),1928.7129,1927.5327,O(6) S(2) Hex(4) HexNAc(4) NeuGc,S,O-linked glycosylation,,
1758,dHex(2)Hex(3)HexNAc(3)NeuAc(2),dHex(2) Hex(3) HexNAc(3) NeuAc(2),1970.7909,1969.7032,dHex(2) Hex(3) HexNAc(3) NeuAc(2),S,O-linked glycosylation,,
1758,dHex(2)Hex(3)HexNAc(3)NeuAc(2),dHex(2) Hex(3) HexNAc(3) NeuAc(2),1970.7909,1969.7032,dHex(2) Hex(3) HexNAc(3) NeuAc(2),T,O-linked glycosylation,,
1759,Hex(4)HexNAc(4)NeuAc(1)Sulf(3),Hex(4) HexNAc(4) NeuAc Sulf(3),1992.7767,1991.4946,O(9) S(3) Hex(4) HexNAc(4) NeuAc,T,O-linked glycosylation,,
1759,Hex(4)HexNAc(4)NeuAc(1)Sulf(3),Hex(4) HexNAc(4) NeuAc Sulf(3),1992.7767,1991.4946,O(9) S(3) Hex(4) HexNAc(4) NeuAc,S,O-linked glycosylation,,
1760,dHex(2)Hex(2)HexNAc(2),dHex(2) Hex(2) HexNAc(2),1022.9486,1022.3802,dHex(2) Hex(2) HexNAc(2),S,O-linked glycosylation,,
1760,dHex(2)Hex(2)HexNAc(2),dHex(2) Hex(2) HexNAc(2),1022.9486,1022.3802,dHex(2) Hex(2) HexNAc(2),T,O-linked glycosylation,,
1761,dHex(1)Hex(3)HexNAc(2),dHex Hex(3) HexNAc(2),1038.948,1038.3751,dHex(1) Hex(3) HexNAc(2),S,O-linked glycosylation,,
1761,dHex(1)Hex(3)HexNAc(2),dHex Hex(3) HexNAc(2),1038.948,1038.3751,dHex(1) Hex(3) HexNAc(2),T,O-linked glycosylation,,
1762,dHex(1)Hex(2)HexNAc(3),dHex Hex(2) HexNAc(3),1080,1079.4017,dHex(1) Hex(2) HexNAc(3),S,O-linked glycosylation,,
1762,dHex(1)Hex(2)HexNAc(3),dHex Hex(2) HexNAc(3),1080,1079.4017,dHex(1) Hex(2) HexNAc(3),T,O-linked glycosylation,,
1763,Hex(3)HexNAc(3),Hex(3) HexNAc(3),1095.9994,1095.3966,Hex(3) HexNAc(3),S,O-linked glycosylation,,
1763,Hex(3)HexNAc(3),Hex(3) HexNAc(3),1095.9994,1095.3966,Hex(3) HexNAc(3),T,O-linked glycosylation,,
1764,dHex(1)Hex(3)HexNAc(2)Sulf(1),dHex Hex(3) HexNAc(2) Sulf,1119.0112,1118.3319,O(3) S dHex Hex(3) HexNAc(2),T,O-linked glycosylation,,
1764,dHex(1)Hex(3)HexNAc(2)Sulf(1),dHex Hex(3) HexNAc(2) Sulf,1119.0112,1118.3319,O(3) S dHex Hex(3) HexNAc(2),S,O-linked glycosylation,,
1765,dHex(2)Hex(3)HexNAc(2),dHex(2) Hex(3) HexNAc(2),1185.0892,1184.433,dHex(2) Hex(3) HexNAc(2),S,O-linked glycosylation,,
1765,dHex(2)Hex(3)HexNAc(2),dHex(2) Hex(3) HexNAc(2),1185.0892,1184.433,dHex(2) Hex(3) HexNAc(2),T,O-linked glycosylation,,
1766,dHex(1)Hex(4)HexNAc(2),dHex Hex(4) HexNAc(2),1201.0886,1200.4279,dHex(1) Hex(4) HexNAc(2),S,O-linked glycosylation,,
1766,dHex(1)Hex(4)HexNAc(2),dHex Hex(4) HexNAc(2),1201.0886,1200.4279,dHex(1) Hex(4) HexNAc(2),T,O-linked glycosylation,,
1767,dHex(2)Hex(2)HexNAc(3),dHex(2) Hex(2) HexNAc(3),1226.1412,1225.4596,dHex(2) Hex(2) HexNAc(3),S,O-linked glycosylation,,
1767,dHex(2)Hex(2)HexNAc(3),dHex(2) Hex(2) HexNAc(3),1226.1412,1225.4596,dHex(2) Hex(2) HexNAc(3),T,O-linked glycosylation,,
1768,dHex(1)Hex(3)HexNAc(3),dHex Hex(3) HexNAc(3),1242.1406,1241.4545,dHex(1) Hex(3) HexNAc(3),S,O-linked glycosylation,,
1768,dHex(1)Hex(3)HexNAc(3),dHex Hex(3) HexNAc(3),1242.1406,1241.4545,dHex(1) Hex(3) HexNAc(3),T,O-linked glycosylation,,
1769,Hex(4)HexNAc(3),Hex(4) HexNAc(3),1258.14,1257.4494,Hex(4) HexNAc(3),S,O-linked glycosylation,,
1769,Hex(4)HexNAc(3),Hex(4) HexNAc(3),1258.14,1257.4494,Hex(4) HexNAc(3),T,O-linked glycosylation,,
1770,dHex(2)Hex(4)HexNAc(2),dHex(2) Hex(4) HexNAc(2),1347.2298,1346.4859,dHex(2) Hex(4) HexNAc(2),S,O-linked glycosylation,,
1770,dHex(2)Hex(4)HexNAc(2),dHex(2) Hex(4) HexNAc(2),1347.2298,1346.4859,dHex(2) Hex(4) HexNAc(2),T,O-linked glycosylation,,
1771,dHex(2)Hex(3)HexNAc(3),dHex(2) Hex(3) HexNAc(3),1388.2818,1387.5124,dHex(2) Hex(3) HexNAc(3),S,O-linked glycosylation,,
1771,dHex(2)Hex(3)HexNAc(3),dHex(2) Hex(3) HexNAc(3),1388.2818,1387.5124,dHex(2) Hex(3) HexNAc(3),T,O-linked glycosylation,,
1772,Hex(3)HexNAc(5),A3,1502.3844,1501.5553,Hex(3) HexNAc(5),T,O-linked glycosylation,,
1772,Hex(3)HexNAc(5),A3,1502.3844,1501.5553,Hex(3) HexNAc(5),S,O-linked glycosylation,,
1773,Hex(4)HexNAc(3)NeuAc(1),Hex(4) HexNAc(3) NeuAc ---OR--- Hex(3) HexNAc(4) Kdn,1549.3945,1548.5448,Hex(4) HexNAc(3) NeuAc,T,O-linked glycosylation,,
1773,Hex(4)HexNAc(3)NeuAc(1),Hex(4) HexNAc(3) NeuAc ---OR--- Hex(3) HexNAc(4) Kdn,1549.3945,1548.5448,Hex(4) HexNAc(3) NeuAc,S,O-linked glycosylation,,
1774,dHex(2)Hex(3)HexNAc(4),dHex(2) Hex(3) HexNAc(4),1591.4743,1590.5918,dHex(2) Hex(3) HexNAc(4),S,O-linked glycosylation,,
1774,dHex(2)Hex(3)HexNAc(4),dHex(2) Hex(3) HexNAc(4),1591.4743,1590.5918,dHex(2) Hex(3) HexNAc(4),T,O-linked glycosylation,,
1775,dHex(1)Hex(3)HexNAc(5),dHex Hex(3) HexNAc(5),1648.5256,1647.6132,dHex(1) Hex(3) HexNAc(5),S,O-linked glycosylation,,
1775,dHex(1)Hex(3)HexNAc(5),dHex Hex(3) HexNAc(5),1648.5256,1647.6132,dHex(1) Hex(3) HexNAc(5),T,O-linked glycosylation,,
1776,Hex(3)HexNAc(6),A4,1705.5769,1704.6347,Hex(3) HexNAc(6),T,O-linked glycosylation,,
1776,Hex(3)HexNAc(6),A4,1705.5769,1704.6347,Hex(3) HexNAc(6),S,O-linked glycosylation,,
1777,Hex(4)HexNAc(4)NeuAc(1),Hex(4) HexNAc(4) NeuAc,1752.5871,1751.6242,Hex(4) HexNAc(4) NeuAc(1),S,O-linked glycosylation,,
1777,Hex(4)HexNAc(4)NeuAc(1),Hex(4) HexNAc(4) NeuAc,1752.5871,1751.6242,Hex(4) HexNAc(4) NeuAc(1),T,O-linked glycosylation,,
1778,dHex(2)Hex(4)HexNAc(4),dHex(2) Hex(4) HexNAc(4) ---OR--- Hex(4) HexNAc(4) dHex Pent Me,1753.6149,1752.6446,dHex(2) Hex(4) HexNAc(4),T,O-linked glycosylation,,
1778,dHex(2)Hex(4)HexNAc(4),dHex(2) Hex(4) HexNAc(4) ---OR--- Hex(4) HexNAc(4) dHex Pent Me,1753.6149,1752.6446,dHex(2) Hex(4) HexNAc(4),S,O-linked glycosylation,,
1779,Hex(6)HexNAc(4),Hex(6) HexNAc(4),1785.6137,1784.6344,Hex(6) HexNAc(4),S,O-linked glycosylation,,
1779,Hex(6)HexNAc(4),Hex(6) HexNAc(4),1785.6137,1784.6344,Hex(6) HexNAc(4),T,O-linked glycosylation,,
1780,Hex(5)HexNAc(5),Hex(5) HexNAc(5),1826.6656,1825.661,Hex(5) HexNAc(5),S,O-linked glycosylation,,
1780,Hex(5)HexNAc(5),Hex(5) HexNAc(5),1826.6656,1825.661,Hex(5) HexNAc(5),T,O-linked glycosylation,,
1781,dHex(1)Hex(3)HexNAc(6),dHex Hex(3) HexNAc(6),1851.7181,1850.6926,dHex(1) Hex(3) HexNAc(6),S,O-linked glycosylation,,
1781,dHex(1)Hex(3)HexNAc(6),dHex Hex(3) HexNAc(6),1851.7181,1850.6926,dHex(1) Hex(3) HexNAc(6),T,O-linked glycosylation,,
1782,dHex(1)Hex(4)HexNAc(4)NeuAc(1),dHex Hex(4) HexNAc(4) NeuAc ---OR--- Hex(3) HexNAc(5) dHex Kdn,1898.7283,1897.6821,dHex Hex(4) HexNAc(4) NeuAc,T,O-linked glycosylation,,
1782,dHex(1)Hex(4)HexNAc(4)NeuAc(1),dHex Hex(4) HexNAc(4) NeuAc ---OR--- Hex(3) HexNAc(5) dHex Kdn,1898.7283,1897.6821,dHex Hex(4) HexNAc(4) NeuAc,S,O-linked glycosylation,,
1783,dHex(3)Hex(4)HexNAc(4),dHex(3) Hex(4) HexNAc(4),1899.7561,1898.7025,dHex(3) Hex(4) HexNAc(4),S,O-linked glycosylation,,
1783,dHex(3)Hex(4)HexNAc(4),dHex(3) Hex(4) HexNAc(4),1899.7561,1898.7025,dHex(3) Hex(4) HexNAc(4),T,O-linked glycosylation,,
1784,dHex(1)Hex(3)HexNAc(5)NeuAc(1),dHex Hex(3) HexNAc(5) NeuAc,1939.7802,1938.7087,dHex(1) Hex(3) HexNAc(5) NeuAc(1),S,O-linked glycosylation,,
1784,dHex(1)Hex(3)HexNAc(5)NeuAc(1),dHex Hex(3) HexNAc(5) NeuAc,1939.7802,1938.7087,dHex(1) Hex(3) HexNAc(5) NeuAc(1),T,O-linked glycosylation,,
1785,dHex(2)Hex(4)HexNAc(5),dHex(2) Hex(4) HexNAc(5),1956.8074,1955.724,dHex(2) Hex(4) HexNAc(5),S,O-linked glycosylation,,
1785,dHex(2)Hex(4)HexNAc(5),dHex(2) Hex(4) HexNAc(5),1956.8074,1955.724,dHex(2) Hex(4) HexNAc(5),T,O-linked glycosylation,,
1932,Hex(2)Sulf(1),Hex(2) O(3) S,404.3444,404.0625,O(3) S Hex(2),T,O-linked glycosylation,,
1932,Hex(2)Sulf(1),Hex(2) O(3) S,404.3444,404.0625,O(3) S Hex(2),S,O-linked glycosylation,,
1930,Pent(2),Pent(2),264.2292,264.0845,Pent(2),T,O-linked glycosylation,,
1930,Pent(2),Pent(2),264.2292,264.0845,Pent(2),S,O-linked glycosylation,,
1931,Pent(1)HexNAc(1),Pent HexNAc,335.3071,335.1216,Pent HexNAc,T,O-linked glycosylation,,
1931,Pent(1)HexNAc(1),Pent HexNAc,335.3071,335.1216,Pent HexNAc,S,O-linked glycosylation,,
1933,Hex(1)Pent(2)Me(1),Hex:1 Pent:2 Me:1,440.3964,440.153,Me Pent(2) Hex,T,O-linked glycosylation,,
1933,Hex(1)Pent(2)Me(1),Hex:1 Pent:2 Me:1,440.3964,440.153,Me Pent(2) Hex,S,O-linked glycosylation,,
1934,HexNAc(2)Sulf(1),HexNAc(2) Sulf,486.4482,486.1156,O(3) S HexNAc(2),S,O-linked glycosylation,,
1934,HexNAc(2)Sulf(1),HexNAc(2) Sulf,486.4482,486.1156,O(3) S HexNAc(2),T,O-linked glycosylation,,
1935,Hex(1)Pent(3)Me(1),Hex Pent(3) Me,572.511,572.1952,Me Pent(3) Hex,S,O-linked glycosylation,,
1935,Hex(1)Pent(3)Me(1),Hex Pent(3) Me,572.511,572.1952,Me Pent(3) Hex,T,O-linked glycosylation,,
1936,Hex(2)Pent(2),Hex(2) Pent(2),588.5104,588.1902,Pent(2) Hex(2),S,O-linked glycosylation,,
1936,Hex(2)Pent(2),Hex(2) Pent(2),588.5104,588.1902,Pent(2) Hex(2),T,O-linked glycosylation,,
1937,Hex(2)Pent(2)Me(1),Hex(2) Pent(2) Me,602.537,602.2058,Me Pent(2) Hex(2),S,O-linked glycosylation,,
1937,Hex(2)Pent(2)Me(1),Hex(2) Pent(2) Me,602.537,602.2058,Me Pent(2) Hex(2),T,O-linked glycosylation,,
1938,Hex(4)HexA(1),Hex(4) HexA,824.6865,824.2434,Hex(4) HexA,S,O-linked glycosylation,,
1938,Hex(4)HexA(1),Hex(4) HexA,824.6865,824.2434,Hex(4) HexA,T,O-linked glycosylation,,
1939,Hex(2)HexNAc(1)Pent(1)HexA(1),Hex(2) HexNAc Pent HexA,835.7125,835.2594,Pent Hex(2) HexA HexNAc,S,O-linked glycosylation,,
1939,Hex(2)HexNAc(1)Pent(1)HexA(1),Hex(2) HexNAc Pent HexA,835.7125,835.2594,Pent Hex(2) HexA HexNAc,T,O-linked glycosylation,,
1940,Hex(3)HexNAc(1)HexA(1),Hex(3) HexNAc HexA,865.7384,865.2699,Hex(3) HexA HexNAc,S,O-linked glycosylation,,
1940,Hex(3)HexNAc(1)HexA(1),Hex(3) HexNAc HexA,865.7384,865.2699,Hex(3) HexA HexNAc,T,O-linked glycosylation,,
1941,Hex(1)HexNAc(2)dHex(2)Sulf(1),Hex HexNAc(2) dHex(2) Sulf,940.8712,940.2842,O(3) S dHex(2) Hex HexNAc(2),S,O-linked glycosylation,,
1941,Hex(1)HexNAc(2)dHex(2)Sulf(1),Hex HexNAc(2) dHex(2) Sulf,940.8712,940.2842,O(3) S dHex(2) Hex HexNAc(2),T,O-linked glycosylation,,
1942,HexA(2)HexNAc(3),HexA(2) HexNAc(3),961.8258,961.3023,HexA(2) HexNAc(3),S,O-linked glycosylation,,
1942,HexA(2)HexNAc(3),HexA(2) HexNAc(3),961.8258,961.3023,HexA(2) HexNAc(3),T,O-linked glycosylation,,
1943,dHex(1)Hex(4)HexA(1),dHex Hex(4) HexA,970.8277,970.3013,dHex Hex(4) HexA,T,O-linked glycosylation,,
1943,dHex(1)Hex(4)HexA(1),dHex Hex(4) HexA,970.8277,970.3013,dHex Hex(4) HexA,S,O-linked glycosylation,,
1944,Hex(5)HexA(1),Hex(5) HexA,986.8271,986.2962,Hex(5) HexA,S,O-linked glycosylation,,
1944,Hex(5)HexA(1),Hex(5) HexA,986.8271,986.2962,Hex(5) HexA,T,O-linked glycosylation,,
1945,Hex(4)HexA(1)HexNAc(1),Hex(4) HexA HexNAc,1027.879,1027.3228,Hex(4) HexA HexNAc,T,O-linked glycosylation,,
1945,Hex(4)HexA(1)HexNAc(1),Hex(4) HexA HexNAc,1027.879,1027.3228,Hex(4) HexA HexNAc,S,O-linked glycosylation,,
1946,dHex(3)Hex(3)HexNAc(1),dHex(3) Hex(3) HexNAc,1128.0379,1127.4116,dHex(3) Hex(3) HexNAc,T,O-linked glycosylation,,
1946,dHex(3)Hex(3)HexNAc(1),dHex(3) Hex(3) HexNAc,1128.0379,1127.4116,dHex(3) Hex(3) HexNAc,S,O-linked glycosylation,,
1948,Hex(1)HexNAc(4)dHex(1)Sulf(1),Sulf dHex Hex HexNAc(4),1201.1151,1200.385,Sulf dHex Hex HexNAc(4),T,O-linked glycosylation,,
1948,Hex(1)HexNAc(4)dHex(1)Sulf(1),Sulf dHex Hex HexNAc(4),1201.1151,1200.385,Sulf dHex Hex HexNAc(4),S,O-linked glycosylation,,
1949,dHex(1)Hex(2)HexNAc(1)NeuAc(2),dHex Hex(2) HexNAc NeuAc(2),1256.1241,1255.4338,dHex Hex(2) HexNAc NeuAc(2),T,O-linked glycosylation,,
1949,dHex(1)Hex(2)HexNAc(1)NeuAc(2),dHex Hex(2) HexNAc NeuAc(2),1256.1241,1255.4338,dHex Hex(2) HexNAc NeuAc(2),S,O-linked glycosylation,,
1950,dHex(3)Hex(3)HexNAc(2),dHex(3) Hex(3) HexNAc(2),1331.2304,1330.4909,dHex(3) Hex(3) HexNAc(2),T,O-linked glycosylation,,
1950,dHex(3)Hex(3)HexNAc(2),dHex(3) Hex(3) HexNAc(2),1331.2304,1330.4909,dHex(3) Hex(3) HexNAc(2),S,O-linked glycosylation,,
1951,dHex(2)Hex(1)HexNAc(4)Sulf(1),dHex(2) Hex HexNAc(4) Sulf,1347.2563,1346.4429,Sulf dHex(2) Hex HexNAc(4),T,O-linked glycosylation,,
1951,dHex(2)Hex(1)HexNAc(4)Sulf(1),dHex(2) Hex HexNAc(4) Sulf,1347.2563,1346.4429,Sulf dHex(2) Hex HexNAc(4),S,O-linked glycosylation,,
1952,dHex(1)Hex(2)HexNAc(4)Sulf(2),dHex Hex(2) HexNAc(4) Sulf(2),1443.3189,1442.3947,Sulf(2) dHex Hex(2) HexNAc(4),T,O-linked glycosylation,,
1952,dHex(1)Hex(2)HexNAc(4)Sulf(2),dHex Hex(2) HexNAc(4) Sulf(2),1443.3189,1442.3947,Sulf(2) dHex Hex(2) HexNAc(4),S,O-linked glycosylation,,
1954,dHex(2)Hex(3)HexNAc(3)Sulf(1),Sulf dHex(2) Hex(3) HexNAc(3),1468.345,1467.4692,Sulf dHex(2) Hex(3) HexNAc(3),T,O-linked glycosylation,,
1954,dHex(2)Hex(3)HexNAc(3)Sulf(1),Sulf dHex(2) Hex(3) HexNAc(3),1468.345,1467.4692,Sulf dHex(2) Hex(3) HexNAc(3),S,O-linked glycosylation,,
1955,dHex(2)Hex(5)HexNAc(2)Me(1),Me dHex(2) Hex(5) HexNAc(2),1523.397,1522.5543,Me dHex(2) Hex(5) HexNAc(2),T,O-linked glycosylation,,
1955,dHex(2)Hex(5)HexNAc(2)Me(1),Me dHex(2) Hex(5) HexNAc(2),1523.397,1522.5543,Me dHex(2) Hex(5) HexNAc(2),S,O-linked glycosylation,,
1956,dHex(2)Hex(2)HexNAc(4)Sulf(2),Sulf(2) dHex(2) Hex(2) HexNAc(4),1589.4601,1588.4526,Sulf(2) dHex(2) Hex(2) HexNAc(4),T,O-linked glycosylation,,
1956,dHex(2)Hex(2)HexNAc(4)Sulf(2),Sulf(2) dHex(2) Hex(2) HexNAc(4),1589.4601,1588.4526,Sulf(2) dHex(2) Hex(2) HexNAc(4),S,O-linked glycosylation,,
1958,dHex(3)Hex(2)HexNAc(4)Sulf(2),dHex(3) Hex(2) HexNAc(4) Sulf(2),1735.6013,1734.5105,Sulf(2) dHex(3) Hex(2) HexNAc(4),S,O-linked glycosylation,,
1958,dHex(3)Hex(2)HexNAc(4)Sulf(2),dHex(3) Hex(2) HexNAc(4) Sulf(2),1735.6013,1734.5105,Sulf(2) dHex(3) Hex(2) HexNAc(4),T,O-linked glycosylation,,
1959,Hex(4)HexNAc(4)NeuGc(1),Hex(4) HexNAc(4) NeuGc,1768.5865,1767.6191,Hex(4) HexNAc(4) NeuGc,S,O-linked glycosylation,,
1959,Hex(4)HexNAc(4)NeuGc(1),Hex(4) HexNAc(4) NeuGc,1768.5865,1767.6191,Hex(4) HexNAc(4) NeuGc,T,O-linked glycosylation,,
1960,dHex(4)Hex(3)HexNAc(2)NeuAc(1),dHex(4) Hex(3) HexNAc(2) NeuAc(1),1768.6262,1767.6443,dHex(4) Hex(3) HexNAc(2) NeuAc,T,O-linked glycosylation,,
1960,dHex(4)Hex(3)HexNAc(2)NeuAc(1),dHex(4) Hex(3) HexNAc(2) NeuAc(1),1768.6262,1767.6443,dHex(4) Hex(3) HexNAc(2) NeuAc,S,O-linked glycosylation,,
1966,dHex(2)Hex(2)HexNAc(6)Sulf(1),dHex(2) Hex(2) HexNAc(6) Sulf,1915.7819,1914.6545,Sulf dHex(2) Hex(2) HexNAc(6),S,O-linked glycosylation,,
1966,dHex(2)Hex(2)HexNAc(6)Sulf(1),dHex(2) Hex(2) HexNAc(6) Sulf,1915.7819,1914.6545,Sulf dHex(2) Hex(2) HexNAc(6),T,O-linked glycosylation,,
1968,Hex(3)HexNAc(3)NeuAc(3),Hex(3) HexNAc(3) NeuAc(3),1969.7631,1968.6828,Hex(3) HexNAc(3) NeuAc(3),S,O-linked glycosylation,,
1968,Hex(3)HexNAc(3)NeuAc(3),Hex(3) HexNAc(3) NeuAc(3),1969.7631,1968.6828,Hex(3) HexNAc(3) NeuAc(3),T,O-linked glycosylation,,
2029,Hex(7)HexNAc(6),A4G4,2354.1393,2352.846,Hex(7) HexNAc(6),S,O-linked glycosylation,,
2029,Hex(7)HexNAc(6),A4G4,2354.1393,2352.846,Hex(7) HexNAc(6),T,O-linked glycosylation,,
41,Hex,Hexose,162.1406,162.0528,Hex,N,N-linked glycosylation,,
43,HexNAc,N-Acetylhexosamine,203.1925,203.0794,HexNAc,N,N-linked glycosylation,The amine derivative of a hexose formed by replacing a hydroxyl group with an amino group.(+acetyl group),
137,N-glycan,M5/Man5,1217.088,1216.4229,Hex(5) HexNAc(2),N,N-linked glycosylation,Core structure of high-mannose N-linked oligosaccharides,
142,HexNAc1dHex1,HexNAc1dHex1,349.3337,349.1373,dHex HexNAc,N,N-linked glycosylation,,
143,HexNAc2,HexNAc2,406.385,406.1587,HexNAc(2),N,N-linked glycosylation,,
144,Hex3,Hex3,486.4218,486.1585,Hex(3),N,N-linked glycosylation,,
145,HexNAc1dHex2,HexNAc1dHex2,495.4749,495.1952,dHex(2) HexNAc,N,N-linked glycosylation,,
146,Hex1HexNAc1dHex1,Hex1HexNAc1dHex1,511.4743,511.1901,dHex Hex HexNAc,N,N-linked glycosylation,,
147,HexNAc2dHex1,HexNAc2dHex1,552.5262,552.2167,dHex HexNAc(2),N,N-linked glycosylation,,
148,Hex1HexNAc2,Hex1HexNAc2,568.5256,568.2116,Hex HexNAc(2),N,N-linked glycosylation,,
149,Hex1HexNAc1NeuAc1,Hex1HexNAc1NeuAc1,656.5877,656.2276,Hex HexNAc NeuAc,N,N-linked glycosylation,,
150,HexNAc2dHex2,HexNAc2dHex2,698.6674,698.2746,dHex(2) HexNAc(2),N,N-linked glycosylation,,
151,Hex1HexNAc2Pent1,Hex1HexNAc2Pent1,700.6403,700.2538,Pent Hex HexNAc(2),N,N-linked glycosylation,,
152,Hex1HexNAc2dHex1,Hex1HexNAc2dHex1,714.6668,714.2695,dHex Hex HexNAc(2),N,N-linked glycosylation,,
153,Hex2HexNAc2,Hex2HexNAc2,730.6662,730.2644,Hex(2) HexNAc(2),N,N-linked glycosylation,,
154,Hex3HexNAc1Pent1,Hex3HexNAc1Pent1,821.7289,821.2801,Pent Hex(3) HexNAc,N,N-linked glycosylation,,
155,Hex1HexNAc2dHex1Pent1,Hex1HexNAc2dHex1Pent1,846.7815,846.3117,Pent dHex Hex HexNAc(2),N,N-linked glycosylation,,
156,Hex1HexNAc2dHex2,Hex1HexNAc2dHex2,860.808,860.3274,dHex(2) Hex HexNAc(2),N,N-linked glycosylation,,
157,Hex2HexNAc2Pent1,Hex2HexNAc2Pent1,862.7809,862.3067,Pent Hex(2) HexNAc(2),N,N-linked glycosylation,,
158,Hex2HexNAc2dHex1,Hex2HexNAc2dHex1,876.8074,876.3223,dHex Hex(2) HexNAc(2),N,N-linked glycosylation,,
159,Hex3HexNAc2,M3/Man3,892.8068,892.3172,Hex(3) HexNAc(2),N,N-linked glycosylation,,
160,Hex1HexNAc1NeuAc2,Hex HexNAc NeuAc(2) ---OR--- Hex HexNAc(3) HexA,947.8423,947.323,Hex HexNAc NeuAc(2),N,N-linked glycosylation,,
161,Hex3HexNAc2Phos1,Hex(3) HexNAc(2) Phos,972.7867,972.2835,H O(3) P Hex(3) HexNAc(2),N,N-linked glycosylation,,
213,ADP-Ribose,ADP  Ribose addition,541.3005,541.0611,H(13) C(10) N(5) O(9) P(2) Pent,N,N-linked glycosylation,,
295,Fuc,Fucose,146.1412,146.0579,dHex,N,N-linked glycosylation,,Not reported for human proteins
305,G0F,FA2/G0F,1445.3331,1444.5339,dHex Hex(3) HexNAc(4),N,N-linked glycosylation,,
307,G1F,FA2G1/G1F,1607.4737,1606.5867,dHex Hex(4) HexNAc(4),N,N-linked glycosylation,,
308,G2F,FA2G2/G2F,1769.6143,1768.6395,dHex Hex(5) HexNAc(4),N,N-linked glycosylation,,
309,G0,A2/G0,1299.1919,1298.476,Hex(3) HexNAc(4),N,N-linked glycosylation,,
310,G1,A2G1/G1,1461.3325,1460.5288,Hex(4) HexNAc(4),N,N-linked glycosylation,,
311,G2,A2G2/G2,1623.4731,1622.5816,Hex(5) HexNAc(4),N,N-linked glycosylation,,
454,HexN,Hexosamine,161.1558,161.0688,HexN,N,N-linked glycosylation,,
490,Hep,Heptose,192.1666,192.0634,Hep,R,N-linked glycosylation,,
490,Hep,Heptose,192.1666,192.0634,Hep,N,N-linked glycosylation,,
793,Hex(1)HexNAc(1),Hex1HexNAc1,365.3331,365.1322,Hex HexNAc,N,N-linked glycosylation,,Not reported for human proteins
910,Bacillosamine,"2,4-diacetamido-2,4,6-trideoxyglucopyranose",228.245,228.111,H(6) C(4) N(2) dHex,N,N-linked glycosylation,,
1303,NeuAc,N-acetyl neuraminic acid,291.2546,291.0954,NeuAc,N,N-linked glycosylation,,
1304,NeuGc,N-glycoyl neuraminic acid,307.254,307.0903,NeuGc,N,N-linked glycosylation,,
1408,Hex(5)HexNAc(4)NeuAc(2),A2G2S2/G2S2,2205.9822,2204.7724,Hex(5) HexNAc(4) NeuAc(2),N,N-linked glycosylation,,
1409,Hex(5)HexNAc(4)NeuAc(1),A2G2S1/G2S1,1914.7277,1913.677,Hex(5) HexNAc(4) NeuAc,N,N-linked glycosylation,,
1410,dHex(1)Hex(5)HexNAc(4)NeuAc(1),FA2G2S1/G2FS1,2060.8689,2059.7349,dHex Hex(5) HexNAc(4) NeuAc,N,N-linked glycosylation,,
1411,dHex(1)Hex(5)HexNAc(4)NeuAc(2),FA2G2S2/G2FS2,2352.1234,2350.8304,dHex Hex(5) HexNAc(4) NeuAc(2),N,N-linked glycosylation,,
1413,PhosphoHex(2),H1O3P1Hex2,404.2611,404.072,H O(3) P Hex(2),N,N-linked glycosylation,,Not reported for human proteins
1438,Hex(2)HexNAc(1),Hex(2) HexNAc,527.4737,527.185,Hex(2) HexNAc,N,N-linked glycosylation,,
1449,dHex(1)Hex(2)HexNAc(2)Pent(1),dHex Hex(2) HexNAc(2) Pent,1008.9221,1008.3646,dHex(1) Hex(2) HexNAc(2) Pent(1),N,N-linked glycosylation,,
1450,Hex(2)HexNAc(2)NeuAc(1),Hex(2) HexNAc(2) NeuAc ---OR--- dHex Hex HexNAc(2) NeuGc,1021.9208,1021.3598,Hex(2) HexNAc(2) NeuAc,N,N-linked glycosylation,,
1451,Hex(3)HexNAc(2)Pent(1),Hex(3) HexNAc(2) Pent,1024.9215,1024.3595,Hex(3) HexNAc(2) Pent(1),N,N-linked glycosylation,,
1452,Hex(4)HexNAc(2),Hex(4) HexNAc(2),1054.9474,1054.37,Hex(4) HexNAc(2),N,N-linked glycosylation,,
1453,dHex(1)Hex(4)HexNAc(1)Pent(1),dHex Hex(4) HexNAc Pent,1130.0107,1129.3908,dHex(1) Hex(4) HexNAc(1) Pent(1),N,N-linked glycosylation,,
1454,dHex(1)Hex(3)HexNAc(2)Pent(1),dHex Hex(3) HexNAc(2) Pent,1171.0627,1170.4174,dHex(1) Hex(3) HexNAc(2) Pent(1),N,N-linked glycosylation,,
1455,Hex(3)HexNAc(2)NeuAc(1),Hex(3) HexNAc(2) NeuAc,1184.0614,1183.4126,Hex(3) HexNAc(2) NeuAc(1),N,N-linked glycosylation,,
1456,Hex(4)HexNAc(2)Pent(1),Hex(4) HexNAc(2) Pent,1187.0621,1186.4123,Hex(4) HexNAc(2) Pent(1),N,N-linked glycosylation,,
1457,Hex(3)HexNAc(3)Pent(1),Hex(3) HexNAc(3) Pent,1228.114,1227.4388,Hex(3) HexNAc(3) Pent(1),N,N-linked glycosylation,,
1458,Hex(5)HexNAc(2)Phos(1),Hex(5) HexNAc(2) Phos,1297.0679,1296.3892,H O(3) P Hex(5) HexNAc(2),N,N-linked glycosylation,,
1459,dHex(1)Hex(4)HexNAc(2)Pent(1),dHex Hex(4) HexNAc(2) Pent,1333.2033,1332.4702,dHex(1) Hex(4) HexNAc(2) Pent(1),N,N-linked glycosylation,,
1460,Hex(7)HexNAc(1),Hex(7) HexNAc,1338.1767,1337.4491,Hex(7) HexNAc(1),N,N-linked glycosylation,,
1461,Hex(4)HexNAc(2)NeuAc(1),Hex(4) HexNAc(2) NeuAc ---OR--- Hex(3) HexNAc(2) dHex NeuGc,1346.202,1345.4655,Hex(4) HexNAc(2) NeuAc,N,N-linked glycosylation,,
1462,dHex(1)Hex(5)HexNAc(2),dHex Hex(5) HexNAc(2),1363.2292,1362.4808,dHex(1) Hex(5) HexNAc(2),N,N-linked glycosylation,,
1463,dHex(1)Hex(3)HexNAc(3)Pent(1),dHex Hex(3) HexNAc(3) Pent,1374.2552,1373.4968,dHex(1) Hex(3) HexNAc(3) Pent(1),N,N-linked glycosylation,,
1464,Hex(3)HexNAc(4)Sulf(1),Hex(3) HexNAc(4) Sulf,1379.2551,1378.4328,O(3) S Hex(3) HexNAc(4),N,N-linked glycosylation,,
1465,Hex(6)HexNAc(2),M6/Man6,1379.2286,1378.4757,Hex(6) HexNAc(2),N,N-linked glycosylation,,
1466,Hex(4)HexNAc(3)Pent(1),Hex(4) HexNAc(3) Pent,1390.2546,1389.4917,Hex(4) HexNAc(3) Pent(1),N,N-linked glycosylation,,
1467,dHex(1)Hex(4)HexNAc(3),dHex Hex(4) HexNAc(3),1404.2812,1403.5073,dHex(1) Hex(4) HexNAc(3),N,N-linked glycosylation,,
1468,Hex(5)HexNAc(3),Hex(5) HexNAc(3),1420.2806,1419.5022,Hex(5) HexNAc(3),N,N-linked glycosylation,,
1469,Hex(3)HexNAc(4)Pent(1),Hex(3) HexNAc(4) Pent,1431.3065,1430.5182,Hex(3) HexNAc(4) Pent(1),N,N-linked glycosylation,,
1470,Hex(6)HexNAc(2)Phos(1),Hex(6) HexNAc(2) Phos,1459.2085,1458.442,H O(3) P Hex(6) HexNAc(2),N,N-linked glycosylation,,
1471,dHex(1)Hex(4)HexNAc(3)Sulf(1),dHex Hex(4) HexNAc(3) Sulf,1484.3444,1483.4641,O(3) S dHex Hex(4) HexNAc(3),N,N-linked glycosylation,,
1472,dHex(1)Hex(5)HexNAc(2)Pent(1),dHex Hex(5) HexNAc(2) Pent,1495.3439,1494.523,dHex(1) Hex(5) HexNAc(2) Pent(1),N,N-linked glycosylation,,
1473,Hex(8)HexNAc(1),Hex(8) HexNAc,1500.3173,1499.502,Hex(8) HexNAc(1),N,N-linked glycosylation,,
1474,dHex(1)Hex(3)HexNAc(3)Pent(2),dHex Hex(3) HexNAc(3) Pent(2),1506.3698,1505.539,dHex(1) Hex(3) HexNAc(3) Pent(2),N,N-linked glycosylation,,
1475,dHex(2)Hex(3)HexNAc(3)Pent(1),dHex(2) Hex(3) HexNAc(3) Pent,1520.3964,1519.5547,dHex(2) Hex(3) HexNAc(3) Pent(1),N,N-linked glycosylation,,
1476,dHex(1)Hex(3)HexNAc(4)Sulf(1),dHex Hex(3) HexNAc(4) Sulf,1525.3963,1524.4907,O(3) S dHex Hex(3) HexNAc(4),N,N-linked glycosylation,,
1477,dHex(1)Hex(6)HexNAc(2),dHex Hex(6) HexNAc(2),1525.3698,1524.5336,dHex(1) Hex(6) HexNAc(2),N,N-linked glycosylation,,
1478,dHex(1)Hex(4)HexNAc(3)Pent(1),dHex Hex(4) HexNAc(3) Pent,1536.3958,1535.5496,dHex(1) Hex(4) HexNAc(3) Pent(1),N,N-linked glycosylation,,
1479,Hex(4)HexNAc(4)Sulf(1),Hex(4) HexNAc(4) Sulf,1541.3957,1540.4856,O(3) S Hex(4) HexNAc(4),N,N-linked glycosylation,,
1480,Hex(7)HexNAc(2),M7/Man7,1541.3692,1540.5285,Hex(7) HexNAc(2),N,N-linked glycosylation,,
1481,dHex(2)Hex(4)HexNAc(3),dHex(2) Hex(4) HexNAc(3),1550.4224,1549.5652,dHex(2) Hex(4) HexNAc(3),N,N-linked glycosylation,,
1482,Hex(5)HexNAc(3)Pent(1),Hex(5) HexNAc(3) Pent,1552.3952,1551.5445,Hex(5) HexNAc(3) Pent(1),N,N-linked glycosylation,,
1483,Hex(4)HexNAc(3)NeuGc(1),Hex(4) HexNAc(3) NeuGc,1565.3939,1564.5397,Hex(4) HexNAc(3) NeuGc(1),N,N-linked glycosylation,,
1484,dHex(1)Hex(5)HexNAc(3),dHex Hex(5) HexNAc(3),1566.4218,1565.5601,dHex(1) Hex(5) HexNAc(3),N,N-linked glycosylation,,
1485,dHex(1)Hex(3)HexNAc(4)Pent(1),dHex Hex(3) HexNAc(4) Pent,1577.4477,1576.5761,dHex(1) Hex(3) HexNAc(4) Pent(1),N,N-linked glycosylation,,
1486,Hex(3)HexNAc(5)Sulf(1),Hex(3) HexNAc(5) Sulf,1582.4476,1581.5121,O(3) S Hex(3) HexNAc(5),N,N-linked glycosylation,,
1487,Hex(6)HexNAc(3),Hex(6) HexNAc(3),1582.4212,1581.5551,Hex(6) HexNAc(3),N,N-linked glycosylation,,
1488,Hex(3)HexNAc(4)NeuAc(1),Hex(3) HexNAc(4) NeuAc ---OR--- Hex(2) HexNAc(4) dHex NeuGc,1590.4465,1589.5714,Hex(3) HexNAc(4) NeuAc,N,N-linked glycosylation,,
1489,Hex(4)HexNAc(4)Pent(1),Hex(4) HexNAc(4) Pent,1593.4471,1592.571,Hex(4) HexNAc(4) Pent(1),N,N-linked glycosylation,,
1490,Hex(7)HexNAc(2)Phos(1),Hex(7) HexNAc(2) Phos,1621.3491,1620.4948,H O(3) P Hex(7) HexNAc(2),N,N-linked glycosylation,,
1491,Hex(4)HexNAc(4)Me(2)Pent(1),Hex(4) HexNAc(4) Me(2) Pent,1621.5003,1620.6023,Hex(4) HexNAc(4) Me(2) Pent(1),N,N-linked glycosylation,,
1492,dHex(1)Hex(3)HexNAc(3)Pent(3),dHex Hex(3) HexNAc(3) Pent(3) ---OR--- Hex(4) HexNAc(2) dHex(2) NeuAc,1638.4844,1637.5813,Pent(3) dHex Hex(3) HexNAc(3),N,N-linked glycosylation,,
1493,dHex(1)Hex(5)HexNAc(3)Sulf(1),dHex Hex(5) HexNAc(3) Sulf,1646.485,1645.517,O(3) S dHex Hex(5) HexNAc(3),N,N-linked glycosylation,,
1494,dHex(2)Hex(3)HexNAc(3)Pent(2),dHex(2) Hex(3) HexNAc(3) Pent(2),1652.511,1651.5969,dHex(2) Hex(3) HexNAc(3) Pent(2),N,N-linked glycosylation,,
1495,Hex(6)HexNAc(3)Phos(1),Hex(6) HexNAc(3) Phos,1662.4011,1661.5214,H O(3) P Hex(6) HexNAc(3),N,N-linked glycosylation,,
1496,Hex(4)HexNAc(5),Hex(4) HexNAc(5),1664.525,1663.6082,Hex(4) HexNAc(5),N,N-linked glycosylation,,
1497,dHex(3)Hex(3)HexNAc(3)Pent(1),dHex(3) Hex(3) HexNAc(3) Pent,1666.5376,1665.6126,dHex(3) Hex(3) HexNAc(3) Pent(1),N,N-linked glycosylation,,
1498,dHex(2)Hex(4)HexNAc(3)Pent(1),dHex(2) Hex(4) HexNAc(3) Pent,1682.537,1681.6075,dHex(2) Hex(4) HexNAc(3) Pent(1),N,N-linked glycosylation,,
1499,dHex(1)Hex(4)HexNAc(4)Sulf(1),dHex Hex(4) HexNAc(4) Sulf,1687.5369,1686.5435,O(3) S dHex Hex(4) HexNAc(4),N,N-linked glycosylation,,
1500,dHex(1)Hex(7)HexNAc(2),dHex Hex(7) HexNAc(2),1687.5104,1686.5864,dHex(1) Hex(7) HexNAc(2),N,N-linked glycosylation,,
1501,dHex(1)Hex(4)HexNAc(3)NeuAc(1),dHex Hex(4) HexNAc(3) NeuAc ---OR--- dHex(2) Hex(3) HexNAc(3) NeuGc,1695.5357,1694.6027,dHex Hex(4) HexNAc(3) NeuAc,N,N-linked glycosylation,,
1502,Hex(7)HexNAc(2)Phos(2),Hex(7) HexNAc(2) Phos(2),1701.329,1700.4612,H(2) O(6) P(2) Hex(7) HexNAc(2),N,N-linked glycosylation,,
1503,Hex(5)HexNAc(4)Sulf(1),Hex(5) HexNAc(4) Sulf,1703.5363,1702.5384,O(3) S Hex(5) HexNAc(4),N,N-linked glycosylation,,
1504,Hex(8)HexNAc(2),M8/Man8,1703.5098,1702.5813,Hex(8) HexNAc(2),N,N-linked glycosylation,,
1505,dHex(1)Hex(3)HexNAc(4)Pent(2),dHex Hex(3) HexNAc(4) Pent(2),1709.5623,1708.6184,dHex(1) Hex(3) HexNAc(4) Pent(2),N,N-linked glycosylation,,
1506,dHex(1)Hex(4)HexNAc(3)NeuGc(1),dHex Hex(4) HexNAc(3) NeuGc ---OR--- Hex(5) HexNAc(3) NeuAc,1711.5351,1710.5977,dHex Hex(4) HexNAc(3) NeuGc,N,N-linked glycosylation,,
1507,dHex(2)Hex(3)HexNAc(4)Pent(1),dHex(2) Hex(3) HexNAc(4) Pent,1723.5889,1722.634,dHex(2) Hex(3) HexNAc(4) Pent(1),N,N-linked glycosylation,,
1508,dHex(1)Hex(3)HexNAc(5)Sulf(1),dHex Hex(3) HexNAc(5) Sulf,1728.5888,1727.5701,O(3) S dHex Hex(3) HexNAc(5),N,N-linked glycosylation,,
1509,dHex(1)Hex(6)HexNAc(3),dHex Hex(6) HexNAc(3),1728.5624,1727.613,dHex(1) Hex(6) HexNAc(3),N,N-linked glycosylation,,
1510,dHex(1)Hex(3)HexNAc(4)NeuAc(1),dHex Hex(3) HexNAc(4) NeuAc,1736.5877,1735.6293,dHex(1) Hex(3) HexNAc(4) NeuAc(1),N,N-linked glycosylation,,
1511,dHex(3)Hex(3)HexNAc(4),dHex(3) Hex(3) HexNAc(4),1737.6155,1736.6497,dHex(3) Hex(3) HexNAc(4),N,N-linked glycosylation,,
1512,dHex(1)Hex(4)HexNAc(4)Pent(1),dHex Hex(4) HexNAc(4) Pent,1739.5883,1738.629,dHex(1) Hex(4) HexNAc(4) Pent(1),N,N-linked glycosylation,,
1513,Hex(4)HexNAc(5)Sulf(1),Hex(4) HexNAc(5) Sulf,1744.5882,1743.565,O(3) S Hex(4) HexNAc(5),N,N-linked glycosylation,,
1514,Hex(7)HexNAc(3),Hex(7) HexNAc(3),1744.5618,1743.6079,Hex(7) HexNAc(3),N,N-linked glycosylation,,
1515,dHex(1)Hex(4)HexNAc(3)NeuAc(1)Sulf(1),dHex Hex(4) HexNAc(3) NeuAc Sulf,1775.5989,1774.5596,O(3) S dHex Hex(4) HexNAc(3) NeuAc,N,N-linked glycosylation,,
1516,Hex(5)HexNAc(4)Me(2)Pent(1),Hex(5) HexNAc(4) Me(2) Pent,1783.6409,1782.6552,Hex(5) HexNAc(4) Me(2) Pent(1),N,N-linked glycosylation,,
1517,Hex(3)HexNAc(6)Sulf(1),Hex(3) HexNAc(6) Sulf,1785.6401,1784.5915,O(3) S Hex(3) HexNAc(6),N,N-linked glycosylation,,
1518,dHex(1)Hex(6)HexNAc(3)Sulf(1),dHex Hex(6) HexNAc(3) Sulf,1808.6256,1807.5698,O(3) S dHex Hex(6) HexNAc(3),N,N-linked glycosylation,,
1519,dHex(1)Hex(4)HexNAc(5),dHex Hex(4) HexNAc(5),1810.6662,1809.6661,dHex(1) Hex(4) HexNAc(5),N,N-linked glycosylation,,
1520,dHex(1)Hex(5)HexA(1)HexNAc(3)Sulf(1),dHex Hex(5) HexA HexNAc(3) Sulf,1822.6091,1821.549,O(3) S dHex Hex(5) HexA HexNAc(3),N,N-linked glycosylation,,
1521,Hex(7)HexNAc(3)Phos(1),Hex(7) HexNAc(3) Phos,1824.5417,1823.5742,H O(3) P Hex(7) HexNAc(3),N,N-linked glycosylation,,
1522,Hex(6)HexNAc(4)Me(3),Hex(6) HexNAc(4) Me(3),1827.6934,1826.6814,Hex(6) HexNAc(4) Me(3),N,N-linked glycosylation,,
1523,dHex(2)Hex(4)HexNAc(4)Sulf(1),dHex(2) Hex(4) HexNAc(4) Sulf,1833.6781,1832.6014,O(3) S dHex(2) Hex(4) HexNAc(4),N,N-linked glycosylation,,
1524,Hex(4)HexNAc(3)NeuAc(2),Hex(4) HexNAc(3) NeuAc(2),1840.6491,1839.6402,Hex(4) HexNAc(3) NeuAc(2),N,N-linked glycosylation,,
1525,dHex(1)Hex(3)HexNAc(4)Pent(3),dHex Hex(3) HexNAc(4) Pent(3),1841.6769,1840.6606,dHex(1) Hex(3) HexNAc(4) Pent(3),N,N-linked glycosylation,,
1526,dHex(2)Hex(5)HexNAc(3)Pent(1),dHex(2) Hex(5) HexNAc(3) Pent,1844.6776,1843.6603,dHex(2) Hex(5) HexNAc(3) Pent(1),N,N-linked glycosylation,,
1527,dHex(1)Hex(5)HexNAc(4)Sulf(1),dHex Hex(5) HexNAc(4) Sulf,1849.6775,1848.5963,O(3) S dHex Hex(5) HexNAc(4),N,N-linked glycosylation,,
1528,dHex(2)Hex(3)HexNAc(4)Pent(2),dHex(2) Hex(3) HexNAc(4) Pent(2),1855.7035,1854.6763,dHex(2) Hex(3) HexNAc(4) Pent(2),N,N-linked glycosylation,,
1529,dHex(1)Hex(5)HexNAc(3)NeuAc(1),dHex Hex(5) HexNAc(3) NeuAc,1857.6763,1856.6556,dHex(1) Hex(5) HexNAc(3) NeuAc(1),N,N-linked glycosylation,,
1530,Hex(3)HexNAc(6)Sulf(2),Hex(3) HexNAc(6) Sulf(2),1865.7033,1864.5483,O(6) S(2) Hex(3) HexNAc(6),N,N-linked glycosylation,,
1531,Hex(9)HexNAc(2),M9/Man9,1865.6504,1864.6342,Hex(9) HexNAc(2),N,N-linked glycosylation,,
1532,Hex(4)HexNAc(6),Hex(4) HexNAc(6),1867.7175,1866.6875,Hex(4) HexNAc(6),N,N-linked glycosylation,,
1533,dHex(3)Hex(3)HexNAc(4)Pent(1),dHex(3) Hex(3) HexNAc(4) Pent,1869.7301,1868.6919,dHex(3) Hex(3) HexNAc(4) Pent(1),N,N-linked glycosylation,,
1534,dHex(1)Hex(5)HexNAc(3)NeuGc(1),dHex Hex(5) HexNAc(3) NeuGc ---OR--- Hex(6) HexNAc(3) NeuAc,1873.6757,1872.6505,dHex Hex(5) HexNAc(3) NeuGc,N,N-linked glycosylation,,
1535,dHex(2)Hex(4)HexNAc(4)Pent(1),dHex(2) Hex(4) HexNAc(4) Pent,1885.7295,1884.6869,dHex(2) Hex(4) HexNAc(4) Pent(1),N,N-linked glycosylation,,
1536,dHex(1)Hex(4)HexNAc(5)Sulf(1),dHex Hex(4) HexNAc(5) Sulf,1890.7294,1889.6229,O(3) S dHex Hex(4) HexNAc(5),N,N-linked glycosylation,,
1537,dHex(1)Hex(7)HexNAc(3),dHex Hex(7) HexNAc(3),1890.703,1889.6658,dHex(1) Hex(7) HexNAc(3),N,N-linked glycosylation,,
1538,dHex(1)Hex(5)HexNAc(4)Pent(1),dHex Hex(5) HexNAc(4) Pent,1901.7289,1900.6818,dHex(1) Hex(5) HexNAc(4) Pent(1),N,N-linked glycosylation,,
1539,dHex(1)Hex(5)HexA(1)HexNAc(3)Sulf(2),dHex Hex(5) HexA HexNAc(3) Sulf(2),1902.6723,1901.5059,O(6) S(2) dHex Hex(5) HexA HexNAc(3),N,N-linked glycosylation,,
1540,Hex(3)HexNAc(7),Hex(3) HexNAc(7),1908.7694,1907.7141,Hex(3) HexNAc(7),N,N-linked glycosylation,,
1541,dHex(2)Hex(5)HexNAc(4),dHex(2) Hex(5) HexNAc(4),1915.7555,1914.6974,dHex(2) Hex(5) HexNAc(4),N,N-linked glycosylation,,
1542,dHex(2)Hex(4)HexNAc(3)NeuAc(1)Sulf(1),dHex(2) Hex(4) HexNAc(3) NeuAc Sulf,1921.7401,1920.6175,O(3) S dHex(2) Hex(4) HexNAc(3) NeuAc,N,N-linked glycosylation,,
1543,dHex(1)Hex(5)HexNAc(4)Sulf(2),dHex Hex(5) HexNAc(4) Sulf(2),1929.7407,1928.5531,O(6) S(2) dHex Hex(5) HexNAc(4),N,N-linked glycosylation,,
1544,dHex(1)Hex(5)HexNAc(4)Me(2)Pent(1),dHex Hex(5) HexNAc(4) Me(2) Pent,1929.7821,1928.7131,dHex(1) Hex(5) HexNAc(4) Me(2) Pent(1),N,N-linked glycosylation,,
1545,Hex(5)HexNAc(4)NeuGc(1),Hex(5) HexNAc(4) NeuGc,1930.7271,1929.6719,Hex(5) HexNAc(4) NeuGc(1),N,N-linked glycosylation,,
1546,dHex(1)Hex(3)HexNAc(6)Sulf(1),dHex Hex(3) HexNAc(6) Sulf,1931.7813,1930.6494,O(3) S dHex Hex(3) HexNAc(6),N,N-linked glycosylation,,
1547,dHex(1)Hex(6)HexNAc(4),dHex Hex(6) HexNAc(4),1931.7549,1930.6923,dHex(1) Hex(6) HexNAc(4),N,N-linked glycosylation,,
1548,dHex(1)Hex(5)HexNAc(3)NeuAc(1)Sulf(1),dHex Hex(5) HexNAc(3) NeuAc Sulf,1937.7395,1936.6124,O(3) S dHex Hex(5) HexNAc(3) NeuAc,N,N-linked glycosylation,,
1549,Hex(7)HexNAc(4),Hex(7) HexNAc(4),1947.7543,1946.6873,Hex(7) HexNAc(4),N,N-linked glycosylation,,
1550,dHex(1)Hex(5)HexNAc(3)NeuGc(1)Sulf(1),dHex Hex(5) HexNAc(3) NeuGc Sulf,1953.7389,1952.6073,O(3) S dHex Hex(5) HexNAc(3) NeuGc,N,N-linked glycosylation,,
1551,Hex(4)HexNAc(5)NeuAc(1),Hex(4) HexNAc(5) NeuAc,1955.7796,1954.7036,Hex(4) HexNAc(5) NeuAc(1),N,N-linked glycosylation,,
1552,Hex(6)HexNAc(4)Me(3)Pent(1),Hex(6) HexNAc(4) Me(3) Pent,1959.808,1958.7236,Hex(6) HexNAc(4) Me(3) Pent(1),N,N-linked glycosylation,,
1553,dHex(1)Hex(7)HexNAc(3)Sulf(1),dHex Hex(7) HexNAc(3) Sulf,1970.7662,1969.6226,O(3) S dHex Hex(7) HexNAc(3),N,N-linked glycosylation,,
1554,dHex(1)Hex(7)HexNAc(3)Phos(1),dHex Hex(7) HexNAc(3) Phos,1970.6829,1969.6321,H O(3) P dHex Hex(7) HexNAc(3),N,N-linked glycosylation,,
1555,dHex(1)Hex(5)HexNAc(5),dHex Hex(5) HexNAc(5),1972.8068,1971.7189,dHex(1) Hex(5) HexNAc(5),N,N-linked glycosylation,,
1556,dHex(1)Hex(4)HexNAc(4)NeuAc(1)Sulf(1),dHex Hex(4) HexNAc(4) NeuAc Sulf,1978.7915,1977.6389,O(3) S dHex Hex(4) HexNAc(4) NeuAc,N,N-linked glycosylation,,
1557,dHex(3)Hex(4)HexNAc(4)Sulf(1),dHex(3) Hex(4) HexNAc(4) Sulf,1979.8193,1978.6593,O(3) S dHex(3) Hex(4) HexNAc(4),N,N-linked glycosylation,,
1558,Hex(3)HexNAc(7)Sulf(1),Hex(3) HexNAc(7) Sulf,1988.8326,1987.6709,O(3) S Hex(3) HexNAc(7),N,N-linked glycosylation,,
1559,Hex(6)HexNAc(5),A3G3,1988.8062,1987.7138,Hex(6) HexNAc(5),N,N-linked glycosylation,,
1560,Hex(5)HexNAc(4)NeuAc(1)Sulf(1),Hex(5) HexNAc(4) NeuAc Sulf,1994.7909,1993.6338,O(3) S Hex(5) HexNAc(4) NeuAc,N,N-linked glycosylation,,
1561,Hex(3)HexNAc(6)NeuAc(1),Hex(3) HexNAc(6) NeuAc,1996.8315,1995.7301,Hex(3) HexNAc(6) NeuAc(1),N,N-linked glycosylation,,
1562,dHex(2)Hex(3)HexNAc(6),dHex(2) Hex(3) HexNAc(6),1997.8593,1996.7505,dHex(2) Hex(3) HexNAc(6),N,N-linked glycosylation,,
1566,Hex(3)HexNAc(1),Hex(3) HexNAc,689.6143,689.2378,Hex(3) HexNAc,N,N-linked glycosylation,,
1599,Hex(4)HexNAc(1),Hex(4) HexNAc,851.7549,851.2907,Hex(4) HexNAc,N,N-linked glycosylation,,
1610,Hex(2)HexNAc(3),Hex(2) HexNAc(3),933.8588,933.3438,Hex(2) HexNAc(3),N,N-linked glycosylation,,
1627,Hex(5)HexNAc(1),Hex(5) HexNAc,1013.8955,1013.3435,Hex(5) HexNAc,N,N-linked glycosylation,,
1646,Hex(2)HexNAc(4),Hex(2) HexNAc(4),1137.0513,1136.4231,Hex(2) HexNAc(4),N,N-linked glycosylation,,
1655,Hex(3)HexNAc(3)Sulf(1),Hex(3) HexNAc(3) Sulf,1176.0626,1175.3534,O(3) S Hex(3) HexNAc(3),N,N-linked glycosylation,,
1657,dHex(1)Hex(2)HexNAc(2)NeuGc(1),dHex Hex(2) HexNAc(2) NeuGc ---OR--- Hex(3) HexNAc(2) NeuAc,1184.0614,1183.4126,dHex Hex(2) HexNAc(2) NeuGc,N,N-linked glycosylation,,
1671,dHex(1)Hex(2)HexNAc(4),dHex Hex(2) HexNAc(4),1283.1925,1282.481,dHex Hex(2) HexNAc(4),N,N-linked glycosylation,,
1746,dHex(2)Hex(3)HexNAc(5),dHex(2) Hex(3) HexNAc(5),1794.6668,1793.6712,dHex(2) Hex(3) HexNAc(5),N,N-linked glycosylation,,
1760,dHex(2)Hex(2)HexNAc(2),dHex(2) Hex(2) HexNAc(2),1022.9486,1022.3802,dHex(2) Hex(2) HexNAc(2),N,N-linked glycosylation,,
1761,dHex(1)Hex(3)HexNAc(2),dHex Hex(3) HexNAc(2),1038.948,1038.3751,dHex(1) Hex(3) HexNAc(2),N,N-linked glycosylation,,
1762,dHex(1)Hex(2)HexNAc(3),dHex Hex(2) HexNAc(3),1080,1079.4017,dHex(1) Hex(2) HexNAc(3),N,N-linked glycosylation,,
1763,Hex(3)HexNAc(3),Hex(3) HexNAc(3),1095.9994,1095.3966,Hex(3) HexNAc(3),N,N-linked glycosylation,,
1764,dHex(1)Hex(3)HexNAc(2)Sulf(1),dHex Hex(3) HexNAc(2) Sulf,1119.0112,1118.3319,O(3) S dHex Hex(3) HexNAc(2),N,N-linked glycosylation,,
1765,dHex(2)Hex(3)HexNAc(2),dHex(2) Hex(3) HexNAc(2),1185.0892,1184.433,dHex(2) Hex(3) HexNAc(2),N,N-linked glycosylation,,
1766,dHex(1)Hex(4)HexNAc(2),dHex Hex(4) HexNAc(2),1201.0886,1200.4279,dHex(1) Hex(4) HexNAc(2),N,N-linked glycosylation,,
1767,dHex(2)Hex(2)HexNAc(3),dHex(2) Hex(2) HexNAc(3),1226.1412,1225.4596,dHex(2) Hex(2) HexNAc(3),N,N-linked glycosylation,,
1768,dHex(1)Hex(3)HexNAc(3),dHex Hex(3) HexNAc(3),1242.1406,1241.4545,dHex(1) Hex(3) HexNAc(3),N,N-linked glycosylation,,
1769,Hex(4)HexNAc(3),Hex(4) HexNAc(3),1258.14,1257.4494,Hex(4) HexNAc(3),N,N-linked glycosylation,,
1770,dHex(2)Hex(4)HexNAc(2),dHex(2) Hex(4) HexNAc(2),1347.2298,1346.4859,dHex(2) Hex(4) HexNAc(2),N,N-linked glycosylation,,
1771,dHex(2)Hex(3)HexNAc(3),dHex(2) Hex(3) HexNAc(3),1388.2818,1387.5124,dHex(2) Hex(3) HexNAc(3),N,N-linked glycosylation,,
1772,Hex(3)HexNAc(5),A3,1502.3844,1501.5553,Hex(3) HexNAc(5),N,N-linked glycosylation,,
1773,Hex(4)HexNAc(3)NeuAc(1),Hex(4) HexNAc(3) NeuAc ---OR--- Hex(3) HexNAc(4) Kdn,1549.3945,1548.5448,Hex(4) HexNAc(3) NeuAc,N,N-linked glycosylation,,
1774,dHex(2)Hex(3)HexNAc(4),dHex(2) Hex(3) HexNAc(4),1591.4743,1590.5918,dHex(2) Hex(3) HexNAc(4),N,N-linked glycosylation,,
1775,dHex(1)Hex(3)HexNAc(5),dHex Hex(3) HexNAc(5),1648.5256,1647.6132,dHex(1) Hex(3) HexNAc(5),N,N-linked glycosylation,,
1776,Hex(3)HexNAc(6),A4,1705.5769,1704.6347,Hex(3) HexNAc(6),N,N-linked glycosylation,,
1777,Hex(4)HexNAc(4)NeuAc(1),Hex(4) HexNAc(4) NeuAc,1752.5871,1751.6242,Hex(4) HexNAc(4) NeuAc(1),N,N-linked glycosylation,,
1778,dHex(2)Hex(4)HexNAc(4),dHex(2) Hex(4) HexNAc(4) ---OR--- Hex(4) HexNAc(4) dHex Pent Me,1753.6149,1752.6446,dHex(2) Hex(4) HexNAc(4),N,N-linked glycosylation,,
1779,Hex(6)HexNAc(4),Hex(6) HexNAc(4),1785.6137,1784.6344,Hex(6) HexNAc(4),N,N-linked glycosylation,,
1780,Hex(5)HexNAc(5),Hex(5) HexNAc(5),1826.6656,1825.661,Hex(5) HexNAc(5),N,N-linked glycosylation,,
1781,dHex(1)Hex(3)HexNAc(6),dHex Hex(3) HexNAc(6),1851.7181,1850.6926,dHex(1) Hex(3) HexNAc(6),N,N-linked glycosylation,,
1782,dHex(1)Hex(4)HexNAc(4)NeuAc(1),dHex Hex(4) HexNAc(4) NeuAc ---OR--- Hex(3) HexNAc(5) dHex Kdn,1898.7283,1897.6821,dHex Hex(4) HexNAc(4) NeuAc,N,N-linked glycosylation,,
1783,dHex(3)Hex(4)HexNAc(4),dHex(3) Hex(4) HexNAc(4),1899.7561,1898.7025,dHex(3) Hex(4) HexNAc(4),N,N-linked glycosylation,,
1784,dHex(1)Hex(3)HexNAc(5)NeuAc(1),dHex Hex(3) HexNAc(5) NeuAc,1939.7802,1938.7087,dHex(1) Hex(3) HexNAc(5) NeuAc(1),N,N-linked glycosylation,,
1785,dHex(2)Hex(4)HexNAc(5),dHex(2) Hex(4) HexNAc(5),1956.8074,1955.724,dHex(2) Hex(4) HexNAc(5),N,N-linked glycosylation,,
1840,dHex(1)Hex(7)HexNAc(4),Fucosylated biantennary + 2 alphaGal,2093.8955,2092.7452,dHex Hex(7) HexNAc(4),N,N-linked glycosylation,,observed in monoclonal antibodies
1947,Hex(6)HexNAc(1),Hex(6) HexNAc,1176.0361,1175.3963,Hex(6) HexNAc,N,N-linked glycosylation,,
1953,Hex(9),Hex(9),1459.2654,1458.4754,Hex(9),N,N-linked glycosylation,,
1957,Hex(9)HexNAc(1),Hex(9) HexNAc,1662.4579,1661.5548,Hex(9) HexNAc,N,N-linked glycosylation,,
1959,Hex(4)HexNAc(4)NeuGc(1),Hex(4) HexNAc(4) NeuGc,1768.5865,1767.6191,Hex(4) HexNAc(4) NeuGc,N,N-linked glycosylation,,
1961,Hex(3)HexNAc(5)NeuAc(1),Hex(3) HexNAc(5) NeuAc(1),1793.639,1792.6508,Hex(3) HexNAc(5) NeuAc,N,N-linked glycosylation,,
1962,Hex(10)HexNAc(1),Hex(10) HexNAc(1),1824.5985,1823.6076,Hex(10) HexNAc,N,N-linked glycosylation,,
1963,dHex(1)Hex(8)HexNAc(2),dHex Hex(8) HexNAc(2),1849.651,1848.6392,dHex Hex(8) HexNAc(2),N,N-linked glycosylation,,
1964,Hex(3)HexNAc(4)NeuAc(2),Hex(3) HexNAc(4) NeuAc(2),1881.701,1880.6668,Hex(3) HexNAc(4) NeuAc(2),N,N-linked glycosylation,,
1965,dHex(2)Hex(3)HexNAc(4)NeuAc(1),dHex(2) Hex(3) HexNAc(4) NeuAc,1882.7289,1881.6872,dHex(2) Hex(3) HexNAc(4) NeuAc,N,N-linked glycosylation,,
1967,Hex(5)HexNAc(4)NeuAc(1)Ac(1),Hex(5) HexNAc(4) NeuAc Ac,1956.7643,1955.6876,Ac Hex(5) HexNAc(4) NeuAc,N,N-linked glycosylation,,
1969,Hex(5)HexNAc(4)NeuAc(1)Ac(2),Hex(5) HexNAc(4) NeuAc Ac(2),1998.801,1997.6982,Ac(2) Hex(5) HexNAc(4) NeuAc,N,N-linked glycosylation,,
2028,Hex(6)HexNAc(5)NeuAc(3),A3G3S3,2862.5699,2861.0001,Hex(6) HexNAc(5) NeuAc(3),N,N-linked glycosylation,,
2029,Hex(7)HexNAc(6),A4G4,2354.1393,2352.846,Hex(7) HexNAc(6),N,N-linked glycosylation,,
348,His2Asn,His->Asn substitution,-23.0366,-23.016,H(-1) C(-2) N(-1) O,H,AA substitution,,Could also be classed as chemical derivative
349,His2Asp,His->Asp substitution,-22.0519,-22.032,H(-2) C(-2) N(-2) O(2),H,AA substitution,,Could also be classed as chemical derivative
540,Ala->Ser,Ala->Ser substitution,15.9994,15.9949,O,A,AA substitution,,
541,Ala->Thr,Ala->Thr substitution,30.026,30.0106,H(2) C O,A,AA substitution,,
542,Ala->Asp,Ala->Asp substitution,44.0095,43.9898,C O(2),A,AA substitution,,
543,Ala->Pro,Ala->Pro substitution,26.0373,26.0157,H(2) C(2),A,AA substitution,,
544,Ala->Gly,Ala->Gly substitution,-14.0266,-14.0157,H(-2) C(-1),A,AA substitution,,
545,Ala->Glu,Ala->Glu substitution,58.0361,58.0055,H(2) C(2) O(2),A,AA substitution,,
546,Ala->Val,Ala->Val substitution,28.0532,28.0313,H(4) C(2),A,AA substitution,,
547,Cys->Phe,Cys->Phe substitution,44.031,44.0592,H(4) C(6) S(-1),C,AA substitution,,
548,Cys->Ser,Cys->Ser substitution,-16.0656,-15.9772,O S(-1),C,AA substitution,,
549,Cys->Trp,Cys->Trp substitution,83.067,83.0701,H(5) C(8) N S(-1),C,AA substitution,,
550,Cys->Tyr,Cys->Tyr substitution,60.0304,60.0541,H(4) C(6) O S(-1),C,AA substitution,,
551,Cys->Arg,Cys->Arg substitution,53.0428,53.0919,H(7) C(3) N(3) S(-1),C,AA substitution,,
552,Cys->Gly,Cys->Gly substitution,-46.0916,-45.9877,H(-2) C(-1) S(-1),C,AA substitution,,
553,Asp->Ala,Asp->Ala substitution,-44.0095,-43.9898,C(-1) O(-2),D,AA substitution,,
554,Asp->His,Asp->His substitution,22.0519,22.032,H(2) C(2) N(2) O(-2),D,AA substitution,,
555,Asp->Asn,Asp->Asn substitution,-0.9848,-0.984,H N O(-1),D,AA substitution,,
556,Asp->Gly,Asp->Gly substitution,-58.0361,-58.0055,H(-2) C(-2) O(-2),D,AA substitution,,
557,Asp->Tyr,Asp->Tyr substitution,48.0859,48.0364,H(4) C(5) O(-1),D,AA substitution,,
558,Asp->Glu,Asp->Glu substitution,14.0266,14.0157,H(2) C,D,AA substitution,,
559,Asp->Val,Asp->Val substitution,-15.9563,-15.9585,H(4) C O(-2),D,AA substitution,,
560,Glu->Ala,Glu->Ala substitution,-58.0361,-58.0055,H(-2) C(-2) O(-2),E,AA substitution,,
561,Glu->Gln,Glu->Gln substitution,-0.9848,-0.984,H N O(-1),E,AA substitution,,
562,Glu->Asp,Glu->Asp substitution,-14.0266,-14.0157,H(-2) C(-1),E,AA substitution,,
563,Glu->Lys,Glu->Lys substitution,-0.9417,-0.9476,H(5) C N O(-2),E,AA substitution,,
564,Glu->Gly,Glu->Gly substitution,-72.0627,-72.0211,H(-4) C(-3) O(-2),E,AA substitution,,
565,Glu->Val,Glu->Val substitution,-29.9829,-29.9742,H(2) O(-2),E,AA substitution,,
566,Phe->Ser,Phe->Ser substitution,-60.0966,-60.0364,H(-4) C(-6) O,F,AA substitution,,
567,Phe->Cys,Phe->Cys substitution,-44.031,-44.0592,H(-4) C(-6) S,F,AA substitution,,
568,Phe->Xle,Phe->Leu/Ile substitution,-34.0162,-33.9843,H(2) C(-3),F,AA substitution,,
569,Phe->Tyr,Phe->Tyr substitution,15.9994,15.9949,O,F,AA substitution,,
570,Phe->Val,Phe->Val substitution,-48.0428,-48.0,C(-4),F,AA substitution,,
571,Gly->Ala,Gly->Ala substitution,14.0266,14.0157,H(2) C,G,AA substitution,,
572,Gly->Ser,Gly->Ser substitution,30.026,30.0106,H(2) C O,G,AA substitution,,
573,Gly->Trp,Gly->Trp substitution,129.1586,129.0578,H(7) C(9) N,G,AA substitution,,
574,Gly->Glu,Gly->Glu substitution,72.0627,72.0211,H(4) C(3) O(2),G,AA substitution,,
575,Gly->Val,Gly->Val substitution,42.0797,42.047,H(6) C(3),G,AA substitution,,
576,Gly->Asp,Gly->Asp substitution,58.0361,58.0055,H(2) C(2) O(2),G,AA substitution,,
577,Gly->Cys,Gly->Cys substitution,46.0916,45.9877,H(2) C S,G,AA substitution,,
578,Gly->Arg,Gly->Arg substitution,99.1344,99.0796,H(9) C(4) N(3),G,AA substitution,,
580,His->Pro,His->Pro substitution,-40.0241,-40.0061,C(-1) N(-2),H,AA substitution,,
581,His->Tyr,His->Tyr substitution,26.034,26.0044,H(2) C(3) N(-2) O,H,AA substitution,,
582,His->Gln,His->Gln substitution,-9.0101,-9.0003,H C(-1) N(-1) O,H,AA substitution,,
584,His->Arg,His->Arg substitution,19.0464,19.0422,H(5) N,H,AA substitution,,
585,His->Xle,His->Leu/Ile substitution,-23.9816,-23.9748,H(4) N(-2),H,AA substitution,,
1125,Xle->Ala,Leu/Ile->Ala substitution,-42.0797,-42.047,H(-6) C(-3),L,AA substitution,,
1125,Xle->Ala,Leu/Ile->Ala substitution,-42.0797,-42.047,H(-6) C(-3),I,AA substitution,,
588,Xle->Thr,Leu/Ile->Thr substitution,-12.0538,-12.0364,H(-4) C(-2) O,L,AA substitution,,
588,Xle->Thr,Leu/Ile->Thr substitution,-12.0538,-12.0364,H(-4) C(-2) O,I,AA substitution,,
589,Xle->Asn,Leu/Ile->Asn substitution,0.945,0.9589,H(-5) C(-2) N O,L,AA substitution,,
589,Xle->Asn,Leu/Ile->Asn substitution,0.945,0.9589,H(-5) C(-2) N O,I,AA substitution,,
590,Xle->Lys,Leu/Ile->Lys substitution,15.0146,15.0109,H N,L,AA substitution,,
590,Xle->Lys,Leu/Ile->Lys substitution,15.0146,15.0109,H N,I,AA substitution,,
594,Lys->Thr,Lys->Thr substitution,-27.0684,-27.0473,H(-5) C(-2) N(-1) O,K,AA substitution,,
595,Lys->Asn,Lys->Asn substitution,-14.0696,-14.052,H(-6) C(-2) O,K,AA substitution,,
596,Lys->Glu,Lys->Glu substitution,0.9417,0.9476,H(-5) C(-1) N(-1) O(2),K,AA substitution,,
597,Lys->Gln,Lys->Gln substitution,-0.0431,-0.0364,H(-4) C(-1) O,K,AA substitution,,
598,Lys->Met,Lys->Met substitution,3.0238,2.9455,H(-3) C(-1) N(-1) S,K,AA substitution,,
599,Lys->Arg,Lys->Arg substitution,28.0134,28.0061,N(2),K,AA substitution,,
600,Lys->Xle,Lys->Leu/Ile substitution,-15.0146,-15.0109,H(-1) N(-1),K,AA substitution,,
601,Xle->Ser,Leu/Ile->Ser substitution,-26.0803,-26.052,H(-6) C(-3) O,I,AA substitution,,
601,Xle->Ser,Leu/Ile->Ser substitution,-26.0803,-26.052,H(-6) C(-3) O,L,AA substitution,,
602,Xle->Phe,Leu/Ile->Phe substitution,34.0162,33.9843,H(-2) C(3),I,AA substitution,,
602,Xle->Phe,Leu/Ile->Phe substitution,34.0162,33.9843,H(-2) C(3),L,AA substitution,,
603,Xle->Trp,Leu/Ile->Trp substitution,73.0523,72.9952,H(-1) C(5) N,I,AA substitution,,
603,Xle->Trp,Leu/Ile->Trp substitution,73.0523,72.9952,H(-1) C(5) N,L,AA substitution,,
604,Xle->Pro,Leu/Ile->Pro substitution,-16.0425,-16.0313,H(-4) C(-1),I,AA substitution,,
604,Xle->Pro,Leu/Ile->Pro substitution,-16.0425,-16.0313,H(-4) C(-1),L,AA substitution,,
605,Xle->Val,Leu/Ile->Val substitution,-14.0266,-14.0157,H(-2) C(-1),I,AA substitution,,
605,Xle->Val,Leu/Ile->Val substitution,-14.0266,-14.0157,H(-2) C(-1),L,AA substitution,,
606,Xle->His,Leu/Ile->His substitution,23.9816,23.9748,H(-4) N(2),I,AA substitution,,
606,Xle->His,Leu/Ile->His substitution,23.9816,23.9748,H(-4) N(2),L,AA substitution,,
607,Xle->Gln,Leu/Ile->Gln substitution,14.9716,14.9745,H(-3) C(-1) N O,I,AA substitution,,
607,Xle->Gln,Leu/Ile->Gln substitution,14.9716,14.9745,H(-3) C(-1) N O,L,AA substitution,,
608,Xle->Met,Leu/Ile->Met substitution,18.0384,17.9564,H(-2) C(-1) S,I,AA substitution,,
608,Xle->Met,Leu/Ile->Met substitution,18.0384,17.9564,H(-2) C(-1) S,L,AA substitution,,
609,Xle->Arg,Leu/Ile->Arg substitution,43.028,43.017,H N(3),I,AA substitution,,
609,Xle->Arg,Leu/Ile->Arg substitution,43.028,43.017,H N(3),L,AA substitution,,
610,Met->Thr,Met->Thr substitution,-30.0922,-29.9928,H(-2) C(-1) O S(-1),M,AA substitution,,
611,Met->Arg,Met->Arg substitution,24.9896,25.0606,H(3) C N(3) S(-1),M,AA substitution,,
613,Met->Lys,Met->Lys substitution,-3.0238,-2.9455,H(3) C N S(-1),M,AA substitution,,
614,Met->Xle,Met->Leu/Ile substitution,-18.0384,-17.9564,H(2) C S(-1),M,AA substitution,,
615,Met->Val,Met->Val substitution,-32.065,-31.9721,S(-1),M,AA substitution,,
616,Asn->Ser,Asn->Ser substitution,-27.0253,-27.0109,H(-1) C(-1) N(-1),N,AA substitution,,
617,Asn->Thr,Asn->Thr substitution,-12.9988,-12.9952,H N(-1),N,AA substitution,,
618,Asn->Lys,Asn->Lys substitution,14.0696,14.052,H(6) C(2) O(-1),N,AA substitution,,
619,Asn->Tyr,Asn->Tyr substitution,49.0706,49.0204,H(3) C(5) N(-1),N,AA substitution,,
620,Asn->His,Asn->His substitution,23.0366,23.016,H C(2) N O(-1),N,AA substitution,,
621,Asn->Asp,Asn->Asp substitution,0.9848,0.984,H(-1) N(-1) O,N,AA substitution,,
622,Asn->Xle,Asn->Leu/Ile substitution,-0.945,-0.9589,H(5) C(2) N(-1) O(-1),N,AA substitution,,
623,Pro->Ser,Pro->Ser substitution,-10.0379,-10.0207,H(-2) C(-2) O,P,AA substitution,,
624,Pro->Ala,Pro->Ala substitution,-26.0373,-26.0157,H(-2) C(-2),P,AA substitution,,
625,Pro->His,Pro->His substitution,40.0241,40.0061,C N(2),P,AA substitution,,
626,Pro->Gln,Pro->Gln substitution,31.014,31.0058,H N O,P,AA substitution,,
627,Pro->Thr,Pro->Thr substitution,3.9887,3.9949,C(-1) O,P,AA substitution,,
628,Pro->Arg,Pro->Arg substitution,59.0705,59.0483,H(5) C N(3),P,AA substitution,,
629,Pro->Xle,Pro->Leu/Ile substitution,16.0425,16.0313,H(4) C,P,AA substitution,,
630,Gln->Pro,Gln->Pro substitution,-31.014,-31.0058,H(-1) N(-1) O(-1),Q,AA substitution,,
631,Gln->Lys,Gln->Lys substitution,0.0431,0.0364,H(4) C O(-1),Q,AA substitution,,
632,Gln->Glu,Gln->Glu substitution,0.9848,0.984,H(-1) N(-1) O,Q,AA substitution,,
633,Gln->His,Gln->His substitution,9.0101,9.0003,H(-1) C N O(-1),Q,AA substitution,,
634,Gln->Arg,Gln->Arg substitution,28.0565,28.0425,H(4) C N(2) O(-1),Q,AA substitution,,
635,Gln->Xle,Gln->Leu/Ile substitution,-14.9716,-14.9745,H(3) C N(-1) O(-1),Q,AA substitution,,
636,Arg->Ser,Arg->Ser substitution,-69.1084,-69.0691,H(-7) C(-3) N(-3) O,R,AA substitution,,
637,Arg->Trp,Arg->Trp substitution,30.0242,29.9782,H(-2) C(5) N(-2),R,AA substitution,,
638,Arg->Thr,Arg->Thr substitution,-55.0818,-55.0534,H(-5) C(-2) N(-3) O,R,AA substitution,,
639,Arg->Pro,Arg->Pro substitution,-59.0705,-59.0483,H(-5) C(-1) N(-3),R,AA substitution,,
640,Arg->Lys,Arg->Lys substitution,-28.0134,-28.0061,N(-2),R,AA substitution,,
641,Arg->His,Arg->His substitution,-19.0464,-19.0422,H(-5) N(-1),R,AA substitution,,
642,Arg->Gln,Arg->Gln substitution,-28.0565,-28.0425,H(-4) C(-1) N(-2) O,R,AA substitution,,
643,Arg->Met,Arg->Met substitution,-24.9896,-25.0606,H(-3) C(-1) N(-3) S,R,AA substitution,,
644,Arg->Cys,Arg->Cys substitution,-53.0428,-53.0919,H(-7) C(-3) N(-3) S,R,AA substitution,,
645,Arg->Xle,Arg->Leu/Ile substitution,-43.028,-43.017,H(-1) N(-3),R,AA substitution,,
646,Arg->Gly,Arg->Gly substitution,-99.1344,-99.0796,H(-9) C(-4) N(-3),R,AA substitution,,
647,Ser->Phe,Ser->Phe substitution,60.0966,60.0364,H(4) C(6) O(-1),S,AA substitution,,
648,Ser->Ala,Ser->Ala substitution,-15.9994,-15.9949,O(-1),S,AA substitution,,
649,Ser->Trp,Ser->Trp substitution,99.1326,99.0473,H(5) C(8) N O(-1),S,AA substitution,,
650,Ser->Thr,Ser->Thr substitution,14.0266,14.0157,H(2) C,S,AA substitution,,
651,Ser->Asn,Ser->Asn substitution,27.0253,27.0109,H C N,S,AA substitution,,
652,Ser->Pro,Ser->Pro substitution,10.0379,10.0207,H(2) C(2) O(-1),S,AA substitution,,
653,Ser->Tyr,Ser->Tyr substitution,76.096,76.0313,H(4) C(6),S,AA substitution,,
654,Ser->Cys,Ser->Cys substitution,16.0656,15.9772,O(-1) S,S,AA substitution,,
655,Ser->Arg,Ser->Arg substitution,69.1084,69.0691,H(7) C(3) N(3) O(-1),S,AA substitution,,
656,Ser->Xle,Ser->Leu/Ile substitution,26.0803,26.052,H(6) C(3) O(-1),S,AA substitution,,
657,Ser->Gly,Ser->Gly substitution,-30.026,-30.0106,H(-2) C(-1) O(-1),S,AA substitution,,
658,Thr->Ser,Thr->Ser substitution,-14.0266,-14.0157,H(-2) C(-1),T,AA substitution,,
659,Thr->Ala,Thr->Ala substitution,-30.026,-30.0106,H(-2) C(-1) O(-1),T,AA substitution,,
660,Thr->Asn,Thr->Asn substitution,12.9988,12.9952,H(-1) N,T,AA substitution,,
661,Thr->Lys,Thr->Lys substitution,27.0684,27.0473,H(5) C(2) N O(-1),T,AA substitution,,
662,Thr->Pro,Thr->Pro substitution,-3.9887,-3.9949,C O(-1),T,AA substitution,,
663,Thr->Met,Thr->Met substitution,30.0922,29.9928,H(2) C O(-1) S,T,AA substitution,,
664,Thr->Xle,Thr->Leu/Ile substitution,12.0538,12.0364,H(4) C(2) O(-1),T,AA substitution,,
665,Thr->Arg,Thr->Arg substitution,55.0818,55.0534,H(5) C(2) N(3) O(-1),T,AA substitution,,
666,Val->Phe,Val->Phe substitution,48.0428,48.0,C(4),V,AA substitution,,
667,Val->Ala,Val->Ala substitution,-28.0532,-28.0313,H(-4) C(-2),V,AA substitution,,
668,Val->Glu,Val->Glu substitution,29.9829,29.9742,H(-2) O(2),V,AA substitution,,
669,Val->Met,Val->Met substitution,32.065,31.9721,S,V,AA substitution,,
670,Val->Asp,Val->Asp substitution,15.9563,15.9585,H(-4) C(-1) O(2),V,AA substitution,,
671,Val->Xle,Val->Leu/Ile substitution,14.0266,14.0157,H(2) C,V,AA substitution,,
672,Val->Gly,Val->Gly substitution,-42.0797,-42.047,H(-6) C(-3),V,AA substitution,,
673,Trp->Ser,Trp->Ser substitution,-99.1326,-99.0473,H(-5) C(-8) N(-1) O,W,AA substitution,,
674,Trp->Cys,Trp->Cys substitution,-83.067,-83.0701,H(-5) C(-8) N(-1) S,W,AA substitution,,
675,Trp->Arg,Trp->Arg substitution,-30.0242,-29.9782,H(2) C(-5) N(2),W,AA substitution,,
676,Trp->Gly,Trp->Gly substitution,-129.1586,-129.0578,H(-7) C(-9) N(-1),W,AA substitution,,
677,Trp->Xle,Trp->Leu/Ile substitution,-73.0523,-72.9952,H C(-5) N(-1),W,AA substitution,,
678,Tyr->Phe,Tyr->Phe substitution,-15.9994,-15.9949,O(-1),Y,AA substitution,,
679,Tyr->Ser,Tyr->Ser substitution,-76.096,-76.0313,H(-4) C(-6),Y,AA substitution,,
680,Tyr->Asn,Tyr->Asn substitution,-49.0706,-49.0204,H(-3) C(-5) N,Y,AA substitution,,
681,Tyr->His,Tyr->His substitution,-26.034,-26.0044,H(-2) C(-3) N(2) O(-1),Y,AA substitution,,
682,Tyr->Asp,Tyr->Asp substitution,-48.0859,-48.0364,H(-4) C(-5) O,Y,AA substitution,,
683,Tyr->Cys,Tyr->Cys substitution,-60.0304,-60.0541,H(-4) C(-6) O(-1) S,Y,AA substitution,,
1044,Ala->Cys,Ala->Cys substitution,32.065,31.9721,S,A,AA substitution,,
1045,Ala->Phe,Ala->Phe substitution,76.096,76.0313,H(4) C(6),A,AA substitution,,
1046,Ala->His,Ala->His substitution,66.0614,66.0218,H(2) C(3) N(2),A,AA substitution,,
1047,Ala->Xle,Ala->Leu/Ile substitution,42.0797,42.047,H(6) C(3),A,AA substitution,,
1048,Ala->Lys,Ala->Lys substitution,57.0944,57.0578,H(7) C(3) N,A,AA substitution,,
1049,Ala->Met,Ala->Met substitution,60.1182,60.0034,H(4) C(2) S,A,AA substitution,,
1050,Ala->Asn,Ala->Asn substitution,43.0247,43.0058,H C N O,A,AA substitution,,
1051,Ala->Gln,Ala->Gln substitution,57.0513,57.0215,H(3) C(2) N O,A,AA substitution,,
1052,Ala->Arg,Ala->Arg substitution,85.1078,85.064,H(7) C(3) N(3),A,AA substitution,,
1053,Ala->Trp,Ala->Trp substitution,115.132,115.0422,H(5) C(8) N,A,AA substitution,,
1054,Ala->Tyr,Ala->Tyr substitution,92.0954,92.0262,H(4) C(6) O,A,AA substitution,,
1055,Cys->Ala,Cys->Ala substitution,-32.065,-31.9721,S(-1),C,AA substitution,,
1056,Cys->Asp,Cys->Asp substitution,11.9445,12.0178,C O(2) S(-1),C,AA substitution,,
1057,Cys->Glu,Cys->Glu substitution,25.9711,26.0334,H(2) C(2) O(2) S(-1),C,AA substitution,,
1058,Cys->His,Cys->His substitution,33.9964,34.0497,H(2) C(3) N(2) S(-1),C,AA substitution,,
1059,Cys->Xle,Cys->Leu/Ile substitution,10.0147,10.0749,H(6) C(3) S(-1),C,AA substitution,,
1060,Cys->Lys,Cys->Lys substitution,25.0294,25.0858,H(7) C(3) N S(-1),C,AA substitution,,
1061,Cys->Met,Cys->Met substitution,28.0532,28.0313,H(4) C(2),C,AA substitution,,
1062,Cys->Asn,Cys->Asn substitution,10.9597,11.0337,H C N O S(-1),C,AA substitution,,
1063,Cys->Pro,Cys->Pro substitution,-6.0277,-5.9564,H(2) C(2) S(-1),C,AA substitution,,
1064,Cys->Gln,Cys->Gln substitution,24.9863,25.0494,H(3) C(2) N O S(-1),C,AA substitution,,
1065,Cys->Thr,Cys->Thr substitution,-2.039,-1.9615,H(2) C O S(-1),C,AA substitution,,
1066,Cys->Val,Cys->Val substitution,-4.0118,-3.9408,H(4) C(2) S(-1),C,AA substitution,,
1067,Asp->Cys,Asp->Cys substitution,-11.9445,-12.0178,C(-1) O(-2) S,D,AA substitution,,
1068,Asp->Phe,Asp->Phe substitution,32.0865,32.0415,H(4) C(5) O(-2),D,AA substitution,,
1069,Asp->Xle,Asp->Leu/Ile substitution,-1.9298,-1.9429,H(6) C(2) O(-2),D,AA substitution,,
1070,Asp->Lys,Asp->Lys substitution,13.0849,13.068,H(7) C(2) N O(-2),D,AA substitution,,
1071,Asp->Met,Asp->Met substitution,16.1087,16.0135,H(4) C O(-2) S,D,AA substitution,,
1072,Asp->Pro,Asp->Pro substitution,-17.9722,-17.9742,H(2) C O(-2),D,AA substitution,,
1073,Asp->Gln,Asp->Gln substitution,13.0418,13.0316,H(3) C N O(-1),D,AA substitution,,
1074,Asp->Arg,Asp->Arg substitution,41.0983,41.0742,H(7) C(2) N(3) O(-2),D,AA substitution,,
1075,Asp->Ser,Asp->Ser substitution,-28.0101,-27.9949,C(-1) O(-1),D,AA substitution,,
1076,Asp->Thr,Asp->Thr substitution,-13.9835,-13.9793,H(2) O(-1),D,AA substitution,,
1077,Asp->Trp,Asp->Trp substitution,71.1225,71.0524,H(5) C(7) N O(-2),D,AA substitution,,
1078,Glu->Cys,Glu->Cys substitution,-25.9711,-26.0334,H(-2) C(-2) O(-2) S,E,AA substitution,,
1079,Glu->Phe,Glu->Phe substitution,18.0599,18.0258,H(2) C(4) O(-2),E,AA substitution,,
1080,Glu->His,Glu->His substitution,8.0253,8.0163,C N(2) O(-2),E,AA substitution,,
1081,Glu->Xle,Glu->Leu/Ile substitution,-15.9563,-15.9585,H(4) C O(-2),E,AA substitution,,
1082,Glu->Met,Glu->Met substitution,2.0821,1.9979,H(2) O(-2) S,E,AA substitution,,
1083,Glu->Asn,Glu->Asn substitution,-15.0113,-14.9997,H(-1) C(-1) N O(-1),E,AA substitution,,
1084,Glu->Pro,Glu->Pro substitution,-31.9988,-31.9898,O(-2),E,AA substitution,,
1085,Glu->Arg,Glu->Arg substitution,27.0717,27.0585,H(5) C N(3) O(-2),E,AA substitution,,
1086,Glu->Ser,Glu->Ser substitution,-42.0367,-42.0106,H(-2) C(-2) O(-1),E,AA substitution,,
1087,Glu->Thr,Glu->Thr substitution,-28.0101,-27.9949,C(-1) O(-1),E,AA substitution,,
1088,Glu->Trp,Glu->Trp substitution,57.0959,57.0367,H(3) C(6) N O(-2),E,AA substitution,,
1089,Glu->Tyr,Glu->Tyr substitution,34.0593,34.0207,H(2) C(4) O(-1),E,AA substitution,,
1090,Phe->Ala,Phe->Ala substitution,-76.096,-76.0313,H(-4) C(-6),F,AA substitution,,
1091,Phe->Asp,Phe->Asp substitution,-32.0865,-32.0415,H(-4) C(-5) O(2),F,AA substitution,,
1092,Phe->Glu,Phe->Glu substitution,-18.0599,-18.0258,H(-2) C(-4) O(2),F,AA substitution,,
1093,Phe->Gly,Phe->Gly substitution,-90.1225,-90.0469,H(-6) C(-7),F,AA substitution,,
1094,Phe->His,Phe->His substitution,-10.0346,-10.0095,H(-2) C(-3) N(2),F,AA substitution,,
1095,Phe->Lys,Phe->Lys substitution,-19.0016,-18.9735,H(3) C(-3) N,F,AA substitution,,
1096,Phe->Met,Phe->Met substitution,-15.9778,-16.0279,C(-4) S,F,AA substitution,,
1097,Phe->Asn,Phe->Asn substitution,-33.0712,-33.0255,H(-3) C(-5) N O,F,AA substitution,,
1098,Phe->Pro,Phe->Pro substitution,-50.0587,-50.0157,H(-2) C(-4),F,AA substitution,,
1099,Phe->Gln,Phe->Gln substitution,-19.0446,-19.0098,H(-1) C(-4) N O,F,AA substitution,,
1100,Phe->Arg,Phe->Arg substitution,9.0118,9.0327,H(3) C(-3) N(3),F,AA substitution,,
1101,Phe->Thr,Phe->Thr substitution,-46.07,-46.0207,H(-2) C(-5) O,F,AA substitution,,
1102,Phe->Trp,Phe->Trp substitution,39.036,39.0109,H C(2) N,F,AA substitution,,
1103,Gly->Phe,Gly->Phe substitution,90.1225,90.0469,H(6) C(7),G,AA substitution,,
1104,Gly->His,Gly->His substitution,80.088,80.0374,H(4) C(4) N(2),G,AA substitution,,
1105,Gly->Xle,Gly->Leu/Ile substitution,56.1063,56.0626,H(8) C(4),G,AA substitution,,
1106,Gly->Lys,Gly->Lys substitution,71.121,71.0735,H(9) C(4) N,G,AA substitution,,
1107,Gly->Met,Gly->Met substitution,74.1447,74.019,H(6) C(3) S,G,AA substitution,,
1108,Gly->Asn,Gly->Asn substitution,57.0513,57.0215,H(3) C(2) N O,G,AA substitution,,
1109,Gly->Pro,Gly->Pro substitution,40.0639,40.0313,H(4) C(3),G,AA substitution,,
1110,Gly->Gln,Gly->Gln substitution,71.0779,71.0371,H(5) C(3) N O,G,AA substitution,,
1111,Gly->Thr,Gly->Thr substitution,44.0526,44.0262,H(4) C(2) O,G,AA substitution,,
1112,Gly->Tyr,Gly->Tyr substitution,106.1219,106.0419,H(6) C(7) O,G,AA substitution,,
1113,His->Ala,His->Ala substitution,-66.0614,-66.0218,H(-2) C(-3) N(-2),H,AA substitution,,
1114,His->Cys,His->Cys substitution,-33.9964,-34.0497,H(-2) C(-3) N(-2) S,H,AA substitution,,
1115,His->Glu,His->Glu substitution,-8.0253,-8.0163,C(-1) N(-2) O(2),H,AA substitution,,
1116,His->Phe,His->Phe substitution,10.0346,10.0095,H(2) C(3) N(-2),H,AA substitution,,
1117,His->Gly,His->Gly substitution,-80.088,-80.0374,H(-4) C(-4) N(-2),H,AA substitution,,
1119,His->Lys,His->Lys substitution,-8.967,-8.9639,H(5) N(-1),H,AA substitution,,
1120,His->Met,His->Met substitution,-5.9432,-6.0184,H(2) C(-1) N(-2) S,H,AA substitution,,
1121,His->Ser,His->Ser substitution,-50.062,-50.0269,H(-2) C(-3) N(-2) O,H,AA substitution,,
1122,His->Thr,His->Thr substitution,-36.0354,-36.0112,C(-2) N(-2) O,H,AA substitution,,
1123,His->Val,His->Val substitution,-38.0082,-37.9905,H(2) C(-1) N(-2),H,AA substitution,,
1124,His->Trp,His->Trp substitution,49.0706,49.0204,H(3) C(5) N(-1),H,AA substitution,,
1126,Xle->Cys,Leu/Ile->Cys substitution,-10.0147,-10.0749,H(-6) C(-3) S,L,AA substitution,,
1126,Xle->Cys,Leu/Ile->Cys substitution,-10.0147,-10.0749,H(-6) C(-3) S,I,AA substitution,,
1127,Xle->Asp,Leu/Ile->Asp substitution,1.9298,1.9429,H(-6) C(-2) O(2),L,AA substitution,,
1127,Xle->Asp,Leu/Ile->Asp substitution,1.9298,1.9429,H(-6) C(-2) O(2),I,AA substitution,,
1128,Xle->Glu,Leu/Ile->Glu substitution,15.9563,15.9585,H(-4) C(-1) O(2),L,AA substitution,,
1128,Xle->Glu,Leu/Ile->Glu substitution,15.9563,15.9585,H(-4) C(-1) O(2),I,AA substitution,,
1129,Xle->Gly,Leu/Ile->Gly substitution,-56.1063,-56.0626,H(-8) C(-4),L,AA substitution,,
1129,Xle->Gly,Leu/Ile->Gly substitution,-56.1063,-56.0626,H(-8) C(-4),I,AA substitution,,
1130,Xle->Tyr,Leu/Ile->Tyr substitution,50.0156,49.9793,H(-2) C(3) O,L,AA substitution,,
1130,Xle->Tyr,Leu/Ile->Tyr substitution,50.0156,49.9793,H(-2) C(3) O,I,AA substitution,,
1131,Lys->Ala,Lys->Ala substitution,-57.0944,-57.0578,H(-7) C(-3) N(-1),K,AA substitution,,
1132,Lys->Cys,Lys->Cys substitution,-25.0294,-25.0858,H(-7) C(-3) N(-1) S,K,AA substitution,,
1133,Lys->Asp,Lys->Asp substitution,-13.0849,-13.068,H(-7) C(-2) N(-1) O(2),K,AA substitution,,
1134,Lys->Phe,Lys->Phe substitution,19.0016,18.9735,H(-3) C(3) N(-1),K,AA substitution,,
1135,Lys->Gly,Lys->Gly substitution,-71.121,-71.0735,H(-9) C(-4) N(-1),K,AA substitution,,
1136,Lys->His,Lys->His substitution,8.967,8.9639,H(-5) N,K,AA substitution,,
1137,Lys->Pro,Lys->Pro substitution,-31.0571,-31.0422,H(-5) C(-1) N(-1),K,AA substitution,,
1138,Lys->Ser,Lys->Ser substitution,-41.095,-41.0629,H(-7) C(-3) N(-1) O,K,AA substitution,,
1139,Lys->Val,Lys->Val substitution,-29.0412,-29.0265,H(-3) C(-1) N(-1),K,AA substitution,,
1140,Lys->Trp,Lys->Trp substitution,58.0376,57.9843,H(-2) C(5),K,AA substitution,,
1141,Lys->Tyr,Lys->Tyr substitution,35.001,34.9684,H(-3) C(3) N(-1) O,K,AA substitution,,
1142,Met->Ala,Met->Ala substitution,-60.1182,-60.0034,H(-4) C(-2) S(-1),M,AA substitution,,
1143,Met->Cys,Met->Cys substitution,-28.0532,-28.0313,H(-4) C(-2),M,AA substitution,,
1144,Met->Asp,Met->Asp substitution,-16.1087,-16.0135,H(-4) C(-1) O(2) S(-1),M,AA substitution,,
1145,Met->Glu,Met->Glu substitution,-2.0821,-1.9979,H(-2) O(2) S(-1),M,AA substitution,,
1146,Met->Phe,Met->Phe substitution,15.9778,16.0279,C(4) S(-1),M,AA substitution,,
1147,Met->Gly,Met->Gly substitution,-74.1447,-74.019,H(-6) C(-3) S(-1),M,AA substitution,,
1148,Met->His,Met->His substitution,5.9432,6.0184,H(-2) C N(2) S(-1),M,AA substitution,,
1149,Met->Asn,Met->Asn substitution,-17.0934,-16.9976,H(-3) C(-1) N O S(-1),M,AA substitution,,
1150,Met->Pro,Met->Pro substitution,-34.0809,-33.9877,H(-2) S(-1),M,AA substitution,,
1151,Met->Gln,Met->Gln substitution,-3.0668,-2.9819,H(-1) N O S(-1),M,AA substitution,,
1152,Met->Ser,Met->Ser substitution,-44.1188,-44.0085,H(-4) C(-2) O S(-1),M,AA substitution,,
1153,Met->Trp,Met->Trp substitution,55.0138,55.0388,H C(6) N S(-1),M,AA substitution,,
1154,Met->Tyr,Met->Tyr substitution,31.9772,32.0228,C(4) O S(-1),M,AA substitution,,
1155,Asn->Ala,Asn->Ala substitution,-43.0247,-43.0058,H(-1) C(-1) N(-1) O(-1),N,AA substitution,,
1156,Asn->Cys,Asn->Cys substitution,-10.9597,-11.0337,H(-1) C(-1) N(-1) O(-1) S,N,AA substitution,,
1157,Asn->Glu,Asn->Glu substitution,15.0113,14.9997,H C N(-1) O,N,AA substitution,,
1158,Asn->Phe,Asn->Phe substitution,33.0712,33.0255,H(3) C(5) N(-1) O(-1),N,AA substitution,,
1159,Asn->Gly,Asn->Gly substitution,-57.0513,-57.0215,H(-3) C(-2) N(-1) O(-1),N,AA substitution,,
1160,Asn->Met,Asn->Met substitution,17.0934,16.9976,H(3) C N(-1) O(-1) S,N,AA substitution,,
1161,Asn->Pro,Asn->Pro substitution,-16.9875,-16.9902,H C N(-1) O(-1),N,AA substitution,,
1162,Asn->Gln,Asn->Gln substitution,14.0266,14.0157,H(2) C,N,AA substitution,,
1163,Asn->Arg,Asn->Arg substitution,42.083,42.0582,H(6) C(2) N(2) O(-1),N,AA substitution,,
1164,Asn->Val,Asn->Val substitution,-14.9716,-14.9745,H(3) C N(-1) O(-1),N,AA substitution,,
1165,Asn->Trp,Asn->Trp substitution,72.1073,72.0364,H(4) C(7) O(-1),N,AA substitution,,
1166,Pro->Cys,Pro->Cys substitution,6.0277,5.9564,H(-2) C(-2) S,P,AA substitution,,
1167,Pro->Asp,Pro->Asp substitution,17.9722,17.9742,H(-2) C(-1) O(2),P,AA substitution,,
1168,Pro->Glu,Pro->Glu substitution,31.9988,31.9898,O(2),P,AA substitution,,
1169,Pro->Phe,Pro->Phe substitution,50.0587,50.0157,H(2) C(4),P,AA substitution,,
1170,Pro->Gly,Pro->Gly substitution,-40.0639,-40.0313,H(-4) C(-3),P,AA substitution,,
1171,Pro->Lys,Pro->Lys substitution,31.0571,31.0422,H(5) C N,P,AA substitution,,
1172,Pro->Met,Pro->Met substitution,34.0809,33.9877,H(2) S,P,AA substitution,,
1173,Pro->Asn,Pro->Asn substitution,16.9875,16.9902,H(-1) C(-1) N O,P,AA substitution,,
1174,Pro->Val,Pro->Val substitution,2.0159,2.0156,H(2),P,AA substitution,,
1175,Pro->Trp,Pro->Trp substitution,89.0947,89.0265,H(3) C(6) N,P,AA substitution,,
1176,Pro->Tyr,Pro->Tyr substitution,66.0581,66.0106,H(2) C(4) O,P,AA substitution,,
1177,Gln->Ala,Gln->Ala substitution,-57.0513,-57.0215,H(-3) C(-2) N(-1) O(-1),Q,AA substitution,,
1178,Gln->Cys,Gln->Cys substitution,-24.9863,-25.0494,H(-3) C(-2) N(-1) O(-1) S,Q,AA substitution,,
1179,Gln->Asp,Gln->Asp substitution,-13.0418,-13.0316,H(-3) C(-1) N(-1) O,Q,AA substitution,,
1180,Gln->Phe,Gln->Phe substitution,19.0446,19.0098,H C(4) N(-1) O(-1),Q,AA substitution,,
1181,Gln->Gly,Gln->Gly substitution,-71.0779,-71.0371,H(-5) C(-3) N(-1) O(-1),Q,AA substitution,,
1182,Gln->Met,Gln->Met substitution,3.0668,2.9819,H N(-1) O(-1) S,Q,AA substitution,,
1183,Gln->Asn,Gln->Asn substitution,-14.0266,-14.0157,H(-2) C(-1),Q,AA substitution,,
1184,Gln->Ser,Gln->Ser substitution,-41.0519,-41.0265,H(-3) C(-2) N(-1),Q,AA substitution,,
1185,Gln->Thr,Gln->Thr substitution,-27.0253,-27.0109,H(-1) C(-1) N(-1),Q,AA substitution,,
1186,Gln->Val,Gln->Val substitution,-28.9982,-28.9902,H N(-1) O(-1),Q,AA substitution,,
1187,Gln->Trp,Gln->Trp substitution,58.0807,58.0207,H(2) C(6) O(-1),Q,AA substitution,,
1188,Gln->Tyr,Gln->Tyr substitution,35.044,35.0048,H C(4) N(-1),Q,AA substitution,,
1189,Arg->Ala,Arg->Ala substitution,-85.1078,-85.064,H(-7) C(-3) N(-3),R,AA substitution,,
1190,Arg->Asp,Arg->Asp substitution,-41.0983,-41.0742,H(-7) C(-2) N(-3) O(2),R,AA substitution,,
1191,Arg->Glu,Arg->Glu substitution,-27.0717,-27.0585,H(-5) C(-1) N(-3) O(2),R,AA substitution,,
1192,Arg->Asn,Arg->Asn substitution,-42.083,-42.0582,H(-6) C(-2) N(-2) O,R,AA substitution,,
1193,Arg->Val,Arg->Val substitution,-57.0546,-57.0327,H(-3) C(-1) N(-3),R,AA substitution,,
1194,Arg->Tyr,Arg->Tyr substitution,6.9876,6.9622,H(-3) C(3) N(-3) O,R,AA substitution,,
1195,Arg->Phe,Arg->Phe substitution,-9.0118,-9.0327,H(-3) C(3) N(-3),R,AA substitution,,
1196,Ser->Asp,Ser->Asp substitution,28.0101,27.9949,C O,S,AA substitution,,
1197,Ser->Glu,Ser->Glu substitution,42.0367,42.0106,H(2) C(2) O,S,AA substitution,,
1198,Ser->His,Ser->His substitution,50.062,50.0269,H(2) C(3) N(2) O(-1),S,AA substitution,,
1199,Ser->Lys,Ser->Lys substitution,41.095,41.0629,H(7) C(3) N O(-1),S,AA substitution,,
1200,Ser->Met,Ser->Met substitution,44.1188,44.0085,H(4) C(2) O(-1) S,S,AA substitution,,
1201,Ser->Gln,Ser->Gln substitution,41.0519,41.0265,H(3) C(2) N,S,AA substitution,,
1202,Ser->Val,Ser->Val substitution,12.0538,12.0364,H(4) C(2) O(-1),S,AA substitution,,
1203,Thr->Cys,Thr->Cys substitution,2.039,1.9615,H(-2) C(-1) O(-1) S,T,AA substitution,,
1204,Thr->Asp,Thr->Asp substitution,13.9835,13.9793,H(-2) O,T,AA substitution,,
1205,Thr->Glu,Thr->Glu substitution,28.0101,27.9949,C O,T,AA substitution,,
1206,Thr->Phe,Thr->Phe substitution,46.07,46.0207,H(2) C(5) O(-1),T,AA substitution,,
1207,Thr->Gly,Thr->Gly substitution,-44.0526,-44.0262,H(-4) C(-2) O(-1),T,AA substitution,,
1208,Thr->His,Thr->His substitution,36.0354,36.0112,C(2) N(2) O(-1),T,AA substitution,,
1209,Thr->Gln,Thr->Gln substitution,27.0253,27.0109,H C N,T,AA substitution,,
1210,Thr->Val,Thr->Val substitution,-1.9728,-1.9793,H(2) C O(-1),T,AA substitution,,
1211,Thr->Trp,Thr->Trp substitution,85.106,85.0316,H(3) C(7) N O(-1),T,AA substitution,,
1212,Thr->Tyr,Thr->Tyr substitution,62.0694,62.0157,H(2) C(5),T,AA substitution,,
1213,Val->Cys,Val->Cys substitution,4.0118,3.9408,H(-4) C(-2) S,V,AA substitution,,
1214,Val->His,Val->His substitution,38.0082,37.9905,H(-2) C N(2),V,AA substitution,,
1215,Val->Lys,Val->Lys substitution,29.0412,29.0265,H(3) C N,V,AA substitution,,
1216,Val->Asn,Val->Asn substitution,14.9716,14.9745,H(-3) C(-1) N O,V,AA substitution,,
1217,Val->Pro,Val->Pro substitution,-2.0159,-2.0156,H(-2),V,AA substitution,,
1218,Val->Gln,Val->Gln substitution,28.9982,28.9902,H(-1) N O,V,AA substitution,,
1219,Val->Arg,Val->Arg substitution,57.0546,57.0327,H(3) C N(3),V,AA substitution,,
1220,Val->Ser,Val->Ser substitution,-12.0538,-12.0364,H(-4) C(-2) O,V,AA substitution,,
1221,Val->Thr,Val->Thr substitution,1.9728,1.9793,H(-2) C(-1) O,V,AA substitution,,
1222,Val->Trp,Val->Trp substitution,87.0788,87.0109,H C(6) N,V,AA substitution,,
1223,Val->Tyr,Val->Tyr substitution,64.0422,63.9949,C(4) O,V,AA substitution,,
1224,Trp->Ala,Trp->Ala substitution,-115.132,-115.0422,H(-5) C(-8) N(-1),W,AA substitution,,
1225,Trp->Asp,Trp->Asp substitution,-71.1225,-71.0524,H(-5) C(-7) N(-1) O(2),W,AA substitution,,
1226,Trp->Glu,Trp->Glu substitution,-57.0959,-57.0367,H(-3) C(-6) N(-1) O(2),W,AA substitution,,
1227,Trp->Phe,Trp->Phe substitution,-39.036,-39.0109,H(-1) C(-2) N(-1),W,AA substitution,,
1228,Trp->His,Trp->His substitution,-49.0706,-49.0204,H(-3) C(-5) N,W,AA substitution,,
1229,Trp->Lys,Trp->Lys substitution,-58.0376,-57.9843,H(2) C(-5),W,AA substitution,,
1230,Trp->Met,Trp->Met substitution,-55.0138,-55.0388,H(-1) C(-6) N(-1) S,W,AA substitution,,
1231,Trp->Asn,Trp->Asn substitution,-72.1073,-72.0364,H(-4) C(-7) O,W,AA substitution,,
1232,Trp->Pro,Trp->Pro substitution,-89.0947,-89.0265,H(-3) C(-6) N(-1),W,AA substitution,,
1233,Trp->Gln,Trp->Gln substitution,-58.0807,-58.0207,H(-2) C(-6) O,W,AA substitution,,
1234,Trp->Thr,Trp->Thr substitution,-85.106,-85.0316,H(-3) C(-7) N(-1) O,W,AA substitution,,
1235,Trp->Val,Trp->Val substitution,-87.0788,-87.0109,H(-1) C(-6) N(-1),W,AA substitution,,
1236,Trp->Tyr,Trp->Tyr substitution,-23.0366,-23.016,H(-1) C(-2) N(-1) O,W,AA substitution,,
1237,Tyr->Ala,Tyr->Ala substitution,-92.0954,-92.0262,H(-4) C(-6) O(-1),Y,AA substitution,,
1238,Tyr->Glu,Tyr->Glu substitution,-34.0593,-34.0207,H(-2) C(-4) O,Y,AA substitution,,
1239,Tyr->Gly,Tyr->Gly substitution,-106.1219,-106.0419,H(-6) C(-7) O(-1),Y,AA substitution,,
1240,Tyr->Lys,Tyr->Lys substitution,-35.001,-34.9684,H(3) C(-3) N O(-1),Y,AA substitution,,
1241,Tyr->Met,Tyr->Met substitution,-31.9772,-32.0228,C(-4) O(-1) S,Y,AA substitution,,
1242,Tyr->Pro,Tyr->Pro substitution,-66.0581,-66.0106,H(-2) C(-4) O(-1),Y,AA substitution,,
1243,Tyr->Gln,Tyr->Gln substitution,-35.044,-35.0048,H(-1) C(-4) N,Y,AA substitution,,
1244,Tyr->Arg,Tyr->Arg substitution,-6.9876,-6.9622,H(3) C(-3) N(3) O(-1),Y,AA substitution,,
1245,Tyr->Thr,Tyr->Thr substitution,-62.0694,-62.0157,H(-2) C(-5),Y,AA substitution,,
1246,Tyr->Val,Tyr->Val substitution,-64.0422,-63.9949,C(-4) O(-1),Y,AA substitution,,
1247,Tyr->Trp,Tyr->Trp substitution,23.0366,23.016,H C(2) N O(-1),Y,AA substitution,,
1248,Tyr->Xle,Tyr->Leu/Ile substitution,-50.0156,-49.9793,H(2) C(-3) O(-1),Y,AA substitution,,
256,Propionald+40,Propionaldehyde +40,40.0639,40.0313,H(4) C(3),K,Other,,
256,Propionald+40,Propionaldehyde +40,40.0639,40.0313,H(4) C(3),H,Other,,
256,Propionald+40,Propionaldehyde +40,40.0639,40.0313,H(4) C(3),N-term,Other,,
255,Acetald+28,Acetaldehyde +28,28.0532,28.0313,H(4) C(2),K,Other,Reduction of Schiff base formed between K amino group and acetaldehyde,
255,Acetald+28,Acetaldehyde +28,28.0532,28.0313,H(4) C(2),H,Other,Reduction of Schiff base formed between K amino group and acetaldehyde,
255,Acetald+28,Acetaldehyde +28,28.0532,28.0313,H(4) C(2),N-term,Other,Reduction of Schiff base formed between K amino group and acetaldehyde,
254,Acetald+26,Acetaldehyde +26,26.0373,26.0157,H(2) C(2),N-term,Other,Lys modification is formation of Schiff base.,
254,Acetald+26,Acetaldehyde +26,26.0373,26.0157,H(2) C(2),K,Other,Lys modification is formation of Schiff base.,
254,Acetald+26,Acetaldehyde +26,26.0373,26.0157,H(2) C(2),H,Other,Lys modification is formation of Schiff base.,
254,Acetald+26,Acetaldehyde +26,26.0373,26.0157,H(2) C(2),N-term,Other,Lys modification is formation of Schiff base.,
121,GlyGly,ubiquitinylation residue,114.1026,114.0429,H(6) C(4) N(2) O(2),C,Other,The two glycine residues left on ubiquitinylated lysine after tryptic digestion.,
121,GlyGly,ubiquitinylation residue,114.1026,114.0429,H(6) C(4) N(2) O(2),T,Other,The two glycine residues left on ubiquitinylated lysine after tryptic digestion.,
121,GlyGly,ubiquitinylation residue,114.1026,114.0429,H(6) C(4) N(2) O(2),S,Other,The two glycine residues left on ubiquitinylated lysine after tryptic digestion.,
121,GlyGly,ubiquitinylation residue,114.1026,114.0429,H(6) C(4) N(2) O(2),K,Other,The two glycine residues left on ubiquitinylated lysine after tryptic digestion.,
140,a-type_Ion,ISD a-series (C-Term),-46.0254,-46.0055,H(-2) C(-1) O(-2),C-term,Other,MS/MS experiments of mass spectrometric a-ions (MS^3) can be used for protein identification by library searching. T3-sequencing is such a technique (see reference). Search engines must recognize this \'virtual modification\' for this purpose.,"Virtual Modification  for MS/MS of a-type ions
corrected by subtraction of a further -O at 8.6.2010"
176,BHT,Michael addition of BHT quinone methide to Cysteine and Lysine,218.3346,218.1671,H(22) C(15) O,H,Other,BHT metabolism has been studied in rats and mice in relation to tumor promotion.,Secondary adduct - much less common as C
176,BHT,Michael addition of BHT quinone methide to Cysteine and Lysine,218.3346,218.1671,H(22) C(15) O,K,Other,BHT metabolism has been studied in rats and mice in relation to tumor promotion.,Secondary adduct - much less common as C
176,BHT,Michael addition of BHT quinone methide to Cysteine and Lysine,218.3346,218.1671,H(22) C(15) O,C,Other,BHT metabolism has been studied in rats and mice in relation to tumor promotion.,Primary adduct formed
205,Acrolein94,Acrolein addition +94,94.1112,94.0419,H(6) C(6) O,K,Other,,
206,Acrolein56,Acrolein addition +56,56.0633,56.0262,H(4) C(3) O,K,Other,,
206,Acrolein56,Acrolein addition +56,56.0633,56.0262,H(4) C(3) O,H,Other,,
206,Acrolein56,Acrolein addition +56,56.0633,56.0262,H(4) C(3) O,C,Other,,
207,Acrolein38,Acrolein addition +38,38.048,38.0157,H(2) C(3),K,Other,,
208,Acrolein76,Acrolein addition +76,76.096,76.0313,H(4) C(6),K,Other,,
209,Acrolein112,Acrolein addition +112,112.1265,112.0524,H(8) C(6) O(2),K,Other,,
253,Croton,Crotonaldehyde,70.0898,70.0419,H(6) C(4) O,K,Other,,
253,Croton,Crotonaldehyde,70.0898,70.0419,H(6) C(4) O,H,Other,,
253,Croton,Crotonaldehyde,70.0898,70.0419,H(6) C(4) O,C,Other,,
260,Thio-phospho,Thiophosphorylation,96.0455,95.9435,H O(2) P S,Y,Other,,
260,Thio-phospho,Thiophosphorylation,96.0455,95.9435,H O(2) P S,T,Other,,
260,Thio-phospho,Thiophosphorylation,96.0455,95.9435,H O(2) P S,S,Other,,
498,BHTOH,"Michael addition of t-butyl hydroxylated BHT (BHTOH) to C, H or K",234.334,234.162,H(22) C(15) O(2),H,Other,BHTOH is formed upon metabolism of BHT with P450 enzymes. The BHTOH is further metabolized to its quinone methide (electrophile) which reacts with -SH and -NH2 groups,
498,BHTOH,"Michael addition of t-butyl hydroxylated BHT (BHTOH) to C, H or K",234.334,234.162,H(22) C(15) O(2),C,Other,BHTOH is formed upon metabolism of BHT with P450 enzymes. The BHTOH is further metabolized to its quinone methide (electrophile) which reacts with -SH and -NH2 groups,primary adduct
498,BHTOH,"Michael addition of t-butyl hydroxylated BHT (BHTOH) to C, H or K",234.334,234.162,H(22) C(15) O(2),K,Other,BHTOH is formed upon metabolism of BHT with P450 enzymes. The BHTOH is further metabolized to its quinone methide (electrophile) which reacts with -SH and -NH2 groups,
538,Biotin:Cayman-10141,was 15dB-biotin,626.8927,626.3866,H(54) C(35) N(4) O(4) S,C,Other,,
539,Biotin:Cayman-10013,was PGA1-biotin,660.9504,660.4284,H(60) C(36) N(4) O(5) S,C,Other,,
846,EQIGG,Sumo mutant Smt3-WT tail following trypsin digestion,484.5035,484.2282,H(32) C(20) N(6) O(8),K,Other,,
861,ZGB,NHS ester linked Green Fluorescent Bodipy Dye,758.7261,758.3808,H(53) B C(37) N(6) O(6) F(2) S,K,Other,,
861,ZGB,NHS ester linked Green Fluorescent Bodipy Dye,758.7261,758.3808,H(53) B C(37) N(6) O(6) F(2) S,N-term,Other,,
859,MG-H1,Methylglyoxal-derived hydroimidazolone,54.0474,54.0106,H(2) C(3) O,R,Other,,
860,G-H1,Glyoxal-derived hydroimiadazolone,40.0208,39.9949,C(2) O,R,Other,,
877,QQQTGG,SUMOylation by SUMO-2/3,599.5942,599.2663,H(37) C(23) N(9) O(10),K,Other,,This peptide is generated from a trypsin/chymotrypsin dual digest
876,QEQTGG,SUMOylation by SUMO-1,600.5789,600.2504,H(36) C(23) N(8) O(11),K,Other,,This peptide is generated from a trypsin/chymotrypsin dual digest.
886,HydroxymethylOP,2-ammonio-6-[4-(hydroxymethyl)-3-oxidopyridinium-1-yl]- hexanoate,108.0948,108.0211,H(4) C(6) O(2),K,Other,,Advanced Glycation Endproduct
932,VFQQQTGG,SUMOylation by SUMO-2/3 (formic acid cleavage),845.8991,845.4032,H(55) C(37) N(11) O(12),K,Other,,This peptide is generated from a formic acid digest
933,VIEVYQEQTGG,SUMOylation by SUMO-1 (formic acid cleavage),1204.2859,1203.5772,H(81) C(53) N(13) O(19),K,Other,,
942,SulfoGMBS,High molecular absorption label for proteins,458.5306,458.1624,H(26) C(22) N(4) O(5) S,C,Other,,
960,SUMO2135,SUMOylation by SUMO-1 after tryptic cleavage,2137.2343,2135.9205,H(137) C(90) N(21) O(37) S,K,Other,,
961,SUMO3549,SUMOylation by SUMO-2/3 after tryptic cleavage,3551.6672,3549.5366,H(224) C(150) N(38) O(60) S,K,Other,,
981,glucosone,Condensation product of glucosone,160.1247,160.0372,H(8) C(6) O(5),R,Other,,
1287,Arg-loss,Loss of arginine due to transpeptidation,-156.1857,-156.1011,H(-12) C(-6) N(-4) O(-1),R,Other,,
1288,Arg,Addition of arginine due to transpeptidation,156.1857,156.1011,H(12) C(6) N(4) O,N-term,Other,,
1292,GGQ,SUMOylation leaving GlyGlyGln,242.2319,242.1015,H(14) C(9) N(4) O(4),K,Other,,This peptide is generated from a trypsin/chymotrypsin dual digest.
1293,QTGG,SUMOylation leaving GlnThrGlyGly,343.3357,343.1492,H(21) C(13) N(5) O(6),K,Other,,This peptide is generated from a trypsin/chymotrypsin dual digest.
1301,Lys,Addition of lysine due to transpeptidation,128.1723,128.095,H(12) C(6) N(2) O,N-term,Other,,
1800,Carboxyethylpyrrole,Carboxyethylpyrrole,122.1213,122.0368,H(6) C(7) O(2),K,Other,,
1838,Brij58,Brij 58 synthetic polymer terminus,224.4253,224.2504,H(32) C(16),N-term,Other,,
1837,Brij35,Brij 35 synthetic polymer terminus,168.319,168.1878,H(24) C(12),N-term,Other,,
1836,Triton,Triton synthetic polymer terminus,188.3086,188.1565,H(20) C(14),N-term,Other,,Triton X-114
1836,Triton,Triton synthetic polymer terminus,188.3086,188.1565,H(20) C(14),C-term,Other,,Triton X-100
1835,Tween80,Tween 80 synthetic polymer terminus,263.4381,263.2375,H(31) C(18) O,C-term,Other,,
1834,Tween20,Tween 20 synthetic polymer terminus,165.2951,165.1643,H(21) C(12),N-term,Other,,
1825,RNPXL,Simulate peptide-RNA conjugates,324.1813,324.0359,H(13) C(9) N(2) O(9) P,R,Other,,
1825,RNPXL,Simulate peptide-RNA conjugates,324.1813,324.0359,H(13) C(9) N(2) O(9) P,K,Other,,
1833,NP40,NP-40 synthetic polymer terminus,220.3505,220.1827,H(24) C(15) O,N-term,Other,,
1872,DYn-2,Sulfenic Acid specific probe,161.2203,161.0966,H(13) C(11) O,C,Other,,-SOH
2044,RBS-ID_Uridine,"RNA-protein UVC-crosslinked, hydrofluoride-digested uridine adduct",244.2014,244.0695,H(12) C(9) N(2) O(6),Y,Other,,Crosslink to all 20 amino acids. Not C-term (Missed cleavage). Partial in-source fragmentation to Uracil (loss of ribose): H(4) C(4) N(2) O(2)
2054,pRBS-ID_4-thiouridine,"RNA-protein UVA-crosslinked, hydrofluoride-digested 4-thiouridine adduct",226.1861,226.059,H(10) C(9) N(2) O(5),F,Other,,Crosslink to all 20 amino acids. Not C-term (Missed cleavage). Partial in-source fragmentation & near-complete HCD-mediated fragmentation to 4-thiouracil form: H(2) C(4) N(2) O(1)
2055,pRBS-ID_6-thioguanosine,"RNA-protein UVA-crosslinked, hydrofluoride-digested 6-thioguanosine adduct",265.2254,265.0811,H(11) C(10) N(5) O(4),W,Other,,Crosslink to all 20 amino acids. Not C-term (Missed cleavage). Partial in-source fragmentation & near-complete HCD-mediated fragmentation to 6-thioguanine form: H(3) C(5) N(5)
2082,QQTGG,SUMOylation leaving QQTGG,471.465,471.2078,H(29) C(18) N(7) O(8),K,Other,,
2083,Pyro-QQTGG,SUMOylation leaving Pyro-QQTGG,454.4344,454.1812,H(26) C(18) N(6) O(8),K,Other,,
2084,NQTGG,SUMOylation leaving NQTGG,457.4384,457.1921,H(27) C(17) N(7) O(8),K,Other,,
2085,DVFQQQTGG,SUMOylation by Endogenous SUMO2/3 following Lys C and Asp-N serial digestion,960.9865,960.4301,H(60) C(41) N(12) O(15),K,Other,,
127,Fphe,fluorination,17.9905,17.9906,H(-1) F,Y,Non-standard residue,,
127,Fphe,fluorination,17.9905,17.9906,H(-1) F,W,Non-standard residue,,
127,Fphe,fluorination,17.9905,17.9906,H(-1) F,F,Non-standard residue,,
162,SeMet,Selenium replaces sulfur,46.895,47.9444,S(-1) Se,M,Non-standard residue,,
162,SeMet,Selenium replaces sulfur,46.895,47.9444,S(-1) Se,C,Non-standard residue,,Selenocysteine conventionally represented by 1 letter code U
493,BADGE,Bisphenol A diglycidyl ether derivative,340.4129,340.1675,H(24) C(21) O(4),C,Non-standard residue,Found in canned food products,found in canned food products
750,trifluoro,trifluoroleucine replacement of leucine,53.9714,53.9717,H(-3) F(3),L,Non-standard residue,,
896,Met->Aha,Methionine replacement by azido homoalanine,-5.0794,-4.9863,H(-3) C(-1) N(3) S(-1),M,Non-standard residue,,
899,Met->Hpg,methionine replacement by homopropargylglycine,-22.0702,-21.9877,H(-2) C S(-1),M,Non-standard residue,,
1008,Cys->CamSec,Sec Iodoacetamide derivative,103.9463,104.9659,H(3) C(2) N O S(-1) Se,C,Non-standard residue,,
1015,Ahx2+Hsl,C-terminal homoserine lactone and two aminohexanoic acids,309.4039,309.2052,H(27) C(16) N(3) O(3),C-term,Non-standard residue,,
1033,Cys->SecNEM,N-ethylmaleimide on selenocysteines,172.0203,172.9921,H(7) C(6) N O(2) S(-1) Se,C,Non-standard residue,,
1399,Dap-DSP,Diaminopimelic acid-DSP monolinked,364.4377,364.0763,H(20) C(13) N(2) O(6) S(2),E,Non-standard residue,Addition of gram negative peptidoglycan amino acid (DAP) plus monolinked DSP,
1399,Dap-DSP,Diaminopimelic acid-DSP monolinked,364.4377,364.0763,H(20) C(13) N(2) O(6) S(2),A,Non-standard residue,Addition of gram negative peptidoglycan amino acid (DAP) plus monolinked DSP,
134,myristoleylation,(cis-delta 5)-tetradecaenoyl,208.3398,208.1827,H(24) C(14) O,G,Co-translational,Found on vision signal transduction proteins,
135,myristoyl-4H,"(cis,cis-delta 5, delta 8)-tetradecadienoyl",206.3239,206.1671,H(22) C(14) O,G,Co-translational,Found on vision signal transduction proteins,
765,Met-loss,Removal of initiator methionine from protein N-terminus,-131.1961,-131.0405,H(-9) C(-5) N(-1) O(-1) S(-1),M,Co-translational,"N-terminal initiator methionine is removed by a methionine aminopeptidase from proteins where the residue following the methionine is Ala, Cys, Gly, Pro, Ser, Thr or Val.  This is generally the final N-terminal state for proteins where the following residue was a Cys, Pro or Val.",
766,Met-loss+Acetyl,"Removal of initiator methionine from protein N-terminus, then acetylation of the new N-terminus",-89.1594,-89.0299,H(-7) C(-3) N(-1) S(-1),M,Co-translational,"The N-terminal initiator methionine is removed by a methionine aminopeptidase from proteins whose residue following the methionine is Ala, Cys, Gly, Pro, Ser, Thr or Val. Proteins whose following residue was Ala, Gly, Ser or Thr are then acetylated by an N(alpha)-acetyltransferase on the new N-terminus.",
973,Puromycin,Puromycin,453.4943,453.2125,H(27) C(22) N(7) O(4),C-term,Co-translational,Created for Michael (Brad) Strader 2/12/10,
454,HexN,Hexosamine,161.1558,161.0688,HexN,K,Synth. pep. protect. gp.,,
456,Xlink:DMP,Dimethyl pimelimidate crosslink,122.1677,122.0844,H(10) C(7) N(2),N-term,Cross-link,,
456,Xlink:DMP,Dimethyl pimelimidate crosslink,122.1677,122.0844,H(10) C(7) N(2),K,Cross-link,,
1876,Xlink:DSS,disuccinimidyl suberate (DSS),138.1638,138.0681,H(10) C(8) O(2),N-term,Cross-link,,
1876,Xlink:DSS,disuccinimidyl suberate (DSS),138.1638,138.0681,H(10) C(8) O(2),K,Cross-link,,
1895,Xlink:SMCC,succinimidyl 4-[N-maleimidomethyl]cyclohexane-1-carboxylate,219.2365,219.0895,H(13) C(12) N O(3),N-term,Cross-link,,
1895,Xlink:SMCC,succinimidyl 4-[N-maleimidomethyl]cyclohexane-1-carboxylate,219.2365,219.0895,H(13) C(12) N O(3),K,Cross-link,,
1895,Xlink:SMCC,succinimidyl 4-[N-maleimidomethyl]cyclohexane-1-carboxylate,219.2365,219.0895,H(13) C(12) N O(3),C,Cross-link,,
1909,Xlink:BS2G,bis[sulfosuccinimidyl] glutarate,96.0841,96.0211,H(4) C(5) O(2),N-term,Cross-link,,
1909,Xlink:BS2G,bis[sulfosuccinimidyl] glutarate,96.0841,96.0211,H(4) C(5) O(2),K,Cross-link,,
2000,Xlink:SDA,NHS-Diazirine crosslinker,82.1005,82.0419,H(6) C(5) O,N-term,Cross-link,,
2000,Xlink:SDA,NHS-Diazirine crosslinker,82.1005,82.0419,H(6) C(5) O,K,Cross-link,,
2020,Xlink:Disulfide,Intact disulfide bridge,-2.0159,-2.0156,H(-2),C,Cross-link,,
2018,Xlink:EDC,carbodiimide crosslinker,-18.0153,-18.0106,H(-2) O(-1),C-term,Cross-link,,
2018,Xlink:EDC,carbodiimide crosslinker,-18.0153,-18.0106,H(-2) O(-1),N-term,Cross-link,,
2018,Xlink:EDC,carbodiimide crosslinker,-18.0153,-18.0106,H(-2) O(-1),K,Cross-link,,
2018,Xlink:EDC,carbodiimide crosslinker,-18.0153,-18.0106,H(-2) O(-1),E,Cross-link,,
2018,Xlink:EDC,carbodiimide crosslinker,-18.0153,-18.0106,H(-2) O(-1),D,Cross-link,,
2026,Xlink:KQisopeptide,Isopeptide bond formation with loss of ammonia,-17.0305,-17.0265,H(-3) N(-1),K,Cross-link,,
2026,Xlink:KQisopeptide,Isopeptide bond formation with loss of ammonia,-17.0305,-17.0265,H(-3) N(-1),Q,Cross-link,,
1892,Xlink:DST,Disuccinimidyl tartrate crosslinker,114.0563,113.9953,H(2) C(4) O(4),N-term,Other cleavable cross-link,,
1892,Xlink:DST,Disuccinimidyl tartrate crosslinker,114.0563,113.9953,H(2) C(4) O(4),K,Other cleavable cross-link,,
1844,Xlink:EGS,EGS cross-linker,226.1828,226.0477,H(10) C(10) O(6),N-term,Other cleavable cross-link,,
1844,Xlink:EGS,EGS cross-linker,226.1828,226.0477,H(10) C(10) O(6),K,Other cleavable cross-link,,
1891,Xlink:DTBP,"dimethyl 3,3\'-dithiobispropionimidate",172.2711,172.0129,H(8) C(6) N(2) S(2),N-term,Other cleavable cross-link,imidoester cross-linker,
1891,Xlink:DTBP,"dimethyl 3,3\'-dithiobispropionimidate",172.2711,172.0129,H(8) C(6) N(2) S(2),K,Other cleavable cross-link,imidoester cross-linker,
1893,Xlink:DTSSP,dithiobis[succinimidylpropionate],174.2406,173.9809,H(6) C(6) O(2) S(2),N-term,Other cleavable cross-link,,
1893,Xlink:DTSSP,dithiobis[succinimidylpropionate],174.2406,173.9809,H(6) C(6) O(2) S(2),K,Other cleavable cross-link,,
1842,Xlink:DSSO,disuccinimidyl sulfoxide CID cleavable cross-link,158.175,158.0038,H(6) C(6) O(3) S,N-term,CID cleavable cross-link,,
1842,Xlink:DSSO,disuccinimidyl sulfoxide CID cleavable cross-link,158.175,158.0038,H(6) C(6) O(3) S,K,CID cleavable cross-link,,
1884,Xlink:BuUrBu,disuccinimidyl dibutyric urea CID cleavable cross-link,196.2032,196.0848,H(12) C(9) N(2) O(3),N-term,CID cleavable cross-link,,
1884,Xlink:BuUrBu,disuccinimidyl dibutyric urea CID cleavable cross-link,196.2032,196.0848,H(12) C(9) N(2) O(3),K,CID cleavable cross-link,,
